"PARENTOBJECTTYPE","PARENTID","CHILDID","CHILDOBJECTTYPE","CREATEDAT","UPDATEDAT"
"iscogroup","68f1da4e90ad734984f7c635","68f1da4e90ad734984f7c636","iscogroup","2025-10-17T05:55:46.199Z","2025-10-17T05:55:46.199Z"
"iscogroup","68f1da4e90ad734984f7c636","68f1da4e90ad734984f7c637","iscogroup","2025-10-17T05:55:46.199Z","2025-10-17T05:55:46.199Z"
"iscogroup","68f1da4e90ad734984f7c637","68f1da4e90ad734984f7c638","iscogroup","2025-10-17T05:55:46.199Z","2025-10-17T05:55:46.199Z"
"iscogroup","68f1da4e90ad734984f7c635","68f1da4e90ad734984f7c639","iscogroup","2025-10-17T05:55:46.200Z","2025-10-17T05:55:46.200Z"
"iscogroup","68f1da4e90ad734984f7c639","68f1da4e90ad734984f7c63a","iscogroup","2025-10-17T05:55:46.200Z","2025-10-17T05:55:46.200Z"
"iscogroup","68f1da4e90ad734984f7c63a","68f1da4e90ad734984f7c63b","iscogroup","2025-10-17T05:55:46.200Z","2025-10-17T05:55:46.200Z"
"iscogroup","68f1da4e90ad734984f7c635","68f1da4e90ad734984f7c63c","iscogroup","2025-10-17T05:55:46.200Z","2025-10-17T05:55:46.200Z"
"iscogroup","68f1da4e90ad734984f7c63c","68f1da4e90ad734984f7c63d","iscogroup","2025-10-17T05:55:46.200Z","2025-10-17T05:55:46.200Z"
"iscogroup","68f1da4e90ad734984f7c63d","68f1da4e90ad734984f7c63e","iscogroup","2025-10-17T05:55:46.200Z","2025-10-17T05:55:46.200Z"
"iscogroup","68f1da4e90ad734984f7c63f","68f1da4e90ad734984f7c640","iscogroup","2025-10-17T05:55:46.200Z","2025-10-17T05:55:46.200Z"
"iscogroup","68f1da4e90ad734984f7c640","68f1da4e90ad734984f7c641","iscogroup","2025-10-17T05:55:46.200Z","2025-10-17T05:55:46.200Z"
"iscogroup","68f1da4e90ad734984f7c641","68f1da4f90ad734984f7c642","iscogroup","2025-10-17T05:55:46.200Z","2025-10-17T05:55:46.200Z"
"iscogroup","68f1da4e90ad734984f7c641","68f1da4f90ad734984f7c643","iscogroup","2025-10-17T05:55:46.200Z","2025-10-17T05:55:46.200Z"
"iscogroup","68f1da4e90ad734984f7c641","68f1da4f90ad734984f7c644","iscogroup","2025-10-17T05:55:46.200Z","2025-10-17T05:55:46.200Z"
"iscogroup","68f1da4e90ad734984f7c641","68f1da4f90ad734984f7c645","iscogroup","2025-10-17T05:55:46.200Z","2025-10-17T05:55:46.200Z"
"iscogroup","68f1da4e90ad734984f7c640","68f1da4f90ad734984f7c646","iscogroup","2025-10-17T05:55:46.200Z","2025-10-17T05:55:46.200Z"
"iscogroup","68f1da4f90ad734984f7c646","68f1da4f90ad734984f7c647","iscogroup","2025-10-17T05:55:46.200Z","2025-10-17T05:55:46.200Z"
"iscogroup","68f1da4e90ad734984f7c63f","68f1da4f90ad734984f7c648","iscogroup","2025-10-17T05:55:46.200Z","2025-10-17T05:55:46.200Z"
"iscogroup","68f1da4f90ad734984f7c648","68f1da4f90ad734984f7c649","iscogroup","2025-10-17T05:55:46.200Z","2025-10-17T05:55:46.200Z"
"iscogroup","68f1da4f90ad734984f7c649","68f1da4f90ad734984f7c64a","iscogroup","2025-10-17T05:55:46.200Z","2025-10-17T05:55:46.200Z"
"iscogroup","68f1da4f90ad734984f7c649","68f1da4f90ad734984f7c64b","iscogroup","2025-10-17T05:55:46.200Z","2025-10-17T05:55:46.200Z"
"iscogroup","68f1da4f90ad734984f7c649","68f1da4f90ad734984f7c64c","iscogroup","2025-10-17T05:55:46.200Z","2025-10-17T05:55:46.200Z"
"iscogroup","68f1da4f90ad734984f7c649","68f1da4f90ad734984f7c64d","iscogroup","2025-10-17T05:55:46.200Z","2025-10-17T05:55:46.200Z"
"iscogroup","68f1da4f90ad734984f7c648","68f1da4f90ad734984f7c64e","iscogroup","2025-10-17T05:55:46.200Z","2025-10-17T05:55:46.200Z"
"iscogroup","68f1da4f90ad734984f7c64e","68f1da4f90ad734984f7c64f","iscogroup","2025-10-17T05:55:46.200Z","2025-10-17T05:55:46.200Z"
"iscogroup","68f1da4f90ad734984f7c64e","68f1da4f90ad734984f7c650","iscogroup","2025-10-17T05:55:46.200Z","2025-10-17T05:55:46.200Z"
"iscogroup","68f1da4f90ad734984f7c64e","68f1da4f90ad734984f7c651","iscogroup","2025-10-17T05:55:46.200Z","2025-10-17T05:55:46.200Z"
"iscogroup","68f1da4e90ad734984f7c63f","68f1da4f90ad734984f7c652","iscogroup","2025-10-17T05:55:46.200Z","2025-10-17T05:55:46.200Z"
"iscogroup","68f1da4f90ad734984f7c652","68f1da4f90ad734984f7c653","iscogroup","2025-10-17T05:55:46.200Z","2025-10-17T05:55:46.200Z"
"iscogroup","68f1da4f90ad734984f7c653","68f1da4f90ad734984f7c654","iscogroup","2025-10-17T05:55:46.200Z","2025-10-17T05:55:46.200Z"
"iscogroup","68f1da4f90ad734984f7c653","68f1da4f90ad734984f7c655","iscogroup","2025-10-17T05:55:46.200Z","2025-10-17T05:55:46.200Z"
"iscogroup","68f1da4f90ad734984f7c652","68f1da4f90ad734984f7c656","iscogroup","2025-10-17T05:55:46.200Z","2025-10-17T05:55:46.200Z"
"iscogroup","68f1da4f90ad734984f7c656","68f1da4f90ad734984f7c657","iscogroup","2025-10-17T05:55:46.200Z","2025-10-17T05:55:46.200Z"
"iscogroup","68f1da4f90ad734984f7c656","68f1da4f90ad734984f7c658","iscogroup","2025-10-17T05:55:46.201Z","2025-10-17T05:55:46.201Z"
"iscogroup","68f1da4f90ad734984f7c656","68f1da4f90ad734984f7c659","iscogroup","2025-10-17T05:55:46.201Z","2025-10-17T05:55:46.201Z"
"iscogroup","68f1da4f90ad734984f7c656","68f1da4f90ad734984f7c65a","iscogroup","2025-10-17T05:55:46.201Z","2025-10-17T05:55:46.201Z"
"iscogroup","68f1da4f90ad734984f7c652","68f1da4f90ad734984f7c65b","iscogroup","2025-10-17T05:55:46.201Z","2025-10-17T05:55:46.201Z"
"iscogroup","68f1da4f90ad734984f7c65b","68f1da4f90ad734984f7c65c","iscogroup","2025-10-17T05:55:46.201Z","2025-10-17T05:55:46.201Z"
"iscogroup","68f1da4f90ad734984f7c652","68f1da4f90ad734984f7c65d","iscogroup","2025-10-17T05:55:46.201Z","2025-10-17T05:55:46.201Z"
"iscogroup","68f1da4f90ad734984f7c65d","68f1da4f90ad734984f7c65e","iscogroup","2025-10-17T05:55:46.201Z","2025-10-17T05:55:46.201Z"
"iscogroup","68f1da4f90ad734984f7c65d","68f1da4f90ad734984f7c65f","iscogroup","2025-10-17T05:55:46.201Z","2025-10-17T05:55:46.201Z"
"iscogroup","68f1da4f90ad734984f7c65d","68f1da4f90ad734984f7c660","iscogroup","2025-10-17T05:55:46.201Z","2025-10-17T05:55:46.201Z"
"iscogroup","68f1da4f90ad734984f7c65d","68f1da4f90ad734984f7c661","iscogroup","2025-10-17T05:55:46.201Z","2025-10-17T05:55:46.201Z"
"iscogroup","68f1da4f90ad734984f7c65d","68f1da4f90ad734984f7c662","iscogroup","2025-10-17T05:55:46.201Z","2025-10-17T05:55:46.201Z"
"iscogroup","68f1da4f90ad734984f7c65d","68f1da4f90ad734984f7c663","iscogroup","2025-10-17T05:55:46.201Z","2025-10-17T05:55:46.201Z"
"iscogroup","68f1da4f90ad734984f7c65d","68f1da4f90ad734984f7c664","iscogroup","2025-10-17T05:55:46.201Z","2025-10-17T05:55:46.201Z"
"iscogroup","68f1da4e90ad734984f7c63f","68f1da4f90ad734984f7c665","iscogroup","2025-10-17T05:55:46.201Z","2025-10-17T05:55:46.201Z"
"iscogroup","68f1da4f90ad734984f7c665","68f1da4f90ad734984f7c666","iscogroup","2025-10-17T05:55:46.201Z","2025-10-17T05:55:46.201Z"
"iscogroup","68f1da4f90ad734984f7c666","68f1da4f90ad734984f7c667","iscogroup","2025-10-17T05:55:46.201Z","2025-10-17T05:55:46.201Z"
"iscogroup","68f1da4f90ad734984f7c666","68f1da4f90ad734984f7c668","iscogroup","2025-10-17T05:55:46.201Z","2025-10-17T05:55:46.201Z"
"iscogroup","68f1da4f90ad734984f7c665","68f1da4f90ad734984f7c669","iscogroup","2025-10-17T05:55:46.201Z","2025-10-17T05:55:46.201Z"
"iscogroup","68f1da4f90ad734984f7c669","68f1da4f90ad734984f7c66a","iscogroup","2025-10-17T05:55:46.201Z","2025-10-17T05:55:46.201Z"
"iscogroup","68f1da4f90ad734984f7c665","68f1da4f90ad734984f7c66b","iscogroup","2025-10-17T05:55:46.201Z","2025-10-17T05:55:46.201Z"
"iscogroup","68f1da4f90ad734984f7c66b","68f1da4f90ad734984f7c66c","iscogroup","2025-10-17T05:55:46.201Z","2025-10-17T05:55:46.201Z"
"iscogroup","68f1da4f90ad734984f7c66b","68f1da4f90ad734984f7c66d","iscogroup","2025-10-17T05:55:46.201Z","2025-10-17T05:55:46.201Z"
"iscogroup","68f1da4f90ad734984f7c66e","68f1da4f90ad734984f7c66f","iscogroup","2025-10-17T05:55:46.201Z","2025-10-17T05:55:46.201Z"
"iscogroup","68f1da4f90ad734984f7c66f","68f1da4f90ad734984f7c670","iscogroup","2025-10-17T05:55:46.201Z","2025-10-17T05:55:46.201Z"
"iscogroup","68f1da4f90ad734984f7c670","68f1da4f90ad734984f7c671","iscogroup","2025-10-17T05:55:46.201Z","2025-10-17T05:55:46.201Z"
"iscogroup","68f1da4f90ad734984f7c670","68f1da4f90ad734984f7c672","iscogroup","2025-10-17T05:55:46.201Z","2025-10-17T05:55:46.201Z"
"iscogroup","68f1da4f90ad734984f7c670","68f1da4f90ad734984f7c673","iscogroup","2025-10-17T05:55:46.201Z","2025-10-17T05:55:46.201Z"
"iscogroup","68f1da4f90ad734984f7c670","68f1da4f90ad734984f7c674","iscogroup","2025-10-17T05:55:46.201Z","2025-10-17T05:55:46.201Z"
"iscogroup","68f1da4f90ad734984f7c66f","68f1da4f90ad734984f7c675","iscogroup","2025-10-17T05:55:46.202Z","2025-10-17T05:55:46.202Z"
"iscogroup","68f1da4f90ad734984f7c675","68f1da4f90ad734984f7c676","iscogroup","2025-10-17T05:55:46.202Z","2025-10-17T05:55:46.202Z"
"iscogroup","68f1da4f90ad734984f7c66f","68f1da4f90ad734984f7c677","iscogroup","2025-10-17T05:55:46.202Z","2025-10-17T05:55:46.202Z"
"iscogroup","68f1da4f90ad734984f7c677","68f1da4f90ad734984f7c678","iscogroup","2025-10-17T05:55:46.202Z","2025-10-17T05:55:46.202Z"
"iscogroup","68f1da4f90ad734984f7c677","68f1da4f90ad734984f7c679","iscogroup","2025-10-17T05:55:46.202Z","2025-10-17T05:55:46.202Z"
"iscogroup","68f1da4f90ad734984f7c677","68f1da4f90ad734984f7c67a","iscogroup","2025-10-17T05:55:46.202Z","2025-10-17T05:55:46.202Z"
"iscogroup","68f1da4f90ad734984f7c66f","68f1da4f90ad734984f7c67b","iscogroup","2025-10-17T05:55:46.202Z","2025-10-17T05:55:46.202Z"
"iscogroup","68f1da4f90ad734984f7c67b","68f1da4f90ad734984f7c67c","iscogroup","2025-10-17T05:55:46.202Z","2025-10-17T05:55:46.202Z"
"iscogroup","68f1da4f90ad734984f7c67b","68f1da4f90ad734984f7c67d","iscogroup","2025-10-17T05:55:46.202Z","2025-10-17T05:55:46.202Z"
"iscogroup","68f1da4f90ad734984f7c67b","68f1da4f90ad734984f7c67e","iscogroup","2025-10-17T05:55:46.202Z","2025-10-17T05:55:46.202Z"
"iscogroup","68f1da4f90ad734984f7c67b","68f1da4f90ad734984f7c67f","iscogroup","2025-10-17T05:55:46.202Z","2025-10-17T05:55:46.202Z"
"iscogroup","68f1da4f90ad734984f7c67b","68f1da4f90ad734984f7c680","iscogroup","2025-10-17T05:55:46.202Z","2025-10-17T05:55:46.202Z"
"iscogroup","68f1da4f90ad734984f7c67b","68f1da4f90ad734984f7c681","iscogroup","2025-10-17T05:55:46.202Z","2025-10-17T05:55:46.202Z"
"iscogroup","68f1da4f90ad734984f7c67b","68f1da4f90ad734984f7c682","iscogroup","2025-10-17T05:55:46.202Z","2025-10-17T05:55:46.202Z"
"iscogroup","68f1da4f90ad734984f7c66f","68f1da4f90ad734984f7c683","iscogroup","2025-10-17T05:55:46.202Z","2025-10-17T05:55:46.202Z"
"iscogroup","68f1da4f90ad734984f7c683","68f1da4f90ad734984f7c684","iscogroup","2025-10-17T05:55:46.202Z","2025-10-17T05:55:46.202Z"
"iscogroup","68f1da4f90ad734984f7c683","68f1da4f90ad734984f7c685","iscogroup","2025-10-17T05:55:46.202Z","2025-10-17T05:55:46.202Z"
"iscogroup","68f1da4f90ad734984f7c683","68f1da4f90ad734984f7c686","iscogroup","2025-10-17T05:55:46.202Z","2025-10-17T05:55:46.202Z"
"iscogroup","68f1da4f90ad734984f7c66f","68f1da4f90ad734984f7c687","iscogroup","2025-10-17T05:55:46.202Z","2025-10-17T05:55:46.202Z"
"iscogroup","68f1da4f90ad734984f7c687","68f1da4f90ad734984f7c688","iscogroup","2025-10-17T05:55:46.202Z","2025-10-17T05:55:46.202Z"
"iscogroup","68f1da4f90ad734984f7c687","68f1da4f90ad734984f7c689","iscogroup","2025-10-17T05:55:46.202Z","2025-10-17T05:55:46.202Z"
"iscogroup","68f1da4f90ad734984f7c687","68f1da4f90ad734984f7c68a","iscogroup","2025-10-17T05:55:46.203Z","2025-10-17T05:55:46.203Z"
"iscogroup","68f1da4f90ad734984f7c687","68f1da4f90ad734984f7c68b","iscogroup","2025-10-17T05:55:46.203Z","2025-10-17T05:55:46.203Z"
"iscogroup","68f1da4f90ad734984f7c687","68f1da4f90ad734984f7c68c","iscogroup","2025-10-17T05:55:46.203Z","2025-10-17T05:55:46.203Z"
"iscogroup","68f1da4f90ad734984f7c687","68f1da4f90ad734984f7c68d","iscogroup","2025-10-17T05:55:46.203Z","2025-10-17T05:55:46.203Z"
"iscogroup","68f1da4f90ad734984f7c66e","68f1da4f90ad734984f7c68e","iscogroup","2025-10-17T05:55:46.203Z","2025-10-17T05:55:46.203Z"
"iscogroup","68f1da4f90ad734984f7c68e","68f1da4f90ad734984f7c68f","iscogroup","2025-10-17T05:55:46.203Z","2025-10-17T05:55:46.203Z"
"iscogroup","68f1da4f90ad734984f7c68f","68f1da4f90ad734984f7c690","iscogroup","2025-10-17T05:55:46.203Z","2025-10-17T05:55:46.203Z"
"iscogroup","68f1da4f90ad734984f7c68f","68f1da4f90ad734984f7c691","iscogroup","2025-10-17T05:55:46.203Z","2025-10-17T05:55:46.203Z"
"iscogroup","68f1da4f90ad734984f7c68e","68f1da4f90ad734984f7c692","iscogroup","2025-10-17T05:55:46.203Z","2025-10-17T05:55:46.203Z"
"iscogroup","68f1da4f90ad734984f7c692","68f1da4f90ad734984f7c693","iscogroup","2025-10-17T05:55:46.203Z","2025-10-17T05:55:46.203Z"
"iscogroup","68f1da4f90ad734984f7c692","68f1da4f90ad734984f7c694","iscogroup","2025-10-17T05:55:46.203Z","2025-10-17T05:55:46.203Z"
"iscogroup","68f1da4f90ad734984f7c68e","68f1da4f90ad734984f7c695","iscogroup","2025-10-17T05:55:46.203Z","2025-10-17T05:55:46.203Z"
"iscogroup","68f1da4f90ad734984f7c695","68f1da4f90ad734984f7c696","iscogroup","2025-10-17T05:55:46.203Z","2025-10-17T05:55:46.203Z"
"iscogroup","68f1da4f90ad734984f7c68e","68f1da4f90ad734984f7c697","iscogroup","2025-10-17T05:55:46.203Z","2025-10-17T05:55:46.203Z"
"iscogroup","68f1da4f90ad734984f7c697","68f1da4f90ad734984f7c698","iscogroup","2025-10-17T05:55:46.203Z","2025-10-17T05:55:46.203Z"
"iscogroup","68f1da4f90ad734984f7c6c7","68f1da4f90ad734984f7c699","iscogroup","2025-10-17T05:55:46.204Z","2025-10-17T05:55:46.204Z"
"iscogroup","68f1da4f90ad734984f7c6c7","68f1da4f90ad734984f7c69a","iscogroup","2025-10-17T05:55:46.204Z","2025-10-17T05:55:46.204Z"
"iscogroup","68f1da4f90ad734984f7c6c7","68f1da4f90ad734984f7c69b","iscogroup","2025-10-17T05:55:46.204Z","2025-10-17T05:55:46.204Z"
"iscogroup","68f1da4f90ad734984f7c6c7","68f1da4f90ad734984f7c69c","iscogroup","2025-10-17T05:55:46.204Z","2025-10-17T05:55:46.204Z"
"iscogroup","68f1da4f90ad734984f7c66e","68f1da4f90ad734984f7c69d","iscogroup","2025-10-17T05:55:46.204Z","2025-10-17T05:55:46.204Z"
"iscogroup","68f1da4f90ad734984f7c69d","68f1da4f90ad734984f7c69e","iscogroup","2025-10-17T05:55:46.204Z","2025-10-17T05:55:46.204Z"
"iscogroup","68f1da4f90ad734984f7c69e","68f1da4f90ad734984f7c69f","iscogroup","2025-10-17T05:55:46.204Z","2025-10-17T05:55:46.204Z"
"iscogroup","68f1da4f90ad734984f7c69e","68f1da4f90ad734984f7c6a0","iscogroup","2025-10-17T05:55:46.204Z","2025-10-17T05:55:46.204Z"
"iscogroup","68f1da4f90ad734984f7c69e","68f1da4f90ad734984f7c6a1","iscogroup","2025-10-17T05:55:46.204Z","2025-10-17T05:55:46.204Z"
"iscogroup","68f1da4f90ad734984f7c69d","68f1da4f90ad734984f7c6a2","iscogroup","2025-10-17T05:55:46.204Z","2025-10-17T05:55:46.204Z"
"iscogroup","68f1da4f90ad734984f7c6a2","68f1da4f90ad734984f7c6a3","iscogroup","2025-10-17T05:55:46.204Z","2025-10-17T05:55:46.204Z"
"iscogroup","68f1da4f90ad734984f7c6a2","68f1da4f90ad734984f7c6a4","iscogroup","2025-10-17T05:55:46.205Z","2025-10-17T05:55:46.205Z"
"iscogroup","68f1da4f90ad734984f7c6a2","68f1da4f90ad734984f7c6a5","iscogroup","2025-10-17T05:55:46.205Z","2025-10-17T05:55:46.205Z"
"iscogroup","68f1da4f90ad734984f7c6a2","68f1da4f90ad734984f7c6a6","iscogroup","2025-10-17T05:55:46.205Z","2025-10-17T05:55:46.205Z"
"iscogroup","68f1da4f90ad734984f7c69d","68f1da4f90ad734984f7c6a7","iscogroup","2025-10-17T05:55:46.205Z","2025-10-17T05:55:46.205Z"
"iscogroup","68f1da4f90ad734984f7c6a7","68f1da4f90ad734984f7c6a8","iscogroup","2025-10-17T05:55:46.205Z","2025-10-17T05:55:46.205Z"
"iscogroup","68f1da4f90ad734984f7c6a7","68f1da4f90ad734984f7c6a9","iscogroup","2025-10-17T05:55:46.205Z","2025-10-17T05:55:46.205Z"
"iscogroup","68f1da4f90ad734984f7c6a7","68f1da4f90ad734984f7c6aa","iscogroup","2025-10-17T05:55:46.205Z","2025-10-17T05:55:46.205Z"
"iscogroup","68f1da4f90ad734984f7c6a7","68f1da4f90ad734984f7c6ab","iscogroup","2025-10-17T05:55:46.205Z","2025-10-17T05:55:46.205Z"
"iscogroup","68f1da4f90ad734984f7c66e","68f1da4f90ad734984f7c6ac","iscogroup","2025-10-17T05:55:46.205Z","2025-10-17T05:55:46.205Z"
"iscogroup","68f1da4f90ad734984f7c6ac","68f1da4f90ad734984f7c6ad","iscogroup","2025-10-17T05:55:46.205Z","2025-10-17T05:55:46.205Z"
"iscogroup","68f1da4f90ad734984f7c6ad","68f1da4f90ad734984f7c6ae","iscogroup","2025-10-17T05:55:46.205Z","2025-10-17T05:55:46.205Z"
"iscogroup","68f1da4f90ad734984f7c6ad","68f1da4f90ad734984f7c6af","iscogroup","2025-10-17T05:55:46.205Z","2025-10-17T05:55:46.205Z"
"iscogroup","68f1da4f90ad734984f7c6ad","68f1da4f90ad734984f7c6b0","iscogroup","2025-10-17T05:55:46.205Z","2025-10-17T05:55:46.205Z"
"iscogroup","68f1da4f90ad734984f7c6ad","68f1da4f90ad734984f7c6b1","iscogroup","2025-10-17T05:55:46.205Z","2025-10-17T05:55:46.205Z"
"iscogroup","68f1da4f90ad734984f7c68e","68f1da4f90ad734984f7c6b2","iscogroup","2025-10-17T05:55:46.203Z","2025-10-17T05:55:46.203Z"
"iscogroup","68f1da4f90ad734984f7c6b2","68f1da4f90ad734984f7c6b3","iscogroup","2025-10-17T05:55:46.203Z","2025-10-17T05:55:46.203Z"
"iscogroup","68f1da4f90ad734984f7c68e","68f1da4f90ad734984f7c6b4","iscogroup","2025-10-17T05:55:46.203Z","2025-10-17T05:55:46.203Z"
"iscogroup","68f1da4f90ad734984f7c6b4","68f1da4f90ad734984f7c6b5","iscogroup","2025-10-17T05:55:46.203Z","2025-10-17T05:55:46.203Z"
"iscogroup","68f1da4f90ad734984f7c6b4","68f1da4f90ad734984f7c6b6","iscogroup","2025-10-17T05:55:46.203Z","2025-10-17T05:55:46.203Z"
"iscogroup","68f1da4f90ad734984f7c6b4","68f1da4f90ad734984f7c6b7","iscogroup","2025-10-17T05:55:46.203Z","2025-10-17T05:55:46.203Z"
"iscogroup","68f1da4f90ad734984f7c6b4","68f1da4f90ad734984f7c6b8","iscogroup","2025-10-17T05:55:46.204Z","2025-10-17T05:55:46.204Z"
"iscogroup","68f1da4f90ad734984f7c6b4","68f1da4f90ad734984f7c6b9","iscogroup","2025-10-17T05:55:46.204Z","2025-10-17T05:55:46.204Z"
"iscogroup","68f1da4f90ad734984f7c6b4","68f1da4f90ad734984f7c6ba","iscogroup","2025-10-17T05:55:46.204Z","2025-10-17T05:55:46.204Z"
"iscogroup","68f1da4f90ad734984f7c6b4","68f1da4f90ad734984f7c6bb","iscogroup","2025-10-17T05:55:46.204Z","2025-10-17T05:55:46.204Z"
"iscogroup","68f1da4f90ad734984f7c6b4","68f1da4f90ad734984f7c6bc","iscogroup","2025-10-17T05:55:46.204Z","2025-10-17T05:55:46.204Z"
"iscogroup","68f1da4f90ad734984f7c66e","68f1da4f90ad734984f7c6bd","iscogroup","2025-10-17T05:55:46.204Z","2025-10-17T05:55:46.204Z"
"iscogroup","68f1da4f90ad734984f7c6bd","68f1da4f90ad734984f7c6be","iscogroup","2025-10-17T05:55:46.204Z","2025-10-17T05:55:46.204Z"
"iscogroup","68f1da4f90ad734984f7c6be","68f1da4f90ad734984f7c6bf","iscogroup","2025-10-17T05:55:46.204Z","2025-10-17T05:55:46.204Z"
"iscogroup","68f1da4f90ad734984f7c6bd","68f1da4f90ad734984f7c6c0","iscogroup","2025-10-17T05:55:46.204Z","2025-10-17T05:55:46.204Z"
"iscogroup","68f1da4f90ad734984f7c6c0","68f1da4f90ad734984f7c6c1","iscogroup","2025-10-17T05:55:46.204Z","2025-10-17T05:55:46.204Z"
"iscogroup","68f1da4f90ad734984f7c6bd","68f1da4f90ad734984f7c6c2","iscogroup","2025-10-17T05:55:46.204Z","2025-10-17T05:55:46.204Z"
"iscogroup","68f1da4f90ad734984f7c6c2","68f1da4f90ad734984f7c6c3","iscogroup","2025-10-17T05:55:46.204Z","2025-10-17T05:55:46.204Z"
"iscogroup","68f1da4f90ad734984f7c6bd","68f1da4f90ad734984f7c6c4","iscogroup","2025-10-17T05:55:46.204Z","2025-10-17T05:55:46.204Z"
"iscogroup","68f1da4f90ad734984f7c6c4","68f1da4f90ad734984f7c6c5","iscogroup","2025-10-17T05:55:46.204Z","2025-10-17T05:55:46.204Z"
"iscogroup","68f1da4f90ad734984f7c6c4","68f1da4f90ad734984f7c6c6","iscogroup","2025-10-17T05:55:46.204Z","2025-10-17T05:55:46.204Z"
"iscogroup","68f1da4f90ad734984f7c6bd","68f1da4f90ad734984f7c6c7","iscogroup","2025-10-17T05:55:46.204Z","2025-10-17T05:55:46.204Z"
"iscogroup","68f1da4f90ad734984f7c6c7","68f1da4f90ad734984f7c6c8","iscogroup","2025-10-17T05:55:46.204Z","2025-10-17T05:55:46.204Z"
"iscogroup","68f1da4f90ad734984f7c6c7","68f1da4f90ad734984f7c6c9","iscogroup","2025-10-17T05:55:46.204Z","2025-10-17T05:55:46.204Z"
"iscogroup","68f1da4f90ad734984f7c6c7","68f1da4f90ad734984f7c6ca","iscogroup","2025-10-17T05:55:46.204Z","2025-10-17T05:55:46.204Z"
"iscogroup","68f1da4f90ad734984f7c6ad","68f1da4f90ad734984f7c6cb","iscogroup","2025-10-17T05:55:46.205Z","2025-10-17T05:55:46.205Z"
"iscogroup","68f1da4f90ad734984f7c6ac","68f1da4f90ad734984f7c6cc","iscogroup","2025-10-17T05:55:46.205Z","2025-10-17T05:55:46.205Z"
"iscogroup","68f1da4f90ad734984f7c6cc","68f1da4f90ad734984f7c6cd","iscogroup","2025-10-17T05:55:46.205Z","2025-10-17T05:55:46.205Z"
"iscogroup","68f1da4f90ad734984f7c6cc","68f1da4f90ad734984f7c6ce","iscogroup","2025-10-17T05:55:46.209Z","2025-10-17T05:55:46.209Z"
"iscogroup","68f1da4f90ad734984f7c6cc","68f1da4f90ad734984f7c6cf","iscogroup","2025-10-17T05:55:46.209Z","2025-10-17T05:55:46.209Z"
"iscogroup","68f1da4f90ad734984f7c6cc","68f1da4f90ad734984f7c6d0","iscogroup","2025-10-17T05:55:46.209Z","2025-10-17T05:55:46.209Z"
"iscogroup","68f1da4f90ad734984f7c66e","68f1da4f90ad734984f7c6d1","iscogroup","2025-10-17T05:55:46.209Z","2025-10-17T05:55:46.209Z"
"iscogroup","68f1da4f90ad734984f7c6d1","68f1da4f90ad734984f7c6d2","iscogroup","2025-10-17T05:55:46.209Z","2025-10-17T05:55:46.209Z"
"iscogroup","68f1da4f90ad734984f7c6d2","68f1da4f90ad734984f7c6d3","iscogroup","2025-10-17T05:55:46.209Z","2025-10-17T05:55:46.209Z"
"iscogroup","68f1da4f90ad734984f7c6d2","68f1da4f90ad734984f7c6d4","iscogroup","2025-10-17T05:55:46.209Z","2025-10-17T05:55:46.209Z"
"iscogroup","68f1da4f90ad734984f7c6d2","68f1da4f90ad734984f7c6d5","iscogroup","2025-10-17T05:55:46.210Z","2025-10-17T05:55:46.210Z"
"iscogroup","68f1da4f90ad734984f7c6d1","68f1da4f90ad734984f7c6d6","iscogroup","2025-10-17T05:55:46.210Z","2025-10-17T05:55:46.210Z"
"iscogroup","68f1da4f90ad734984f7c6d6","68f1da4f90ad734984f7c6d7","iscogroup","2025-10-17T05:55:46.210Z","2025-10-17T05:55:46.210Z"
"iscogroup","68f1da4f90ad734984f7c6d6","68f1da4f90ad734984f7c6d8","iscogroup","2025-10-17T05:55:46.210Z","2025-10-17T05:55:46.210Z"
"iscogroup","68f1da4f90ad734984f7c6d1","68f1da4f90ad734984f7c6d9","iscogroup","2025-10-17T05:55:46.210Z","2025-10-17T05:55:46.210Z"
"iscogroup","68f1da4f90ad734984f7c6d9","68f1da4f90ad734984f7c6da","iscogroup","2025-10-17T05:55:46.210Z","2025-10-17T05:55:46.210Z"
"iscogroup","68f1da4f90ad734984f7c6d9","68f1da4f90ad734984f7c6db","iscogroup","2025-10-17T05:55:46.210Z","2025-10-17T05:55:46.210Z"
"iscogroup","68f1da4f90ad734984f7c6d9","68f1da4f90ad734984f7c6dc","iscogroup","2025-10-17T05:55:46.210Z","2025-10-17T05:55:46.210Z"
"iscogroup","68f1da4f90ad734984f7c6d9","68f1da4f90ad734984f7c6dd","iscogroup","2025-10-17T05:55:46.210Z","2025-10-17T05:55:46.210Z"
"iscogroup","68f1da4f90ad734984f7c6d9","68f1da4f90ad734984f7c6de","iscogroup","2025-10-17T05:55:46.210Z","2025-10-17T05:55:46.210Z"
"iscogroup","68f1da4f90ad734984f7c6d9","68f1da4f90ad734984f7c6df","iscogroup","2025-10-17T05:55:46.210Z","2025-10-17T05:55:46.210Z"
"iscogroup","68f1da4f90ad734984f7c6d1","68f1da4f90ad734984f7c6e0","iscogroup","2025-10-17T05:55:46.210Z","2025-10-17T05:55:46.210Z"
"iscogroup","68f1da4f90ad734984f7c6e0","68f1da4f90ad734984f7c6e1","iscogroup","2025-10-17T05:55:46.210Z","2025-10-17T05:55:46.210Z"
"iscogroup","68f1da4f90ad734984f7c6e0","68f1da4f90ad734984f7c6e2","iscogroup","2025-10-17T05:55:46.210Z","2025-10-17T05:55:46.210Z"
"iscogroup","68f1da4f90ad734984f7c6e0","68f1da4f90ad734984f7c6e3","iscogroup","2025-10-17T05:55:46.210Z","2025-10-17T05:55:46.210Z"
"iscogroup","68f1da4f90ad734984f7c6d1","68f1da4f90ad734984f7c6e4","iscogroup","2025-10-17T05:55:46.210Z","2025-10-17T05:55:46.210Z"
"iscogroup","68f1da4f90ad734984f7c6e4","68f1da4f90ad734984f7c6e5","iscogroup","2025-10-17T05:55:46.210Z","2025-10-17T05:55:46.210Z"
"iscogroup","68f1da4f90ad734984f7c6e4","68f1da4f90ad734984f7c6e6","iscogroup","2025-10-17T05:55:46.210Z","2025-10-17T05:55:46.210Z"
"iscogroup","68f1da4f90ad734984f7c6e4","68f1da4f90ad734984f7c6e7","iscogroup","2025-10-17T05:55:46.210Z","2025-10-17T05:55:46.210Z"
"iscogroup","68f1da4f90ad734984f7c6e4","68f1da4f90ad734984f7c6e8","iscogroup","2025-10-17T05:55:46.210Z","2025-10-17T05:55:46.210Z"
"iscogroup","68f1da4f90ad734984f7c6e4","68f1da4f90ad734984f7c6e9","iscogroup","2025-10-17T05:55:46.210Z","2025-10-17T05:55:46.210Z"
"iscogroup","68f1da4f90ad734984f7c6e4","68f1da4f90ad734984f7c6ea","iscogroup","2025-10-17T05:55:46.210Z","2025-10-17T05:55:46.210Z"
"iscogroup","68f1da4f90ad734984f7c6e4","68f1da4f90ad734984f7c6eb","iscogroup","2025-10-17T05:55:46.210Z","2025-10-17T05:55:46.210Z"
"iscogroup","68f1da4f90ad734984f7c6ec","68f1da4f90ad734984f7c6ed","iscogroup","2025-10-17T05:55:46.210Z","2025-10-17T05:55:46.210Z"
"iscogroup","68f1da4f90ad734984f7c6ed","68f1da4f90ad734984f7c6ee","iscogroup","2025-10-17T05:55:46.210Z","2025-10-17T05:55:46.210Z"
"iscogroup","68f1da4f90ad734984f7c6ee","68f1da4f90ad734984f7c6ef","iscogroup","2025-10-17T05:55:46.210Z","2025-10-17T05:55:46.210Z"
"iscogroup","68f1da4f90ad734984f7c6ee","68f1da4f90ad734984f7c6f0","iscogroup","2025-10-17T05:55:46.210Z","2025-10-17T05:55:46.210Z"
"iscogroup","68f1da4f90ad734984f7c6ee","68f1da4f90ad734984f7c6f1","iscogroup","2025-10-17T05:55:46.210Z","2025-10-17T05:55:46.210Z"
"iscogroup","68f1da4f90ad734984f7c6ee","68f1da4f90ad734984f7c6f2","iscogroup","2025-10-17T05:55:46.210Z","2025-10-17T05:55:46.210Z"
"iscogroup","68f1da4f90ad734984f7c6ee","68f1da4f90ad734984f7c6f3","iscogroup","2025-10-17T05:55:46.210Z","2025-10-17T05:55:46.210Z"
"iscogroup","68f1da4f90ad734984f7c6ee","68f1da4f90ad734984f7c6f4","iscogroup","2025-10-17T05:55:46.211Z","2025-10-17T05:55:46.211Z"
"iscogroup","68f1da4f90ad734984f7c6ee","68f1da4f90ad734984f7c6f5","iscogroup","2025-10-17T05:55:46.211Z","2025-10-17T05:55:46.211Z"
"iscogroup","68f1da4f90ad734984f7c6ee","68f1da4f90ad734984f7c6f6","iscogroup","2025-10-17T05:55:46.211Z","2025-10-17T05:55:46.211Z"
"iscogroup","68f1da4f90ad734984f7c6ee","68f1da4f90ad734984f7c6f7","iscogroup","2025-10-17T05:55:46.211Z","2025-10-17T05:55:46.211Z"
"iscogroup","68f1da4f90ad734984f7c6ed","68f1da4f90ad734984f7c6f8","iscogroup","2025-10-17T05:55:46.211Z","2025-10-17T05:55:46.211Z"
"iscogroup","68f1da4f90ad734984f7c6f8","68f1da4f90ad734984f7c6f9","iscogroup","2025-10-17T05:55:46.211Z","2025-10-17T05:55:46.211Z"
"iscogroup","68f1da4f90ad734984f7c6f8","68f1da4f90ad734984f7c6fa","iscogroup","2025-10-17T05:55:46.211Z","2025-10-17T05:55:46.211Z"
"iscogroup","68f1da4f90ad734984f7c6f8","68f1da4f90ad734984f7c6fb","iscogroup","2025-10-17T05:55:46.211Z","2025-10-17T05:55:46.211Z"
"iscogroup","68f1da4f90ad734984f7c6ed","68f1da4f90ad734984f7c6fc","iscogroup","2025-10-17T05:55:46.211Z","2025-10-17T05:55:46.211Z"
"iscogroup","68f1da4f90ad734984f7c6fc","68f1da4f90ad734984f7c6fd","iscogroup","2025-10-17T05:55:46.211Z","2025-10-17T05:55:46.211Z"
"iscogroup","68f1da4f90ad734984f7c6fc","68f1da4f90ad734984f7c6fe","iscogroup","2025-10-17T05:55:46.211Z","2025-10-17T05:55:46.211Z"
"iscogroup","68f1da4f90ad734984f7c6fc","68f1da4f90ad734984f7c6ff","iscogroup","2025-10-17T05:55:46.211Z","2025-10-17T05:55:46.211Z"
"iscogroup","68f1da4f90ad734984f7c6fc","68f1da4f90ad734984f7c700","iscogroup","2025-10-17T05:55:46.211Z","2025-10-17T05:55:46.211Z"
"iscogroup","68f1da4f90ad734984f7c6fc","68f1da4f90ad734984f7c701","iscogroup","2025-10-17T05:55:46.211Z","2025-10-17T05:55:46.211Z"
"iscogroup","68f1da4f90ad734984f7c6fc","68f1da4f90ad734984f7c702","iscogroup","2025-10-17T05:55:46.211Z","2025-10-17T05:55:46.211Z"
"iscogroup","68f1da4f90ad734984f7c6ed","68f1da4f90ad734984f7c703","iscogroup","2025-10-17T05:55:46.211Z","2025-10-17T05:55:46.211Z"
"iscogroup","68f1da4f90ad734984f7c703","68f1da4f90ad734984f7c704","iscogroup","2025-10-17T05:55:46.211Z","2025-10-17T05:55:46.211Z"
"iscogroup","68f1da4f90ad734984f7c703","68f1da4f90ad734984f7c705","iscogroup","2025-10-17T05:55:46.211Z","2025-10-17T05:55:46.211Z"
"iscogroup","68f1da4f90ad734984f7c703","68f1da4f90ad734984f7c706","iscogroup","2025-10-17T05:55:46.211Z","2025-10-17T05:55:46.211Z"
"iscogroup","68f1da4f90ad734984f7c6ed","68f1da4f90ad734984f7c707","iscogroup","2025-10-17T05:55:46.211Z","2025-10-17T05:55:46.211Z"
"iscogroup","68f1da4f90ad734984f7c707","68f1da4f90ad734984f7c708","iscogroup","2025-10-17T05:55:46.211Z","2025-10-17T05:55:46.211Z"
"iscogroup","68f1da4f90ad734984f7c707","68f1da4f90ad734984f7c709","iscogroup","2025-10-17T05:55:46.211Z","2025-10-17T05:55:46.211Z"
"iscogroup","68f1da4f90ad734984f7c707","68f1da4f90ad734984f7c70a","iscogroup","2025-10-17T05:55:46.211Z","2025-10-17T05:55:46.211Z"
"iscogroup","68f1da4f90ad734984f7c707","68f1da4f90ad734984f7c70b","iscogroup","2025-10-17T05:55:46.211Z","2025-10-17T05:55:46.211Z"
"iscogroup","68f1da4f90ad734984f7c707","68f1da4f90ad734984f7c70c","iscogroup","2025-10-17T05:55:46.211Z","2025-10-17T05:55:46.211Z"
"iscogroup","68f1da4f90ad734984f7c6ec","68f1da4f90ad734984f7c70d","iscogroup","2025-10-17T05:55:46.211Z","2025-10-17T05:55:46.211Z"
"iscogroup","68f1da4f90ad734984f7c70d","68f1da4f90ad734984f7c70e","iscogroup","2025-10-17T05:55:46.211Z","2025-10-17T05:55:46.211Z"
"iscogroup","68f1da4f90ad734984f7c70e","68f1da4f90ad734984f7c70f","iscogroup","2025-10-17T05:55:46.211Z","2025-10-17T05:55:46.211Z"
"iscogroup","68f1da4f90ad734984f7c70e","68f1da4f90ad734984f7c710","iscogroup","2025-10-17T05:55:46.211Z","2025-10-17T05:55:46.211Z"
"iscogroup","68f1da4f90ad734984f7c70e","68f1da4f90ad734984f7c711","iscogroup","2025-10-17T05:55:46.211Z","2025-10-17T05:55:46.211Z"
"iscogroup","68f1da4f90ad734984f7c70e","68f1da4f90ad734984f7c712","iscogroup","2025-10-17T05:55:46.211Z","2025-10-17T05:55:46.211Z"
"iscogroup","68f1da4f90ad734984f7c70d","68f1da4f90ad734984f7c713","iscogroup","2025-10-17T05:55:46.212Z","2025-10-17T05:55:46.212Z"
"iscogroup","68f1da4f90ad734984f7c713","68f1da4f90ad734984f7c714","iscogroup","2025-10-17T05:55:46.212Z","2025-10-17T05:55:46.212Z"
"iscogroup","68f1da4f90ad734984f7c713","68f1da4f90ad734984f7c715","iscogroup","2025-10-17T05:55:46.212Z","2025-10-17T05:55:46.212Z"
"iscogroup","68f1da4f90ad734984f7c70d","68f1da4f90ad734984f7c716","iscogroup","2025-10-17T05:55:46.212Z","2025-10-17T05:55:46.212Z"
"iscogroup","68f1da4f90ad734984f7c716","68f1da4f90ad734984f7c717","iscogroup","2025-10-17T05:55:46.212Z","2025-10-17T05:55:46.212Z"
"iscogroup","68f1da4f90ad734984f7c70d","68f1da4f90ad734984f7c718","iscogroup","2025-10-17T05:55:46.212Z","2025-10-17T05:55:46.212Z"
"iscogroup","68f1da4f90ad734984f7c718","68f1da4f90ad734984f7c719","iscogroup","2025-10-17T05:55:46.212Z","2025-10-17T05:55:46.212Z"
"iscogroup","68f1da4f90ad734984f7c70d","68f1da4f90ad734984f7c71a","iscogroup","2025-10-17T05:55:46.212Z","2025-10-17T05:55:46.212Z"
"iscogroup","68f1da4f90ad734984f7c71a","68f1da4f90ad734984f7c71b","iscogroup","2025-10-17T05:55:46.212Z","2025-10-17T05:55:46.212Z"
"iscogroup","68f1da4f90ad734984f7c71a","68f1da4f90ad734984f7c71c","iscogroup","2025-10-17T05:55:46.212Z","2025-10-17T05:55:46.212Z"
"iscogroup","68f1da4f90ad734984f7c71a","68f1da4f90ad734984f7c71d","iscogroup","2025-10-17T05:55:46.212Z","2025-10-17T05:55:46.212Z"
"iscogroup","68f1da4f90ad734984f7c71a","68f1da4f90ad734984f7c71e","iscogroup","2025-10-17T05:55:46.212Z","2025-10-17T05:55:46.212Z"
"iscogroup","68f1da4f90ad734984f7c71a","68f1da4f90ad734984f7c71f","iscogroup","2025-10-17T05:55:46.212Z","2025-10-17T05:55:46.212Z"
"iscogroup","68f1da4f90ad734984f7c71a","68f1da4f90ad734984f7c720","iscogroup","2025-10-17T05:55:46.212Z","2025-10-17T05:55:46.212Z"
"iscogroup","68f1da4f90ad734984f7c71a","68f1da4f90ad734984f7c721","iscogroup","2025-10-17T05:55:46.213Z","2025-10-17T05:55:46.213Z"
"iscogroup","68f1da4f90ad734984f7c71a","68f1da4f90ad734984f7c722","iscogroup","2025-10-17T05:55:46.213Z","2025-10-17T05:55:46.213Z"
"iscogroup","68f1da4f90ad734984f7c71a","68f1da4f90ad734984f7c723","iscogroup","2025-10-17T05:55:46.213Z","2025-10-17T05:55:46.213Z"
"iscogroup","68f1da4f90ad734984f7c6ec","68f1da4f90ad734984f7c724","iscogroup","2025-10-17T05:55:46.213Z","2025-10-17T05:55:46.213Z"
"iscogroup","68f1da4f90ad734984f7c724","68f1da4f90ad734984f7c725","iscogroup","2025-10-17T05:55:46.213Z","2025-10-17T05:55:46.213Z"
"iscogroup","68f1da4f90ad734984f7c725","68f1da4f90ad734984f7c726","iscogroup","2025-10-17T05:55:46.213Z","2025-10-17T05:55:46.213Z"
"iscogroup","68f1da4f90ad734984f7c725","68f1da4f90ad734984f7c727","iscogroup","2025-10-17T05:55:46.213Z","2025-10-17T05:55:46.213Z"
"iscogroup","68f1da4f90ad734984f7c725","68f1da4f90ad734984f7c728","iscogroup","2025-10-17T05:55:46.213Z","2025-10-17T05:55:46.213Z"
"iscogroup","68f1da4f90ad734984f7c725","68f1da4f90ad734984f7c729","iscogroup","2025-10-17T05:55:46.213Z","2025-10-17T05:55:46.213Z"
"iscogroup","68f1da4f90ad734984f7c725","68f1da4f90ad734984f7c72a","iscogroup","2025-10-17T05:55:46.213Z","2025-10-17T05:55:46.213Z"
"iscogroup","68f1da4f90ad734984f7c724","68f1da4f90ad734984f7c72b","iscogroup","2025-10-17T05:55:46.213Z","2025-10-17T05:55:46.213Z"
"iscogroup","68f1da4f90ad734984f7c72b","68f1da4f90ad734984f7c72c","iscogroup","2025-10-17T05:55:46.213Z","2025-10-17T05:55:46.213Z"
"iscogroup","68f1da4f90ad734984f7c72b","68f1da4f90ad734984f7c72d","iscogroup","2025-10-17T05:55:46.213Z","2025-10-17T05:55:46.213Z"
"iscogroup","68f1da4f90ad734984f7c72b","68f1da4f90ad734984f7c72e","iscogroup","2025-10-17T05:55:46.213Z","2025-10-17T05:55:46.213Z"
"iscogroup","68f1da4f90ad734984f7c72b","68f1da4f90ad734984f7c72f","iscogroup","2025-10-17T05:55:46.213Z","2025-10-17T05:55:46.213Z"
"iscogroup","68f1da4f90ad734984f7c724","68f1da4f90ad734984f7c730","iscogroup","2025-10-17T05:55:46.213Z","2025-10-17T05:55:46.213Z"
"iscogroup","68f1da4f90ad734984f7c730","68f1da4f90ad734984f7c731","iscogroup","2025-10-17T05:55:46.213Z","2025-10-17T05:55:46.213Z"
"iscogroup","68f1da4f90ad734984f7c730","68f1da4f90ad734984f7c732","iscogroup","2025-10-17T05:55:46.213Z","2025-10-17T05:55:46.213Z"
"iscogroup","68f1da4f90ad734984f7c730","68f1da4f90ad734984f7c733","iscogroup","2025-10-17T05:55:46.213Z","2025-10-17T05:55:46.213Z"
"iscogroup","68f1da4f90ad734984f7c730","68f1da4f90ad734984f7c734","iscogroup","2025-10-17T05:55:46.213Z","2025-10-17T05:55:46.213Z"
"iscogroup","68f1da4f90ad734984f7c730","68f1da4f90ad734984f7c735","iscogroup","2025-10-17T05:55:46.213Z","2025-10-17T05:55:46.213Z"
"iscogroup","68f1da4f90ad734984f7c724","68f1da4f90ad734984f7c736","iscogroup","2025-10-17T05:55:46.214Z","2025-10-17T05:55:46.214Z"
"iscogroup","68f1da4f90ad734984f7c736","68f1da4f90ad734984f7c737","iscogroup","2025-10-17T05:55:46.214Z","2025-10-17T05:55:46.214Z"
"iscogroup","68f1da4f90ad734984f7c736","68f1da4f90ad734984f7c738","iscogroup","2025-10-17T05:55:46.214Z","2025-10-17T05:55:46.214Z"
"iscogroup","68f1da4f90ad734984f7c736","68f1da4f90ad734984f7c739","iscogroup","2025-10-17T05:55:46.214Z","2025-10-17T05:55:46.214Z"
"iscogroup","68f1da4f90ad734984f7c736","68f1da4f90ad734984f7c73a","iscogroup","2025-10-17T05:55:46.214Z","2025-10-17T05:55:46.214Z"
"iscogroup","68f1da4f90ad734984f7c724","68f1da4f90ad734984f7c73b","iscogroup","2025-10-17T05:55:46.214Z","2025-10-17T05:55:46.214Z"
"iscogroup","68f1da4f90ad734984f7c73b","68f1da4f90ad734984f7c73c","iscogroup","2025-10-17T05:55:46.214Z","2025-10-17T05:55:46.214Z"
"iscogroup","68f1da4f90ad734984f7c73b","68f1da4f90ad734984f7c73d","iscogroup","2025-10-17T05:55:46.214Z","2025-10-17T05:55:46.214Z"
"iscogroup","68f1da4f90ad734984f7c73b","68f1da4f90ad734984f7c73e","iscogroup","2025-10-17T05:55:46.214Z","2025-10-17T05:55:46.214Z"
"iscogroup","68f1da4f90ad734984f7c73b","68f1da4f90ad734984f7c73f","iscogroup","2025-10-17T05:55:46.214Z","2025-10-17T05:55:46.214Z"
"iscogroup","68f1da4f90ad734984f7c73b","68f1da4f90ad734984f7c740","iscogroup","2025-10-17T05:55:46.214Z","2025-10-17T05:55:46.214Z"
"iscogroup","68f1da4f90ad734984f7c73b","68f1da4f90ad734984f7c741","iscogroup","2025-10-17T05:55:46.214Z","2025-10-17T05:55:46.214Z"
"iscogroup","68f1da4f90ad734984f7c6ec","68f1da4f90ad734984f7c742","iscogroup","2025-10-17T05:55:46.214Z","2025-10-17T05:55:46.214Z"
"iscogroup","68f1da4f90ad734984f7c742","68f1da4f90ad734984f7c743","iscogroup","2025-10-17T05:55:46.214Z","2025-10-17T05:55:46.214Z"
"iscogroup","68f1da4f90ad734984f7c743","68f1da4f90ad734984f7c744","iscogroup","2025-10-17T05:55:46.214Z","2025-10-17T05:55:46.214Z"
"iscogroup","68f1da4f90ad734984f7c743","68f1da4f90ad734984f7c745","iscogroup","2025-10-17T05:55:46.214Z","2025-10-17T05:55:46.214Z"
"iscogroup","68f1da4f90ad734984f7c743","68f1da4f90ad734984f7c746","iscogroup","2025-10-17T05:55:46.214Z","2025-10-17T05:55:46.214Z"
"iscogroup","68f1da4f90ad734984f7c742","68f1da4f90ad734984f7c747","iscogroup","2025-10-17T05:55:46.214Z","2025-10-17T05:55:46.214Z"
"iscogroup","68f1da4f90ad734984f7c747","68f1da4f90ad734984f7c748","iscogroup","2025-10-17T05:55:46.214Z","2025-10-17T05:55:46.214Z"
"iscogroup","68f1da4f90ad734984f7c747","68f1da4f90ad734984f7c749","iscogroup","2025-10-17T05:55:46.214Z","2025-10-17T05:55:46.214Z"
"iscogroup","68f1da4f90ad734984f7c747","68f1da4f90ad734984f7c74a","iscogroup","2025-10-17T05:55:46.214Z","2025-10-17T05:55:46.214Z"
"iscogroup","68f1da4f90ad734984f7c742","68f1da4f90ad734984f7c74b","iscogroup","2025-10-17T05:55:46.214Z","2025-10-17T05:55:46.214Z"
"iscogroup","68f1da4f90ad734984f7c74b","68f1da4f90ad734984f7c74c","iscogroup","2025-10-17T05:55:46.214Z","2025-10-17T05:55:46.214Z"
"iscogroup","68f1da4f90ad734984f7c74b","68f1da4f90ad734984f7c74d","iscogroup","2025-10-17T05:55:46.214Z","2025-10-17T05:55:46.214Z"
"iscogroup","68f1da4f90ad734984f7c74b","68f1da4f90ad734984f7c74e","iscogroup","2025-10-17T05:55:46.214Z","2025-10-17T05:55:46.214Z"
"iscogroup","68f1da4f90ad734984f7c74b","68f1da4f90ad734984f7c74f","iscogroup","2025-10-17T05:55:46.214Z","2025-10-17T05:55:46.214Z"
"iscogroup","68f1da4f90ad734984f7c74b","68f1da4f90ad734984f7c750","iscogroup","2025-10-17T05:55:46.214Z","2025-10-17T05:55:46.214Z"
"iscogroup","68f1da4f90ad734984f7c6ec","68f1da4f90ad734984f7c751","iscogroup","2025-10-17T05:55:46.214Z","2025-10-17T05:55:46.214Z"
"iscogroup","68f1da4f90ad734984f7c751","68f1da4f90ad734984f7c752","iscogroup","2025-10-17T05:55:46.214Z","2025-10-17T05:55:46.214Z"
"iscogroup","68f1da4f90ad734984f7c752","68f1da4f90ad734984f7c753","iscogroup","2025-10-17T05:55:46.215Z","2025-10-17T05:55:46.215Z"
"iscogroup","68f1da4f90ad734984f7c752","68f1da4f90ad734984f7c754","iscogroup","2025-10-17T05:55:46.215Z","2025-10-17T05:55:46.215Z"
"iscogroup","68f1da4f90ad734984f7c752","68f1da4f90ad734984f7c755","iscogroup","2025-10-17T05:55:46.215Z","2025-10-17T05:55:46.215Z"
"iscogroup","68f1da4f90ad734984f7c752","68f1da4f90ad734984f7c756","iscogroup","2025-10-17T05:55:46.215Z","2025-10-17T05:55:46.215Z"
"iscogroup","68f1da4f90ad734984f7c751","68f1da4f90ad734984f7c757","iscogroup","2025-10-17T05:55:46.215Z","2025-10-17T05:55:46.215Z"
"iscogroup","68f1da4f90ad734984f7c757","68f1da4f90ad734984f7c758","iscogroup","2025-10-17T05:55:46.215Z","2025-10-17T05:55:46.215Z"
"iscogroup","68f1da4f90ad734984f7c757","68f1da4f90ad734984f7c759","iscogroup","2025-10-17T05:55:46.215Z","2025-10-17T05:55:46.215Z"
"iscogroup","68f1da4f90ad734984f7c75a","68f1da4f90ad734984f7c75b","iscogroup","2025-10-17T05:55:46.215Z","2025-10-17T05:55:46.215Z"
"iscogroup","68f1da4f90ad734984f7c75b","68f1da4f90ad734984f7c75c","iscogroup","2025-10-17T05:55:46.215Z","2025-10-17T05:55:46.215Z"
"iscogroup","68f1da4f90ad734984f7c75c","68f1da4f90ad734984f7c75d","iscogroup","2025-10-17T05:55:46.215Z","2025-10-17T05:55:46.215Z"
"iscogroup","68f1da4f90ad734984f7c75b","68f1da4f90ad734984f7c75e","iscogroup","2025-10-17T05:55:46.215Z","2025-10-17T05:55:46.215Z"
"iscogroup","68f1da4f90ad734984f7c75e","68f1da4f90ad734984f7c75f","iscogroup","2025-10-17T05:55:46.215Z","2025-10-17T05:55:46.215Z"
"iscogroup","68f1da4f90ad734984f7c75b","68f1da4f90ad734984f7c760","iscogroup","2025-10-17T05:55:46.215Z","2025-10-17T05:55:46.215Z"
"iscogroup","68f1da4f90ad734984f7c790","68f1da4f90ad734984f7c761","iscogroup","2025-10-17T05:55:46.216Z","2025-10-17T05:55:46.216Z"
"iscogroup","68f1da4f90ad734984f7c75a","68f1da4f90ad734984f7c762","iscogroup","2025-10-17T05:55:46.216Z","2025-10-17T05:55:46.216Z"
"iscogroup","68f1da4f90ad734984f7c762","68f1da4f90ad734984f7c763","iscogroup","2025-10-17T05:55:46.216Z","2025-10-17T05:55:46.216Z"
"iscogroup","68f1da4f90ad734984f7c763","68f1da4f90ad734984f7c764","iscogroup","2025-10-17T05:55:46.216Z","2025-10-17T05:55:46.216Z"
"iscogroup","68f1da4f90ad734984f7c763","68f1da4f90ad734984f7c765","iscogroup","2025-10-17T05:55:46.216Z","2025-10-17T05:55:46.216Z"
"iscogroup","68f1da4f90ad734984f7c763","68f1da4f90ad734984f7c766","iscogroup","2025-10-17T05:55:46.216Z","2025-10-17T05:55:46.216Z"
"iscogroup","68f1da4f90ad734984f7c763","68f1da4f90ad734984f7c767","iscogroup","2025-10-17T05:55:46.216Z","2025-10-17T05:55:46.216Z"
"iscogroup","68f1da4f90ad734984f7c763","68f1da4f90ad734984f7c768","iscogroup","2025-10-17T05:55:46.216Z","2025-10-17T05:55:46.216Z"
"iscogroup","68f1da4f90ad734984f7c763","68f1da4f90ad734984f7c769","iscogroup","2025-10-17T05:55:46.216Z","2025-10-17T05:55:46.216Z"
"iscogroup","68f1da4f90ad734984f7c763","68f1da4f90ad734984f7c76a","iscogroup","2025-10-17T05:55:46.216Z","2025-10-17T05:55:46.216Z"
"iscogroup","68f1da4f90ad734984f7c76b","68f1da4f90ad734984f7c76c","iscogroup","2025-10-17T05:55:46.216Z","2025-10-17T05:55:46.216Z"
"iscogroup","68f1da4f90ad734984f7c76c","68f1da4f90ad734984f7c76d","iscogroup","2025-10-17T05:55:46.216Z","2025-10-17T05:55:46.216Z"
"iscogroup","68f1da4f90ad734984f7c76d","68f1da4f90ad734984f7c76e","iscogroup","2025-10-17T05:55:46.216Z","2025-10-17T05:55:46.216Z"
"iscogroup","68f1da4f90ad734984f7c76d","68f1da4f90ad734984f7c76f","iscogroup","2025-10-17T05:55:46.216Z","2025-10-17T05:55:46.216Z"
"iscogroup","68f1da4f90ad734984f7c76d","68f1da4f90ad734984f7c770","iscogroup","2025-10-17T05:55:46.216Z","2025-10-17T05:55:46.216Z"
"iscogroup","68f1da4f90ad734984f7c76c","68f1da4f90ad734984f7c771","iscogroup","2025-10-17T05:55:46.216Z","2025-10-17T05:55:46.216Z"
"iscogroup","68f1da4f90ad734984f7c771","68f1da4f90ad734984f7c772","iscogroup","2025-10-17T05:55:46.216Z","2025-10-17T05:55:46.216Z"
"iscogroup","68f1da4f90ad734984f7c76c","68f1da4f90ad734984f7c773","iscogroup","2025-10-17T05:55:46.216Z","2025-10-17T05:55:46.216Z"
"iscogroup","68f1da4f90ad734984f7c773","68f1da4f90ad734984f7c774","iscogroup","2025-10-17T05:55:46.216Z","2025-10-17T05:55:46.216Z"
"iscogroup","68f1da4f90ad734984f7c773","68f1da4f90ad734984f7c775","iscogroup","2025-10-17T05:55:46.216Z","2025-10-17T05:55:46.216Z"
"iscogroup","68f1da4f90ad734984f7c76c","68f1da4f90ad734984f7c776","iscogroup","2025-10-17T05:55:46.216Z","2025-10-17T05:55:46.216Z"
"iscogroup","68f1da4f90ad734984f7c776","68f1da4f90ad734984f7c777","iscogroup","2025-10-17T05:55:46.217Z","2025-10-17T05:55:46.217Z"
"iscogroup","68f1da4f90ad734984f7c776","68f1da4f90ad734984f7c778","iscogroup","2025-10-17T05:55:46.217Z","2025-10-17T05:55:46.217Z"
"iscogroup","68f1da4f90ad734984f7c76c","68f1da4f90ad734984f7c779","iscogroup","2025-10-17T05:55:46.217Z","2025-10-17T05:55:46.217Z"
"iscogroup","68f1da4f90ad734984f7c760","68f1da4f90ad734984f7c77a","iscogroup","2025-10-17T05:55:46.215Z","2025-10-17T05:55:46.215Z"
"iscogroup","68f1da4f90ad734984f7c760","68f1da4f90ad734984f7c77b","iscogroup","2025-10-17T05:55:46.215Z","2025-10-17T05:55:46.215Z"
"iscogroup","68f1da4f90ad734984f7c75a","68f1da4f90ad734984f7c77c","iscogroup","2025-10-17T05:55:46.215Z","2025-10-17T05:55:46.215Z"
"iscogroup","68f1da4f90ad734984f7c77c","68f1da4f90ad734984f7c77d","iscogroup","2025-10-17T05:55:46.215Z","2025-10-17T05:55:46.215Z"
"iscogroup","68f1da4f90ad734984f7c77d","68f1da4f90ad734984f7c77e","iscogroup","2025-10-17T05:55:46.215Z","2025-10-17T05:55:46.215Z"
"iscogroup","68f1da4f90ad734984f7c77d","68f1da4f90ad734984f7c77f","iscogroup","2025-10-17T05:55:46.215Z","2025-10-17T05:55:46.215Z"
"iscogroup","68f1da4f90ad734984f7c77d","68f1da4f90ad734984f7c780","iscogroup","2025-10-17T05:55:46.215Z","2025-10-17T05:55:46.215Z"
"iscogroup","68f1da4f90ad734984f7c77d","68f1da4f90ad734984f7c781","iscogroup","2025-10-17T05:55:46.215Z","2025-10-17T05:55:46.215Z"
"iscogroup","68f1da4f90ad734984f7c77c","68f1da4f90ad734984f7c782","iscogroup","2025-10-17T05:55:46.215Z","2025-10-17T05:55:46.215Z"
"iscogroup","68f1da4f90ad734984f7c782","68f1da4f90ad734984f7c783","iscogroup","2025-10-17T05:55:46.215Z","2025-10-17T05:55:46.215Z"
"iscogroup","68f1da4f90ad734984f7c782","68f1da4f90ad734984f7c784","iscogroup","2025-10-17T05:55:46.215Z","2025-10-17T05:55:46.215Z"
"iscogroup","68f1da4f90ad734984f7c782","68f1da4f90ad734984f7c785","iscogroup","2025-10-17T05:55:46.215Z","2025-10-17T05:55:46.215Z"
"iscogroup","68f1da4f90ad734984f7c782","68f1da4f90ad734984f7c786","iscogroup","2025-10-17T05:55:46.215Z","2025-10-17T05:55:46.215Z"
"iscogroup","68f1da4f90ad734984f7c782","68f1da4f90ad734984f7c787","iscogroup","2025-10-17T05:55:46.215Z","2025-10-17T05:55:46.215Z"
"iscogroup","68f1da4f90ad734984f7c782","68f1da4f90ad734984f7c788","iscogroup","2025-10-17T05:55:46.215Z","2025-10-17T05:55:46.215Z"
"iscogroup","68f1da4f90ad734984f7c782","68f1da4f90ad734984f7c789","iscogroup","2025-10-17T05:55:46.215Z","2025-10-17T05:55:46.215Z"
"iscogroup","68f1da4f90ad734984f7c782","68f1da4f90ad734984f7c78a","iscogroup","2025-10-17T05:55:46.215Z","2025-10-17T05:55:46.215Z"
"iscogroup","68f1da4f90ad734984f7c75a","68f1da4f90ad734984f7c78b","iscogroup","2025-10-17T05:55:46.215Z","2025-10-17T05:55:46.215Z"
"iscogroup","68f1da4f90ad734984f7c78b","68f1da4f90ad734984f7c78c","iscogroup","2025-10-17T05:55:46.216Z","2025-10-17T05:55:46.216Z"
"iscogroup","68f1da4f90ad734984f7c78c","68f1da4f90ad734984f7c78d","iscogroup","2025-10-17T05:55:46.216Z","2025-10-17T05:55:46.216Z"
"iscogroup","68f1da4f90ad734984f7c78c","68f1da4f90ad734984f7c78e","iscogroup","2025-10-17T05:55:46.216Z","2025-10-17T05:55:46.216Z"
"iscogroup","68f1da4f90ad734984f7c78c","68f1da4f90ad734984f7c78f","iscogroup","2025-10-17T05:55:46.216Z","2025-10-17T05:55:46.216Z"
"iscogroup","68f1da4f90ad734984f7c78b","68f1da4f90ad734984f7c790","iscogroup","2025-10-17T05:55:46.216Z","2025-10-17T05:55:46.216Z"
"iscogroup","68f1da4f90ad734984f7c790","68f1da4f90ad734984f7c791","iscogroup","2025-10-17T05:55:46.216Z","2025-10-17T05:55:46.216Z"
"iscogroup","68f1da4f90ad734984f7c790","68f1da4f90ad734984f7c792","iscogroup","2025-10-17T05:55:46.216Z","2025-10-17T05:55:46.216Z"
"iscogroup","68f1da4f90ad734984f7c779","68f1da4f90ad734984f7c793","iscogroup","2025-10-17T05:55:46.217Z","2025-10-17T05:55:46.217Z"
"iscogroup","68f1da4f90ad734984f7c779","68f1da4f90ad734984f7c794","iscogroup","2025-10-17T05:55:46.217Z","2025-10-17T05:55:46.217Z"
"iscogroup","68f1da4f90ad734984f7c779","68f1da4f90ad734984f7c795","iscogroup","2025-10-17T05:55:46.217Z","2025-10-17T05:55:46.217Z"
"iscogroup","68f1da4f90ad734984f7c76c","68f1da4f90ad734984f7c796","iscogroup","2025-10-17T05:55:46.217Z","2025-10-17T05:55:46.217Z"
"iscogroup","68f1da4f90ad734984f7c796","68f1da4f90ad734984f7c797","iscogroup","2025-10-17T05:55:46.217Z","2025-10-17T05:55:46.217Z"
"iscogroup","68f1da4f90ad734984f7c796","68f1da4f90ad734984f7c798","iscogroup","2025-10-17T05:55:46.217Z","2025-10-17T05:55:46.217Z"
"iscogroup","68f1da4f90ad734984f7c796","68f1da4f90ad734984f7c799","iscogroup","2025-10-17T05:55:46.217Z","2025-10-17T05:55:46.217Z"
"iscogroup","68f1da4f90ad734984f7c796","68f1da4f90ad734984f7c79a","iscogroup","2025-10-17T05:55:46.217Z","2025-10-17T05:55:46.217Z"
"iscogroup","68f1da4f90ad734984f7c796","68f1da4f90ad734984f7c79b","iscogroup","2025-10-17T05:55:46.217Z","2025-10-17T05:55:46.217Z"
"iscogroup","68f1da4f90ad734984f7c796","68f1da4f90ad734984f7c79c","iscogroup","2025-10-17T05:55:46.217Z","2025-10-17T05:55:46.217Z"
"iscogroup","68f1da4f90ad734984f7c76b","68f1da4f90ad734984f7c79d","iscogroup","2025-10-17T05:55:46.217Z","2025-10-17T05:55:46.217Z"
"iscogroup","68f1da4f90ad734984f7c79d","68f1da4f90ad734984f7c79e","iscogroup","2025-10-17T05:55:46.217Z","2025-10-17T05:55:46.217Z"
"iscogroup","68f1da4f90ad734984f7c79e","68f1da4f90ad734984f7c79f","iscogroup","2025-10-17T05:55:46.217Z","2025-10-17T05:55:46.217Z"
"iscogroup","68f1da4f90ad734984f7c79e","68f1da4f90ad734984f7c7a0","iscogroup","2025-10-17T05:55:46.229Z","2025-10-17T05:55:46.229Z"
"iscogroup","68f1da4f90ad734984f7c79d","68f1da4f90ad734984f7c7a1","iscogroup","2025-10-17T05:55:46.229Z","2025-10-17T05:55:46.229Z"
"iscogroup","68f1da4f90ad734984f7c7a1","68f1da4f90ad734984f7c7a2","iscogroup","2025-10-17T05:55:46.229Z","2025-10-17T05:55:46.229Z"
"iscogroup","68f1da4f90ad734984f7c7a1","68f1da4f90ad734984f7c7a3","iscogroup","2025-10-17T05:55:46.229Z","2025-10-17T05:55:46.229Z"
"iscogroup","68f1da4f90ad734984f7c7a1","68f1da4f90ad734984f7c7a4","iscogroup","2025-10-17T05:55:46.230Z","2025-10-17T05:55:46.230Z"
"iscogroup","68f1da4f90ad734984f7c79d","68f1da4f90ad734984f7c7a5","iscogroup","2025-10-17T05:55:46.230Z","2025-10-17T05:55:46.230Z"
"iscogroup","68f1da4f90ad734984f7c7a5","68f1da4f90ad734984f7c7a6","iscogroup","2025-10-17T05:55:46.230Z","2025-10-17T05:55:46.230Z"
"iscogroup","68f1da4f90ad734984f7c79d","68f1da4f90ad734984f7c7a7","iscogroup","2025-10-17T05:55:46.230Z","2025-10-17T05:55:46.230Z"
"iscogroup","68f1da4f90ad734984f7c7a7","68f1da4f90ad734984f7c7a8","iscogroup","2025-10-17T05:55:46.230Z","2025-10-17T05:55:46.230Z"
"iscogroup","68f1da4f90ad734984f7c7a7","68f1da4f90ad734984f7c7a9","iscogroup","2025-10-17T05:55:46.230Z","2025-10-17T05:55:46.230Z"
"iscogroup","68f1da4f90ad734984f7c7a7","68f1da4f90ad734984f7c7aa","iscogroup","2025-10-17T05:55:46.230Z","2025-10-17T05:55:46.230Z"
"iscogroup","68f1da4f90ad734984f7c7a7","68f1da4f90ad734984f7c7ab","iscogroup","2025-10-17T05:55:46.230Z","2025-10-17T05:55:46.230Z"
"iscogroup","68f1da4f90ad734984f7c7a7","68f1da4f90ad734984f7c7ac","iscogroup","2025-10-17T05:55:46.230Z","2025-10-17T05:55:46.230Z"
"iscogroup","68f1da4f90ad734984f7c7a7","68f1da4f90ad734984f7c7ad","iscogroup","2025-10-17T05:55:46.230Z","2025-10-17T05:55:46.230Z"
"iscogroup","68f1da4f90ad734984f7c7a7","68f1da4f90ad734984f7c7ae","iscogroup","2025-10-17T05:55:46.230Z","2025-10-17T05:55:46.230Z"
"iscogroup","68f1da4f90ad734984f7c76b","68f1da4f90ad734984f7c7af","iscogroup","2025-10-17T05:55:46.230Z","2025-10-17T05:55:46.230Z"
"iscogroup","68f1da4f90ad734984f7c7af","68f1da4f90ad734984f7c7b0","iscogroup","2025-10-17T05:55:46.230Z","2025-10-17T05:55:46.230Z"
"iscogroup","68f1da4f90ad734984f7c7b0","68f1da4f90ad734984f7c7b1","iscogroup","2025-10-17T05:55:46.230Z","2025-10-17T05:55:46.230Z"
"iscogroup","68f1da4f90ad734984f7c7b0","68f1da4f90ad734984f7c7b2","iscogroup","2025-10-17T05:55:46.230Z","2025-10-17T05:55:46.230Z"
"iscogroup","68f1da4f90ad734984f7c7af","68f1da4f90ad734984f7c7b3","iscogroup","2025-10-17T05:55:46.230Z","2025-10-17T05:55:46.230Z"
"iscogroup","68f1da4f90ad734984f7c7b3","68f1da4f90ad734984f7c7b4","iscogroup","2025-10-17T05:55:46.230Z","2025-10-17T05:55:46.230Z"
"iscogroup","68f1da4f90ad734984f7c7b3","68f1da4f90ad734984f7c7b5","iscogroup","2025-10-17T05:55:46.230Z","2025-10-17T05:55:46.230Z"
"iscogroup","68f1da4f90ad734984f7c7b3","68f1da4f90ad734984f7c7b6","iscogroup","2025-10-17T05:55:46.230Z","2025-10-17T05:55:46.230Z"
"iscogroup","68f1da4f90ad734984f7c76b","68f1da4f90ad734984f7c7b7","iscogroup","2025-10-17T05:55:46.230Z","2025-10-17T05:55:46.230Z"
"iscogroup","68f1da4f90ad734984f7c7b7","68f1da4f90ad734984f7c7b8","iscogroup","2025-10-17T05:55:46.230Z","2025-10-17T05:55:46.230Z"
"iscogroup","68f1da4f90ad734984f7c7b8","68f1da4f90ad734984f7c7b9","iscogroup","2025-10-17T05:55:46.230Z","2025-10-17T05:55:46.230Z"
"iscogroup","68f1da4f90ad734984f7c7b8","68f1da4f90ad734984f7c7ba","iscogroup","2025-10-17T05:55:46.230Z","2025-10-17T05:55:46.230Z"
"iscogroup","68f1da4f90ad734984f7c7b8","68f1da4f90ad734984f7c7bb","iscogroup","2025-10-17T05:55:46.230Z","2025-10-17T05:55:46.230Z"
"iscogroup","68f1da4f90ad734984f7c7b8","68f1da4f90ad734984f7c7bc","iscogroup","2025-10-17T05:55:46.230Z","2025-10-17T05:55:46.230Z"
"iscogroup","68f1da4f90ad734984f7c7b8","68f1da4f90ad734984f7c7bd","iscogroup","2025-10-17T05:55:46.230Z","2025-10-17T05:55:46.230Z"
"iscogroup","68f1da4f90ad734984f7c7be","68f1da4f90ad734984f7c7bf","iscogroup","2025-10-17T05:55:46.230Z","2025-10-17T05:55:46.230Z"
"iscogroup","68f1da4f90ad734984f7c7bf","68f1da4f90ad734984f7c7c0","iscogroup","2025-10-17T05:55:46.230Z","2025-10-17T05:55:46.230Z"
"iscogroup","68f1da4f90ad734984f7c7c0","68f1da4f90ad734984f7c7c1","iscogroup","2025-10-17T05:55:46.230Z","2025-10-17T05:55:46.230Z"
"iscogroup","68f1da4f90ad734984f7c7c0","68f1da4f90ad734984f7c7c2","iscogroup","2025-10-17T05:55:46.231Z","2025-10-17T05:55:46.231Z"
"iscogroup","68f1da4f90ad734984f7c7c0","68f1da4f90ad734984f7c7c3","iscogroup","2025-10-17T05:55:46.231Z","2025-10-17T05:55:46.231Z"
"iscogroup","68f1da4f90ad734984f7c7c0","68f1da4f90ad734984f7c7c4","iscogroup","2025-10-17T05:55:46.231Z","2025-10-17T05:55:46.231Z"
"iscogroup","68f1da4f90ad734984f7c7bf","68f1da4f90ad734984f7c7c5","iscogroup","2025-10-17T05:55:46.231Z","2025-10-17T05:55:46.231Z"
"iscogroup","68f1da4f90ad734984f7c7c5","68f1da4f90ad734984f7c7c6","iscogroup","2025-10-17T05:55:46.231Z","2025-10-17T05:55:46.231Z"
"iscogroup","68f1da4f90ad734984f7c7c5","68f1da4f90ad734984f7c7c7","iscogroup","2025-10-17T05:55:46.231Z","2025-10-17T05:55:46.231Z"
"iscogroup","68f1da4f90ad734984f7c7c5","68f1da4f90ad734984f7c7c8","iscogroup","2025-10-17T05:55:46.231Z","2025-10-17T05:55:46.231Z"
"iscogroup","68f1da4f90ad734984f7c7c5","68f1da4f90ad734984f7c7c9","iscogroup","2025-10-17T05:55:46.231Z","2025-10-17T05:55:46.231Z"
"iscogroup","68f1da4f90ad734984f7c7bf","68f1da4f90ad734984f7c7ca","iscogroup","2025-10-17T05:55:46.231Z","2025-10-17T05:55:46.231Z"
"iscogroup","68f1da4f90ad734984f7c7ca","68f1da4f90ad734984f7c7cb","iscogroup","2025-10-17T05:55:46.231Z","2025-10-17T05:55:46.231Z"
"iscogroup","68f1da4f90ad734984f7c7be","68f1da4f90ad734984f7c7cc","iscogroup","2025-10-17T05:55:46.231Z","2025-10-17T05:55:46.231Z"
"iscogroup","68f1da4f90ad734984f7c7cc","68f1da4f90ad734984f7c7cd","iscogroup","2025-10-17T05:55:46.231Z","2025-10-17T05:55:46.231Z"
"iscogroup","68f1da4f90ad734984f7c7cd","68f1da4f90ad734984f7c7ce","iscogroup","2025-10-17T05:55:46.231Z","2025-10-17T05:55:46.231Z"
"iscogroup","68f1da4f90ad734984f7c7cc","68f1da4f90ad734984f7c7cf","iscogroup","2025-10-17T05:55:46.231Z","2025-10-17T05:55:46.231Z"
"iscogroup","68f1da4f90ad734984f7c7cf","68f1da4f90ad734984f7c7d0","iscogroup","2025-10-17T05:55:46.231Z","2025-10-17T05:55:46.231Z"
"iscogroup","68f1da4f90ad734984f7c7cf","68f1da4f90ad734984f7c7d1","iscogroup","2025-10-17T05:55:46.231Z","2025-10-17T05:55:46.231Z"
"iscogroup","68f1da4f90ad734984f7c7cf","68f1da4f90ad734984f7c7d2","iscogroup","2025-10-17T05:55:46.231Z","2025-10-17T05:55:46.231Z"
"iscogroup","68f1da4f90ad734984f7c7cf","68f1da4f90ad734984f7c7d3","iscogroup","2025-10-17T05:55:46.231Z","2025-10-17T05:55:46.231Z"
"iscogroup","68f1da4f90ad734984f7c7be","68f1da4f90ad734984f7c7d4","iscogroup","2025-10-17T05:55:46.231Z","2025-10-17T05:55:46.231Z"
"iscogroup","68f1da4f90ad734984f7c7d4","68f1da4f90ad734984f7c7d5","iscogroup","2025-10-17T05:55:46.231Z","2025-10-17T05:55:46.231Z"
"iscogroup","68f1da4f90ad734984f7c7d5","68f1da4f90ad734984f7c7d6","iscogroup","2025-10-17T05:55:46.231Z","2025-10-17T05:55:46.231Z"
"iscogroup","68f1da4f90ad734984f7c7d4","68f1da4f90ad734984f7c7d7","iscogroup","2025-10-17T05:55:46.231Z","2025-10-17T05:55:46.231Z"
"iscogroup","68f1da4f90ad734984f7c7d7","68f1da4f90ad734984f7c7d8","iscogroup","2025-10-17T05:55:46.231Z","2025-10-17T05:55:46.231Z"
"iscogroup","68f1da4f90ad734984f7c7d4","68f1da4f90ad734984f7c7d9","iscogroup","2025-10-17T05:55:46.231Z","2025-10-17T05:55:46.231Z"
"iscogroup","68f1da4f90ad734984f7c7d9","68f1da4f90ad734984f7c7da","iscogroup","2025-10-17T05:55:46.231Z","2025-10-17T05:55:46.231Z"
"iscogroup","68f1da4f90ad734984f7c7d4","68f1da4f90ad734984f7c7db","iscogroup","2025-10-17T05:55:46.231Z","2025-10-17T05:55:46.231Z"
"iscogroup","68f1da4f90ad734984f7c7db","68f1da4f90ad734984f7c7dc","iscogroup","2025-10-17T05:55:46.231Z","2025-10-17T05:55:46.231Z"
"iscogroup","68f1da4f90ad734984f7c7dd","68f1da4f90ad734984f7c7de","iscogroup","2025-10-17T05:55:46.231Z","2025-10-17T05:55:46.231Z"
"iscogroup","68f1da4f90ad734984f7c7de","68f1da4f90ad734984f7c7df","iscogroup","2025-10-17T05:55:46.231Z","2025-10-17T05:55:46.231Z"
"iscogroup","68f1da4f90ad734984f7c7df","68f1da4f90ad734984f7c7e0","iscogroup","2025-10-17T05:55:46.232Z","2025-10-17T05:55:46.232Z"
"iscogroup","68f1da4f90ad734984f7c7df","68f1da4f90ad734984f7c7e1","iscogroup","2025-10-17T05:55:46.232Z","2025-10-17T05:55:46.232Z"
"iscogroup","68f1da4f90ad734984f7c7df","68f1da4f90ad734984f7c7e2","iscogroup","2025-10-17T05:55:46.232Z","2025-10-17T05:55:46.232Z"
"iscogroup","68f1da4f90ad734984f7c7df","68f1da4f90ad734984f7c7e3","iscogroup","2025-10-17T05:55:46.232Z","2025-10-17T05:55:46.232Z"
"iscogroup","68f1da4f90ad734984f7c7df","68f1da4f90ad734984f7c7e4","iscogroup","2025-10-17T05:55:46.232Z","2025-10-17T05:55:46.232Z"
"iscogroup","68f1da4f90ad734984f7c7df","68f1da4f90ad734984f7c7e5","iscogroup","2025-10-17T05:55:46.232Z","2025-10-17T05:55:46.232Z"
"iscogroup","68f1da4f90ad734984f7c7de","68f1da4f90ad734984f7c7e6","iscogroup","2025-10-17T05:55:46.232Z","2025-10-17T05:55:46.232Z"
"iscogroup","68f1da4f90ad734984f7c7e6","68f1da4f90ad734984f7c7e7","iscogroup","2025-10-17T05:55:46.232Z","2025-10-17T05:55:46.232Z"
"iscogroup","68f1da4f90ad734984f7c7e6","68f1da4f90ad734984f7c7e8","iscogroup","2025-10-17T05:55:46.232Z","2025-10-17T05:55:46.232Z"
"iscogroup","68f1da4f90ad734984f7c7e6","68f1da4f90ad734984f7c7e9","iscogroup","2025-10-17T05:55:46.232Z","2025-10-17T05:55:46.232Z"
"iscogroup","68f1da4f90ad734984f7c7e6","68f1da4f90ad734984f7c7ea","iscogroup","2025-10-17T05:55:46.232Z","2025-10-17T05:55:46.232Z"
"iscogroup","68f1da4f90ad734984f7c7e6","68f1da4f90ad734984f7c7eb","iscogroup","2025-10-17T05:55:46.232Z","2025-10-17T05:55:46.232Z"
"iscogroup","68f1da4f90ad734984f7c7e6","68f1da4f90ad734984f7c7ec","iscogroup","2025-10-17T05:55:46.232Z","2025-10-17T05:55:46.232Z"
"iscogroup","68f1da4f90ad734984f7c7e6","68f1da4f90ad734984f7c7ed","iscogroup","2025-10-17T05:55:46.232Z","2025-10-17T05:55:46.232Z"
"iscogroup","68f1da4f90ad734984f7c7de","68f1da4f90ad734984f7c7ee","iscogroup","2025-10-17T05:55:46.232Z","2025-10-17T05:55:46.232Z"
"iscogroup","68f1da4f90ad734984f7c7ee","68f1da4f90ad734984f7c7ef","iscogroup","2025-10-17T05:55:46.232Z","2025-10-17T05:55:46.232Z"
"iscogroup","68f1da4f90ad734984f7c7ee","68f1da4f90ad734984f7c7f0","iscogroup","2025-10-17T05:55:46.232Z","2025-10-17T05:55:46.232Z"
"iscogroup","68f1da4f90ad734984f7c7ee","68f1da4f90ad734984f7c7f1","iscogroup","2025-10-17T05:55:46.232Z","2025-10-17T05:55:46.232Z"
"iscogroup","68f1da4f90ad734984f7c7dd","68f1da4f90ad734984f7c7f2","iscogroup","2025-10-17T05:55:46.232Z","2025-10-17T05:55:46.232Z"
"iscogroup","68f1da4f90ad734984f7c7f2","68f1da4f90ad734984f7c7f3","iscogroup","2025-10-17T05:55:46.232Z","2025-10-17T05:55:46.232Z"
"iscogroup","68f1da4f90ad734984f7c7f3","68f1da4f90ad734984f7c7f4","iscogroup","2025-10-17T05:55:46.232Z","2025-10-17T05:55:46.232Z"
"iscogroup","68f1da4f90ad734984f7c7f3","68f1da4f90ad734984f7c7f5","iscogroup","2025-10-17T05:55:46.232Z","2025-10-17T05:55:46.232Z"
"iscogroup","68f1da4f90ad734984f7c7f3","68f1da4f90ad734984f7c7f6","iscogroup","2025-10-17T05:55:46.232Z","2025-10-17T05:55:46.232Z"
"iscogroup","68f1da4f90ad734984f7c859","68f1da4f90ad734984f7c7f7","iscogroup","2025-10-17T05:55:46.233Z","2025-10-17T05:55:46.233Z"
"iscogroup","68f1da4f90ad734984f7c859","68f1da4f90ad734984f7c7f8","iscogroup","2025-10-17T05:55:46.249Z","2025-10-17T05:55:46.249Z"
"iscogroup","68f1da4f90ad734984f7c7dd","68f1da4f90ad734984f7c7f9","iscogroup","2025-10-17T05:55:46.250Z","2025-10-17T05:55:46.250Z"
"iscogroup","68f1da4f90ad734984f7c7f9","68f1da4f90ad734984f7c7fa","iscogroup","2025-10-17T05:55:46.250Z","2025-10-17T05:55:46.250Z"
"iscogroup","68f1da4f90ad734984f7c7fa","68f1da4f90ad734984f7c7fb","iscogroup","2025-10-17T05:55:46.250Z","2025-10-17T05:55:46.250Z"
"iscogroup","68f1da4f90ad734984f7c7fa","68f1da4f90ad734984f7c7fc","iscogroup","2025-10-17T05:55:46.250Z","2025-10-17T05:55:46.250Z"
"iscogroup","68f1da4f90ad734984f7c7fa","68f1da4f90ad734984f7c7fd","iscogroup","2025-10-17T05:55:46.250Z","2025-10-17T05:55:46.250Z"
"iscogroup","68f1da4f90ad734984f7c7f9","68f1da4f90ad734984f7c7fe","iscogroup","2025-10-17T05:55:46.250Z","2025-10-17T05:55:46.250Z"
"iscogroup","68f1da4f90ad734984f7c7fe","68f1da4f90ad734984f7c7ff","iscogroup","2025-10-17T05:55:46.250Z","2025-10-17T05:55:46.250Z"
"iscogroup","68f1da4f90ad734984f7c7fe","68f1da4f90ad734984f7c800","iscogroup","2025-10-17T05:55:46.250Z","2025-10-17T05:55:46.250Z"
"iscogroup","68f1da4f90ad734984f7c7dd","68f1da4f90ad734984f7c801","iscogroup","2025-10-17T05:55:46.250Z","2025-10-17T05:55:46.250Z"
"iscogroup","68f1da4f90ad734984f7c801","68f1da4f90ad734984f7c802","iscogroup","2025-10-17T05:55:46.250Z","2025-10-17T05:55:46.250Z"
"iscogroup","68f1da4f90ad734984f7c802","68f1da4f90ad734984f7c803","iscogroup","2025-10-17T05:55:46.250Z","2025-10-17T05:55:46.250Z"
"iscogroup","68f1da4f90ad734984f7c802","68f1da4f90ad734984f7c804","iscogroup","2025-10-17T05:55:46.250Z","2025-10-17T05:55:46.250Z"
"iscogroup","68f1da4f90ad734984f7c802","68f1da4f90ad734984f7c805","iscogroup","2025-10-17T05:55:46.250Z","2025-10-17T05:55:46.250Z"
"iscogroup","68f1da4f90ad734984f7c802","68f1da4f90ad734984f7c806","iscogroup","2025-10-17T05:55:46.250Z","2025-10-17T05:55:46.250Z"
"iscogroup","68f1da4f90ad734984f7c802","68f1da4f90ad734984f7c807","iscogroup","2025-10-17T05:55:46.250Z","2025-10-17T05:55:46.250Z"
"iscogroup","68f1da4f90ad734984f7c802","68f1da4f90ad734984f7c808","iscogroup","2025-10-17T05:55:46.250Z","2025-10-17T05:55:46.250Z"
"iscogroup","68f1da4f90ad734984f7c801","68f1da4f90ad734984f7c809","iscogroup","2025-10-17T05:55:46.250Z","2025-10-17T05:55:46.250Z"
"iscogroup","68f1da4f90ad734984f7c809","68f1da4f90ad734984f7c80a","iscogroup","2025-10-17T05:55:46.250Z","2025-10-17T05:55:46.250Z"
"iscogroup","68f1da4f90ad734984f7c809","68f1da4f90ad734984f7c80b","iscogroup","2025-10-17T05:55:46.250Z","2025-10-17T05:55:46.250Z"
"iscogroup","68f1da4f90ad734984f7c809","68f1da4f90ad734984f7c80c","iscogroup","2025-10-17T05:55:46.250Z","2025-10-17T05:55:46.250Z"
"iscogroup","68f1da4f90ad734984f7c801","68f1da4f90ad734984f7c80d","iscogroup","2025-10-17T05:55:46.250Z","2025-10-17T05:55:46.250Z"
"iscogroup","68f1da4f90ad734984f7c80d","68f1da4f90ad734984f7c80e","iscogroup","2025-10-17T05:55:46.250Z","2025-10-17T05:55:46.250Z"
"iscogroup","68f1da4f90ad734984f7c80d","68f1da4f90ad734984f7c80f","iscogroup","2025-10-17T05:55:46.250Z","2025-10-17T05:55:46.250Z"
"iscogroup","68f1da4f90ad734984f7c840","68f1da4f90ad734984f7c810","iscogroup","2025-10-17T05:55:46.251Z","2025-10-17T05:55:46.251Z"
"iscogroup","68f1da4f90ad734984f7c840","68f1da4f90ad734984f7c811","iscogroup","2025-10-17T05:55:46.251Z","2025-10-17T05:55:46.251Z"
"iscogroup","68f1da4f90ad734984f7c834","68f1da4f90ad734984f7c812","iscogroup","2025-10-17T05:55:46.251Z","2025-10-17T05:55:46.251Z"
"iscogroup","68f1da4f90ad734984f7c812","68f1da4f90ad734984f7c813","iscogroup","2025-10-17T05:55:46.251Z","2025-10-17T05:55:46.251Z"
"iscogroup","68f1da4f90ad734984f7c812","68f1da4f90ad734984f7c814","iscogroup","2025-10-17T05:55:46.251Z","2025-10-17T05:55:46.251Z"
"iscogroup","68f1da4f90ad734984f7c812","68f1da4f90ad734984f7c815","iscogroup","2025-10-17T05:55:46.251Z","2025-10-17T05:55:46.251Z"
"iscogroup","68f1da4f90ad734984f7c812","68f1da4f90ad734984f7c816","iscogroup","2025-10-17T05:55:46.251Z","2025-10-17T05:55:46.251Z"
"iscogroup","68f1da4f90ad734984f7c812","68f1da4f90ad734984f7c817","iscogroup","2025-10-17T05:55:46.252Z","2025-10-17T05:55:46.252Z"
"iscogroup","68f1da4f90ad734984f7c812","68f1da4f90ad734984f7c818","iscogroup","2025-10-17T05:55:46.252Z","2025-10-17T05:55:46.252Z"
"iscogroup","68f1da4f90ad734984f7c812","68f1da4f90ad734984f7c819","iscogroup","2025-10-17T05:55:46.252Z","2025-10-17T05:55:46.252Z"
"iscogroup","68f1da4f90ad734984f7c812","68f1da4f90ad734984f7c81a","iscogroup","2025-10-17T05:55:46.252Z","2025-10-17T05:55:46.252Z"
"iscogroup","68f1da4f90ad734984f7c834","68f1da4f90ad734984f7c81b","iscogroup","2025-10-17T05:55:46.252Z","2025-10-17T05:55:46.252Z"
"iscogroup","68f1da4f90ad734984f7c81b","68f1da4f90ad734984f7c81c","iscogroup","2025-10-17T05:55:46.252Z","2025-10-17T05:55:46.252Z"
"iscogroup","68f1da4f90ad734984f7c834","68f1da4f90ad734984f7c81d","iscogroup","2025-10-17T05:55:46.252Z","2025-10-17T05:55:46.252Z"
"iscogroup","68f1da4f90ad734984f7c81d","68f1da4f90ad734984f7c81e","iscogroup","2025-10-17T05:55:46.252Z","2025-10-17T05:55:46.252Z"
"iscogroup","68f1da4f90ad734984f7c81d","68f1da4f90ad734984f7c81f","iscogroup","2025-10-17T05:55:46.252Z","2025-10-17T05:55:46.252Z"
"iscogroup","68f1da4f90ad734984f7c834","68f1da4f90ad734984f7c820","iscogroup","2025-10-17T05:55:46.252Z","2025-10-17T05:55:46.252Z"
"iscogroup","68f1da4f90ad734984f7c820","68f1da4f90ad734984f7c821","iscogroup","2025-10-17T05:55:46.252Z","2025-10-17T05:55:46.252Z"
"iscogroup","68f1da4f90ad734984f7c820","68f1da4f90ad734984f7c822","iscogroup","2025-10-17T05:55:46.252Z","2025-10-17T05:55:46.252Z"
"iscogroup","68f1da4f90ad734984f7c820","68f1da4f90ad734984f7c823","iscogroup","2025-10-17T05:55:46.252Z","2025-10-17T05:55:46.252Z"
"iscogroup","68f1da4f90ad734984f7c820","68f1da4f90ad734984f7c824","iscogroup","2025-10-17T05:55:46.252Z","2025-10-17T05:55:46.252Z"
"iscogroup","68f1da4f90ad734984f7c833","68f1da4f90ad734984f7c825","iscogroup","2025-10-17T05:55:46.252Z","2025-10-17T05:55:46.252Z"
"iscogroup","68f1da4f90ad734984f7c825","68f1da4f90ad734984f7c826","iscogroup","2025-10-17T05:55:46.252Z","2025-10-17T05:55:46.252Z"
"iscogroup","68f1da4f90ad734984f7c826","68f1da4f90ad734984f7c827","iscogroup","2025-10-17T05:55:46.252Z","2025-10-17T05:55:46.252Z"
"iscogroup","68f1da4f90ad734984f7c826","68f1da4f90ad734984f7c828","iscogroup","2025-10-17T05:55:46.252Z","2025-10-17T05:55:46.252Z"
"iscogroup","68f1da4f90ad734984f7c80d","68f1da4f90ad734984f7c829","iscogroup","2025-10-17T05:55:46.250Z","2025-10-17T05:55:46.250Z"
"iscogroup","68f1da4f90ad734984f7c80d","68f1da4f90ad734984f7c82a","iscogroup","2025-10-17T05:55:46.250Z","2025-10-17T05:55:46.250Z"
"iscogroup","68f1da4f90ad734984f7c80d","68f1da4f90ad734984f7c82b","iscogroup","2025-10-17T05:55:46.250Z","2025-10-17T05:55:46.250Z"
"iscogroup","68f1da4f90ad734984f7c80d","68f1da4f90ad734984f7c82c","iscogroup","2025-10-17T05:55:46.250Z","2025-10-17T05:55:46.250Z"
"iscogroup","68f1da4f90ad734984f7c801","68f1da4f90ad734984f7c82d","iscogroup","2025-10-17T05:55:46.251Z","2025-10-17T05:55:46.251Z"
"iscogroup","68f1da4f90ad734984f7c82d","68f1da4f90ad734984f7c82e","iscogroup","2025-10-17T05:55:46.251Z","2025-10-17T05:55:46.251Z"
"iscogroup","68f1da4f90ad734984f7c82d","68f1da4f90ad734984f7c82f","iscogroup","2025-10-17T05:55:46.251Z","2025-10-17T05:55:46.251Z"
"iscogroup","68f1da4f90ad734984f7c82d","68f1da4f90ad734984f7c830","iscogroup","2025-10-17T05:55:46.251Z","2025-10-17T05:55:46.251Z"
"iscogroup","68f1da4f90ad734984f7c82d","68f1da4f90ad734984f7c831","iscogroup","2025-10-17T05:55:46.251Z","2025-10-17T05:55:46.251Z"
"iscogroup","68f1da4f90ad734984f7c82d","68f1da4f90ad734984f7c832","iscogroup","2025-10-17T05:55:46.251Z","2025-10-17T05:55:46.251Z"
"iscogroup","68f1da4f90ad734984f7c833","68f1da4f90ad734984f7c834","iscogroup","2025-10-17T05:55:46.251Z","2025-10-17T05:55:46.251Z"
"iscogroup","68f1da4f90ad734984f7c834","68f1da4f90ad734984f7c835","iscogroup","2025-10-17T05:55:46.251Z","2025-10-17T05:55:46.251Z"
"iscogroup","68f1da4f90ad734984f7c835","68f1da4f90ad734984f7c836","iscogroup","2025-10-17T05:55:46.251Z","2025-10-17T05:55:46.251Z"
"iscogroup","68f1da4f90ad734984f7c835","68f1da4f90ad734984f7c837","iscogroup","2025-10-17T05:55:46.251Z","2025-10-17T05:55:46.251Z"
"iscogroup","68f1da4f90ad734984f7c835","68f1da4f90ad734984f7c838","iscogroup","2025-10-17T05:55:46.251Z","2025-10-17T05:55:46.251Z"
"iscogroup","68f1da4f90ad734984f7c835","68f1da4f90ad734984f7c839","iscogroup","2025-10-17T05:55:46.251Z","2025-10-17T05:55:46.251Z"
"iscogroup","68f1da4f90ad734984f7c834","68f1da4f90ad734984f7c83a","iscogroup","2025-10-17T05:55:46.251Z","2025-10-17T05:55:46.251Z"
"iscogroup","68f1da4f90ad734984f7c83a","68f1da4f90ad734984f7c83b","iscogroup","2025-10-17T05:55:46.251Z","2025-10-17T05:55:46.251Z"
"iscogroup","68f1da4f90ad734984f7c83a","68f1da4f90ad734984f7c83c","iscogroup","2025-10-17T05:55:46.251Z","2025-10-17T05:55:46.251Z"
"iscogroup","68f1da4f90ad734984f7c834","68f1da4f90ad734984f7c83d","iscogroup","2025-10-17T05:55:46.251Z","2025-10-17T05:55:46.251Z"
"iscogroup","68f1da4f90ad734984f7c83d","68f1da4f90ad734984f7c83e","iscogroup","2025-10-17T05:55:46.251Z","2025-10-17T05:55:46.251Z"
"iscogroup","68f1da4f90ad734984f7c83d","68f1da4f90ad734984f7c83f","iscogroup","2025-10-17T05:55:46.251Z","2025-10-17T05:55:46.251Z"
"iscogroup","68f1da4f90ad734984f7c834","68f1da4f90ad734984f7c840","iscogroup","2025-10-17T05:55:46.251Z","2025-10-17T05:55:46.251Z"
"iscogroup","68f1da4f90ad734984f7c840","68f1da4f90ad734984f7c841","iscogroup","2025-10-17T05:55:46.251Z","2025-10-17T05:55:46.251Z"
"iscogroup","68f1da4f90ad734984f7c7f3","68f1da4f90ad734984f7c842","iscogroup","2025-10-17T05:55:46.232Z","2025-10-17T05:55:46.232Z"
"iscogroup","68f1da4f90ad734984f7c7f3","68f1da4f90ad734984f7c843","iscogroup","2025-10-17T05:55:46.232Z","2025-10-17T05:55:46.232Z"
"iscogroup","68f1da4f90ad734984f7c7f2","68f1da4f90ad734984f7c844","iscogroup","2025-10-17T05:55:46.232Z","2025-10-17T05:55:46.232Z"
"iscogroup","68f1da4f90ad734984f7c844","68f1da4f90ad734984f7c845","iscogroup","2025-10-17T05:55:46.232Z","2025-10-17T05:55:46.232Z"
"iscogroup","68f1da4f90ad734984f7c844","68f1da4f90ad734984f7c846","iscogroup","2025-10-17T05:55:46.232Z","2025-10-17T05:55:46.232Z"
"iscogroup","68f1da4f90ad734984f7c844","68f1da4f90ad734984f7c847","iscogroup","2025-10-17T05:55:46.232Z","2025-10-17T05:55:46.232Z"
"iscogroup","68f1da4f90ad734984f7c844","68f1da4f90ad734984f7c848","iscogroup","2025-10-17T05:55:46.232Z","2025-10-17T05:55:46.232Z"
"iscogroup","68f1da4f90ad734984f7c7f2","68f1da4f90ad734984f7c849","iscogroup","2025-10-17T05:55:46.232Z","2025-10-17T05:55:46.232Z"
"iscogroup","68f1da4f90ad734984f7c849","68f1da4f90ad734984f7c84a","iscogroup","2025-10-17T05:55:46.232Z","2025-10-17T05:55:46.232Z"
"iscogroup","68f1da4f90ad734984f7c849","68f1da4f90ad734984f7c84b","iscogroup","2025-10-17T05:55:46.233Z","2025-10-17T05:55:46.233Z"
"iscogroup","68f1da4f90ad734984f7c849","68f1da4f90ad734984f7c84c","iscogroup","2025-10-17T05:55:46.233Z","2025-10-17T05:55:46.233Z"
"iscogroup","68f1da4f90ad734984f7c849","68f1da4f90ad734984f7c84d","iscogroup","2025-10-17T05:55:46.233Z","2025-10-17T05:55:46.233Z"
"iscogroup","68f1da4f90ad734984f7c7dd","68f1da4f90ad734984f7c84e","iscogroup","2025-10-17T05:55:46.233Z","2025-10-17T05:55:46.233Z"
"iscogroup","68f1da4f90ad734984f7c84e","68f1da4f90ad734984f7c84f","iscogroup","2025-10-17T05:55:46.233Z","2025-10-17T05:55:46.233Z"
"iscogroup","68f1da4f90ad734984f7c84f","68f1da4f90ad734984f7c850","iscogroup","2025-10-17T05:55:46.233Z","2025-10-17T05:55:46.233Z"
"iscogroup","68f1da4f90ad734984f7c84f","68f1da4f90ad734984f7c851","iscogroup","2025-10-17T05:55:46.233Z","2025-10-17T05:55:46.233Z"
"iscogroup","68f1da4f90ad734984f7c84f","68f1da4f90ad734984f7c852","iscogroup","2025-10-17T05:55:46.233Z","2025-10-17T05:55:46.233Z"
"iscogroup","68f1da4f90ad734984f7c84f","68f1da4f90ad734984f7c853","iscogroup","2025-10-17T05:55:46.233Z","2025-10-17T05:55:46.233Z"
"iscogroup","68f1da4f90ad734984f7c84f","68f1da4f90ad734984f7c854","iscogroup","2025-10-17T05:55:46.233Z","2025-10-17T05:55:46.233Z"
"iscogroup","68f1da4f90ad734984f7c84f","68f1da4f90ad734984f7c855","iscogroup","2025-10-17T05:55:46.233Z","2025-10-17T05:55:46.233Z"
"iscogroup","68f1da4f90ad734984f7c84f","68f1da4f90ad734984f7c856","iscogroup","2025-10-17T05:55:46.233Z","2025-10-17T05:55:46.233Z"
"iscogroup","68f1da4f90ad734984f7c84f","68f1da4f90ad734984f7c857","iscogroup","2025-10-17T05:55:46.233Z","2025-10-17T05:55:46.233Z"
"iscogroup","68f1da4f90ad734984f7c84f","68f1da4f90ad734984f7c858","iscogroup","2025-10-17T05:55:46.233Z","2025-10-17T05:55:46.233Z"
"iscogroup","68f1da4f90ad734984f7c84e","68f1da4f90ad734984f7c859","iscogroup","2025-10-17T05:55:46.233Z","2025-10-17T05:55:46.233Z"
"iscogroup","68f1da4f90ad734984f7c859","68f1da4f90ad734984f7c85a","iscogroup","2025-10-17T05:55:46.233Z","2025-10-17T05:55:46.233Z"
"iscogroup","68f1da4f90ad734984f7c826","68f1da4f90ad734984f7c85b","iscogroup","2025-10-17T05:55:46.252Z","2025-10-17T05:55:46.252Z"
"iscogroup","68f1da4f90ad734984f7c833","68f1da4f90ad734984f7c85c","iscogroup","2025-10-17T05:55:46.252Z","2025-10-17T05:55:46.252Z"
"iscogroup","68f1da4f90ad734984f7c85c","68f1da4f90ad734984f7c85d","iscogroup","2025-10-17T05:55:46.252Z","2025-10-17T05:55:46.252Z"
"iscogroup","68f1da4f90ad734984f7c85d","68f1da4f90ad734984f7c85e","iscogroup","2025-10-17T05:55:46.252Z","2025-10-17T05:55:46.252Z"
"iscogroup","68f1da4f90ad734984f7c85d","68f1da4f90ad734984f7c85f","iscogroup","2025-10-17T05:55:46.252Z","2025-10-17T05:55:46.252Z"
"iscogroup","68f1da4f90ad734984f7c85c","68f1da4f90ad734984f7c860","iscogroup","2025-10-17T05:55:46.252Z","2025-10-17T05:55:46.252Z"
"iscogroup","68f1da4f90ad734984f7c860","68f1da4f90ad734984f7c861","iscogroup","2025-10-17T05:55:46.252Z","2025-10-17T05:55:46.252Z"
"iscogroup","68f1da4f90ad734984f7c860","68f1da4f90ad734984f7c862","iscogroup","2025-10-17T05:55:46.252Z","2025-10-17T05:55:46.252Z"
"iscogroup","68f1da4f90ad734984f7c85c","68f1da4f90ad734984f7c863","iscogroup","2025-10-17T05:55:46.252Z","2025-10-17T05:55:46.252Z"
"iscogroup","68f1da4f90ad734984f7c863","68f1da4f90ad734984f7c864","iscogroup","2025-10-17T05:55:46.252Z","2025-10-17T05:55:46.252Z"
"iscogroup","68f1da4f90ad734984f7c863","68f1da4f90ad734984f7c865","iscogroup","2025-10-17T05:55:46.252Z","2025-10-17T05:55:46.252Z"
"iscogroup","68f1da4f90ad734984f7c85c","68f1da4f90ad734984f7c866","iscogroup","2025-10-17T05:55:46.253Z","2025-10-17T05:55:46.253Z"
"iscogroup","68f1da4f90ad734984f7c866","68f1da4f90ad734984f7c867","iscogroup","2025-10-17T05:55:46.253Z","2025-10-17T05:55:46.253Z"
"iscogroup","68f1da4f90ad734984f7c866","68f1da4f90ad734984f7c868","iscogroup","2025-10-17T05:55:46.253Z","2025-10-17T05:55:46.253Z"
"iscogroup","68f1da4f90ad734984f7c866","68f1da4f90ad734984f7c869","iscogroup","2025-10-17T05:55:46.253Z","2025-10-17T05:55:46.253Z"
"iscogroup","68f1da4f90ad734984f7c866","68f1da4f90ad734984f7c86a","iscogroup","2025-10-17T05:55:46.253Z","2025-10-17T05:55:46.253Z"
"iscogroup","68f1da4f90ad734984f7c85c","68f1da4f90ad734984f7c86b","iscogroup","2025-10-17T05:55:46.253Z","2025-10-17T05:55:46.253Z"
"iscogroup","68f1da4f90ad734984f7c86b","68f1da4f90ad734984f7c86c","iscogroup","2025-10-17T05:55:46.253Z","2025-10-17T05:55:46.253Z"
"iscogroup","68f1da4f90ad734984f7c86d","68f1da4f90ad734984f7c86e","iscogroup","2025-10-17T05:55:46.253Z","2025-10-17T05:55:46.253Z"
"iscogroup","68f1da4f90ad734984f7c86e","68f1da4f90ad734984f7c86f","iscogroup","2025-10-17T05:55:46.253Z","2025-10-17T05:55:46.253Z"
"iscogroup","68f1da4f90ad734984f7c86f","68f1da4f90ad734984f7c870","iscogroup","2025-10-17T05:55:46.253Z","2025-10-17T05:55:46.253Z"
"iscogroup","68f1da4f90ad734984f7c86f","68f1da4f90ad734984f7c871","iscogroup","2025-10-17T05:55:46.253Z","2025-10-17T05:55:46.253Z"
"iscogroup","68f1da4f90ad734984f7c86e","68f1da4f90ad734984f7c872","iscogroup","2025-10-17T05:55:46.253Z","2025-10-17T05:55:46.253Z"
"iscogroup","68f1da4f90ad734984f7c872","68f1da4f90ad734984f7c873","iscogroup","2025-10-17T05:55:46.253Z","2025-10-17T05:55:46.253Z"
"iscogroup","68f1da4f90ad734984f7c872","68f1da4f90ad734984f7c874","iscogroup","2025-10-17T05:55:46.253Z","2025-10-17T05:55:46.253Z"
"iscogroup","68f1da4f90ad734984f7c872","68f1da4f90ad734984f7c875","iscogroup","2025-10-17T05:55:46.253Z","2025-10-17T05:55:46.253Z"
"iscogroup","68f1da4f90ad734984f7c872","68f1da4f90ad734984f7c876","iscogroup","2025-10-17T05:55:46.253Z","2025-10-17T05:55:46.253Z"
"iscogroup","68f1da4f90ad734984f7c86d","68f1da4f90ad734984f7c877","iscogroup","2025-10-17T05:55:46.253Z","2025-10-17T05:55:46.253Z"
"iscogroup","68f1da4f90ad734984f7c877","68f1da4f90ad734984f7c878","iscogroup","2025-10-17T05:55:46.253Z","2025-10-17T05:55:46.253Z"
"iscogroup","68f1da4f90ad734984f7c878","68f1da4f90ad734984f7c879","iscogroup","2025-10-17T05:55:46.253Z","2025-10-17T05:55:46.253Z"
"iscogroup","68f1da4f90ad734984f7c878","68f1da4f90ad734984f7c87a","iscogroup","2025-10-17T05:55:46.253Z","2025-10-17T05:55:46.253Z"
"iscogroup","68f1da4f90ad734984f7c878","68f1da4f90ad734984f7c87b","iscogroup","2025-10-17T05:55:46.253Z","2025-10-17T05:55:46.253Z"
"iscogroup","68f1da4f90ad734984f7c878","68f1da4f90ad734984f7c87c","iscogroup","2025-10-17T05:55:46.253Z","2025-10-17T05:55:46.253Z"
"iscogroup","68f1da4f90ad734984f7c878","68f1da4f90ad734984f7c87d","iscogroup","2025-10-17T05:55:46.253Z","2025-10-17T05:55:46.253Z"
"iscogroup","68f1da4f90ad734984f7c878","68f1da4f90ad734984f7c87e","iscogroup","2025-10-17T05:55:46.253Z","2025-10-17T05:55:46.253Z"
"iscogroup","68f1da4f90ad734984f7c86d","68f1da4f90ad734984f7c87f","iscogroup","2025-10-17T05:55:46.253Z","2025-10-17T05:55:46.253Z"
"iscogroup","68f1da4f90ad734984f7c87f","68f1da4f90ad734984f7c880","iscogroup","2025-10-17T05:55:46.254Z","2025-10-17T05:55:46.254Z"
"iscogroup","68f1da4f90ad734984f7c880","68f1da4f90ad734984f7c881","iscogroup","2025-10-17T05:55:46.254Z","2025-10-17T05:55:46.254Z"
"iscogroup","68f1da4f90ad734984f7c880","68f1da4f90ad734984f7c882","iscogroup","2025-10-17T05:55:46.254Z","2025-10-17T05:55:46.254Z"
"iscogroup","68f1da4f90ad734984f7c880","68f1da4f90ad734984f7c883","iscogroup","2025-10-17T05:55:46.254Z","2025-10-17T05:55:46.254Z"
"iscogroup","68f1da4f90ad734984f7c87f","68f1da4f90ad734984f7c884","iscogroup","2025-10-17T05:55:46.254Z","2025-10-17T05:55:46.254Z"
"iscogroup","68f1da4f90ad734984f7c884","68f1da4f90ad734984f7c885","iscogroup","2025-10-17T05:55:46.254Z","2025-10-17T05:55:46.254Z"
"iscogroup","68f1da4f90ad734984f7c884","68f1da4f90ad734984f7c886","iscogroup","2025-10-17T05:55:46.254Z","2025-10-17T05:55:46.254Z"
"iscogroup","68f1da4f90ad734984f7c87f","68f1da4f90ad734984f7c887","iscogroup","2025-10-17T05:55:46.254Z","2025-10-17T05:55:46.254Z"
"iscogroup","68f1da4f90ad734984f7c887","68f1da4f90ad734984f7c888","iscogroup","2025-10-17T05:55:46.254Z","2025-10-17T05:55:46.254Z"
"iscogroup","68f1da4f90ad734984f7c887","68f1da4f90ad734984f7c889","iscogroup","2025-10-17T05:55:46.254Z","2025-10-17T05:55:46.254Z"
"iscogroup","68f1da4f90ad734984f7c887","68f1da4f90ad734984f7c88a","iscogroup","2025-10-17T05:55:46.254Z","2025-10-17T05:55:46.254Z"
"iscogroup","68f1da4f90ad734984f7c887","68f1da4f90ad734984f7c88b","iscogroup","2025-10-17T05:55:46.254Z","2025-10-17T05:55:46.254Z"
"iscogroup","68f1da4f90ad734984f7c86d","68f1da4f90ad734984f7c88c","iscogroup","2025-10-17T05:55:46.254Z","2025-10-17T05:55:46.254Z"
"localgroup","68f1da4f90ad734984f7c8b6","68f1da4f90ad734984f7c88d","localgroup","2025-10-17T05:55:46.255Z","2025-10-17T05:55:46.255Z"
"localgroup","68f1da4f90ad734984f7c8b6","68f1da4f90ad734984f7c88e","localgroup","2025-10-17T05:55:46.255Z","2025-10-17T05:55:46.255Z"
"localgroup","68f1da4f90ad734984f7c88f","68f1da4f90ad734984f7c890","localgroup","2025-10-17T05:55:46.255Z","2025-10-17T05:55:46.255Z"
"localgroup","68f1da4f90ad734984f7c88f","68f1da4f90ad734984f7c891","localgroup","2025-10-17T05:55:46.255Z","2025-10-17T05:55:46.255Z"
"localgroup","68f1da4f90ad734984f7c88f","68f1da4f90ad734984f7c892","localgroup","2025-10-17T05:55:46.255Z","2025-10-17T05:55:46.255Z"
"localgroup","68f1da4f90ad734984f7c88f","68f1da4f90ad734984f7c893","localgroup","2025-10-17T05:55:46.255Z","2025-10-17T05:55:46.255Z"
"localgroup","68f1da4f90ad734984f7c894","68f1da4f90ad734984f7c895","localgroup","2025-10-17T05:55:46.255Z","2025-10-17T05:55:46.255Z"
"localgroup","68f1da4f90ad734984f7c895","68f1da4f90ad734984f7c896","localgroup","2025-10-17T05:55:46.255Z","2025-10-17T05:55:46.255Z"
"localgroup","68f1da4f90ad734984f7c896","68f1da4f90ad734984f7c897","localgroup","2025-10-17T05:55:46.255Z","2025-10-17T05:55:46.255Z"
"localgroup","68f1da4f90ad734984f7c896","68f1da4f90ad734984f7c898","localgroup","2025-10-17T05:55:46.255Z","2025-10-17T05:55:46.255Z"
"localgroup","68f1da4f90ad734984f7c896","68f1da4f90ad734984f7c899","localgroup","2025-10-17T05:55:46.255Z","2025-10-17T05:55:46.255Z"
"localgroup","68f1da4f90ad734984f7c896","68f1da4f90ad734984f7c89a","localgroup","2025-10-17T05:55:46.255Z","2025-10-17T05:55:46.255Z"
"localgroup","68f1da4f90ad734984f7c896","68f1da4f90ad734984f7c89b","localgroup","2025-10-17T05:55:46.255Z","2025-10-17T05:55:46.255Z"
"localgroup","68f1da4f90ad734984f7c896","68f1da4f90ad734984f7c89c","localgroup","2025-10-17T05:55:46.255Z","2025-10-17T05:55:46.255Z"
"localgroup","68f1da4f90ad734984f7c896","68f1da4f90ad734984f7c89d","localgroup","2025-10-17T05:55:46.255Z","2025-10-17T05:55:46.255Z"
"localgroup","68f1da4f90ad734984f7c895","68f1da4f90ad734984f7c89e","localgroup","2025-10-17T05:55:46.255Z","2025-10-17T05:55:46.255Z"
"localgroup","68f1da4f90ad734984f7c89e","68f1da4f90ad734984f7c89f","localgroup","2025-10-17T05:55:46.255Z","2025-10-17T05:55:46.255Z"
"localgroup","68f1da4f90ad734984f7c89e","68f1da4f90ad734984f7c8a0","localgroup","2025-10-17T05:55:46.255Z","2025-10-17T05:55:46.255Z"
"localgroup","68f1da4f90ad734984f7c89e","68f1da4f90ad734984f7c8a1","localgroup","2025-10-17T05:55:46.255Z","2025-10-17T05:55:46.255Z"
"localgroup","68f1da4f90ad734984f7c894","68f1da4f90ad734984f7c8a2","localgroup","2025-10-17T05:55:46.255Z","2025-10-17T05:55:46.255Z"
"iscogroup","68f1da4f90ad734984f7c88c","68f1da4f90ad734984f7c8a3","iscogroup","2025-10-17T05:55:46.254Z","2025-10-17T05:55:46.254Z"
"iscogroup","68f1da4f90ad734984f7c8a3","68f1da4f90ad734984f7c8a4","iscogroup","2025-10-17T05:55:46.254Z","2025-10-17T05:55:46.254Z"
"iscogroup","68f1da4f90ad734984f7c8a3","68f1da4f90ad734984f7c8a5","iscogroup","2025-10-17T05:55:46.254Z","2025-10-17T05:55:46.254Z"
"iscogroup","68f1da4f90ad734984f7c86d","68f1da4f90ad734984f7c8a6","iscogroup","2025-10-17T05:55:46.254Z","2025-10-17T05:55:46.254Z"
"iscogroup","68f1da4f90ad734984f7c8a6","68f1da4f90ad734984f7c8a7","iscogroup","2025-10-17T05:55:46.254Z","2025-10-17T05:55:46.254Z"
"iscogroup","68f1da4f90ad734984f7c8a7","68f1da4f90ad734984f7c8a8","iscogroup","2025-10-17T05:55:46.254Z","2025-10-17T05:55:46.254Z"
"iscogroup","68f1da4f90ad734984f7c8a6","68f1da4f90ad734984f7c8a9","iscogroup","2025-10-17T05:55:46.254Z","2025-10-17T05:55:46.254Z"
"iscogroup","68f1da4f90ad734984f7c8a9","68f1da4f90ad734984f7c8aa","iscogroup","2025-10-17T05:55:46.254Z","2025-10-17T05:55:46.254Z"
"iscogroup","68f1da4f90ad734984f7c86d","68f1da4f90ad734984f7c8ab","iscogroup","2025-10-17T05:55:46.254Z","2025-10-17T05:55:46.254Z"
"iscogroup","68f1da4f90ad734984f7c8ab","68f1da4f90ad734984f7c8ac","iscogroup","2025-10-17T05:55:46.254Z","2025-10-17T05:55:46.254Z"
"iscogroup","68f1da4f90ad734984f7c8ac","68f1da4f90ad734984f7c8ad","iscogroup","2025-10-17T05:55:46.254Z","2025-10-17T05:55:46.254Z"
"iscogroup","68f1da4f90ad734984f7c8ac","68f1da4f90ad734984f7c8ae","iscogroup","2025-10-17T05:55:46.254Z","2025-10-17T05:55:46.254Z"
"iscogroup","68f1da4f90ad734984f7c8ac","68f1da4f90ad734984f7c8af","iscogroup","2025-10-17T05:55:46.254Z","2025-10-17T05:55:46.254Z"
"iscogroup","68f1da4f90ad734984f7c8ab","68f1da4f90ad734984f7c8b0","iscogroup","2025-10-17T05:55:46.254Z","2025-10-17T05:55:46.254Z"
"iscogroup","68f1da4f90ad734984f7c8b0","68f1da4f90ad734984f7c8b1","iscogroup","2025-10-17T05:55:46.254Z","2025-10-17T05:55:46.254Z"
"iscogroup","68f1da4f90ad734984f7c8b0","68f1da4f90ad734984f7c8b2","iscogroup","2025-10-17T05:55:46.254Z","2025-10-17T05:55:46.254Z"
"iscogroup","68f1da4f90ad734984f7c8b0","68f1da4f90ad734984f7c8b3","iscogroup","2025-10-17T05:55:46.254Z","2025-10-17T05:55:46.254Z"
"iscogroup","68f1da4f90ad734984f7c8b0","68f1da4f90ad734984f7c8b4","iscogroup","2025-10-17T05:55:46.255Z","2025-10-17T05:55:46.255Z"
"iscogroup","68f1da4f90ad734984f7c8b0","68f1da4f90ad734984f7c8b5","iscogroup","2025-10-17T05:55:46.255Z","2025-10-17T05:55:46.255Z"
"localgroup","68f1da4f90ad734984f7c8b6","68f1da4f90ad734984f7c8b7","localgroup","2025-10-17T05:55:46.255Z","2025-10-17T05:55:46.255Z"
"localgroup","68f1da4f90ad734984f7c8b6","68f1da4f90ad734984f7c8b8","localgroup","2025-10-17T05:55:46.255Z","2025-10-17T05:55:46.255Z"
"localgroup","68f1da4f90ad734984f7c8b6","68f1da4f90ad734984f7c8b9","localgroup","2025-10-17T05:55:46.255Z","2025-10-17T05:55:46.255Z"
"localgroup","68f1da4f90ad734984f7c8b6","68f1da4f90ad734984f7c8ba","localgroup","2025-10-17T05:55:46.255Z","2025-10-17T05:55:46.255Z"
"localgroup","68f1da4f90ad734984f7c8b6","68f1da4f90ad734984f7c8bb","localgroup","2025-10-17T05:55:46.255Z","2025-10-17T05:55:46.255Z"
"iscogroup","68f1da4e90ad734984f7c638","68f1da5d90ad734984f80189","escooccupation","2025-10-17T05:55:46.255Z","2025-10-17T05:55:46.255Z"
"iscogroup","68f1da4e90ad734984f7c638","68f1da5d90ad734984f8018a","escooccupation","2025-10-17T05:55:46.255Z","2025-10-17T05:55:46.255Z"
"iscogroup","68f1da4e90ad734984f7c638","68f1da5d90ad734984f8018b","escooccupation","2025-10-17T05:55:46.255Z","2025-10-17T05:55:46.255Z"
"iscogroup","68f1da4e90ad734984f7c638","68f1da5d90ad734984f8018c","escooccupation","2025-10-17T05:55:46.256Z","2025-10-17T05:55:46.256Z"
"iscogroup","68f1da4e90ad734984f7c638","68f1da5d90ad734984f8018d","escooccupation","2025-10-17T05:55:46.256Z","2025-10-17T05:55:46.256Z"
"iscogroup","68f1da4e90ad734984f7c638","68f1da5d90ad734984f8018e","escooccupation","2025-10-17T05:55:46.256Z","2025-10-17T05:55:46.256Z"
"iscogroup","68f1da4e90ad734984f7c638","68f1da5d90ad734984f8018f","escooccupation","2025-10-17T05:55:46.256Z","2025-10-17T05:55:46.256Z"
"iscogroup","68f1da4e90ad734984f7c638","68f1da5d90ad734984f80190","escooccupation","2025-10-17T05:55:46.256Z","2025-10-17T05:55:46.256Z"
"iscogroup","68f1da4e90ad734984f7c638","68f1da5d90ad734984f80191","escooccupation","2025-10-17T05:55:46.256Z","2025-10-17T05:55:46.256Z"
"iscogroup","68f1da4e90ad734984f7c638","68f1da5d90ad734984f80192","escooccupation","2025-10-17T05:55:46.256Z","2025-10-17T05:55:46.256Z"
"iscogroup","68f1da4e90ad734984f7c638","68f1da5d90ad734984f80193","escooccupation","2025-10-17T05:55:46.256Z","2025-10-17T05:55:46.256Z"
"iscogroup","68f1da4e90ad734984f7c638","68f1da5d90ad734984f80194","escooccupation","2025-10-17T05:55:46.256Z","2025-10-17T05:55:46.256Z"
"iscogroup","68f1da4e90ad734984f7c63b","68f1da5d90ad734984f80195","escooccupation","2025-10-17T05:55:46.256Z","2025-10-17T05:55:46.256Z"
"iscogroup","68f1da4e90ad734984f7c63b","68f1da5d90ad734984f80196","escooccupation","2025-10-17T05:55:46.256Z","2025-10-17T05:55:46.256Z"
"iscogroup","68f1da4e90ad734984f7c63b","68f1da5d90ad734984f80197","escooccupation","2025-10-17T05:55:46.256Z","2025-10-17T05:55:46.256Z"
"iscogroup","68f1da4e90ad734984f7c63b","68f1da5d90ad734984f80198","escooccupation","2025-10-17T05:55:46.256Z","2025-10-17T05:55:46.256Z"
"iscogroup","68f1da4e90ad734984f7c63e","68f1da5d90ad734984f80199","escooccupation","2025-10-17T05:55:46.256Z","2025-10-17T05:55:46.256Z"
"iscogroup","68f1da4e90ad734984f7c63e","68f1da5d90ad734984f8019a","escooccupation","2025-10-17T05:55:46.256Z","2025-10-17T05:55:46.256Z"
"iscogroup","68f1da4e90ad734984f7c63e","68f1da5d90ad734984f8019b","escooccupation","2025-10-17T05:55:46.256Z","2025-10-17T05:55:46.256Z"
"iscogroup","68f1da4e90ad734984f7c63e","68f1da5d90ad734984f8019c","escooccupation","2025-10-17T05:55:46.256Z","2025-10-17T05:55:46.256Z"
"iscogroup","68f1da4e90ad734984f7c63e","68f1da5d90ad734984f8019d","escooccupation","2025-10-17T05:55:46.256Z","2025-10-17T05:55:46.256Z"
"iscogroup","68f1da4f90ad734984f7c642","68f1da5d90ad734984f8019e","escooccupation","2025-10-17T05:55:46.256Z","2025-10-17T05:55:46.256Z"
"iscogroup","68f1da4f90ad734984f7c642","68f1da5d90ad734984f8019f","escooccupation","2025-10-17T05:55:46.256Z","2025-10-17T05:55:46.256Z"
"iscogroup","68f1da4f90ad734984f7c642","68f1da5d90ad734984f801a0","escooccupation","2025-10-17T05:55:46.256Z","2025-10-17T05:55:46.256Z"
"iscogroup","68f1da4f90ad734984f7c642","68f1da5d90ad734984f801a1","escooccupation","2025-10-17T05:55:46.256Z","2025-10-17T05:55:46.256Z"
"iscogroup","68f1da4f90ad734984f7c642","68f1da5d90ad734984f801a2","escooccupation","2025-10-17T05:55:46.256Z","2025-10-17T05:55:46.256Z"
"iscogroup","68f1da4f90ad734984f7c642","68f1da5d90ad734984f801a3","escooccupation","2025-10-17T05:55:46.256Z","2025-10-17T05:55:46.256Z"
"iscogroup","68f1da4f90ad734984f7c642","68f1da5d90ad734984f801a4","escooccupation","2025-10-17T05:55:46.256Z","2025-10-17T05:55:46.256Z"
"iscogroup","68f1da4f90ad734984f7c643","68f1da5d90ad734984f801a5","escooccupation","2025-10-17T05:55:46.256Z","2025-10-17T05:55:46.256Z"
"iscogroup","68f1da4f90ad734984f7c643","68f1da5d90ad734984f801a6","escooccupation","2025-10-17T05:55:46.256Z","2025-10-17T05:55:46.256Z"
"iscogroup","68f1da4f90ad734984f7c643","68f1da5d90ad734984f801a7","escooccupation","2025-10-17T05:55:46.256Z","2025-10-17T05:55:46.256Z"
"escooccupation","68f1da5d90ad734984f801a7","68f1da5d90ad734984f801a8","escooccupation","2025-10-17T05:55:46.256Z","2025-10-17T05:55:46.256Z"
"escooccupation","68f1da5d90ad734984f801a7","68f1da5d90ad734984f801a9","escooccupation","2025-10-17T05:55:46.256Z","2025-10-17T05:55:46.256Z"
"iscogroup","68f1da4f90ad734984f7c643","68f1da5d90ad734984f801aa","escooccupation","2025-10-17T05:55:46.257Z","2025-10-17T05:55:46.257Z"
"iscogroup","68f1da4f90ad734984f7c643","68f1da5d90ad734984f801ab","escooccupation","2025-10-17T05:55:46.257Z","2025-10-17T05:55:46.257Z"
"iscogroup","68f1da4f90ad734984f7c643","68f1da5d90ad734984f801ac","escooccupation","2025-10-17T05:55:46.257Z","2025-10-17T05:55:46.257Z"
"iscogroup","68f1da4f90ad734984f7c643","68f1da5d90ad734984f801ad","escooccupation","2025-10-17T05:55:46.257Z","2025-10-17T05:55:46.257Z"
"iscogroup","68f1da4f90ad734984f7c645","68f1da5d90ad734984f801ae","escooccupation","2025-10-17T05:55:46.257Z","2025-10-17T05:55:46.257Z"
"iscogroup","68f1da4f90ad734984f7c647","68f1da5d90ad734984f801af","escooccupation","2025-10-17T05:55:46.257Z","2025-10-17T05:55:46.257Z"
"iscogroup","68f1da4f90ad734984f7c647","68f1da5d90ad734984f801b0","escooccupation","2025-10-17T05:55:46.257Z","2025-10-17T05:55:46.257Z"
"escooccupation","68f1da5d90ad734984f801b0","68f1da5d90ad734984f801b1","escooccupation","2025-10-17T05:55:46.257Z","2025-10-17T05:55:46.257Z"
"iscogroup","68f1da4f90ad734984f7c647","68f1da5d90ad734984f801b2","escooccupation","2025-10-17T05:55:46.257Z","2025-10-17T05:55:46.257Z"
"iscogroup","68f1da4f90ad734984f7c647","68f1da5d90ad734984f801b3","escooccupation","2025-10-17T05:55:46.257Z","2025-10-17T05:55:46.257Z"
"iscogroup","68f1da4f90ad734984f7c647","68f1da5d90ad734984f801b4","escooccupation","2025-10-17T05:55:46.257Z","2025-10-17T05:55:46.257Z"
"iscogroup","68f1da4f90ad734984f7c64a","68f1da5d90ad734984f801b5","escooccupation","2025-10-17T05:55:46.257Z","2025-10-17T05:55:46.257Z"
"escooccupation","68f1da5d90ad734984f801b5","68f1da5d90ad734984f801b6","escooccupation","2025-10-17T05:55:46.257Z","2025-10-17T05:55:46.257Z"
"escooccupation","68f1da5d90ad734984f801b5","68f1da5d90ad734984f801b7","escooccupation","2025-10-17T05:55:46.257Z","2025-10-17T05:55:46.257Z"
"escooccupation","68f1da5d90ad734984f801b5","68f1da5d90ad734984f801b8","escooccupation","2025-10-17T05:55:46.257Z","2025-10-17T05:55:46.257Z"
"escooccupation","68f1da5d90ad734984f801b5","68f1da5d90ad734984f801b9","escooccupation","2025-10-17T05:55:46.257Z","2025-10-17T05:55:46.257Z"
"iscogroup","68f1da4f90ad734984f7c64b","68f1da5d90ad734984f801ba","escooccupation","2025-10-17T05:55:46.257Z","2025-10-17T05:55:46.257Z"
"iscogroup","68f1da4f90ad734984f7c64b","68f1da5d90ad734984f801bb","escooccupation","2025-10-17T05:55:46.257Z","2025-10-17T05:55:46.257Z"
"escooccupation","68f1da5d90ad734984f801bb","68f1da5d90ad734984f801bc","escooccupation","2025-10-17T05:55:46.269Z","2025-10-17T05:55:46.269Z"
"iscogroup","68f1da4f90ad734984f7c64b","68f1da5d90ad734984f801bd","escooccupation","2025-10-17T05:55:46.269Z","2025-10-17T05:55:46.269Z"
"iscogroup","68f1da4f90ad734984f7c64c","68f1da5d90ad734984f801be","escooccupation","2025-10-17T05:55:46.269Z","2025-10-17T05:55:46.269Z"
"iscogroup","68f1da4f90ad734984f7c64c","68f1da5d90ad734984f801bf","escooccupation","2025-10-17T05:55:46.270Z","2025-10-17T05:55:46.270Z"
"escooccupation","68f1da5d90ad734984f801bf","68f1da5d90ad734984f801c0","escooccupation","2025-10-17T05:55:46.270Z","2025-10-17T05:55:46.270Z"
"escooccupation","68f1da5d90ad734984f801bf","68f1da5d90ad734984f801c1","escooccupation","2025-10-17T05:55:46.270Z","2025-10-17T05:55:46.270Z"
"escooccupation","68f1da5d90ad734984f801bf","68f1da5d90ad734984f801c2","escooccupation","2025-10-17T05:55:46.270Z","2025-10-17T05:55:46.270Z"
"iscogroup","68f1da4f90ad734984f7c64c","68f1da5d90ad734984f801c3","escooccupation","2025-10-17T05:55:46.270Z","2025-10-17T05:55:46.270Z"
"iscogroup","68f1da4f90ad734984f7c64c","68f1da5d90ad734984f801c4","escooccupation","2025-10-17T05:55:46.270Z","2025-10-17T05:55:46.270Z"
"iscogroup","68f1da4f90ad734984f7c64c","68f1da5d90ad734984f801c5","escooccupation","2025-10-17T05:55:46.270Z","2025-10-17T05:55:46.270Z"
"escooccupation","68f1da5d90ad734984f801c5","68f1da5d90ad734984f801c6","escooccupation","2025-10-17T05:55:46.270Z","2025-10-17T05:55:46.270Z"
"iscogroup","68f1da4f90ad734984f7c64c","68f1da5d90ad734984f801c7","escooccupation","2025-10-17T05:55:46.270Z","2025-10-17T05:55:46.270Z"
"iscogroup","68f1da4f90ad734984f7c64c","68f1da5d90ad734984f801c8","escooccupation","2025-10-17T05:55:46.270Z","2025-10-17T05:55:46.270Z"
"iscogroup","68f1da4f90ad734984f7c64c","68f1da5d90ad734984f801c9","escooccupation","2025-10-17T05:55:46.270Z","2025-10-17T05:55:46.270Z"
"iscogroup","68f1da4f90ad734984f7c64d","68f1da5d90ad734984f801ca","escooccupation","2025-10-17T05:55:46.270Z","2025-10-17T05:55:46.270Z"
"escooccupation","68f1da5d90ad734984f801ca","68f1da5d90ad734984f801cb","escooccupation","2025-10-17T05:55:46.270Z","2025-10-17T05:55:46.270Z"
"escooccupation","68f1da5d90ad734984f801ca","68f1da5d90ad734984f801cc","escooccupation","2025-10-17T05:55:46.270Z","2025-10-17T05:55:46.270Z"
"iscogroup","68f1da4f90ad734984f7c64d","68f1da5d90ad734984f801cd","escooccupation","2025-10-17T05:55:46.270Z","2025-10-17T05:55:46.270Z"
"iscogroup","68f1da4f90ad734984f7c64d","68f1da5d90ad734984f801ce","escooccupation","2025-10-17T05:55:46.270Z","2025-10-17T05:55:46.270Z"
"iscogroup","68f1da4f90ad734984f7c64d","68f1da5d90ad734984f801cf","escooccupation","2025-10-17T05:55:46.270Z","2025-10-17T05:55:46.270Z"
"iscogroup","68f1da4f90ad734984f7c64d","68f1da5d90ad734984f801d0","escooccupation","2025-10-17T05:55:46.270Z","2025-10-17T05:55:46.270Z"
"escooccupation","68f1da5d90ad734984f801d0","68f1da5d90ad734984f801d1","escooccupation","2025-10-17T05:55:46.270Z","2025-10-17T05:55:46.270Z"
"escooccupation","68f1da5d90ad734984f801d0","68f1da5d90ad734984f801d2","escooccupation","2025-10-17T05:55:46.270Z","2025-10-17T05:55:46.270Z"
"escooccupation","68f1da5d90ad734984f801d0","68f1da5d90ad734984f801d3","escooccupation","2025-10-17T05:55:46.270Z","2025-10-17T05:55:46.270Z"
"escooccupation","68f1da5d90ad734984f801d0","68f1da5d90ad734984f801d4","escooccupation","2025-10-17T05:55:46.270Z","2025-10-17T05:55:46.270Z"
"escooccupation","68f1da5d90ad734984f801d0","68f1da5d90ad734984f801d5","escooccupation","2025-10-17T05:55:46.270Z","2025-10-17T05:55:46.270Z"
"iscogroup","68f1da4f90ad734984f7c64d","68f1da5d90ad734984f801d6","escooccupation","2025-10-17T05:55:46.270Z","2025-10-17T05:55:46.270Z"
"iscogroup","68f1da4f90ad734984f7c64d","68f1da5d90ad734984f801d7","escooccupation","2025-10-17T05:55:46.270Z","2025-10-17T05:55:46.270Z"
"iscogroup","68f1da4f90ad734984f7c64f","68f1da5d90ad734984f801d8","escooccupation","2025-10-17T05:55:46.270Z","2025-10-17T05:55:46.270Z"
"iscogroup","68f1da4f90ad734984f7c64f","68f1da5d90ad734984f801d9","escooccupation","2025-10-17T05:55:46.270Z","2025-10-17T05:55:46.270Z"
"iscogroup","68f1da4f90ad734984f7c64f","68f1da5d90ad734984f801da","escooccupation","2025-10-17T05:55:46.270Z","2025-10-17T05:55:46.270Z"
"escooccupation","68f1da5d90ad734984f801da","68f1da5d90ad734984f801db","escooccupation","2025-10-17T05:55:46.270Z","2025-10-17T05:55:46.270Z"
"escooccupation","68f1da5d90ad734984f801da","68f1da5d90ad734984f801dc","escooccupation","2025-10-17T05:55:46.270Z","2025-10-17T05:55:46.270Z"
"escooccupation","68f1da5d90ad734984f801dc","68f1da5d90ad734984f801dd","escooccupation","2025-10-17T05:55:46.271Z","2025-10-17T05:55:46.271Z"
"escooccupation","68f1da5d90ad734984f801dd","68f1da5d90ad734984f801de","escooccupation","2025-10-17T05:55:46.271Z","2025-10-17T05:55:46.271Z"
"escooccupation","68f1da5d90ad734984f801dd","68f1da5d90ad734984f801df","escooccupation","2025-10-17T05:55:46.271Z","2025-10-17T05:55:46.271Z"
"escooccupation","68f1da5d90ad734984f801dd","68f1da5d90ad734984f801e0","escooccupation","2025-10-17T05:55:46.271Z","2025-10-17T05:55:46.271Z"
"escooccupation","68f1da5d90ad734984f801dd","68f1da5d90ad734984f801e1","escooccupation","2025-10-17T05:55:46.271Z","2025-10-17T05:55:46.271Z"
"escooccupation","68f1da5d90ad734984f801da","68f1da5d90ad734984f801e2","escooccupation","2025-10-17T05:55:46.271Z","2025-10-17T05:55:46.271Z"
"iscogroup","68f1da4f90ad734984f7c64f","68f1da5d90ad734984f801e3","escooccupation","2025-10-17T05:55:46.271Z","2025-10-17T05:55:46.271Z"
"iscogroup","68f1da4f90ad734984f7c64f","68f1da5d90ad734984f801e4","escooccupation","2025-10-17T05:55:46.271Z","2025-10-17T05:55:46.271Z"
"iscogroup","68f1da4f90ad734984f7c64f","68f1da5d90ad734984f801e5","escooccupation","2025-10-17T05:55:46.271Z","2025-10-17T05:55:46.271Z"
"iscogroup","68f1da4f90ad734984f7c650","68f1da5d90ad734984f801e6","escooccupation","2025-10-17T05:55:46.271Z","2025-10-17T05:55:46.271Z"
"escooccupation","68f1da5d90ad734984f801e6","68f1da5d90ad734984f801e7","escooccupation","2025-10-17T05:55:46.271Z","2025-10-17T05:55:46.271Z"
"escooccupation","68f1da5d90ad734984f801e6","68f1da5d90ad734984f801e8","escooccupation","2025-10-17T05:55:46.271Z","2025-10-17T05:55:46.271Z"
"iscogroup","68f1da4f90ad734984f7c651","68f1da5d90ad734984f801e9","escooccupation","2025-10-17T05:55:46.271Z","2025-10-17T05:55:46.271Z"
"escooccupation","68f1da5d90ad734984f801e9","68f1da5d90ad734984f801ea","escooccupation","2025-10-17T05:55:46.271Z","2025-10-17T05:55:46.271Z"
"iscogroup","68f1da4f90ad734984f7c651","68f1da5d90ad734984f801eb","escooccupation","2025-10-17T05:55:46.271Z","2025-10-17T05:55:46.271Z"
"escooccupation","68f1da5d90ad734984f801eb","68f1da5d90ad734984f801ec","escooccupation","2025-10-17T05:55:46.271Z","2025-10-17T05:55:46.271Z"
"escooccupation","68f1da5d90ad734984f801ec","68f1da5d90ad734984f801ed","escooccupation","2025-10-17T05:55:46.271Z","2025-10-17T05:55:46.271Z"
"escooccupation","68f1da5d90ad734984f801ec","68f1da5d90ad734984f801ee","escooccupation","2025-10-17T05:55:46.271Z","2025-10-17T05:55:46.271Z"
"escooccupation","68f1da5d90ad734984f801ec","68f1da5d90ad734984f801ef","escooccupation","2025-10-17T05:55:46.271Z","2025-10-17T05:55:46.271Z"
"escooccupation","68f1da5d90ad734984f801ec","68f1da5d90ad734984f801f0","escooccupation","2025-10-17T05:55:46.271Z","2025-10-17T05:55:46.271Z"
"escooccupation","68f1da5d90ad734984f801eb","68f1da5d90ad734984f801f1","escooccupation","2025-10-17T05:55:46.271Z","2025-10-17T05:55:46.271Z"
"escooccupation","68f1da5d90ad734984f801f1","68f1da5d90ad734984f801f2","escooccupation","2025-10-17T05:55:46.271Z","2025-10-17T05:55:46.271Z"
"iscogroup","68f1da4f90ad734984f7c654","68f1da5d90ad734984f801f3","escooccupation","2025-10-17T05:55:46.271Z","2025-10-17T05:55:46.271Z"
"iscogroup","68f1da4f90ad734984f7c655","68f1da5d90ad734984f801f4","escooccupation","2025-10-17T05:55:46.271Z","2025-10-17T05:55:46.271Z"
"iscogroup","68f1da4f90ad734984f7c655","68f1da5d90ad734984f801f5","escooccupation","2025-10-17T05:55:46.271Z","2025-10-17T05:55:46.271Z"
"iscogroup","68f1da4f90ad734984f7c655","68f1da5d90ad734984f801f6","escooccupation","2025-10-17T05:55:46.271Z","2025-10-17T05:55:46.271Z"
"iscogroup","68f1da4f90ad734984f7c657","68f1da5d90ad734984f801f7","escooccupation","2025-10-17T05:55:46.271Z","2025-10-17T05:55:46.271Z"
"iscogroup","68f1da4f90ad734984f7c657","68f1da5d90ad734984f801f8","escooccupation","2025-10-17T05:55:46.271Z","2025-10-17T05:55:46.271Z"
"escooccupation","68f1da5d90ad734984f801f8","68f1da5d90ad734984f801f9","escooccupation","2025-10-17T05:55:46.272Z","2025-10-17T05:55:46.272Z"
"escooccupation","68f1da5d90ad734984f801f9","68f1da5d90ad734984f801fa","escooccupation","2025-10-17T05:55:46.272Z","2025-10-17T05:55:46.272Z"
"escooccupation","68f1da5d90ad734984f801f9","68f1da5d90ad734984f801fb","escooccupation","2025-10-17T05:55:46.272Z","2025-10-17T05:55:46.272Z"
"escooccupation","68f1da5d90ad734984f801f9","68f1da5d90ad734984f801fc","escooccupation","2025-10-17T05:55:46.272Z","2025-10-17T05:55:46.272Z"
"escooccupation","68f1da5d90ad734984f801f9","68f1da5d90ad734984f801fd","escooccupation","2025-10-17T05:55:46.272Z","2025-10-17T05:55:46.272Z"
"escooccupation","68f1da5d90ad734984f801f9","68f1da5d90ad734984f801fe","escooccupation","2025-10-17T05:55:46.272Z","2025-10-17T05:55:46.272Z"
"escooccupation","68f1da5d90ad734984f801f9","68f1da5d90ad734984f801ff","escooccupation","2025-10-17T05:55:46.272Z","2025-10-17T05:55:46.272Z"
"escooccupation","68f1da5d90ad734984f801ff","68f1da5d90ad734984f80200","escooccupation","2025-10-17T05:55:46.272Z","2025-10-17T05:55:46.272Z"
"escooccupation","68f1da5d90ad734984f801ff","68f1da5d90ad734984f80201","escooccupation","2025-10-17T05:55:46.272Z","2025-10-17T05:55:46.272Z"
"escooccupation","68f1da5d90ad734984f801f9","68f1da5d90ad734984f80202","escooccupation","2025-10-17T05:55:46.272Z","2025-10-17T05:55:46.272Z"
"escooccupation","68f1da5d90ad734984f801f9","68f1da5d90ad734984f80203","escooccupation","2025-10-17T05:55:46.272Z","2025-10-17T05:55:46.272Z"
"escooccupation","68f1da5d90ad734984f801f8","68f1da5d90ad734984f80204","escooccupation","2025-10-17T05:55:46.272Z","2025-10-17T05:55:46.272Z"
"escooccupation","68f1da5d90ad734984f80204","68f1da5d90ad734984f80205","escooccupation","2025-10-17T05:55:46.272Z","2025-10-17T05:55:46.272Z"
"escooccupation","68f1da5d90ad734984f80204","68f1da5d90ad734984f80206","escooccupation","2025-10-17T05:55:46.272Z","2025-10-17T05:55:46.272Z"
"escooccupation","68f1da5d90ad734984f80204","68f1da5d90ad734984f80207","escooccupation","2025-10-17T05:55:46.272Z","2025-10-17T05:55:46.272Z"
"escooccupation","68f1da5d90ad734984f801f8","68f1da5d90ad734984f80208","escooccupation","2025-10-17T05:55:46.272Z","2025-10-17T05:55:46.272Z"
"escooccupation","68f1da5d90ad734984f801f8","68f1da5d90ad734984f80209","escooccupation","2025-10-17T05:55:46.272Z","2025-10-17T05:55:46.272Z"
"escooccupation","68f1da5d90ad734984f801f8","68f1da5d90ad734984f8020a","escooccupation","2025-10-17T05:55:46.272Z","2025-10-17T05:55:46.272Z"
"iscogroup","68f1da4f90ad734984f7c657","68f1da5d90ad734984f8020b","escooccupation","2025-10-17T05:55:46.272Z","2025-10-17T05:55:46.272Z"
"iscogroup","68f1da4f90ad734984f7c658","68f1da5d90ad734984f8020c","escooccupation","2025-10-17T05:55:46.272Z","2025-10-17T05:55:46.272Z"
"escooccupation","68f1da5d90ad734984f8020c","68f1da5d90ad734984f8020d","escooccupation","2025-10-17T05:55:46.272Z","2025-10-17T05:55:46.272Z"
"escooccupation","68f1da5d90ad734984f8020c","68f1da5d90ad734984f8020e","escooccupation","2025-10-17T05:55:46.272Z","2025-10-17T05:55:46.272Z"
"iscogroup","68f1da4f90ad734984f7c658","68f1da5d90ad734984f8020f","escooccupation","2025-10-17T05:55:46.272Z","2025-10-17T05:55:46.272Z"
"iscogroup","68f1da4f90ad734984f7c659","68f1da5d90ad734984f80210","escooccupation","2025-10-17T05:55:46.272Z","2025-10-17T05:55:46.272Z"
"escooccupation","68f1da5d90ad734984f80210","68f1da5d90ad734984f80211","escooccupation","2025-10-17T05:55:46.272Z","2025-10-17T05:55:46.272Z"
"escooccupation","68f1da5d90ad734984f80210","68f1da5d90ad734984f80212","escooccupation","2025-10-17T05:55:46.272Z","2025-10-17T05:55:46.272Z"
"iscogroup","68f1da4f90ad734984f7c65a","68f1da5d90ad734984f80213","escooccupation","2025-10-17T05:55:46.272Z","2025-10-17T05:55:46.272Z"
"iscogroup","68f1da4f90ad734984f7c65a","68f1da5d90ad734984f80214","escooccupation","2025-10-17T05:55:46.272Z","2025-10-17T05:55:46.272Z"
"iscogroup","68f1da4f90ad734984f7c65a","68f1da5d90ad734984f80215","escooccupation","2025-10-17T05:55:46.272Z","2025-10-17T05:55:46.272Z"
"escooccupation","68f1da5d90ad734984f80215","68f1da5d90ad734984f80216","escooccupation","2025-10-17T05:55:46.272Z","2025-10-17T05:55:46.272Z"
"escooccupation","68f1da5d90ad734984f80216","68f1da5d90ad734984f80217","escooccupation","2025-10-17T05:55:46.273Z","2025-10-17T05:55:46.273Z"
"escooccupation","68f1da5d90ad734984f80216","68f1da5d90ad734984f80218","escooccupation","2025-10-17T05:55:46.273Z","2025-10-17T05:55:46.273Z"
"escooccupation","68f1da5d90ad734984f80216","68f1da5d90ad734984f80219","escooccupation","2025-10-17T05:55:46.273Z","2025-10-17T05:55:46.273Z"
"escooccupation","68f1da5d90ad734984f80216","68f1da5d90ad734984f8021a","escooccupation","2025-10-17T05:55:46.273Z","2025-10-17T05:55:46.273Z"
"escooccupation","68f1da5d90ad734984f80216","68f1da5d90ad734984f8021b","escooccupation","2025-10-17T05:55:46.273Z","2025-10-17T05:55:46.273Z"
"escooccupation","68f1da5d90ad734984f80216","68f1da5d90ad734984f8021c","escooccupation","2025-10-17T05:55:46.273Z","2025-10-17T05:55:46.273Z"
"escooccupation","68f1da5d90ad734984f8021c","68f1da5d90ad734984f8021d","escooccupation","2025-10-17T05:55:46.273Z","2025-10-17T05:55:46.273Z"
"escooccupation","68f1da5d90ad734984f8021c","68f1da5d90ad734984f8021e","escooccupation","2025-10-17T05:55:46.273Z","2025-10-17T05:55:46.273Z"
"escooccupation","68f1da5d90ad734984f80268","68f1da5d90ad734984f8021f","escooccupation","2025-10-17T05:55:46.275Z","2025-10-17T05:55:46.275Z"
"escooccupation","68f1da5d90ad734984f8021f","68f1da5d90ad734984f80220","escooccupation","2025-10-17T05:55:46.275Z","2025-10-17T05:55:46.275Z"
"escooccupation","68f1da5d90ad734984f80268","68f1da5d90ad734984f80221","escooccupation","2025-10-17T05:55:46.275Z","2025-10-17T05:55:46.275Z"
"iscogroup","68f1da4f90ad734984f7c65c","68f1da5d90ad734984f80222","escooccupation","2025-10-17T05:55:46.275Z","2025-10-17T05:55:46.275Z"
"escooccupation","68f1da5d90ad734984f80222","68f1da5d90ad734984f80223","escooccupation","2025-10-17T05:55:46.275Z","2025-10-17T05:55:46.275Z"
"iscogroup","68f1da4f90ad734984f7c65c","68f1da5d90ad734984f80224","escooccupation","2025-10-17T05:55:46.275Z","2025-10-17T05:55:46.275Z"
"iscogroup","68f1da4f90ad734984f7c65c","68f1da5d90ad734984f80225","escooccupation","2025-10-17T05:55:46.275Z","2025-10-17T05:55:46.275Z"
"iscogroup","68f1da4f90ad734984f7c65c","68f1da5d90ad734984f80226","escooccupation","2025-10-17T05:55:46.275Z","2025-10-17T05:55:46.275Z"
"iscogroup","68f1da4f90ad734984f7c65c","68f1da5d90ad734984f80227","escooccupation","2025-10-17T05:55:46.276Z","2025-10-17T05:55:46.276Z"
"iscogroup","68f1da4f90ad734984f7c65c","68f1da5d90ad734984f80228","escooccupation","2025-10-17T05:55:46.276Z","2025-10-17T05:55:46.276Z"
"escooccupation","68f1da5d90ad734984f80228","68f1da5d90ad734984f80229","escooccupation","2025-10-17T05:55:46.276Z","2025-10-17T05:55:46.276Z"
"iscogroup","68f1da4f90ad734984f7c65c","68f1da5d90ad734984f8022a","escooccupation","2025-10-17T05:55:46.276Z","2025-10-17T05:55:46.276Z"
"iscogroup","68f1da4f90ad734984f7c65c","68f1da5d90ad734984f8022b","escooccupation","2025-10-17T05:55:46.276Z","2025-10-17T05:55:46.276Z"
"iscogroup","68f1da4f90ad734984f7c65c","68f1da5d90ad734984f8022c","escooccupation","2025-10-17T05:55:46.276Z","2025-10-17T05:55:46.276Z"
"iscogroup","68f1da4f90ad734984f7c65c","68f1da5d90ad734984f8022d","escooccupation","2025-10-17T05:55:46.276Z","2025-10-17T05:55:46.276Z"
"iscogroup","68f1da4f90ad734984f7c65e","68f1da5d90ad734984f8022e","escooccupation","2025-10-17T05:55:46.276Z","2025-10-17T05:55:46.276Z"
"iscogroup","68f1da4f90ad734984f7c65e","68f1da5d90ad734984f8022f","escooccupation","2025-10-17T05:55:46.276Z","2025-10-17T05:55:46.276Z"
"iscogroup","68f1da4f90ad734984f7c65e","68f1da5d90ad734984f80230","escooccupation","2025-10-17T05:55:46.276Z","2025-10-17T05:55:46.276Z"
"iscogroup","68f1da4f90ad734984f7c65f","68f1da5d90ad734984f80231","escooccupation","2025-10-17T05:55:46.276Z","2025-10-17T05:55:46.276Z"
"iscogroup","68f1da4f90ad734984f7c65f","68f1da5d90ad734984f80232","escooccupation","2025-10-17T05:55:46.276Z","2025-10-17T05:55:46.276Z"
"iscogroup","68f1da4f90ad734984f7c660","68f1da5d90ad734984f80233","escooccupation","2025-10-17T05:55:46.276Z","2025-10-17T05:55:46.276Z"
"iscogroup","68f1da4f90ad734984f7c661","68f1da5d90ad734984f80234","escooccupation","2025-10-17T05:55:46.276Z","2025-10-17T05:55:46.276Z"
"escooccupation","68f1da5d90ad734984f80234","68f1da5d90ad734984f80235","escooccupation","2025-10-17T05:55:46.276Z","2025-10-17T05:55:46.276Z"
"escooccupation","68f1da5d90ad734984f80234","68f1da5d90ad734984f80236","escooccupation","2025-10-17T05:55:46.276Z","2025-10-17T05:55:46.276Z"
"escooccupation","68f1da5d90ad734984f80234","68f1da5d90ad734984f80237","escooccupation","2025-10-17T05:55:46.276Z","2025-10-17T05:55:46.276Z"
"escooccupation","68f1da5d90ad734984f8021c","68f1da5d90ad734984f80238","escooccupation","2025-10-17T05:55:46.273Z","2025-10-17T05:55:46.273Z"
"escooccupation","68f1da5d90ad734984f8021c","68f1da5d90ad734984f80239","escooccupation","2025-10-17T05:55:46.273Z","2025-10-17T05:55:46.273Z"
"escooccupation","68f1da5d90ad734984f8021c","68f1da5d90ad734984f8023a","escooccupation","2025-10-17T05:55:46.273Z","2025-10-17T05:55:46.273Z"
"escooccupation","68f1da5d90ad734984f8021c","68f1da5d90ad734984f8023b","escooccupation","2025-10-17T05:55:46.273Z","2025-10-17T05:55:46.273Z"
"escooccupation","68f1da5d90ad734984f8021c","68f1da5d90ad734984f8023c","escooccupation","2025-10-17T05:55:46.273Z","2025-10-17T05:55:46.273Z"
"escooccupation","68f1da5d90ad734984f8021c","68f1da5d90ad734984f8023d","escooccupation","2025-10-17T05:55:46.273Z","2025-10-17T05:55:46.273Z"
"escooccupation","68f1da5d90ad734984f8021c","68f1da5d90ad734984f8023e","escooccupation","2025-10-17T05:55:46.273Z","2025-10-17T05:55:46.273Z"
"escooccupation","68f1da5d90ad734984f8021c","68f1da5d90ad734984f8023f","escooccupation","2025-10-17T05:55:46.273Z","2025-10-17T05:55:46.273Z"
"escooccupation","68f1da5d90ad734984f8021c","68f1da5d90ad734984f80240","escooccupation","2025-10-17T05:55:46.273Z","2025-10-17T05:55:46.273Z"
"escooccupation","68f1da5d90ad734984f8021c","68f1da5d90ad734984f80241","escooccupation","2025-10-17T05:55:46.273Z","2025-10-17T05:55:46.273Z"
"escooccupation","68f1da5d90ad734984f8021c","68f1da5d90ad734984f80242","escooccupation","2025-10-17T05:55:46.273Z","2025-10-17T05:55:46.273Z"
"escooccupation","68f1da5d90ad734984f8021c","68f1da5d90ad734984f80243","escooccupation","2025-10-17T05:55:46.273Z","2025-10-17T05:55:46.273Z"
"escooccupation","68f1da5d90ad734984f8021c","68f1da5d90ad734984f80244","escooccupation","2025-10-17T05:55:46.273Z","2025-10-17T05:55:46.273Z"
"escooccupation","68f1da5d90ad734984f8021c","68f1da5d90ad734984f80245","escooccupation","2025-10-17T05:55:46.273Z","2025-10-17T05:55:46.273Z"
"escooccupation","68f1da5d90ad734984f8021c","68f1da5d90ad734984f80246","escooccupation","2025-10-17T05:55:46.273Z","2025-10-17T05:55:46.273Z"
"escooccupation","68f1da5d90ad734984f8021c","68f1da5d90ad734984f80247","escooccupation","2025-10-17T05:55:46.273Z","2025-10-17T05:55:46.273Z"
"escooccupation","68f1da5d90ad734984f8021c","68f1da5d90ad734984f80248","escooccupation","2025-10-17T05:55:46.273Z","2025-10-17T05:55:46.273Z"
"escooccupation","68f1da5d90ad734984f8021c","68f1da5d90ad734984f80249","escooccupation","2025-10-17T05:55:46.273Z","2025-10-17T05:55:46.273Z"
"escooccupation","68f1da5d90ad734984f8021c","68f1da5d90ad734984f8024a","escooccupation","2025-10-17T05:55:46.273Z","2025-10-17T05:55:46.273Z"
"escooccupation","68f1da5d90ad734984f8021c","68f1da5d90ad734984f8024b","escooccupation","2025-10-17T05:55:46.273Z","2025-10-17T05:55:46.273Z"
"escooccupation","68f1da5d90ad734984f8021c","68f1da5d90ad734984f8024c","escooccupation","2025-10-17T05:55:46.273Z","2025-10-17T05:55:46.273Z"
"escooccupation","68f1da5d90ad734984f8021c","68f1da5d90ad734984f8024d","escooccupation","2025-10-17T05:55:46.274Z","2025-10-17T05:55:46.274Z"
"escooccupation","68f1da5d90ad734984f8021c","68f1da5d90ad734984f8024e","escooccupation","2025-10-17T05:55:46.274Z","2025-10-17T05:55:46.274Z"
"escooccupation","68f1da5d90ad734984f8021c","68f1da5d90ad734984f8024f","escooccupation","2025-10-17T05:55:46.274Z","2025-10-17T05:55:46.274Z"
"escooccupation","68f1da5d90ad734984f8021c","68f1da5d90ad734984f80250","escooccupation","2025-10-17T05:55:46.274Z","2025-10-17T05:55:46.274Z"
"escooccupation","68f1da5d90ad734984f802a1","68f1da5d90ad734984f80251","escooccupation","2025-10-17T05:55:46.274Z","2025-10-17T05:55:46.274Z"
"escooccupation","68f1da5d90ad734984f802a1","68f1da5d90ad734984f80252","escooccupation","2025-10-17T05:55:46.274Z","2025-10-17T05:55:46.274Z"
"escooccupation","68f1da5d90ad734984f802a1","68f1da5d90ad734984f80253","escooccupation","2025-10-17T05:55:46.274Z","2025-10-17T05:55:46.274Z"
"escooccupation","68f1da5d90ad734984f802a1","68f1da5d90ad734984f80254","escooccupation","2025-10-17T05:55:46.275Z","2025-10-17T05:55:46.275Z"
"escooccupation","68f1da5d90ad734984f802a1","68f1da5d90ad734984f80255","escooccupation","2025-10-17T05:55:46.275Z","2025-10-17T05:55:46.275Z"
"escooccupation","68f1da5d90ad734984f802a1","68f1da5d90ad734984f80256","escooccupation","2025-10-17T05:55:46.275Z","2025-10-17T05:55:46.275Z"
"escooccupation","68f1da5d90ad734984f802a1","68f1da5d90ad734984f80257","escooccupation","2025-10-17T05:55:46.275Z","2025-10-17T05:55:46.275Z"
"escooccupation","68f1da5d90ad734984f802a1","68f1da5d90ad734984f80258","escooccupation","2025-10-17T05:55:46.275Z","2025-10-17T05:55:46.275Z"
"escooccupation","68f1da5d90ad734984f802a1","68f1da5d90ad734984f80259","escooccupation","2025-10-17T05:55:46.275Z","2025-10-17T05:55:46.275Z"
"escooccupation","68f1da5d90ad734984f802a1","68f1da5d90ad734984f8025a","escooccupation","2025-10-17T05:55:46.275Z","2025-10-17T05:55:46.275Z"
"escooccupation","68f1da5d90ad734984f802a1","68f1da5d90ad734984f8025b","escooccupation","2025-10-17T05:55:46.275Z","2025-10-17T05:55:46.275Z"
"escooccupation","68f1da5d90ad734984f802a1","68f1da5d90ad734984f8025c","escooccupation","2025-10-17T05:55:46.275Z","2025-10-17T05:55:46.275Z"
"escooccupation","68f1da5d90ad734984f802a1","68f1da5d90ad734984f8025d","escooccupation","2025-10-17T05:55:46.275Z","2025-10-17T05:55:46.275Z"
"escooccupation","68f1da5d90ad734984f802a1","68f1da5d90ad734984f8025e","escooccupation","2025-10-17T05:55:46.275Z","2025-10-17T05:55:46.275Z"
"escooccupation","68f1da5d90ad734984f802a1","68f1da5d90ad734984f8025f","escooccupation","2025-10-17T05:55:46.275Z","2025-10-17T05:55:46.275Z"
"escooccupation","68f1da5d90ad734984f802a1","68f1da5d90ad734984f80260","escooccupation","2025-10-17T05:55:46.275Z","2025-10-17T05:55:46.275Z"
"escooccupation","68f1da5d90ad734984f80215","68f1da5d90ad734984f80261","escooccupation","2025-10-17T05:55:46.275Z","2025-10-17T05:55:46.275Z"
"escooccupation","68f1da5d90ad734984f80215","68f1da5d90ad734984f80262","escooccupation","2025-10-17T05:55:46.275Z","2025-10-17T05:55:46.275Z"
"escooccupation","68f1da5d90ad734984f80262","68f1da5d90ad734984f80263","escooccupation","2025-10-17T05:55:46.275Z","2025-10-17T05:55:46.275Z"
"iscogroup","68f1da4f90ad734984f7c65a","68f1da5d90ad734984f80264","escooccupation","2025-10-17T05:55:46.275Z","2025-10-17T05:55:46.275Z"
"iscogroup","68f1da4f90ad734984f7c65a","68f1da5d90ad734984f80265","escooccupation","2025-10-17T05:55:46.275Z","2025-10-17T05:55:46.275Z"
"iscogroup","68f1da4f90ad734984f7c65a","68f1da5d90ad734984f80266","escooccupation","2025-10-17T05:55:46.275Z","2025-10-17T05:55:46.275Z"
"iscogroup","68f1da4f90ad734984f7c65a","68f1da5d90ad734984f80267","escooccupation","2025-10-17T05:55:46.275Z","2025-10-17T05:55:46.275Z"
"iscogroup","68f1da4f90ad734984f7c65a","68f1da5d90ad734984f80268","escooccupation","2025-10-17T05:55:46.275Z","2025-10-17T05:55:46.275Z"
"escooccupation","68f1da5d90ad734984f80268","68f1da5d90ad734984f80269","escooccupation","2025-10-17T05:55:46.275Z","2025-10-17T05:55:46.275Z"
"iscogroup","68f1da4f90ad734984f7c662","68f1da5d90ad734984f8026a","escooccupation","2025-10-17T05:55:46.276Z","2025-10-17T05:55:46.276Z"
"escooccupation","68f1da5d90ad734984f8026a","68f1da5d90ad734984f8026b","escooccupation","2025-10-17T05:55:46.276Z","2025-10-17T05:55:46.276Z"
"escooccupation","68f1da5d90ad734984f8026a","68f1da5d90ad734984f8026c","escooccupation","2025-10-17T05:55:46.276Z","2025-10-17T05:55:46.276Z"
"escooccupation","68f1da5d90ad734984f8026a","68f1da5d90ad734984f8026d","escooccupation","2025-10-17T05:55:46.276Z","2025-10-17T05:55:46.276Z"
"escooccupation","68f1da5d90ad734984f8026a","68f1da5d90ad734984f8026e","escooccupation","2025-10-17T05:55:46.276Z","2025-10-17T05:55:46.276Z"
"escooccupation","68f1da5d90ad734984f8026a","68f1da5d90ad734984f8026f","escooccupation","2025-10-17T05:55:46.276Z","2025-10-17T05:55:46.276Z"
"escooccupation","68f1da5d90ad734984f8026a","68f1da5d90ad734984f80270","escooccupation","2025-10-17T05:55:46.276Z","2025-10-17T05:55:46.276Z"
"escooccupation","68f1da5d90ad734984f8026a","68f1da5d90ad734984f80271","escooccupation","2025-10-17T05:55:46.276Z","2025-10-17T05:55:46.276Z"
"escooccupation","68f1da5d90ad734984f8026a","68f1da5d90ad734984f80272","escooccupation","2025-10-17T05:55:46.276Z","2025-10-17T05:55:46.276Z"
"escooccupation","68f1da5d90ad734984f8026a","68f1da5d90ad734984f80273","escooccupation","2025-10-17T05:55:46.276Z","2025-10-17T05:55:46.276Z"
"escooccupation","68f1da5d90ad734984f8026a","68f1da5d90ad734984f80274","escooccupation","2025-10-17T05:55:46.276Z","2025-10-17T05:55:46.276Z"
"iscogroup","68f1da4f90ad734984f7c663","68f1da5d90ad734984f80275","escooccupation","2025-10-17T05:55:46.276Z","2025-10-17T05:55:46.276Z"
"iscogroup","68f1da4f90ad734984f7c663","68f1da5d90ad734984f80276","escooccupation","2025-10-17T05:55:46.277Z","2025-10-17T05:55:46.277Z"
"iscogroup","68f1da4f90ad734984f7c663","68f1da5d90ad734984f80277","escooccupation","2025-10-17T05:55:46.277Z","2025-10-17T05:55:46.277Z"
"iscogroup","68f1da4f90ad734984f7c663","68f1da5d90ad734984f80278","escooccupation","2025-10-17T05:55:46.277Z","2025-10-17T05:55:46.277Z"
"iscogroup","68f1da4f90ad734984f7c663","68f1da5d90ad734984f80279","escooccupation","2025-10-17T05:55:46.277Z","2025-10-17T05:55:46.277Z"
"iscogroup","68f1da4f90ad734984f7c663","68f1da5d90ad734984f8027a","escooccupation","2025-10-17T05:55:46.277Z","2025-10-17T05:55:46.277Z"
"iscogroup","68f1da4f90ad734984f7c664","68f1da5d90ad734984f8027b","escooccupation","2025-10-17T05:55:46.277Z","2025-10-17T05:55:46.277Z"
"iscogroup","68f1da4f90ad734984f7c664","68f1da5d90ad734984f8027c","escooccupation","2025-10-17T05:55:46.277Z","2025-10-17T05:55:46.277Z"
"iscogroup","68f1da4f90ad734984f7c664","68f1da5d90ad734984f8027d","escooccupation","2025-10-17T05:55:46.277Z","2025-10-17T05:55:46.277Z"
"iscogroup","68f1da4f90ad734984f7c664","68f1da5d90ad734984f8027e","escooccupation","2025-10-17T05:55:46.277Z","2025-10-17T05:55:46.277Z"
"iscogroup","68f1da4f90ad734984f7c664","68f1da5d90ad734984f8027f","escooccupation","2025-10-17T05:55:46.277Z","2025-10-17T05:55:46.277Z"
"iscogroup","68f1da4f90ad734984f7c664","68f1da5d90ad734984f80280","escooccupation","2025-10-17T05:55:46.277Z","2025-10-17T05:55:46.277Z"
"iscogroup","68f1da4f90ad734984f7c664","68f1da5d90ad734984f80281","escooccupation","2025-10-17T05:55:46.277Z","2025-10-17T05:55:46.277Z"
"iscogroup","68f1da4f90ad734984f7c664","68f1da5d90ad734984f80282","escooccupation","2025-10-17T05:55:46.277Z","2025-10-17T05:55:46.277Z"
"iscogroup","68f1da4f90ad734984f7c664","68f1da5d90ad734984f80283","escooccupation","2025-10-17T05:55:46.277Z","2025-10-17T05:55:46.277Z"
"iscogroup","68f1da4f90ad734984f7c664","68f1da5d90ad734984f80284","escooccupation","2025-10-17T05:55:46.277Z","2025-10-17T05:55:46.277Z"
"iscogroup","68f1da4f90ad734984f7c664","68f1da5d90ad734984f80285","escooccupation","2025-10-17T05:55:46.277Z","2025-10-17T05:55:46.277Z"
"iscogroup","68f1da4f90ad734984f7c664","68f1da5d90ad734984f80286","escooccupation","2025-10-17T05:55:46.277Z","2025-10-17T05:55:46.277Z"
"iscogroup","68f1da4f90ad734984f7c664","68f1da5d90ad734984f80287","escooccupation","2025-10-17T05:55:46.277Z","2025-10-17T05:55:46.277Z"
"iscogroup","68f1da4f90ad734984f7c664","68f1da5d90ad734984f80288","escooccupation","2025-10-17T05:55:46.277Z","2025-10-17T05:55:46.277Z"
"escooccupation","68f1da5d90ad734984f80288","68f1da5d90ad734984f80289","escooccupation","2025-10-17T05:55:46.277Z","2025-10-17T05:55:46.277Z"
"iscogroup","68f1da4f90ad734984f7c664","68f1da5d90ad734984f8028a","escooccupation","2025-10-17T05:55:46.277Z","2025-10-17T05:55:46.277Z"
"iscogroup","68f1da4f90ad734984f7c664","68f1da5d90ad734984f8028b","escooccupation","2025-10-17T05:55:46.277Z","2025-10-17T05:55:46.277Z"
"iscogroup","68f1da4f90ad734984f7c664","68f1da5d90ad734984f8028c","escooccupation","2025-10-17T05:55:46.277Z","2025-10-17T05:55:46.277Z"
"iscogroup","68f1da4f90ad734984f7c664","68f1da5d90ad734984f8028d","escooccupation","2025-10-17T05:55:46.277Z","2025-10-17T05:55:46.277Z"
"iscogroup","68f1da4f90ad734984f7c664","68f1da5d90ad734984f8028e","escooccupation","2025-10-17T05:55:46.277Z","2025-10-17T05:55:46.277Z"
"iscogroup","68f1da4f90ad734984f7c664","68f1da5d90ad734984f8028f","escooccupation","2025-10-17T05:55:46.277Z","2025-10-17T05:55:46.277Z"
"iscogroup","68f1da4f90ad734984f7c664","68f1da5d90ad734984f80290","escooccupation","2025-10-17T05:55:46.277Z","2025-10-17T05:55:46.277Z"
"iscogroup","68f1da4f90ad734984f7c664","68f1da5d90ad734984f80291","escooccupation","2025-10-17T05:55:46.277Z","2025-10-17T05:55:46.277Z"
"iscogroup","68f1da4f90ad734984f7c664","68f1da5d90ad734984f80292","escooccupation","2025-10-17T05:55:46.277Z","2025-10-17T05:55:46.277Z"
"iscogroup","68f1da4f90ad734984f7c667","68f1da5d90ad734984f80293","escooccupation","2025-10-17T05:55:46.278Z","2025-10-17T05:55:46.278Z"
"iscogroup","68f1da4f90ad734984f7c667","68f1da5d90ad734984f80294","escooccupation","2025-10-17T05:55:46.278Z","2025-10-17T05:55:46.278Z"
"iscogroup","68f1da4f90ad734984f7c667","68f1da5d90ad734984f80295","escooccupation","2025-10-17T05:55:46.278Z","2025-10-17T05:55:46.278Z"
"iscogroup","68f1da4f90ad734984f7c668","68f1da5d90ad734984f80296","escooccupation","2025-10-17T05:55:46.278Z","2025-10-17T05:55:46.278Z"
"iscogroup","68f1da4f90ad734984f7c66a","68f1da5d90ad734984f80297","escooccupation","2025-10-17T05:55:46.278Z","2025-10-17T05:55:46.278Z"
"iscogroup","68f1da4f90ad734984f7c66a","68f1da5d90ad734984f80298","escooccupation","2025-10-17T05:55:46.278Z","2025-10-17T05:55:46.278Z"
"iscogroup","68f1da4f90ad734984f7c66a","68f1da5d90ad734984f80299","escooccupation","2025-10-17T05:55:46.278Z","2025-10-17T05:55:46.278Z"
"iscogroup","68f1da4f90ad734984f7c66a","68f1da5d90ad734984f8029a","escooccupation","2025-10-17T05:55:46.278Z","2025-10-17T05:55:46.278Z"
"escooccupation","68f1da5d90ad734984f8029a","68f1da5d90ad734984f8029b","escooccupation","2025-10-17T05:55:46.278Z","2025-10-17T05:55:46.278Z"
"escooccupation","68f1da5d90ad734984f8021c","68f1da5d90ad734984f8029c","escooccupation","2025-10-17T05:55:46.274Z","2025-10-17T05:55:46.274Z"
"escooccupation","68f1da5d90ad734984f8021c","68f1da5d90ad734984f8029d","escooccupation","2025-10-17T05:55:46.274Z","2025-10-17T05:55:46.274Z"
"escooccupation","68f1da5d90ad734984f8021c","68f1da5d90ad734984f8029e","escooccupation","2025-10-17T05:55:46.274Z","2025-10-17T05:55:46.274Z"
"escooccupation","68f1da5d90ad734984f8021c","68f1da5d90ad734984f8029f","escooccupation","2025-10-17T05:55:46.274Z","2025-10-17T05:55:46.274Z"
"escooccupation","68f1da5d90ad734984f8021c","68f1da5d90ad734984f802a0","escooccupation","2025-10-17T05:55:46.274Z","2025-10-17T05:55:46.274Z"
"escooccupation","68f1da5d90ad734984f80215","68f1da5d90ad734984f802a1","escooccupation","2025-10-17T05:55:46.274Z","2025-10-17T05:55:46.274Z"
"escooccupation","68f1da5d90ad734984f802a1","68f1da5d90ad734984f802a2","escooccupation","2025-10-17T05:55:46.274Z","2025-10-17T05:55:46.274Z"
"escooccupation","68f1da5d90ad734984f802a1","68f1da5d90ad734984f802a3","escooccupation","2025-10-17T05:55:46.274Z","2025-10-17T05:55:46.274Z"
"escooccupation","68f1da5d90ad734984f802a1","68f1da5d90ad734984f802a4","escooccupation","2025-10-17T05:55:46.274Z","2025-10-17T05:55:46.274Z"
"escooccupation","68f1da5d90ad734984f802a1","68f1da5d90ad734984f802a5","escooccupation","2025-10-17T05:55:46.274Z","2025-10-17T05:55:46.274Z"
"escooccupation","68f1da5d90ad734984f802a1","68f1da5d90ad734984f802a6","escooccupation","2025-10-17T05:55:46.274Z","2025-10-17T05:55:46.274Z"
"escooccupation","68f1da5d90ad734984f802a1","68f1da5d90ad734984f802a7","escooccupation","2025-10-17T05:55:46.274Z","2025-10-17T05:55:46.274Z"
"escooccupation","68f1da5d90ad734984f802a1","68f1da5d90ad734984f802a8","escooccupation","2025-10-17T05:55:46.274Z","2025-10-17T05:55:46.274Z"
"escooccupation","68f1da5d90ad734984f802a1","68f1da5d90ad734984f802a9","escooccupation","2025-10-17T05:55:46.274Z","2025-10-17T05:55:46.274Z"
"escooccupation","68f1da5d90ad734984f802a1","68f1da5d90ad734984f802aa","escooccupation","2025-10-17T05:55:46.274Z","2025-10-17T05:55:46.274Z"
"escooccupation","68f1da5d90ad734984f802a1","68f1da5d90ad734984f802ab","escooccupation","2025-10-17T05:55:46.274Z","2025-10-17T05:55:46.274Z"
"escooccupation","68f1da5d90ad734984f802a1","68f1da5d90ad734984f802ac","escooccupation","2025-10-17T05:55:46.274Z","2025-10-17T05:55:46.274Z"
"escooccupation","68f1da5d90ad734984f802a1","68f1da5d90ad734984f802ad","escooccupation","2025-10-17T05:55:46.274Z","2025-10-17T05:55:46.274Z"
"escooccupation","68f1da5d90ad734984f802a1","68f1da5d90ad734984f802ae","escooccupation","2025-10-17T05:55:46.274Z","2025-10-17T05:55:46.274Z"
"escooccupation","68f1da5d90ad734984f802a1","68f1da5d90ad734984f802af","escooccupation","2025-10-17T05:55:46.274Z","2025-10-17T05:55:46.274Z"
"escooccupation","68f1da5d90ad734984f802a1","68f1da5d90ad734984f802b0","escooccupation","2025-10-17T05:55:46.274Z","2025-10-17T05:55:46.274Z"
"escooccupation","68f1da5d90ad734984f802a1","68f1da5d90ad734984f802b1","escooccupation","2025-10-17T05:55:46.274Z","2025-10-17T05:55:46.274Z"
"escooccupation","68f1da5d90ad734984f802a1","68f1da5d90ad734984f802b2","escooccupation","2025-10-17T05:55:46.274Z","2025-10-17T05:55:46.274Z"
"escooccupation","68f1da5d90ad734984f802a1","68f1da5d90ad734984f802b3","escooccupation","2025-10-17T05:55:46.274Z","2025-10-17T05:55:46.274Z"
"escooccupation","68f1da5d90ad734984f802a1","68f1da5d90ad734984f802b4","escooccupation","2025-10-17T05:55:46.274Z","2025-10-17T05:55:46.274Z"
"escooccupation","68f1da5d90ad734984f8029a","68f1da5d90ad734984f802b5","escooccupation","2025-10-17T05:55:46.279Z","2025-10-17T05:55:46.279Z"
"escooccupation","68f1da5d90ad734984f8029a","68f1da5d90ad734984f802b6","escooccupation","2025-10-17T05:55:46.279Z","2025-10-17T05:55:46.279Z"
"escooccupation","68f1da5d90ad734984f8029a","68f1da5d90ad734984f802b7","escooccupation","2025-10-17T05:55:46.279Z","2025-10-17T05:55:46.279Z"
"escooccupation","68f1da5d90ad734984f8029a","68f1da5d90ad734984f802b8","escooccupation","2025-10-17T05:55:46.279Z","2025-10-17T05:55:46.279Z"
"escooccupation","68f1da5d90ad734984f8029a","68f1da5d90ad734984f802b9","escooccupation","2025-10-17T05:55:46.279Z","2025-10-17T05:55:46.279Z"
"escooccupation","68f1da5d90ad734984f8029a","68f1da5d90ad734984f802ba","escooccupation","2025-10-17T05:55:46.279Z","2025-10-17T05:55:46.279Z"
"escooccupation","68f1da5d90ad734984f8029a","68f1da5d90ad734984f802bb","escooccupation","2025-10-17T05:55:46.279Z","2025-10-17T05:55:46.279Z"
"escooccupation","68f1da5d90ad734984f8029a","68f1da5d90ad734984f802bc","escooccupation","2025-10-17T05:55:46.279Z","2025-10-17T05:55:46.279Z"
"escooccupation","68f1da5d90ad734984f8029a","68f1da5d90ad734984f802bd","escooccupation","2025-10-17T05:55:46.279Z","2025-10-17T05:55:46.279Z"
"escooccupation","68f1da5d90ad734984f8029a","68f1da5d90ad734984f802be","escooccupation","2025-10-17T05:55:46.279Z","2025-10-17T05:55:46.279Z"
"escooccupation","68f1da5d90ad734984f8029a","68f1da5d90ad734984f802bf","escooccupation","2025-10-17T05:55:46.279Z","2025-10-17T05:55:46.279Z"
"escooccupation","68f1da5d90ad734984f8029a","68f1da5d90ad734984f802c0","escooccupation","2025-10-17T05:55:46.279Z","2025-10-17T05:55:46.279Z"
"escooccupation","68f1da5d90ad734984f8029a","68f1da5d90ad734984f802c1","escooccupation","2025-10-17T05:55:46.279Z","2025-10-17T05:55:46.279Z"
"escooccupation","68f1da5d90ad734984f8029a","68f1da5d90ad734984f802c2","escooccupation","2025-10-17T05:55:46.279Z","2025-10-17T05:55:46.279Z"
"escooccupation","68f1da5d90ad734984f8029a","68f1da5d90ad734984f802c3","escooccupation","2025-10-17T05:55:46.279Z","2025-10-17T05:55:46.279Z"
"escooccupation","68f1da5d90ad734984f8029a","68f1da5d90ad734984f802c4","escooccupation","2025-10-17T05:55:46.279Z","2025-10-17T05:55:46.279Z"
"escooccupation","68f1da5d90ad734984f8029a","68f1da5d90ad734984f802c5","escooccupation","2025-10-17T05:55:46.291Z","2025-10-17T05:55:46.291Z"
"iscogroup","68f1da4f90ad734984f7c66a","68f1da5d90ad734984f802c6","escooccupation","2025-10-17T05:55:46.291Z","2025-10-17T05:55:46.291Z"
"iscogroup","68f1da4f90ad734984f7c66a","68f1da5d90ad734984f802c7","escooccupation","2025-10-17T05:55:46.291Z","2025-10-17T05:55:46.291Z"
"iscogroup","68f1da4f90ad734984f7c66c","68f1da5d90ad734984f802c8","escooccupation","2025-10-17T05:55:46.291Z","2025-10-17T05:55:46.291Z"
"escooccupation","68f1da5d90ad734984f802c8","68f1da5e90ad734984f802c9","escooccupation","2025-10-17T05:55:46.291Z","2025-10-17T05:55:46.291Z"
"escooccupation","68f1da5d90ad734984f802c8","68f1da5e90ad734984f802ca","escooccupation","2025-10-17T05:55:46.291Z","2025-10-17T05:55:46.291Z"
"iscogroup","68f1da4f90ad734984f7c66c","68f1da5e90ad734984f802cb","escooccupation","2025-10-17T05:55:46.291Z","2025-10-17T05:55:46.291Z"
"escooccupation","68f1da5e90ad734984f802cb","68f1da5e90ad734984f802cc","escooccupation","2025-10-17T05:55:46.291Z","2025-10-17T05:55:46.291Z"
"escooccupation","68f1da5e90ad734984f802cb","68f1da5e90ad734984f802cd","escooccupation","2025-10-17T05:55:46.291Z","2025-10-17T05:55:46.291Z"
"escooccupation","68f1da5e90ad734984f802cb","68f1da5e90ad734984f802ce","escooccupation","2025-10-17T05:55:46.291Z","2025-10-17T05:55:46.291Z"
"escooccupation","68f1da5e90ad734984f802cb","68f1da5e90ad734984f802cf","escooccupation","2025-10-17T05:55:46.291Z","2025-10-17T05:55:46.291Z"
"escooccupation","68f1da5e90ad734984f802cb","68f1da5e90ad734984f802d0","escooccupation","2025-10-17T05:55:46.291Z","2025-10-17T05:55:46.291Z"
"escooccupation","68f1da5e90ad734984f802cb","68f1da5e90ad734984f802d1","escooccupation","2025-10-17T05:55:46.291Z","2025-10-17T05:55:46.291Z"
"iscogroup","68f1da4f90ad734984f7c66c","68f1da5e90ad734984f802d2","escooccupation","2025-10-17T05:55:46.291Z","2025-10-17T05:55:46.291Z"
"iscogroup","68f1da4f90ad734984f7c66d","68f1da5e90ad734984f802d3","escooccupation","2025-10-17T05:55:46.291Z","2025-10-17T05:55:46.291Z"
"iscogroup","68f1da4f90ad734984f7c66d","68f1da5e90ad734984f802d4","escooccupation","2025-10-17T05:55:46.291Z","2025-10-17T05:55:46.291Z"
"iscogroup","68f1da4f90ad734984f7c66d","68f1da5e90ad734984f802d5","escooccupation","2025-10-17T05:55:46.291Z","2025-10-17T05:55:46.291Z"
"iscogroup","68f1da4f90ad734984f7c66d","68f1da5e90ad734984f802d6","escooccupation","2025-10-17T05:55:46.291Z","2025-10-17T05:55:46.291Z"
"iscogroup","68f1da4f90ad734984f7c66d","68f1da5e90ad734984f802d7","escooccupation","2025-10-17T05:55:46.291Z","2025-10-17T05:55:46.291Z"
"iscogroup","68f1da4f90ad734984f7c66d","68f1da5e90ad734984f802d8","escooccupation","2025-10-17T05:55:46.291Z","2025-10-17T05:55:46.291Z"
"iscogroup","68f1da4f90ad734984f7c66d","68f1da5e90ad734984f802d9","escooccupation","2025-10-17T05:55:46.291Z","2025-10-17T05:55:46.291Z"
"iscogroup","68f1da4f90ad734984f7c66d","68f1da5e90ad734984f802da","escooccupation","2025-10-17T05:55:46.291Z","2025-10-17T05:55:46.291Z"
"iscogroup","68f1da4f90ad734984f7c671","68f1da5e90ad734984f802db","escooccupation","2025-10-17T05:55:46.292Z","2025-10-17T05:55:46.292Z"
"iscogroup","68f1da4f90ad734984f7c671","68f1da5e90ad734984f802dc","escooccupation","2025-10-17T05:55:46.292Z","2025-10-17T05:55:46.292Z"
"iscogroup","68f1da4f90ad734984f7c671","68f1da5e90ad734984f802dd","escooccupation","2025-10-17T05:55:46.292Z","2025-10-17T05:55:46.292Z"
"iscogroup","68f1da4f90ad734984f7c672","68f1da5e90ad734984f802de","escooccupation","2025-10-17T05:55:46.292Z","2025-10-17T05:55:46.292Z"
"escooccupation","68f1da5e90ad734984f802de","68f1da5e90ad734984f802df","escooccupation","2025-10-17T05:55:46.292Z","2025-10-17T05:55:46.292Z"
"escooccupation","68f1da5e90ad734984f802de","68f1da5e90ad734984f802e0","escooccupation","2025-10-17T05:55:46.292Z","2025-10-17T05:55:46.292Z"
"escooccupation","68f1da5e90ad734984f802de","68f1da5e90ad734984f802e1","escooccupation","2025-10-17T05:55:46.292Z","2025-10-17T05:55:46.292Z"
"iscogroup","68f1da4f90ad734984f7c672","68f1da5e90ad734984f802e2","escooccupation","2025-10-17T05:55:46.292Z","2025-10-17T05:55:46.292Z"
"iscogroup","68f1da4f90ad734984f7c673","68f1da5e90ad734984f802e3","escooccupation","2025-10-17T05:55:46.292Z","2025-10-17T05:55:46.292Z"
"escooccupation","68f1da5e90ad734984f802e3","68f1da5e90ad734984f802e4","escooccupation","2025-10-17T05:55:46.292Z","2025-10-17T05:55:46.292Z"
"escooccupation","68f1da5e90ad734984f802e3","68f1da5e90ad734984f802e5","escooccupation","2025-10-17T05:55:46.292Z","2025-10-17T05:55:46.292Z"
"escooccupation","68f1da5e90ad734984f802e3","68f1da5e90ad734984f802e6","escooccupation","2025-10-17T05:55:46.292Z","2025-10-17T05:55:46.292Z"
"escooccupation","68f1da5e90ad734984f802e3","68f1da5e90ad734984f802e7","escooccupation","2025-10-17T05:55:46.292Z","2025-10-17T05:55:46.292Z"
"escooccupation","68f1da5e90ad734984f802e3","68f1da5e90ad734984f802e8","escooccupation","2025-10-17T05:55:46.292Z","2025-10-17T05:55:46.292Z"
"escooccupation","68f1da5e90ad734984f802e3","68f1da5e90ad734984f802e9","escooccupation","2025-10-17T05:55:46.292Z","2025-10-17T05:55:46.292Z"
"iscogroup","68f1da4f90ad734984f7c673","68f1da5e90ad734984f802ea","escooccupation","2025-10-17T05:55:46.292Z","2025-10-17T05:55:46.292Z"
"iscogroup","68f1da4f90ad734984f7c674","68f1da5e90ad734984f802eb","escooccupation","2025-10-17T05:55:46.292Z","2025-10-17T05:55:46.292Z"
"escooccupation","68f1da5e90ad734984f802eb","68f1da5e90ad734984f802ec","escooccupation","2025-10-17T05:55:46.292Z","2025-10-17T05:55:46.292Z"
"escooccupation","68f1da5e90ad734984f802eb","68f1da5e90ad734984f802ed","escooccupation","2025-10-17T05:55:46.292Z","2025-10-17T05:55:46.292Z"
"escooccupation","68f1da5e90ad734984f802eb","68f1da5e90ad734984f802ee","escooccupation","2025-10-17T05:55:46.292Z","2025-10-17T05:55:46.292Z"
"escooccupation","68f1da5e90ad734984f802eb","68f1da5e90ad734984f802ef","escooccupation","2025-10-17T05:55:46.292Z","2025-10-17T05:55:46.292Z"
"escooccupation","68f1da5e90ad734984f802eb","68f1da5e90ad734984f802f0","escooccupation","2025-10-17T05:55:46.292Z","2025-10-17T05:55:46.292Z"
"escooccupation","68f1da5e90ad734984f802eb","68f1da5e90ad734984f802f1","escooccupation","2025-10-17T05:55:46.292Z","2025-10-17T05:55:46.292Z"
"escooccupation","68f1da5e90ad734984f802eb","68f1da5e90ad734984f802f2","escooccupation","2025-10-17T05:55:46.292Z","2025-10-17T05:55:46.292Z"
"escooccupation","68f1da5e90ad734984f802eb","68f1da5e90ad734984f802f3","escooccupation","2025-10-17T05:55:46.292Z","2025-10-17T05:55:46.292Z"
"escooccupation","68f1da5e90ad734984f802eb","68f1da5e90ad734984f802f4","escooccupation","2025-10-17T05:55:46.292Z","2025-10-17T05:55:46.292Z"
"escooccupation","68f1da5e90ad734984f802eb","68f1da5e90ad734984f802f5","escooccupation","2025-10-17T05:55:46.292Z","2025-10-17T05:55:46.292Z"
"iscogroup","68f1da4f90ad734984f7c674","68f1da5e90ad734984f802f6","escooccupation","2025-10-17T05:55:46.292Z","2025-10-17T05:55:46.292Z"
"iscogroup","68f1da4f90ad734984f7c674","68f1da5e90ad734984f802f7","escooccupation","2025-10-17T05:55:46.292Z","2025-10-17T05:55:46.292Z"
"iscogroup","68f1da4f90ad734984f7c676","68f1da5e90ad734984f802f8","escooccupation","2025-10-17T05:55:46.293Z","2025-10-17T05:55:46.293Z"
"iscogroup","68f1da4f90ad734984f7c676","68f1da5e90ad734984f802f9","escooccupation","2025-10-17T05:55:46.293Z","2025-10-17T05:55:46.293Z"
"iscogroup","68f1da4f90ad734984f7c676","68f1da5e90ad734984f802fa","escooccupation","2025-10-17T05:55:46.293Z","2025-10-17T05:55:46.293Z"
"iscogroup","68f1da4f90ad734984f7c676","68f1da5e90ad734984f802fb","escooccupation","2025-10-17T05:55:46.293Z","2025-10-17T05:55:46.293Z"
"iscogroup","68f1da4f90ad734984f7c676","68f1da5e90ad734984f802fc","escooccupation","2025-10-17T05:55:46.293Z","2025-10-17T05:55:46.293Z"
"iscogroup","68f1da4f90ad734984f7c676","68f1da5e90ad734984f802fd","escooccupation","2025-10-17T05:55:46.293Z","2025-10-17T05:55:46.293Z"
"escooccupation","68f1da5e90ad734984f802fd","68f1da5e90ad734984f802fe","escooccupation","2025-10-17T05:55:46.293Z","2025-10-17T05:55:46.293Z"
"iscogroup","68f1da4f90ad734984f7c678","68f1da5e90ad734984f802ff","escooccupation","2025-10-17T05:55:46.293Z","2025-10-17T05:55:46.293Z"
"escooccupation","68f1da5d90ad734984f8029a","68f1da5e90ad734984f80300","escooccupation","2025-10-17T05:55:46.278Z","2025-10-17T05:55:46.278Z"
"escooccupation","68f1da5d90ad734984f8029a","68f1da5e90ad734984f80301","escooccupation","2025-10-17T05:55:46.278Z","2025-10-17T05:55:46.278Z"
"escooccupation","68f1da5d90ad734984f8029a","68f1da5e90ad734984f80302","escooccupation","2025-10-17T05:55:46.278Z","2025-10-17T05:55:46.278Z"
"escooccupation","68f1da5d90ad734984f8029a","68f1da5e90ad734984f80303","escooccupation","2025-10-17T05:55:46.278Z","2025-10-17T05:55:46.278Z"
"escooccupation","68f1da5d90ad734984f8029a","68f1da5e90ad734984f80304","escooccupation","2025-10-17T05:55:46.278Z","2025-10-17T05:55:46.278Z"
"escooccupation","68f1da5d90ad734984f8029a","68f1da5e90ad734984f80305","escooccupation","2025-10-17T05:55:46.278Z","2025-10-17T05:55:46.278Z"
"escooccupation","68f1da5d90ad734984f8029a","68f1da5e90ad734984f80306","escooccupation","2025-10-17T05:55:46.278Z","2025-10-17T05:55:46.278Z"
"escooccupation","68f1da5d90ad734984f8029a","68f1da5e90ad734984f80307","escooccupation","2025-10-17T05:55:46.278Z","2025-10-17T05:55:46.278Z"
"escooccupation","68f1da5d90ad734984f8029a","68f1da5e90ad734984f80308","escooccupation","2025-10-17T05:55:46.278Z","2025-10-17T05:55:46.278Z"
"escooccupation","68f1da5d90ad734984f8029a","68f1da5e90ad734984f80309","escooccupation","2025-10-17T05:55:46.278Z","2025-10-17T05:55:46.278Z"
"escooccupation","68f1da5d90ad734984f8029a","68f1da5e90ad734984f8030a","escooccupation","2025-10-17T05:55:46.278Z","2025-10-17T05:55:46.278Z"
"escooccupation","68f1da5d90ad734984f8029a","68f1da5e90ad734984f8030b","escooccupation","2025-10-17T05:55:46.278Z","2025-10-17T05:55:46.278Z"
"escooccupation","68f1da5d90ad734984f8029a","68f1da5e90ad734984f8030c","escooccupation","2025-10-17T05:55:46.278Z","2025-10-17T05:55:46.278Z"
"escooccupation","68f1da5d90ad734984f8029a","68f1da5e90ad734984f8030d","escooccupation","2025-10-17T05:55:46.278Z","2025-10-17T05:55:46.278Z"
"escooccupation","68f1da5d90ad734984f8029a","68f1da5e90ad734984f8030e","escooccupation","2025-10-17T05:55:46.278Z","2025-10-17T05:55:46.278Z"
"escooccupation","68f1da5d90ad734984f8029a","68f1da5e90ad734984f8030f","escooccupation","2025-10-17T05:55:46.278Z","2025-10-17T05:55:46.278Z"
"escooccupation","68f1da5d90ad734984f8029a","68f1da5e90ad734984f80310","escooccupation","2025-10-17T05:55:46.278Z","2025-10-17T05:55:46.278Z"
"escooccupation","68f1da5d90ad734984f8029a","68f1da5e90ad734984f80311","escooccupation","2025-10-17T05:55:46.278Z","2025-10-17T05:55:46.278Z"
"escooccupation","68f1da5d90ad734984f8029a","68f1da5e90ad734984f80312","escooccupation","2025-10-17T05:55:46.278Z","2025-10-17T05:55:46.278Z"
"escooccupation","68f1da5d90ad734984f8029a","68f1da5e90ad734984f80313","escooccupation","2025-10-17T05:55:46.278Z","2025-10-17T05:55:46.278Z"
"escooccupation","68f1da5d90ad734984f8029a","68f1da5e90ad734984f80314","escooccupation","2025-10-17T05:55:46.278Z","2025-10-17T05:55:46.278Z"
"escooccupation","68f1da5d90ad734984f8029a","68f1da5e90ad734984f80315","escooccupation","2025-10-17T05:55:46.279Z","2025-10-17T05:55:46.279Z"
"escooccupation","68f1da5d90ad734984f8029a","68f1da5e90ad734984f80316","escooccupation","2025-10-17T05:55:46.279Z","2025-10-17T05:55:46.279Z"
"escooccupation","68f1da5d90ad734984f8029a","68f1da5e90ad734984f80317","escooccupation","2025-10-17T05:55:46.279Z","2025-10-17T05:55:46.279Z"
"escooccupation","68f1da5d90ad734984f8029a","68f1da5e90ad734984f80318","escooccupation","2025-10-17T05:55:46.279Z","2025-10-17T05:55:46.279Z"
"iscogroup","68f1da4f90ad734984f7c679","68f1da5e90ad734984f80319","escooccupation","2025-10-17T05:55:46.294Z","2025-10-17T05:55:46.294Z"
"iscogroup","68f1da4f90ad734984f7c679","68f1da5e90ad734984f8031a","escooccupation","2025-10-17T05:55:46.294Z","2025-10-17T05:55:46.294Z"
"iscogroup","68f1da4f90ad734984f7c679","68f1da5e90ad734984f8031b","escooccupation","2025-10-17T05:55:46.294Z","2025-10-17T05:55:46.294Z"
"iscogroup","68f1da4f90ad734984f7c679","68f1da5e90ad734984f8031c","escooccupation","2025-10-17T05:55:46.294Z","2025-10-17T05:55:46.294Z"
"iscogroup","68f1da4f90ad734984f7c67a","68f1da5e90ad734984f8031d","escooccupation","2025-10-17T05:55:46.294Z","2025-10-17T05:55:46.294Z"
"iscogroup","68f1da4f90ad734984f7c67a","68f1da5e90ad734984f8031e","escooccupation","2025-10-17T05:55:46.294Z","2025-10-17T05:55:46.294Z"
"iscogroup","68f1da4f90ad734984f7c67a","68f1da5e90ad734984f8031f","escooccupation","2025-10-17T05:55:46.294Z","2025-10-17T05:55:46.294Z"
"iscogroup","68f1da4f90ad734984f7c67a","68f1da5e90ad734984f80320","escooccupation","2025-10-17T05:55:46.294Z","2025-10-17T05:55:46.294Z"
"iscogroup","68f1da4f90ad734984f7c67a","68f1da5e90ad734984f80321","escooccupation","2025-10-17T05:55:46.294Z","2025-10-17T05:55:46.294Z"
"iscogroup","68f1da4f90ad734984f7c67a","68f1da5e90ad734984f80322","escooccupation","2025-10-17T05:55:46.294Z","2025-10-17T05:55:46.294Z"
"escooccupation","68f1da5e90ad734984f80322","68f1da5e90ad734984f80323","escooccupation","2025-10-17T05:55:46.294Z","2025-10-17T05:55:46.294Z"
"iscogroup","68f1da4f90ad734984f7c67a","68f1da5e90ad734984f80324","escooccupation","2025-10-17T05:55:46.294Z","2025-10-17T05:55:46.294Z"
"iscogroup","68f1da4f90ad734984f7c67a","68f1da5e90ad734984f80325","escooccupation","2025-10-17T05:55:46.294Z","2025-10-17T05:55:46.294Z"
"iscogroup","68f1da4f90ad734984f7c67a","68f1da5e90ad734984f80326","escooccupation","2025-10-17T05:55:46.294Z","2025-10-17T05:55:46.294Z"
"iscogroup","68f1da4f90ad734984f7c67a","68f1da5e90ad734984f80327","escooccupation","2025-10-17T05:55:46.294Z","2025-10-17T05:55:46.294Z"
"iscogroup","68f1da4f90ad734984f7c67a","68f1da5e90ad734984f80328","escooccupation","2025-10-17T05:55:46.294Z","2025-10-17T05:55:46.294Z"
"iscogroup","68f1da4f90ad734984f7c67a","68f1da5e90ad734984f80329","escooccupation","2025-10-17T05:55:46.294Z","2025-10-17T05:55:46.294Z"
"iscogroup","68f1da4f90ad734984f7c67a","68f1da5e90ad734984f8032a","escooccupation","2025-10-17T05:55:46.294Z","2025-10-17T05:55:46.294Z"
"iscogroup","68f1da4f90ad734984f7c67a","68f1da5e90ad734984f8032b","escooccupation","2025-10-17T05:55:46.294Z","2025-10-17T05:55:46.294Z"
"iscogroup","68f1da4f90ad734984f7c67c","68f1da5e90ad734984f8032c","escooccupation","2025-10-17T05:55:46.294Z","2025-10-17T05:55:46.294Z"
"iscogroup","68f1da4f90ad734984f7c67c","68f1da5e90ad734984f8032d","escooccupation","2025-10-17T05:55:46.294Z","2025-10-17T05:55:46.294Z"
"iscogroup","68f1da4f90ad734984f7c67c","68f1da5e90ad734984f8032e","escooccupation","2025-10-17T05:55:46.294Z","2025-10-17T05:55:46.294Z"
"iscogroup","68f1da4f90ad734984f7c67c","68f1da5e90ad734984f8032f","escooccupation","2025-10-17T05:55:46.294Z","2025-10-17T05:55:46.294Z"
"iscogroup","68f1da4f90ad734984f7c67c","68f1da5e90ad734984f80330","escooccupation","2025-10-17T05:55:46.294Z","2025-10-17T05:55:46.294Z"
"iscogroup","68f1da4f90ad734984f7c67c","68f1da5e90ad734984f80331","escooccupation","2025-10-17T05:55:46.294Z","2025-10-17T05:55:46.294Z"
"iscogroup","68f1da4f90ad734984f7c678","68f1da5e90ad734984f80332","escooccupation","2025-10-17T05:55:46.293Z","2025-10-17T05:55:46.293Z"
"iscogroup","68f1da4f90ad734984f7c678","68f1da5e90ad734984f80333","escooccupation","2025-10-17T05:55:46.293Z","2025-10-17T05:55:46.293Z"
"iscogroup","68f1da4f90ad734984f7c678","68f1da5e90ad734984f80334","escooccupation","2025-10-17T05:55:46.293Z","2025-10-17T05:55:46.293Z"
"escooccupation","68f1da5e90ad734984f80334","68f1da5e90ad734984f80335","escooccupation","2025-10-17T05:55:46.293Z","2025-10-17T05:55:46.293Z"
"escooccupation","68f1da5e90ad734984f80334","68f1da5e90ad734984f80336","escooccupation","2025-10-17T05:55:46.293Z","2025-10-17T05:55:46.293Z"
"escooccupation","68f1da5e90ad734984f80334","68f1da5e90ad734984f80337","escooccupation","2025-10-17T05:55:46.293Z","2025-10-17T05:55:46.293Z"
"escooccupation","68f1da5e90ad734984f80334","68f1da5e90ad734984f80338","escooccupation","2025-10-17T05:55:46.293Z","2025-10-17T05:55:46.293Z"
"escooccupation","68f1da5e90ad734984f80334","68f1da5e90ad734984f80339","escooccupation","2025-10-17T05:55:46.293Z","2025-10-17T05:55:46.293Z"
"escooccupation","68f1da5e90ad734984f80334","68f1da5e90ad734984f8033a","escooccupation","2025-10-17T05:55:46.293Z","2025-10-17T05:55:46.293Z"
"escooccupation","68f1da5e90ad734984f80334","68f1da5e90ad734984f8033b","escooccupation","2025-10-17T05:55:46.293Z","2025-10-17T05:55:46.293Z"
"escooccupation","68f1da5e90ad734984f80334","68f1da5e90ad734984f8033c","escooccupation","2025-10-17T05:55:46.293Z","2025-10-17T05:55:46.293Z"
"escooccupation","68f1da5e90ad734984f80334","68f1da5e90ad734984f8033d","escooccupation","2025-10-17T05:55:46.293Z","2025-10-17T05:55:46.293Z"
"escooccupation","68f1da5e90ad734984f80334","68f1da5e90ad734984f8033e","escooccupation","2025-10-17T05:55:46.293Z","2025-10-17T05:55:46.293Z"
"escooccupation","68f1da5e90ad734984f8033e","68f1da5e90ad734984f8033f","escooccupation","2025-10-17T05:55:46.293Z","2025-10-17T05:55:46.293Z"
"escooccupation","68f1da5e90ad734984f80334","68f1da5e90ad734984f80340","escooccupation","2025-10-17T05:55:46.293Z","2025-10-17T05:55:46.293Z"
"escooccupation","68f1da5e90ad734984f80334","68f1da5e90ad734984f80341","escooccupation","2025-10-17T05:55:46.293Z","2025-10-17T05:55:46.293Z"
"escooccupation","68f1da5e90ad734984f80334","68f1da5e90ad734984f80342","escooccupation","2025-10-17T05:55:46.293Z","2025-10-17T05:55:46.293Z"
"iscogroup","68f1da4f90ad734984f7c678","68f1da5e90ad734984f80343","escooccupation","2025-10-17T05:55:46.293Z","2025-10-17T05:55:46.293Z"
"iscogroup","68f1da4f90ad734984f7c678","68f1da5e90ad734984f80344","escooccupation","2025-10-17T05:55:46.293Z","2025-10-17T05:55:46.293Z"
"iscogroup","68f1da4f90ad734984f7c678","68f1da5e90ad734984f80345","escooccupation","2025-10-17T05:55:46.293Z","2025-10-17T05:55:46.293Z"
"iscogroup","68f1da4f90ad734984f7c678","68f1da5e90ad734984f80346","escooccupation","2025-10-17T05:55:46.293Z","2025-10-17T05:55:46.293Z"
"escooccupation","68f1da5e90ad734984f80346","68f1da5e90ad734984f80347","escooccupation","2025-10-17T05:55:46.293Z","2025-10-17T05:55:46.293Z"
"escooccupation","68f1da5e90ad734984f80346","68f1da5e90ad734984f80348","escooccupation","2025-10-17T05:55:46.293Z","2025-10-17T05:55:46.293Z"
"iscogroup","68f1da4f90ad734984f7c679","68f1da5e90ad734984f80349","escooccupation","2025-10-17T05:55:46.294Z","2025-10-17T05:55:46.294Z"
"iscogroup","68f1da4f90ad734984f7c679","68f1da5e90ad734984f8034a","escooccupation","2025-10-17T05:55:46.294Z","2025-10-17T05:55:46.294Z"
"iscogroup","68f1da4f90ad734984f7c681","68f1da5e90ad734984f8034b","escooccupation","2025-10-17T05:55:46.297Z","2025-10-17T05:55:46.297Z"
"iscogroup","68f1da4f90ad734984f7c681","68f1da5e90ad734984f8034c","escooccupation","2025-10-17T05:55:46.297Z","2025-10-17T05:55:46.297Z"
"iscogroup","68f1da4f90ad734984f7c682","68f1da5e90ad734984f8034d","escooccupation","2025-10-17T05:55:46.297Z","2025-10-17T05:55:46.297Z"
"iscogroup","68f1da4f90ad734984f7c682","68f1da5e90ad734984f8034e","escooccupation","2025-10-17T05:55:46.297Z","2025-10-17T05:55:46.297Z"
"escooccupation","68f1da5e90ad734984f8034e","68f1da5e90ad734984f8034f","escooccupation","2025-10-17T05:55:46.297Z","2025-10-17T05:55:46.297Z"
"iscogroup","68f1da4f90ad734984f7c682","68f1da5e90ad734984f80350","escooccupation","2025-10-17T05:55:46.297Z","2025-10-17T05:55:46.297Z"
"escooccupation","68f1da5e90ad734984f80350","68f1da5e90ad734984f80351","escooccupation","2025-10-17T05:55:46.297Z","2025-10-17T05:55:46.297Z"
"escooccupation","68f1da5e90ad734984f80350","68f1da5e90ad734984f80352","escooccupation","2025-10-17T05:55:46.297Z","2025-10-17T05:55:46.297Z"
"iscogroup","68f1da4f90ad734984f7c682","68f1da5e90ad734984f80353","escooccupation","2025-10-17T05:55:46.297Z","2025-10-17T05:55:46.297Z"
"escooccupation","68f1da5e90ad734984f80353","68f1da5e90ad734984f80354","escooccupation","2025-10-17T05:55:46.309Z","2025-10-17T05:55:46.309Z"
"iscogroup","68f1da4f90ad734984f7c682","68f1da5e90ad734984f80355","escooccupation","2025-10-17T05:55:46.309Z","2025-10-17T05:55:46.309Z"
"iscogroup","68f1da4f90ad734984f7c682","68f1da5e90ad734984f80356","escooccupation","2025-10-17T05:55:46.309Z","2025-10-17T05:55:46.309Z"
"iscogroup","68f1da4f90ad734984f7c682","68f1da5e90ad734984f80357","escooccupation","2025-10-17T05:55:46.309Z","2025-10-17T05:55:46.309Z"
"iscogroup","68f1da4f90ad734984f7c682","68f1da5e90ad734984f80358","escooccupation","2025-10-17T05:55:46.309Z","2025-10-17T05:55:46.309Z"
"iscogroup","68f1da4f90ad734984f7c682","68f1da5e90ad734984f80359","escooccupation","2025-10-17T05:55:46.310Z","2025-10-17T05:55:46.310Z"
"iscogroup","68f1da4f90ad734984f7c682","68f1da5e90ad734984f8035a","escooccupation","2025-10-17T05:55:46.310Z","2025-10-17T05:55:46.310Z"
"escooccupation","68f1da5e90ad734984f8035a","68f1da5e90ad734984f8035b","escooccupation","2025-10-17T05:55:46.310Z","2025-10-17T05:55:46.310Z"
"escooccupation","68f1da5e90ad734984f8035a","68f1da5e90ad734984f8035c","escooccupation","2025-10-17T05:55:46.310Z","2025-10-17T05:55:46.310Z"
"escooccupation","68f1da5e90ad734984f8035a","68f1da5e90ad734984f8035d","escooccupation","2025-10-17T05:55:46.310Z","2025-10-17T05:55:46.310Z"
"escooccupation","68f1da5e90ad734984f8035a","68f1da5e90ad734984f8035e","escooccupation","2025-10-17T05:55:46.310Z","2025-10-17T05:55:46.310Z"
"escooccupation","68f1da5e90ad734984f8035a","68f1da5e90ad734984f8035f","escooccupation","2025-10-17T05:55:46.310Z","2025-10-17T05:55:46.310Z"
"escooccupation","68f1da5e90ad734984f8035a","68f1da5e90ad734984f80360","escooccupation","2025-10-17T05:55:46.310Z","2025-10-17T05:55:46.310Z"
"escooccupation","68f1da5e90ad734984f8035a","68f1da5e90ad734984f80361","escooccupation","2025-10-17T05:55:46.310Z","2025-10-17T05:55:46.310Z"
"escooccupation","68f1da5e90ad734984f80361","68f1da5e90ad734984f80362","escooccupation","2025-10-17T05:55:46.310Z","2025-10-17T05:55:46.310Z"
"escooccupation","68f1da5e90ad734984f8035a","68f1da5e90ad734984f80363","escooccupation","2025-10-17T05:55:46.310Z","2025-10-17T05:55:46.310Z"
"escooccupation","68f1da5e90ad734984f80331","68f1da5e90ad734984f80364","escooccupation","2025-10-17T05:55:46.294Z","2025-10-17T05:55:46.294Z"
"escooccupation","68f1da5e90ad734984f80331","68f1da5e90ad734984f80365","escooccupation","2025-10-17T05:55:46.294Z","2025-10-17T05:55:46.294Z"
"escooccupation","68f1da5e90ad734984f80365","68f1da5e90ad734984f80366","escooccupation","2025-10-17T05:55:46.294Z","2025-10-17T05:55:46.294Z"
"escooccupation","68f1da5e90ad734984f80365","68f1da5e90ad734984f80367","escooccupation","2025-10-17T05:55:46.294Z","2025-10-17T05:55:46.294Z"
"escooccupation","68f1da5e90ad734984f80331","68f1da5e90ad734984f80368","escooccupation","2025-10-17T05:55:46.295Z","2025-10-17T05:55:46.295Z"
"iscogroup","68f1da4f90ad734984f7c67c","68f1da5e90ad734984f80369","escooccupation","2025-10-17T05:55:46.295Z","2025-10-17T05:55:46.295Z"
"iscogroup","68f1da4f90ad734984f7c67c","68f1da5e90ad734984f8036a","escooccupation","2025-10-17T05:55:46.295Z","2025-10-17T05:55:46.295Z"
"iscogroup","68f1da4f90ad734984f7c67c","68f1da5e90ad734984f8036b","escooccupation","2025-10-17T05:55:46.295Z","2025-10-17T05:55:46.295Z"
"iscogroup","68f1da4f90ad734984f7c67c","68f1da5e90ad734984f8036c","escooccupation","2025-10-17T05:55:46.295Z","2025-10-17T05:55:46.295Z"
"iscogroup","68f1da4f90ad734984f7c67d","68f1da5e90ad734984f8036d","escooccupation","2025-10-17T05:55:46.295Z","2025-10-17T05:55:46.295Z"
"escooccupation","68f1da5e90ad734984f8036d","68f1da5e90ad734984f8036e","escooccupation","2025-10-17T05:55:46.295Z","2025-10-17T05:55:46.295Z"
"escooccupation","68f1da5e90ad734984f8036d","68f1da5e90ad734984f8036f","escooccupation","2025-10-17T05:55:46.295Z","2025-10-17T05:55:46.295Z"
"escooccupation","68f1da5e90ad734984f8036d","68f1da5e90ad734984f80370","escooccupation","2025-10-17T05:55:46.295Z","2025-10-17T05:55:46.295Z"
"escooccupation","68f1da5e90ad734984f8036d","68f1da5e90ad734984f80371","escooccupation","2025-10-17T05:55:46.295Z","2025-10-17T05:55:46.295Z"
"escooccupation","68f1da5e90ad734984f8036d","68f1da5e90ad734984f80372","escooccupation","2025-10-17T05:55:46.295Z","2025-10-17T05:55:46.295Z"
"escooccupation","68f1da5e90ad734984f8036d","68f1da5e90ad734984f80373","escooccupation","2025-10-17T05:55:46.295Z","2025-10-17T05:55:46.295Z"
"escooccupation","68f1da5e90ad734984f8036d","68f1da5e90ad734984f80374","escooccupation","2025-10-17T05:55:46.295Z","2025-10-17T05:55:46.295Z"
"escooccupation","68f1da5e90ad734984f8036d","68f1da5e90ad734984f80375","escooccupation","2025-10-17T05:55:46.295Z","2025-10-17T05:55:46.295Z"
"escooccupation","68f1da5e90ad734984f8036d","68f1da5e90ad734984f80376","escooccupation","2025-10-17T05:55:46.295Z","2025-10-17T05:55:46.295Z"
"escooccupation","68f1da5e90ad734984f8036d","68f1da5e90ad734984f80377","escooccupation","2025-10-17T05:55:46.295Z","2025-10-17T05:55:46.295Z"
"iscogroup","68f1da4f90ad734984f7c67e","68f1da5e90ad734984f80378","escooccupation","2025-10-17T05:55:46.295Z","2025-10-17T05:55:46.295Z"
"escooccupation","68f1da5e90ad734984f80378","68f1da5e90ad734984f80379","escooccupation","2025-10-17T05:55:46.295Z","2025-10-17T05:55:46.295Z"
"escooccupation","68f1da5e90ad734984f80378","68f1da5e90ad734984f8037a","escooccupation","2025-10-17T05:55:46.295Z","2025-10-17T05:55:46.295Z"
"escooccupation","68f1da5e90ad734984f80378","68f1da5e90ad734984f8037b","escooccupation","2025-10-17T05:55:46.295Z","2025-10-17T05:55:46.295Z"
"iscogroup","68f1da4f90ad734984f7c67e","68f1da5e90ad734984f8037c","escooccupation","2025-10-17T05:55:46.295Z","2025-10-17T05:55:46.295Z"
"escooccupation","68f1da5e90ad734984f803b0","68f1da5e90ad734984f8037d","escooccupation","2025-10-17T05:55:46.296Z","2025-10-17T05:55:46.296Z"
"escooccupation","68f1da5e90ad734984f803b0","68f1da5e90ad734984f8037e","escooccupation","2025-10-17T05:55:46.296Z","2025-10-17T05:55:46.296Z"
"iscogroup","68f1da4f90ad734984f7c680","68f1da5e90ad734984f8037f","escooccupation","2025-10-17T05:55:46.296Z","2025-10-17T05:55:46.296Z"
"escooccupation","68f1da5e90ad734984f8037f","68f1da5e90ad734984f80380","escooccupation","2025-10-17T05:55:46.296Z","2025-10-17T05:55:46.296Z"
"escooccupation","68f1da5e90ad734984f8037f","68f1da5e90ad734984f80381","escooccupation","2025-10-17T05:55:46.296Z","2025-10-17T05:55:46.296Z"
"escooccupation","68f1da5e90ad734984f8037f","68f1da5e90ad734984f80382","escooccupation","2025-10-17T05:55:46.296Z","2025-10-17T05:55:46.296Z"
"escooccupation","68f1da5e90ad734984f8037f","68f1da5e90ad734984f80383","escooccupation","2025-10-17T05:55:46.296Z","2025-10-17T05:55:46.296Z"
"escooccupation","68f1da5e90ad734984f8037f","68f1da5e90ad734984f80384","escooccupation","2025-10-17T05:55:46.296Z","2025-10-17T05:55:46.296Z"
"escooccupation","68f1da5e90ad734984f8037f","68f1da5e90ad734984f80385","escooccupation","2025-10-17T05:55:46.296Z","2025-10-17T05:55:46.296Z"
"escooccupation","68f1da5e90ad734984f8037f","68f1da5e90ad734984f80386","escooccupation","2025-10-17T05:55:46.296Z","2025-10-17T05:55:46.296Z"
"escooccupation","68f1da5e90ad734984f8037f","68f1da5e90ad734984f80387","escooccupation","2025-10-17T05:55:46.296Z","2025-10-17T05:55:46.296Z"
"escooccupation","68f1da5e90ad734984f8037f","68f1da5e90ad734984f80388","escooccupation","2025-10-17T05:55:46.296Z","2025-10-17T05:55:46.296Z"
"iscogroup","68f1da4f90ad734984f7c680","68f1da5e90ad734984f80389","escooccupation","2025-10-17T05:55:46.296Z","2025-10-17T05:55:46.296Z"
"iscogroup","68f1da4f90ad734984f7c680","68f1da5e90ad734984f8038a","escooccupation","2025-10-17T05:55:46.296Z","2025-10-17T05:55:46.296Z"
"iscogroup","68f1da4f90ad734984f7c681","68f1da5e90ad734984f8038b","escooccupation","2025-10-17T05:55:46.296Z","2025-10-17T05:55:46.296Z"
"iscogroup","68f1da4f90ad734984f7c681","68f1da5e90ad734984f8038c","escooccupation","2025-10-17T05:55:46.296Z","2025-10-17T05:55:46.296Z"
"iscogroup","68f1da4f90ad734984f7c681","68f1da5e90ad734984f8038d","escooccupation","2025-10-17T05:55:46.296Z","2025-10-17T05:55:46.296Z"
"iscogroup","68f1da4f90ad734984f7c681","68f1da5e90ad734984f8038e","escooccupation","2025-10-17T05:55:46.297Z","2025-10-17T05:55:46.297Z"
"iscogroup","68f1da4f90ad734984f7c681","68f1da5e90ad734984f8038f","escooccupation","2025-10-17T05:55:46.297Z","2025-10-17T05:55:46.297Z"
"iscogroup","68f1da4f90ad734984f7c681","68f1da5e90ad734984f80390","escooccupation","2025-10-17T05:55:46.297Z","2025-10-17T05:55:46.297Z"
"iscogroup","68f1da4f90ad734984f7c681","68f1da5e90ad734984f80391","escooccupation","2025-10-17T05:55:46.297Z","2025-10-17T05:55:46.297Z"
"escooccupation","68f1da5e90ad734984f80391","68f1da5e90ad734984f80392","escooccupation","2025-10-17T05:55:46.297Z","2025-10-17T05:55:46.297Z"
"escooccupation","68f1da5e90ad734984f80391","68f1da5e90ad734984f80393","escooccupation","2025-10-17T05:55:46.297Z","2025-10-17T05:55:46.297Z"
"iscogroup","68f1da4f90ad734984f7c681","68f1da5e90ad734984f80394","escooccupation","2025-10-17T05:55:46.297Z","2025-10-17T05:55:46.297Z"
"iscogroup","68f1da4f90ad734984f7c681","68f1da5e90ad734984f80395","escooccupation","2025-10-17T05:55:46.297Z","2025-10-17T05:55:46.297Z"
"iscogroup","68f1da4f90ad734984f7c682","68f1da5e90ad734984f80396","escooccupation","2025-10-17T05:55:46.310Z","2025-10-17T05:55:46.310Z"
"iscogroup","68f1da4f90ad734984f7c682","68f1da5e90ad734984f80397","escooccupation","2025-10-17T05:55:46.310Z","2025-10-17T05:55:46.310Z"
"iscogroup","68f1da4f90ad734984f7c682","68f1da5e90ad734984f80398","escooccupation","2025-10-17T05:55:46.310Z","2025-10-17T05:55:46.310Z"
"escooccupation","68f1da5e90ad734984f80398","68f1da5e90ad734984f80399","escooccupation","2025-10-17T05:55:46.310Z","2025-10-17T05:55:46.310Z"
"iscogroup","68f1da4f90ad734984f7c682","68f1da5e90ad734984f8039a","escooccupation","2025-10-17T05:55:46.310Z","2025-10-17T05:55:46.310Z"
"iscogroup","68f1da4f90ad734984f7c682","68f1da5e90ad734984f8039b","escooccupation","2025-10-17T05:55:46.310Z","2025-10-17T05:55:46.310Z"
"iscogroup","68f1da4f90ad734984f7c682","68f1da5e90ad734984f8039c","escooccupation","2025-10-17T05:55:46.310Z","2025-10-17T05:55:46.310Z"
"iscogroup","68f1da4f90ad734984f7c682","68f1da5e90ad734984f8039d","escooccupation","2025-10-17T05:55:46.310Z","2025-10-17T05:55:46.310Z"
"escooccupation","68f1da5e90ad734984f8039d","68f1da5e90ad734984f8039e","escooccupation","2025-10-17T05:55:46.310Z","2025-10-17T05:55:46.310Z"
"escooccupation","68f1da5e90ad734984f8039d","68f1da5e90ad734984f8039f","escooccupation","2025-10-17T05:55:46.310Z","2025-10-17T05:55:46.310Z"
"escooccupation","68f1da5e90ad734984f8039d","68f1da5e90ad734984f803a0","escooccupation","2025-10-17T05:55:46.310Z","2025-10-17T05:55:46.310Z"
"escooccupation","68f1da5e90ad734984f8039d","68f1da5e90ad734984f803a1","escooccupation","2025-10-17T05:55:46.310Z","2025-10-17T05:55:46.310Z"
"escooccupation","68f1da5e90ad734984f8039d","68f1da5e90ad734984f803a2","escooccupation","2025-10-17T05:55:46.310Z","2025-10-17T05:55:46.310Z"
"escooccupation","68f1da5e90ad734984f8039d","68f1da5e90ad734984f803a3","escooccupation","2025-10-17T05:55:46.310Z","2025-10-17T05:55:46.310Z"
"escooccupation","68f1da5e90ad734984f8039d","68f1da5e90ad734984f803a4","escooccupation","2025-10-17T05:55:46.310Z","2025-10-17T05:55:46.310Z"
"escooccupation","68f1da5e90ad734984f8039d","68f1da5e90ad734984f803a5","escooccupation","2025-10-17T05:55:46.310Z","2025-10-17T05:55:46.310Z"
"escooccupation","68f1da5e90ad734984f8039d","68f1da5e90ad734984f803a6","escooccupation","2025-10-17T05:55:46.310Z","2025-10-17T05:55:46.310Z"
"iscogroup","68f1da4f90ad734984f7c684","68f1da5e90ad734984f803a7","escooccupation","2025-10-17T05:55:46.310Z","2025-10-17T05:55:46.310Z"
"escooccupation","68f1da5e90ad734984f803a7","68f1da5e90ad734984f803a8","escooccupation","2025-10-17T05:55:46.311Z","2025-10-17T05:55:46.311Z"
"escooccupation","68f1da5e90ad734984f803a7","68f1da5e90ad734984f803a9","escooccupation","2025-10-17T05:55:46.311Z","2025-10-17T05:55:46.311Z"
"escooccupation","68f1da5e90ad734984f803a7","68f1da5e90ad734984f803aa","escooccupation","2025-10-17T05:55:46.311Z","2025-10-17T05:55:46.311Z"
"escooccupation","68f1da5e90ad734984f803a7","68f1da5e90ad734984f803ab","escooccupation","2025-10-17T05:55:46.311Z","2025-10-17T05:55:46.311Z"
"escooccupation","68f1da5e90ad734984f803a7","68f1da5e90ad734984f803ac","escooccupation","2025-10-17T05:55:46.311Z","2025-10-17T05:55:46.311Z"
"escooccupation","68f1da5e90ad734984f803a7","68f1da5e90ad734984f803ad","escooccupation","2025-10-17T05:55:46.311Z","2025-10-17T05:55:46.311Z"
"iscogroup","68f1da4f90ad734984f7c684","68f1da5e90ad734984f803ae","escooccupation","2025-10-17T05:55:46.311Z","2025-10-17T05:55:46.311Z"
"iscogroup","68f1da4f90ad734984f7c67e","68f1da5e90ad734984f803af","escooccupation","2025-10-17T05:55:46.295Z","2025-10-17T05:55:46.295Z"
"iscogroup","68f1da4f90ad734984f7c67f","68f1da5e90ad734984f803b0","escooccupation","2025-10-17T05:55:46.295Z","2025-10-17T05:55:46.295Z"
"escooccupation","68f1da5e90ad734984f803b0","68f1da5e90ad734984f803b1","escooccupation","2025-10-17T05:55:46.295Z","2025-10-17T05:55:46.295Z"
"escooccupation","68f1da5e90ad734984f803b1","68f1da5e90ad734984f803b2","escooccupation","2025-10-17T05:55:46.295Z","2025-10-17T05:55:46.295Z"
"escooccupation","68f1da5e90ad734984f803b0","68f1da5e90ad734984f803b3","escooccupation","2025-10-17T05:55:46.295Z","2025-10-17T05:55:46.295Z"
"escooccupation","68f1da5e90ad734984f803b0","68f1da5e90ad734984f803b4","escooccupation","2025-10-17T05:55:46.295Z","2025-10-17T05:55:46.295Z"
"escooccupation","68f1da5e90ad734984f803b0","68f1da5e90ad734984f803b5","escooccupation","2025-10-17T05:55:46.295Z","2025-10-17T05:55:46.295Z"
"escooccupation","68f1da5e90ad734984f803b0","68f1da5e90ad734984f803b6","escooccupation","2025-10-17T05:55:46.295Z","2025-10-17T05:55:46.295Z"
"escooccupation","68f1da5e90ad734984f803b0","68f1da5e90ad734984f803b7","escooccupation","2025-10-17T05:55:46.295Z","2025-10-17T05:55:46.295Z"
"escooccupation","68f1da5e90ad734984f803b0","68f1da5e90ad734984f803b8","escooccupation","2025-10-17T05:55:46.295Z","2025-10-17T05:55:46.295Z"
"escooccupation","68f1da5e90ad734984f803b0","68f1da5e90ad734984f803b9","escooccupation","2025-10-17T05:55:46.296Z","2025-10-17T05:55:46.296Z"
"escooccupation","68f1da5e90ad734984f803b0","68f1da5e90ad734984f803ba","escooccupation","2025-10-17T05:55:46.296Z","2025-10-17T05:55:46.296Z"
"escooccupation","68f1da5e90ad734984f803b0","68f1da5e90ad734984f803bb","escooccupation","2025-10-17T05:55:46.296Z","2025-10-17T05:55:46.296Z"
"escooccupation","68f1da5e90ad734984f803b0","68f1da5e90ad734984f803bc","escooccupation","2025-10-17T05:55:46.296Z","2025-10-17T05:55:46.296Z"
"escooccupation","68f1da5e90ad734984f803b0","68f1da5e90ad734984f803bd","escooccupation","2025-10-17T05:55:46.296Z","2025-10-17T05:55:46.296Z"
"escooccupation","68f1da5e90ad734984f803bd","68f1da5e90ad734984f803be","escooccupation","2025-10-17T05:55:46.296Z","2025-10-17T05:55:46.296Z"
"escooccupation","68f1da5e90ad734984f803b0","68f1da5e90ad734984f803bf","escooccupation","2025-10-17T05:55:46.296Z","2025-10-17T05:55:46.296Z"
"escooccupation","68f1da5e90ad734984f803b0","68f1da5e90ad734984f803c0","escooccupation","2025-10-17T05:55:46.296Z","2025-10-17T05:55:46.296Z"
"escooccupation","68f1da5e90ad734984f803b0","68f1da5e90ad734984f803c1","escooccupation","2025-10-17T05:55:46.296Z","2025-10-17T05:55:46.296Z"
"escooccupation","68f1da5e90ad734984f803b0","68f1da5e90ad734984f803c2","escooccupation","2025-10-17T05:55:46.296Z","2025-10-17T05:55:46.296Z"
"escooccupation","68f1da5e90ad734984f803b0","68f1da5e90ad734984f803c3","escooccupation","2025-10-17T05:55:46.296Z","2025-10-17T05:55:46.296Z"
"escooccupation","68f1da5e90ad734984f803b0","68f1da5e90ad734984f803c4","escooccupation","2025-10-17T05:55:46.296Z","2025-10-17T05:55:46.296Z"
"escooccupation","68f1da5e90ad734984f803b0","68f1da5e90ad734984f803c5","escooccupation","2025-10-17T05:55:46.296Z","2025-10-17T05:55:46.296Z"
"escooccupation","68f1da5e90ad734984f803b0","68f1da5e90ad734984f803c6","escooccupation","2025-10-17T05:55:46.296Z","2025-10-17T05:55:46.296Z"
"escooccupation","68f1da5e90ad734984f803b0","68f1da5e90ad734984f803c7","escooccupation","2025-10-17T05:55:46.296Z","2025-10-17T05:55:46.296Z"
"iscogroup","68f1da4f90ad734984f7c685","68f1da5e90ad734984f803c8","escooccupation","2025-10-17T05:55:46.311Z","2025-10-17T05:55:46.311Z"
"escooccupation","68f1da5e90ad734984f803c8","68f1da5e90ad734984f803c9","escooccupation","2025-10-17T05:55:46.311Z","2025-10-17T05:55:46.311Z"
"escooccupation","68f1da5e90ad734984f803c8","68f1da5e90ad734984f803ca","escooccupation","2025-10-17T05:55:46.311Z","2025-10-17T05:55:46.311Z"
"escooccupation","68f1da5e90ad734984f803c8","68f1da5e90ad734984f803cb","escooccupation","2025-10-17T05:55:46.311Z","2025-10-17T05:55:46.311Z"
"escooccupation","68f1da5e90ad734984f803c8","68f1da5e90ad734984f803cc","escooccupation","2025-10-17T05:55:46.311Z","2025-10-17T05:55:46.311Z"
"escooccupation","68f1da5e90ad734984f803c8","68f1da5e90ad734984f803cd","escooccupation","2025-10-17T05:55:46.311Z","2025-10-17T05:55:46.311Z"
"escooccupation","68f1da5e90ad734984f803c8","68f1da5e90ad734984f803ce","escooccupation","2025-10-17T05:55:46.311Z","2025-10-17T05:55:46.311Z"
"escooccupation","68f1da5e90ad734984f803c8","68f1da5e90ad734984f803cf","escooccupation","2025-10-17T05:55:46.311Z","2025-10-17T05:55:46.311Z"
"escooccupation","68f1da5e90ad734984f803c8","68f1da5e90ad734984f803d0","escooccupation","2025-10-17T05:55:46.311Z","2025-10-17T05:55:46.311Z"
"escooccupation","68f1da5e90ad734984f803c8","68f1da5e90ad734984f803d1","escooccupation","2025-10-17T05:55:46.311Z","2025-10-17T05:55:46.311Z"
"escooccupation","68f1da5e90ad734984f803c8","68f1da5e90ad734984f803d2","escooccupation","2025-10-17T05:55:46.311Z","2025-10-17T05:55:46.311Z"
"escooccupation","68f1da5e90ad734984f803c8","68f1da5e90ad734984f803d3","escooccupation","2025-10-17T05:55:46.311Z","2025-10-17T05:55:46.311Z"
"escooccupation","68f1da5e90ad734984f803c8","68f1da5e90ad734984f803d4","escooccupation","2025-10-17T05:55:46.311Z","2025-10-17T05:55:46.311Z"
"escooccupation","68f1da5e90ad734984f803c8","68f1da5e90ad734984f803d5","escooccupation","2025-10-17T05:55:46.311Z","2025-10-17T05:55:46.311Z"
"escooccupation","68f1da5e90ad734984f803d5","68f1da5e90ad734984f803d6","escooccupation","2025-10-17T05:55:46.311Z","2025-10-17T05:55:46.311Z"
"escooccupation","68f1da5e90ad734984f803c8","68f1da5e90ad734984f803d7","escooccupation","2025-10-17T05:55:46.311Z","2025-10-17T05:55:46.311Z"
"escooccupation","68f1da5e90ad734984f803c8","68f1da5e90ad734984f803d8","escooccupation","2025-10-17T05:55:46.311Z","2025-10-17T05:55:46.311Z"
"iscogroup","68f1da4f90ad734984f7c686","68f1da5e90ad734984f803d9","escooccupation","2025-10-17T05:55:46.311Z","2025-10-17T05:55:46.311Z"
"escooccupation","68f1da5e90ad734984f803d9","68f1da5e90ad734984f803da","escooccupation","2025-10-17T05:55:46.311Z","2025-10-17T05:55:46.311Z"
"iscogroup","68f1da4f90ad734984f7c688","68f1da5e90ad734984f803db","escooccupation","2025-10-17T05:55:46.311Z","2025-10-17T05:55:46.311Z"
"escooccupation","68f1da5e90ad734984f803db","68f1da5e90ad734984f803dc","escooccupation","2025-10-17T05:55:46.312Z","2025-10-17T05:55:46.312Z"
"iscogroup","68f1da4f90ad734984f7c689","68f1da5e90ad734984f803dd","escooccupation","2025-10-17T05:55:46.312Z","2025-10-17T05:55:46.312Z"
"escooccupation","68f1da5e90ad734984f803dd","68f1da5e90ad734984f803de","escooccupation","2025-10-17T05:55:46.312Z","2025-10-17T05:55:46.312Z"
"iscogroup","68f1da4f90ad734984f7c68a","68f1da5e90ad734984f803df","escooccupation","2025-10-17T05:55:46.312Z","2025-10-17T05:55:46.312Z"
"escooccupation","68f1da5e90ad734984f803df","68f1da5e90ad734984f803e0","escooccupation","2025-10-17T05:55:46.312Z","2025-10-17T05:55:46.312Z"
"escooccupation","68f1da5e90ad734984f8045d","68f1da5e90ad734984f803e1","escooccupation","2025-10-17T05:55:46.314Z","2025-10-17T05:55:46.314Z"
"iscogroup","68f1da4f90ad734984f7c6ba","68f1da5e90ad734984f803e2","escooccupation","2025-10-17T05:55:46.314Z","2025-10-17T05:55:46.314Z"
"iscogroup","68f1da4f90ad734984f7c6ba","68f1da5e90ad734984f803e3","escooccupation","2025-10-17T05:55:46.314Z","2025-10-17T05:55:46.314Z"
"iscogroup","68f1da4f90ad734984f7c6bb","68f1da5e90ad734984f803e4","escooccupation","2025-10-17T05:55:46.314Z","2025-10-17T05:55:46.314Z"
"iscogroup","68f1da4f90ad734984f7c6bb","68f1da5e90ad734984f803e5","escooccupation","2025-10-17T05:55:46.314Z","2025-10-17T05:55:46.314Z"
"iscogroup","68f1da4f90ad734984f7c6bc","68f1da5e90ad734984f803e6","escooccupation","2025-10-17T05:55:46.314Z","2025-10-17T05:55:46.314Z"
"iscogroup","68f1da4f90ad734984f7c6bc","68f1da5e90ad734984f803e7","escooccupation","2025-10-17T05:55:46.314Z","2025-10-17T05:55:46.314Z"
"iscogroup","68f1da4f90ad734984f7c6bc","68f1da5e90ad734984f803e8","escooccupation","2025-10-17T05:55:46.314Z","2025-10-17T05:55:46.314Z"
"iscogroup","68f1da4f90ad734984f7c6bc","68f1da5e90ad734984f803e9","escooccupation","2025-10-17T05:55:46.314Z","2025-10-17T05:55:46.314Z"
"iscogroup","68f1da4f90ad734984f7c6bc","68f1da5e90ad734984f803ea","escooccupation","2025-10-17T05:55:46.314Z","2025-10-17T05:55:46.314Z"
"iscogroup","68f1da4f90ad734984f7c6bc","68f1da5e90ad734984f803eb","escooccupation","2025-10-17T05:55:46.314Z","2025-10-17T05:55:46.314Z"
"iscogroup","68f1da4f90ad734984f7c6bc","68f1da5e90ad734984f803ec","escooccupation","2025-10-17T05:55:46.315Z","2025-10-17T05:55:46.315Z"
"iscogroup","68f1da4f90ad734984f7c6bc","68f1da5e90ad734984f803ed","escooccupation","2025-10-17T05:55:46.315Z","2025-10-17T05:55:46.315Z"
"iscogroup","68f1da4f90ad734984f7c6bc","68f1da5e90ad734984f803ee","escooccupation","2025-10-17T05:55:46.315Z","2025-10-17T05:55:46.315Z"
"iscogroup","68f1da4f90ad734984f7c6bc","68f1da5e90ad734984f803ef","escooccupation","2025-10-17T05:55:46.315Z","2025-10-17T05:55:46.315Z"
"escooccupation","68f1da5e90ad734984f803ef","68f1da5e90ad734984f803f0","escooccupation","2025-10-17T05:55:46.315Z","2025-10-17T05:55:46.315Z"
"escooccupation","68f1da5e90ad734984f803ef","68f1da5e90ad734984f803f1","escooccupation","2025-10-17T05:55:46.315Z","2025-10-17T05:55:46.315Z"
"iscogroup","68f1da4f90ad734984f7c6bc","68f1da5e90ad734984f803f2","escooccupation","2025-10-17T05:55:46.315Z","2025-10-17T05:55:46.315Z"
"escooccupation","68f1da5e90ad734984f803f2","68f1da5e90ad734984f803f3","escooccupation","2025-10-17T05:55:46.315Z","2025-10-17T05:55:46.315Z"
"escooccupation","68f1da5e90ad734984f803f2","68f1da5e90ad734984f803f4","escooccupation","2025-10-17T05:55:46.315Z","2025-10-17T05:55:46.315Z"
"escooccupation","68f1da5e90ad734984f803f2","68f1da5e90ad734984f803f5","escooccupation","2025-10-17T05:55:46.315Z","2025-10-17T05:55:46.315Z"
"escooccupation","68f1da5e90ad734984f803f2","68f1da5e90ad734984f803f6","escooccupation","2025-10-17T05:55:46.315Z","2025-10-17T05:55:46.315Z"
"iscogroup","68f1da4f90ad734984f7c6bf","68f1da5e90ad734984f803f7","escooccupation","2025-10-17T05:55:46.315Z","2025-10-17T05:55:46.315Z"
"escooccupation","68f1da5e90ad734984f803f7","68f1da5e90ad734984f803f8","escooccupation","2025-10-17T05:55:46.315Z","2025-10-17T05:55:46.315Z"
"escooccupation","68f1da5e90ad734984f803f7","68f1da5e90ad734984f803f9","escooccupation","2025-10-17T05:55:46.315Z","2025-10-17T05:55:46.315Z"
"iscogroup","68f1da4f90ad734984f7c68d","68f1da5e90ad734984f803fa","escooccupation","2025-10-17T05:55:46.312Z","2025-10-17T05:55:46.312Z"
"iscogroup","68f1da4f90ad734984f7c68d","68f1da5e90ad734984f803fb","escooccupation","2025-10-17T05:55:46.312Z","2025-10-17T05:55:46.312Z"
"iscogroup","68f1da4f90ad734984f7c68d","68f1da5e90ad734984f803fc","escooccupation","2025-10-17T05:55:46.313Z","2025-10-17T05:55:46.313Z"
"iscogroup","68f1da4f90ad734984f7c68d","68f1da5e90ad734984f803fd","escooccupation","2025-10-17T05:55:46.313Z","2025-10-17T05:55:46.313Z"
"iscogroup","68f1da4f90ad734984f7c68d","68f1da5e90ad734984f803fe","escooccupation","2025-10-17T05:55:46.313Z","2025-10-17T05:55:46.313Z"
"iscogroup","68f1da4f90ad734984f7c68d","68f1da5e90ad734984f803ff","escooccupation","2025-10-17T05:55:46.313Z","2025-10-17T05:55:46.313Z"
"escooccupation","68f1da5e90ad734984f803ff","68f1da5e90ad734984f80400","escooccupation","2025-10-17T05:55:46.313Z","2025-10-17T05:55:46.313Z"
"iscogroup","68f1da4f90ad734984f7c68d","68f1da5e90ad734984f80401","escooccupation","2025-10-17T05:55:46.313Z","2025-10-17T05:55:46.313Z"
"iscogroup","68f1da4f90ad734984f7c68d","68f1da5e90ad734984f80402","escooccupation","2025-10-17T05:55:46.313Z","2025-10-17T05:55:46.313Z"
"iscogroup","68f1da4f90ad734984f7c68d","68f1da5e90ad734984f80403","escooccupation","2025-10-17T05:55:46.313Z","2025-10-17T05:55:46.313Z"
"iscogroup","68f1da4f90ad734984f7c68d","68f1da5e90ad734984f80404","escooccupation","2025-10-17T05:55:46.313Z","2025-10-17T05:55:46.313Z"
"iscogroup","68f1da4f90ad734984f7c68d","68f1da5e90ad734984f80405","escooccupation","2025-10-17T05:55:46.313Z","2025-10-17T05:55:46.313Z"
"iscogroup","68f1da4f90ad734984f7c68d","68f1da5e90ad734984f80406","escooccupation","2025-10-17T05:55:46.313Z","2025-10-17T05:55:46.313Z"
"iscogroup","68f1da4f90ad734984f7c690","68f1da5e90ad734984f80407","escooccupation","2025-10-17T05:55:46.313Z","2025-10-17T05:55:46.313Z"
"iscogroup","68f1da4f90ad734984f7c691","68f1da5e90ad734984f80408","escooccupation","2025-10-17T05:55:46.313Z","2025-10-17T05:55:46.313Z"
"iscogroup","68f1da4f90ad734984f7c693","68f1da5e90ad734984f80409","escooccupation","2025-10-17T05:55:46.313Z","2025-10-17T05:55:46.313Z"
"iscogroup","68f1da4f90ad734984f7c693","68f1da5e90ad734984f8040a","escooccupation","2025-10-17T05:55:46.313Z","2025-10-17T05:55:46.313Z"
"iscogroup","68f1da4f90ad734984f7c693","68f1da5e90ad734984f8040b","escooccupation","2025-10-17T05:55:46.313Z","2025-10-17T05:55:46.313Z"
"iscogroup","68f1da4f90ad734984f7c694","68f1da5e90ad734984f8040c","escooccupation","2025-10-17T05:55:46.313Z","2025-10-17T05:55:46.313Z"
"iscogroup","68f1da4f90ad734984f7c696","68f1da5e90ad734984f8040d","escooccupation","2025-10-17T05:55:46.313Z","2025-10-17T05:55:46.313Z"
"iscogroup","68f1da4f90ad734984f7c696","68f1da5e90ad734984f8040e","escooccupation","2025-10-17T05:55:46.313Z","2025-10-17T05:55:46.313Z"
"escooccupation","68f1da5e90ad734984f8040e","68f1da5e90ad734984f8040f","escooccupation","2025-10-17T05:55:46.313Z","2025-10-17T05:55:46.313Z"
"escooccupation","68f1da5e90ad734984f8040e","68f1da5e90ad734984f80410","escooccupation","2025-10-17T05:55:46.313Z","2025-10-17T05:55:46.313Z"
"escooccupation","68f1da5e90ad734984f8040e","68f1da5e90ad734984f80411","escooccupation","2025-10-17T05:55:46.313Z","2025-10-17T05:55:46.313Z"
"iscogroup","68f1da4f90ad734984f7c6b3","68f1da5e90ad734984f80412","escooccupation","2025-10-17T05:55:46.313Z","2025-10-17T05:55:46.313Z"
"escooccupation","68f1da5e90ad734984f803df","68f1da5e90ad734984f80413","escooccupation","2025-10-17T05:55:46.312Z","2025-10-17T05:55:46.312Z"
"escooccupation","68f1da5e90ad734984f803df","68f1da5e90ad734984f80414","escooccupation","2025-10-17T05:55:46.312Z","2025-10-17T05:55:46.312Z"
"escooccupation","68f1da5e90ad734984f80414","68f1da5e90ad734984f80415","escooccupation","2025-10-17T05:55:46.312Z","2025-10-17T05:55:46.312Z"
"escooccupation","68f1da5e90ad734984f80414","68f1da5e90ad734984f80416","escooccupation","2025-10-17T05:55:46.312Z","2025-10-17T05:55:46.312Z"
"escooccupation","68f1da5e90ad734984f80414","68f1da5e90ad734984f80417","escooccupation","2025-10-17T05:55:46.312Z","2025-10-17T05:55:46.312Z"
"escooccupation","68f1da5e90ad734984f803df","68f1da5e90ad734984f80418","escooccupation","2025-10-17T05:55:46.312Z","2025-10-17T05:55:46.312Z"
"escooccupation","68f1da5e90ad734984f803df","68f1da5e90ad734984f80419","escooccupation","2025-10-17T05:55:46.312Z","2025-10-17T05:55:46.312Z"
"escooccupation","68f1da5e90ad734984f803df","68f1da5e90ad734984f8041a","escooccupation","2025-10-17T05:55:46.312Z","2025-10-17T05:55:46.312Z"
"escooccupation","68f1da5e90ad734984f803df","68f1da5e90ad734984f8041b","escooccupation","2025-10-17T05:55:46.312Z","2025-10-17T05:55:46.312Z"
"escooccupation","68f1da5e90ad734984f803df","68f1da5e90ad734984f8041c","escooccupation","2025-10-17T05:55:46.312Z","2025-10-17T05:55:46.312Z"
"iscogroup","68f1da4f90ad734984f7c68a","68f1da5e90ad734984f8041d","escooccupation","2025-10-17T05:55:46.312Z","2025-10-17T05:55:46.312Z"
"iscogroup","68f1da4f90ad734984f7c68a","68f1da5e90ad734984f8041e","escooccupation","2025-10-17T05:55:46.312Z","2025-10-17T05:55:46.312Z"
"iscogroup","68f1da4f90ad734984f7c68a","68f1da5e90ad734984f8041f","escooccupation","2025-10-17T05:55:46.312Z","2025-10-17T05:55:46.312Z"
"iscogroup","68f1da4f90ad734984f7c68b","68f1da5e90ad734984f80420","escooccupation","2025-10-17T05:55:46.312Z","2025-10-17T05:55:46.312Z"
"iscogroup","68f1da4f90ad734984f7c68b","68f1da5e90ad734984f80421","escooccupation","2025-10-17T05:55:46.312Z","2025-10-17T05:55:46.312Z"
"iscogroup","68f1da4f90ad734984f7c68b","68f1da5e90ad734984f80422","escooccupation","2025-10-17T05:55:46.312Z","2025-10-17T05:55:46.312Z"
"iscogroup","68f1da4f90ad734984f7c68b","68f1da5e90ad734984f80423","escooccupation","2025-10-17T05:55:46.312Z","2025-10-17T05:55:46.312Z"
"iscogroup","68f1da4f90ad734984f7c68c","68f1da5e90ad734984f80424","escooccupation","2025-10-17T05:55:46.312Z","2025-10-17T05:55:46.312Z"
"iscogroup","68f1da4f90ad734984f7c68c","68f1da5e90ad734984f80425","escooccupation","2025-10-17T05:55:46.312Z","2025-10-17T05:55:46.312Z"
"iscogroup","68f1da4f90ad734984f7c68c","68f1da5e90ad734984f80426","escooccupation","2025-10-17T05:55:46.312Z","2025-10-17T05:55:46.312Z"
"iscogroup","68f1da4f90ad734984f7c68c","68f1da5e90ad734984f80427","escooccupation","2025-10-17T05:55:46.312Z","2025-10-17T05:55:46.312Z"
"escooccupation","68f1da5e90ad734984f80427","68f1da5e90ad734984f80428","escooccupation","2025-10-17T05:55:46.312Z","2025-10-17T05:55:46.312Z"
"escooccupation","68f1da5e90ad734984f80427","68f1da5e90ad734984f80429","escooccupation","2025-10-17T05:55:46.312Z","2025-10-17T05:55:46.312Z"
"iscogroup","68f1da4f90ad734984f7c68d","68f1da5e90ad734984f8042a","escooccupation","2025-10-17T05:55:46.312Z","2025-10-17T05:55:46.312Z"
"iscogroup","68f1da4f90ad734984f7c68d","68f1da5e90ad734984f8042b","escooccupation","2025-10-17T05:55:46.312Z","2025-10-17T05:55:46.312Z"
"escooccupation","68f1da5e90ad734984f803f7","68f1da5e90ad734984f8042c","escooccupation","2025-10-17T05:55:46.316Z","2025-10-17T05:55:46.316Z"
"escooccupation","68f1da5e90ad734984f803f7","68f1da5e90ad734984f8042d","escooccupation","2025-10-17T05:55:46.316Z","2025-10-17T05:55:46.316Z"
"escooccupation","68f1da5e90ad734984f803f7","68f1da5e90ad734984f8042e","escooccupation","2025-10-17T05:55:46.316Z","2025-10-17T05:55:46.316Z"
"escooccupation","68f1da5e90ad734984f803f7","68f1da5e90ad734984f8042f","escooccupation","2025-10-17T05:55:46.316Z","2025-10-17T05:55:46.316Z"
"escooccupation","68f1da5e90ad734984f803f7","68f1da5e90ad734984f80430","escooccupation","2025-10-17T05:55:46.316Z","2025-10-17T05:55:46.316Z"
"escooccupation","68f1da5e90ad734984f803f7","68f1da5e90ad734984f80431","escooccupation","2025-10-17T05:55:46.316Z","2025-10-17T05:55:46.316Z"
"escooccupation","68f1da5e90ad734984f803f7","68f1da5e90ad734984f80432","escooccupation","2025-10-17T05:55:46.316Z","2025-10-17T05:55:46.316Z"
"escooccupation","68f1da5e90ad734984f803f7","68f1da5e90ad734984f80433","escooccupation","2025-10-17T05:55:46.316Z","2025-10-17T05:55:46.316Z"
"escooccupation","68f1da5e90ad734984f803f7","68f1da5e90ad734984f80434","escooccupation","2025-10-17T05:55:46.316Z","2025-10-17T05:55:46.316Z"
"escooccupation","68f1da5e90ad734984f803f7","68f1da5e90ad734984f80435","escooccupation","2025-10-17T05:55:46.316Z","2025-10-17T05:55:46.316Z"
"escooccupation","68f1da5e90ad734984f803f7","68f1da5e90ad734984f80436","escooccupation","2025-10-17T05:55:46.316Z","2025-10-17T05:55:46.316Z"
"escooccupation","68f1da5e90ad734984f803f7","68f1da5e90ad734984f80437","escooccupation","2025-10-17T05:55:46.316Z","2025-10-17T05:55:46.316Z"
"escooccupation","68f1da5e90ad734984f803f7","68f1da5e90ad734984f80438","escooccupation","2025-10-17T05:55:46.316Z","2025-10-17T05:55:46.316Z"
"escooccupation","68f1da5e90ad734984f803f7","68f1da5e90ad734984f80439","escooccupation","2025-10-17T05:55:46.316Z","2025-10-17T05:55:46.316Z"
"escooccupation","68f1da5e90ad734984f803f7","68f1da5e90ad734984f8043a","escooccupation","2025-10-17T05:55:46.316Z","2025-10-17T05:55:46.316Z"
"escooccupation","68f1da5e90ad734984f803f7","68f1da5e90ad734984f8043b","escooccupation","2025-10-17T05:55:46.316Z","2025-10-17T05:55:46.316Z"
"iscogroup","68f1da4f90ad734984f7c6bf","68f1da5e90ad734984f8043c","escooccupation","2025-10-17T05:55:46.316Z","2025-10-17T05:55:46.316Z"
"iscogroup","68f1da4f90ad734984f7c6c1","68f1da5e90ad734984f8043d","escooccupation","2025-10-17T05:55:46.316Z","2025-10-17T05:55:46.316Z"
"escooccupation","68f1da5e90ad734984f8043d","68f1da5e90ad734984f8043e","escooccupation","2025-10-17T05:55:46.316Z","2025-10-17T05:55:46.316Z"
"escooccupation","68f1da5e90ad734984f8043d","68f1da5e90ad734984f8043f","escooccupation","2025-10-17T05:55:46.316Z","2025-10-17T05:55:46.316Z"
"escooccupation","68f1da5e90ad734984f8043d","68f1da5e90ad734984f80440","escooccupation","2025-10-17T05:55:46.316Z","2025-10-17T05:55:46.316Z"
"escooccupation","68f1da5e90ad734984f8043d","68f1da5e90ad734984f80441","escooccupation","2025-10-17T05:55:46.316Z","2025-10-17T05:55:46.316Z"
"escooccupation","68f1da5e90ad734984f8043d","68f1da5e90ad734984f80442","escooccupation","2025-10-17T05:55:46.316Z","2025-10-17T05:55:46.316Z"
"escooccupation","68f1da5e90ad734984f8043d","68f1da5e90ad734984f80443","escooccupation","2025-10-17T05:55:46.317Z","2025-10-17T05:55:46.317Z"
"escooccupation","68f1da5e90ad734984f8043d","68f1da5e90ad734984f80444","escooccupation","2025-10-17T05:55:46.317Z","2025-10-17T05:55:46.317Z"
"iscogroup","68f1da4f90ad734984f7c6b3","68f1da5e90ad734984f80445","escooccupation","2025-10-17T05:55:46.313Z","2025-10-17T05:55:46.313Z"
"iscogroup","68f1da4f90ad734984f7c6b3","68f1da5e90ad734984f80446","escooccupation","2025-10-17T05:55:46.313Z","2025-10-17T05:55:46.313Z"
"iscogroup","68f1da4f90ad734984f7c6b3","68f1da5e90ad734984f80447","escooccupation","2025-10-17T05:55:46.313Z","2025-10-17T05:55:46.313Z"
"escooccupation","68f1da5e90ad734984f80447","68f1da5e90ad734984f80448","escooccupation","2025-10-17T05:55:46.313Z","2025-10-17T05:55:46.313Z"
"escooccupation","68f1da5e90ad734984f80447","68f1da5e90ad734984f80449","escooccupation","2025-10-17T05:55:46.313Z","2025-10-17T05:55:46.313Z"
"iscogroup","68f1da4f90ad734984f7c6b3","68f1da5e90ad734984f8044a","escooccupation","2025-10-17T05:55:46.314Z","2025-10-17T05:55:46.314Z"
"iscogroup","68f1da4f90ad734984f7c6b3","68f1da5e90ad734984f8044b","escooccupation","2025-10-17T05:55:46.314Z","2025-10-17T05:55:46.314Z"
"iscogroup","68f1da4f90ad734984f7c6b3","68f1da5e90ad734984f8044c","escooccupation","2025-10-17T05:55:46.314Z","2025-10-17T05:55:46.314Z"
"iscogroup","68f1da4f90ad734984f7c6b3","68f1da5e90ad734984f8044d","escooccupation","2025-10-17T05:55:46.314Z","2025-10-17T05:55:46.314Z"
"iscogroup","68f1da4f90ad734984f7c6b3","68f1da5e90ad734984f8044e","escooccupation","2025-10-17T05:55:46.314Z","2025-10-17T05:55:46.314Z"
"iscogroup","68f1da4f90ad734984f7c6b5","68f1da5e90ad734984f8044f","escooccupation","2025-10-17T05:55:46.314Z","2025-10-17T05:55:46.314Z"
"iscogroup","68f1da4f90ad734984f7c6b5","68f1da5e90ad734984f80450","escooccupation","2025-10-17T05:55:46.314Z","2025-10-17T05:55:46.314Z"
"iscogroup","68f1da4f90ad734984f7c6b6","68f1da5e90ad734984f80451","escooccupation","2025-10-17T05:55:46.314Z","2025-10-17T05:55:46.314Z"
"escooccupation","68f1da5e90ad734984f80451","68f1da5e90ad734984f80452","escooccupation","2025-10-17T05:55:46.314Z","2025-10-17T05:55:46.314Z"
"escooccupation","68f1da5e90ad734984f80451","68f1da5e90ad734984f80453","escooccupation","2025-10-17T05:55:46.314Z","2025-10-17T05:55:46.314Z"
"escooccupation","68f1da5e90ad734984f80453","68f1da5e90ad734984f80454","escooccupation","2025-10-17T05:55:46.314Z","2025-10-17T05:55:46.314Z"
"escooccupation","68f1da5e90ad734984f80453","68f1da5e90ad734984f80455","escooccupation","2025-10-17T05:55:46.314Z","2025-10-17T05:55:46.314Z"
"iscogroup","68f1da4f90ad734984f7c6b7","68f1da5e90ad734984f80456","escooccupation","2025-10-17T05:55:46.314Z","2025-10-17T05:55:46.314Z"
"iscogroup","68f1da4f90ad734984f7c6b7","68f1da5e90ad734984f80457","escooccupation","2025-10-17T05:55:46.314Z","2025-10-17T05:55:46.314Z"
"iscogroup","68f1da4f90ad734984f7c6b7","68f1da5e90ad734984f80458","escooccupation","2025-10-17T05:55:46.314Z","2025-10-17T05:55:46.314Z"
"escooccupation","68f1da5e90ad734984f80458","68f1da5e90ad734984f80459","escooccupation","2025-10-17T05:55:46.314Z","2025-10-17T05:55:46.314Z"
"iscogroup","68f1da4f90ad734984f7c6b7","68f1da5e90ad734984f8045a","escooccupation","2025-10-17T05:55:46.314Z","2025-10-17T05:55:46.314Z"
"iscogroup","68f1da4f90ad734984f7c6b8","68f1da5e90ad734984f8045b","escooccupation","2025-10-17T05:55:46.314Z","2025-10-17T05:55:46.314Z"
"iscogroup","68f1da4f90ad734984f7c6b8","68f1da5e90ad734984f8045c","escooccupation","2025-10-17T05:55:46.314Z","2025-10-17T05:55:46.314Z"
"iscogroup","68f1da4f90ad734984f7c6b9","68f1da5e90ad734984f8045d","escooccupation","2025-10-17T05:55:46.314Z","2025-10-17T05:55:46.314Z"
"escooccupation","68f1da5e90ad734984f803f7","68f1da5e90ad734984f8045e","escooccupation","2025-10-17T05:55:46.315Z","2025-10-17T05:55:46.315Z"
"escooccupation","68f1da5e90ad734984f803f7","68f1da5e90ad734984f8045f","escooccupation","2025-10-17T05:55:46.315Z","2025-10-17T05:55:46.315Z"
"escooccupation","68f1da5e90ad734984f803f7","68f1da5e90ad734984f80460","escooccupation","2025-10-17T05:55:46.315Z","2025-10-17T05:55:46.315Z"
"escooccupation","68f1da5e90ad734984f803f7","68f1da5e90ad734984f80461","escooccupation","2025-10-17T05:55:46.315Z","2025-10-17T05:55:46.315Z"
"escooccupation","68f1da5e90ad734984f803f7","68f1da5e90ad734984f80462","escooccupation","2025-10-17T05:55:46.315Z","2025-10-17T05:55:46.315Z"
"escooccupation","68f1da5e90ad734984f803f7","68f1da5e90ad734984f80463","escooccupation","2025-10-17T05:55:46.315Z","2025-10-17T05:55:46.315Z"
"escooccupation","68f1da5e90ad734984f803f7","68f1da5e90ad734984f80464","escooccupation","2025-10-17T05:55:46.315Z","2025-10-17T05:55:46.315Z"
"escooccupation","68f1da5e90ad734984f803f7","68f1da5e90ad734984f80465","escooccupation","2025-10-17T05:55:46.315Z","2025-10-17T05:55:46.315Z"
"escooccupation","68f1da5e90ad734984f803f7","68f1da5e90ad734984f80466","escooccupation","2025-10-17T05:55:46.315Z","2025-10-17T05:55:46.315Z"
"escooccupation","68f1da5e90ad734984f803f7","68f1da5e90ad734984f80467","escooccupation","2025-10-17T05:55:46.315Z","2025-10-17T05:55:46.315Z"
"escooccupation","68f1da5e90ad734984f803f7","68f1da5e90ad734984f80468","escooccupation","2025-10-17T05:55:46.315Z","2025-10-17T05:55:46.315Z"
"escooccupation","68f1da5e90ad734984f803f7","68f1da5e90ad734984f80469","escooccupation","2025-10-17T05:55:46.315Z","2025-10-17T05:55:46.315Z"
"escooccupation","68f1da5e90ad734984f803f7","68f1da5e90ad734984f8046a","escooccupation","2025-10-17T05:55:46.315Z","2025-10-17T05:55:46.315Z"
"escooccupation","68f1da5e90ad734984f803f7","68f1da5e90ad734984f8046b","escooccupation","2025-10-17T05:55:46.315Z","2025-10-17T05:55:46.315Z"
"escooccupation","68f1da5e90ad734984f803f7","68f1da5e90ad734984f8046c","escooccupation","2025-10-17T05:55:46.315Z","2025-10-17T05:55:46.315Z"
"escooccupation","68f1da5e90ad734984f803f7","68f1da5e90ad734984f8046d","escooccupation","2025-10-17T05:55:46.315Z","2025-10-17T05:55:46.315Z"
"escooccupation","68f1da5e90ad734984f803f7","68f1da5e90ad734984f8046e","escooccupation","2025-10-17T05:55:46.315Z","2025-10-17T05:55:46.315Z"
"escooccupation","68f1da5e90ad734984f803f7","68f1da5e90ad734984f8046f","escooccupation","2025-10-17T05:55:46.316Z","2025-10-17T05:55:46.316Z"
"escooccupation","68f1da5e90ad734984f803f7","68f1da5e90ad734984f80470","escooccupation","2025-10-17T05:55:46.316Z","2025-10-17T05:55:46.316Z"
"escooccupation","68f1da5e90ad734984f803f7","68f1da5e90ad734984f80471","escooccupation","2025-10-17T05:55:46.316Z","2025-10-17T05:55:46.316Z"
"escooccupation","68f1da5e90ad734984f803f7","68f1da5e90ad734984f80472","escooccupation","2025-10-17T05:55:46.316Z","2025-10-17T05:55:46.316Z"
"escooccupation","68f1da5e90ad734984f803f7","68f1da5e90ad734984f80473","escooccupation","2025-10-17T05:55:46.316Z","2025-10-17T05:55:46.316Z"
"escooccupation","68f1da5e90ad734984f803f7","68f1da5e90ad734984f80474","escooccupation","2025-10-17T05:55:46.316Z","2025-10-17T05:55:46.316Z"
"escooccupation","68f1da5e90ad734984f803f7","68f1da5e90ad734984f80475","escooccupation","2025-10-17T05:55:46.316Z","2025-10-17T05:55:46.316Z"
"escooccupation","68f1da5e90ad734984f803f7","68f1da5e90ad734984f80476","escooccupation","2025-10-17T05:55:46.316Z","2025-10-17T05:55:46.316Z"
"iscogroup","68f1da4f90ad734984f7c69c","68f1da5e90ad734984f80477","escooccupation","2025-10-17T05:55:46.332Z","2025-10-17T05:55:46.332Z"
"iscogroup","68f1da4f90ad734984f7c69c","68f1da5e90ad734984f80478","escooccupation","2025-10-17T05:55:46.332Z","2025-10-17T05:55:46.332Z"
"iscogroup","68f1da4f90ad734984f7c69c","68f1da5e90ad734984f80479","escooccupation","2025-10-17T05:55:46.332Z","2025-10-17T05:55:46.332Z"
"iscogroup","68f1da4f90ad734984f7c69f","68f1da5e90ad734984f8047a","escooccupation","2025-10-17T05:55:46.332Z","2025-10-17T05:55:46.332Z"
"escooccupation","68f1da5e90ad734984f8047a","68f1da5e90ad734984f8047b","escooccupation","2025-10-17T05:55:46.332Z","2025-10-17T05:55:46.332Z"
"escooccupation","68f1da5e90ad734984f8047a","68f1da5e90ad734984f8047c","escooccupation","2025-10-17T05:55:46.332Z","2025-10-17T05:55:46.332Z"
"escooccupation","68f1da5e90ad734984f8047a","68f1da5e90ad734984f8047d","escooccupation","2025-10-17T05:55:46.332Z","2025-10-17T05:55:46.332Z"
"escooccupation","68f1da5e90ad734984f8047a","68f1da5e90ad734984f8047e","escooccupation","2025-10-17T05:55:46.332Z","2025-10-17T05:55:46.332Z"
"escooccupation","68f1da5e90ad734984f8047a","68f1da5e90ad734984f8047f","escooccupation","2025-10-17T05:55:46.332Z","2025-10-17T05:55:46.332Z"
"escooccupation","68f1da5e90ad734984f8047a","68f1da5e90ad734984f80480","escooccupation","2025-10-17T05:55:46.332Z","2025-10-17T05:55:46.332Z"
"escooccupation","68f1da5e90ad734984f8047a","68f1da5e90ad734984f80481","escooccupation","2025-10-17T05:55:46.332Z","2025-10-17T05:55:46.332Z"
"escooccupation","68f1da5e90ad734984f8047a","68f1da5e90ad734984f80482","escooccupation","2025-10-17T05:55:46.332Z","2025-10-17T05:55:46.332Z"
"escooccupation","68f1da5e90ad734984f8047a","68f1da5e90ad734984f80483","escooccupation","2025-10-17T05:55:46.332Z","2025-10-17T05:55:46.332Z"
"escooccupation","68f1da5e90ad734984f8047a","68f1da5e90ad734984f80484","escooccupation","2025-10-17T05:55:46.332Z","2025-10-17T05:55:46.332Z"
"escooccupation","68f1da5e90ad734984f8047a","68f1da5e90ad734984f80485","escooccupation","2025-10-17T05:55:46.332Z","2025-10-17T05:55:46.332Z"
"escooccupation","68f1da5e90ad734984f8047a","68f1da5e90ad734984f80486","escooccupation","2025-10-17T05:55:46.332Z","2025-10-17T05:55:46.332Z"
"iscogroup","68f1da4f90ad734984f7c6a0","68f1da5e90ad734984f80487","escooccupation","2025-10-17T05:55:46.332Z","2025-10-17T05:55:46.332Z"
"iscogroup","68f1da4f90ad734984f7c6a0","68f1da5e90ad734984f80488","escooccupation","2025-10-17T05:55:46.332Z","2025-10-17T05:55:46.332Z"
"iscogroup","68f1da4f90ad734984f7c6a0","68f1da5e90ad734984f80489","escooccupation","2025-10-17T05:55:46.332Z","2025-10-17T05:55:46.332Z"
"iscogroup","68f1da4f90ad734984f7c6a0","68f1da5e90ad734984f8048a","escooccupation","2025-10-17T05:55:46.332Z","2025-10-17T05:55:46.332Z"
"iscogroup","68f1da4f90ad734984f7c6a0","68f1da5e90ad734984f8048b","escooccupation","2025-10-17T05:55:46.332Z","2025-10-17T05:55:46.332Z"
"iscogroup","68f1da4f90ad734984f7c6a0","68f1da5e90ad734984f8048c","escooccupation","2025-10-17T05:55:46.332Z","2025-10-17T05:55:46.332Z"
"escooccupation","68f1da5e90ad734984f8048c","68f1da5e90ad734984f8048d","escooccupation","2025-10-17T05:55:46.332Z","2025-10-17T05:55:46.332Z"
"iscogroup","68f1da4f90ad734984f7c6a0","68f1da5e90ad734984f8048e","escooccupation","2025-10-17T05:55:46.332Z","2025-10-17T05:55:46.332Z"
"iscogroup","68f1da4f90ad734984f7c6a0","68f1da5e90ad734984f8048f","escooccupation","2025-10-17T05:55:46.332Z","2025-10-17T05:55:46.332Z"
"escooccupation","68f1da5e90ad734984f804d6","68f1da5e90ad734984f80490","escooccupation","2025-10-17T05:55:46.331Z","2025-10-17T05:55:46.331Z"
"escooccupation","68f1da5e90ad734984f804d6","68f1da5e90ad734984f80491","escooccupation","2025-10-17T05:55:46.331Z","2025-10-17T05:55:46.331Z"
"iscogroup","68f1da4f90ad734984f7c6c9","68f1da5e90ad734984f80492","escooccupation","2025-10-17T05:55:46.331Z","2025-10-17T05:55:46.331Z"
"iscogroup","68f1da4f90ad734984f7c6ca","68f1da5e90ad734984f80493","escooccupation","2025-10-17T05:55:46.331Z","2025-10-17T05:55:46.331Z"
"iscogroup","68f1da4f90ad734984f7c6ca","68f1da5e90ad734984f80494","escooccupation","2025-10-17T05:55:46.331Z","2025-10-17T05:55:46.331Z"
"iscogroup","68f1da4f90ad734984f7c699","68f1da5e90ad734984f80495","escooccupation","2025-10-17T05:55:46.331Z","2025-10-17T05:55:46.331Z"
"iscogroup","68f1da4f90ad734984f7c69a","68f1da5e90ad734984f80496","escooccupation","2025-10-17T05:55:46.331Z","2025-10-17T05:55:46.331Z"
"iscogroup","68f1da4f90ad734984f7c69a","68f1da5e90ad734984f80497","escooccupation","2025-10-17T05:55:46.331Z","2025-10-17T05:55:46.331Z"
"iscogroup","68f1da4f90ad734984f7c69a","68f1da5e90ad734984f80498","escooccupation","2025-10-17T05:55:46.331Z","2025-10-17T05:55:46.331Z"
"iscogroup","68f1da4f90ad734984f7c69a","68f1da5e90ad734984f80499","escooccupation","2025-10-17T05:55:46.331Z","2025-10-17T05:55:46.331Z"
"iscogroup","68f1da4f90ad734984f7c69a","68f1da5e90ad734984f8049a","escooccupation","2025-10-17T05:55:46.331Z","2025-10-17T05:55:46.331Z"
"iscogroup","68f1da4f90ad734984f7c69a","68f1da5e90ad734984f8049b","escooccupation","2025-10-17T05:55:46.331Z","2025-10-17T05:55:46.331Z"
"iscogroup","68f1da4f90ad734984f7c69b","68f1da5e90ad734984f8049c","escooccupation","2025-10-17T05:55:46.331Z","2025-10-17T05:55:46.331Z"
"escooccupation","68f1da5e90ad734984f8049c","68f1da5e90ad734984f8049d","escooccupation","2025-10-17T05:55:46.331Z","2025-10-17T05:55:46.331Z"
"iscogroup","68f1da4f90ad734984f7c69c","68f1da5e90ad734984f8049e","escooccupation","2025-10-17T05:55:46.331Z","2025-10-17T05:55:46.331Z"
"iscogroup","68f1da4f90ad734984f7c69c","68f1da5e90ad734984f8049f","escooccupation","2025-10-17T05:55:46.331Z","2025-10-17T05:55:46.331Z"
"iscogroup","68f1da4f90ad734984f7c69c","68f1da5e90ad734984f804a0","escooccupation","2025-10-17T05:55:46.331Z","2025-10-17T05:55:46.331Z"
"iscogroup","68f1da4f90ad734984f7c69c","68f1da5e90ad734984f804a1","escooccupation","2025-10-17T05:55:46.331Z","2025-10-17T05:55:46.331Z"
"iscogroup","68f1da4f90ad734984f7c69c","68f1da5e90ad734984f804a2","escooccupation","2025-10-17T05:55:46.331Z","2025-10-17T05:55:46.331Z"
"iscogroup","68f1da4f90ad734984f7c69c","68f1da5e90ad734984f804a3","escooccupation","2025-10-17T05:55:46.331Z","2025-10-17T05:55:46.331Z"
"iscogroup","68f1da4f90ad734984f7c69c","68f1da5e90ad734984f804a4","escooccupation","2025-10-17T05:55:46.331Z","2025-10-17T05:55:46.331Z"
"iscogroup","68f1da4f90ad734984f7c69c","68f1da5e90ad734984f804a5","escooccupation","2025-10-17T05:55:46.331Z","2025-10-17T05:55:46.331Z"
"iscogroup","68f1da4f90ad734984f7c69c","68f1da5e90ad734984f804a6","escooccupation","2025-10-17T05:55:46.331Z","2025-10-17T05:55:46.331Z"
"iscogroup","68f1da4f90ad734984f7c69c","68f1da5e90ad734984f804a7","escooccupation","2025-10-17T05:55:46.331Z","2025-10-17T05:55:46.331Z"
"iscogroup","68f1da4f90ad734984f7c69c","68f1da5e90ad734984f804a8","escooccupation","2025-10-17T05:55:46.331Z","2025-10-17T05:55:46.331Z"
"escooccupation","68f1da5e90ad734984f8043d","68f1da5e90ad734984f804a9","escooccupation","2025-10-17T05:55:46.317Z","2025-10-17T05:55:46.317Z"
"escooccupation","68f1da5e90ad734984f8043d","68f1da5e90ad734984f804aa","escooccupation","2025-10-17T05:55:46.317Z","2025-10-17T05:55:46.317Z"
"escooccupation","68f1da5e90ad734984f8043d","68f1da5e90ad734984f804ab","escooccupation","2025-10-17T05:55:46.317Z","2025-10-17T05:55:46.317Z"
"escooccupation","68f1da5e90ad734984f8043d","68f1da5e90ad734984f804ac","escooccupation","2025-10-17T05:55:46.317Z","2025-10-17T05:55:46.317Z"
"escooccupation","68f1da5e90ad734984f8043d","68f1da5e90ad734984f804ad","escooccupation","2025-10-17T05:55:46.317Z","2025-10-17T05:55:46.317Z"
"escooccupation","68f1da5e90ad734984f8043d","68f1da5e90ad734984f804ae","escooccupation","2025-10-17T05:55:46.317Z","2025-10-17T05:55:46.317Z"
"escooccupation","68f1da5e90ad734984f8043d","68f1da5e90ad734984f804af","escooccupation","2025-10-17T05:55:46.317Z","2025-10-17T05:55:46.317Z"
"escooccupation","68f1da5e90ad734984f8043d","68f1da5e90ad734984f804b0","escooccupation","2025-10-17T05:55:46.317Z","2025-10-17T05:55:46.317Z"
"escooccupation","68f1da5e90ad734984f8043d","68f1da5e90ad734984f804b1","escooccupation","2025-10-17T05:55:46.317Z","2025-10-17T05:55:46.317Z"
"escooccupation","68f1da5e90ad734984f8043d","68f1da5e90ad734984f804b2","escooccupation","2025-10-17T05:55:46.317Z","2025-10-17T05:55:46.317Z"
"escooccupation","68f1da5e90ad734984f8043d","68f1da5e90ad734984f804b3","escooccupation","2025-10-17T05:55:46.317Z","2025-10-17T05:55:46.317Z"
"escooccupation","68f1da5e90ad734984f8043d","68f1da5e90ad734984f804b4","escooccupation","2025-10-17T05:55:46.317Z","2025-10-17T05:55:46.317Z"
"escooccupation","68f1da5e90ad734984f8043d","68f1da5e90ad734984f804b5","escooccupation","2025-10-17T05:55:46.317Z","2025-10-17T05:55:46.317Z"
"escooccupation","68f1da5e90ad734984f8043d","68f1da5e90ad734984f804b6","escooccupation","2025-10-17T05:55:46.317Z","2025-10-17T05:55:46.317Z"
"escooccupation","68f1da5e90ad734984f8043d","68f1da5e90ad734984f804b7","escooccupation","2025-10-17T05:55:46.317Z","2025-10-17T05:55:46.317Z"
"escooccupation","68f1da5e90ad734984f8043d","68f1da5e90ad734984f804b8","escooccupation","2025-10-17T05:55:46.317Z","2025-10-17T05:55:46.317Z"
"escooccupation","68f1da5e90ad734984f8043d","68f1da5e90ad734984f804b9","escooccupation","2025-10-17T05:55:46.329Z","2025-10-17T05:55:46.329Z"
"iscogroup","68f1da4f90ad734984f7c6c3","68f1da5e90ad734984f804ba","escooccupation","2025-10-17T05:55:46.329Z","2025-10-17T05:55:46.329Z"
"escooccupation","68f1da5e90ad734984f804ba","68f1da5e90ad734984f804bb","escooccupation","2025-10-17T05:55:46.329Z","2025-10-17T05:55:46.329Z"
"escooccupation","68f1da5e90ad734984f804ba","68f1da5e90ad734984f804bc","escooccupation","2025-10-17T05:55:46.330Z","2025-10-17T05:55:46.330Z"
"escooccupation","68f1da5e90ad734984f804ba","68f1da5e90ad734984f804bd","escooccupation","2025-10-17T05:55:46.330Z","2025-10-17T05:55:46.330Z"
"escooccupation","68f1da5e90ad734984f804ba","68f1da5e90ad734984f804be","escooccupation","2025-10-17T05:55:46.330Z","2025-10-17T05:55:46.330Z"
"escooccupation","68f1da5e90ad734984f804ba","68f1da5e90ad734984f804bf","escooccupation","2025-10-17T05:55:46.330Z","2025-10-17T05:55:46.330Z"
"escooccupation","68f1da5e90ad734984f804ba","68f1da5e90ad734984f804c0","escooccupation","2025-10-17T05:55:46.330Z","2025-10-17T05:55:46.330Z"
"escooccupation","68f1da5e90ad734984f804ba","68f1da5e90ad734984f804c1","escooccupation","2025-10-17T05:55:46.330Z","2025-10-17T05:55:46.330Z"
"escooccupation","68f1da5e90ad734984f804ba","68f1da5e90ad734984f804c2","escooccupation","2025-10-17T05:55:46.330Z","2025-10-17T05:55:46.330Z"
"escooccupation","68f1da5e90ad734984f804ba","68f1da5e90ad734984f804c3","escooccupation","2025-10-17T05:55:46.330Z","2025-10-17T05:55:46.330Z"
"escooccupation","68f1da5e90ad734984f804ba","68f1da5e90ad734984f804c4","escooccupation","2025-10-17T05:55:46.330Z","2025-10-17T05:55:46.330Z"
"escooccupation","68f1da5e90ad734984f804ba","68f1da5e90ad734984f804c5","escooccupation","2025-10-17T05:55:46.330Z","2025-10-17T05:55:46.330Z"
"escooccupation","68f1da5e90ad734984f804ba","68f1da5e90ad734984f804c6","escooccupation","2025-10-17T05:55:46.330Z","2025-10-17T05:55:46.330Z"
"escooccupation","68f1da5e90ad734984f804ba","68f1da5e90ad734984f804c7","escooccupation","2025-10-17T05:55:46.330Z","2025-10-17T05:55:46.330Z"
"escooccupation","68f1da5e90ad734984f804ba","68f1da5e90ad734984f804c8","escooccupation","2025-10-17T05:55:46.330Z","2025-10-17T05:55:46.330Z"
"escooccupation","68f1da5e90ad734984f804ba","68f1da5e90ad734984f804c9","escooccupation","2025-10-17T05:55:46.330Z","2025-10-17T05:55:46.330Z"
"escooccupation","68f1da5e90ad734984f804ba","68f1da5e90ad734984f804ca","escooccupation","2025-10-17T05:55:46.330Z","2025-10-17T05:55:46.330Z"
"escooccupation","68f1da5e90ad734984f804ba","68f1da5e90ad734984f804cb","escooccupation","2025-10-17T05:55:46.330Z","2025-10-17T05:55:46.330Z"
"escooccupation","68f1da5e90ad734984f804ba","68f1da5e90ad734984f804cc","escooccupation","2025-10-17T05:55:46.330Z","2025-10-17T05:55:46.330Z"
"iscogroup","68f1da4f90ad734984f7c6c5","68f1da5e90ad734984f804cd","escooccupation","2025-10-17T05:55:46.330Z","2025-10-17T05:55:46.330Z"
"escooccupation","68f1da5e90ad734984f804cd","68f1da5e90ad734984f804ce","escooccupation","2025-10-17T05:55:46.330Z","2025-10-17T05:55:46.330Z"
"iscogroup","68f1da4f90ad734984f7c6c6","68f1da5e90ad734984f804cf","escooccupation","2025-10-17T05:55:46.330Z","2025-10-17T05:55:46.330Z"
"iscogroup","68f1da4f90ad734984f7c6c6","68f1da5e90ad734984f804d0","escooccupation","2025-10-17T05:55:46.330Z","2025-10-17T05:55:46.330Z"
"iscogroup","68f1da4f90ad734984f7c6c6","68f1da5e90ad734984f804d1","escooccupation","2025-10-17T05:55:46.330Z","2025-10-17T05:55:46.330Z"
"iscogroup","68f1da4f90ad734984f7c6c8","68f1da5e90ad734984f804d2","escooccupation","2025-10-17T05:55:46.330Z","2025-10-17T05:55:46.330Z"
"iscogroup","68f1da4f90ad734984f7c6c8","68f1da5e90ad734984f804d3","escooccupation","2025-10-17T05:55:46.330Z","2025-10-17T05:55:46.330Z"
"iscogroup","68f1da4f90ad734984f7c6c8","68f1da5e90ad734984f804d4","escooccupation","2025-10-17T05:55:46.330Z","2025-10-17T05:55:46.330Z"
"iscogroup","68f1da4f90ad734984f7c6c8","68f1da5e90ad734984f804d5","escooccupation","2025-10-17T05:55:46.330Z","2025-10-17T05:55:46.330Z"
"iscogroup","68f1da4f90ad734984f7c6c9","68f1da5e90ad734984f804d6","escooccupation","2025-10-17T05:55:46.330Z","2025-10-17T05:55:46.330Z"
"escooccupation","68f1da5e90ad734984f804d6","68f1da5e90ad734984f804d7","escooccupation","2025-10-17T05:55:46.331Z","2025-10-17T05:55:46.331Z"
"escooccupation","68f1da5e90ad734984f804d6","68f1da5e90ad734984f804d8","escooccupation","2025-10-17T05:55:46.331Z","2025-10-17T05:55:46.331Z"
"escooccupation","68f1da5e90ad734984f804d6","68f1da5e90ad734984f804d9","escooccupation","2025-10-17T05:55:46.331Z","2025-10-17T05:55:46.331Z"
"escooccupation","68f1da5e90ad734984f804d6","68f1da5e90ad734984f804da","escooccupation","2025-10-17T05:55:46.331Z","2025-10-17T05:55:46.331Z"
"escooccupation","68f1da5e90ad734984f8048f","68f1da5e90ad734984f804db","escooccupation","2025-10-17T05:55:46.332Z","2025-10-17T05:55:46.332Z"
"escooccupation","68f1da5e90ad734984f8048f","68f1da5e90ad734984f804dc","escooccupation","2025-10-17T05:55:46.332Z","2025-10-17T05:55:46.332Z"
"escooccupation","68f1da5e90ad734984f8048f","68f1da5e90ad734984f804dd","escooccupation","2025-10-17T05:55:46.332Z","2025-10-17T05:55:46.332Z"
"escooccupation","68f1da5e90ad734984f8048f","68f1da5e90ad734984f804de","escooccupation","2025-10-17T05:55:46.332Z","2025-10-17T05:55:46.332Z"
"iscogroup","68f1da4f90ad734984f7c6a0","68f1da5e90ad734984f804df","escooccupation","2025-10-17T05:55:46.332Z","2025-10-17T05:55:46.332Z"
"iscogroup","68f1da4f90ad734984f7c6a0","68f1da5e90ad734984f804e0","escooccupation","2025-10-17T05:55:46.332Z","2025-10-17T05:55:46.332Z"
"iscogroup","68f1da4f90ad734984f7c6a0","68f1da5e90ad734984f804e1","escooccupation","2025-10-17T05:55:46.333Z","2025-10-17T05:55:46.333Z"
"iscogroup","68f1da4f90ad734984f7c6a1","68f1da5e90ad734984f804e2","escooccupation","2025-10-17T05:55:46.333Z","2025-10-17T05:55:46.333Z"
"escooccupation","68f1da5e90ad734984f804e2","68f1da5e90ad734984f804e3","escooccupation","2025-10-17T05:55:46.333Z","2025-10-17T05:55:46.333Z"
"escooccupation","68f1da5e90ad734984f804e2","68f1da5e90ad734984f804e4","escooccupation","2025-10-17T05:55:46.333Z","2025-10-17T05:55:46.333Z"
"escooccupation","68f1da5e90ad734984f804e2","68f1da5e90ad734984f804e5","escooccupation","2025-10-17T05:55:46.333Z","2025-10-17T05:55:46.333Z"
"escooccupation","68f1da5e90ad734984f804e2","68f1da5e90ad734984f804e6","escooccupation","2025-10-17T05:55:46.333Z","2025-10-17T05:55:46.333Z"
"iscogroup","68f1da4f90ad734984f7c6a1","68f1da5e90ad734984f804e7","escooccupation","2025-10-17T05:55:46.333Z","2025-10-17T05:55:46.333Z"
"iscogroup","68f1da4f90ad734984f7c6a3","68f1da5e90ad734984f804e8","escooccupation","2025-10-17T05:55:46.333Z","2025-10-17T05:55:46.333Z"
"escooccupation","68f1da5e90ad734984f804e8","68f1da5e90ad734984f804e9","escooccupation","2025-10-17T05:55:46.333Z","2025-10-17T05:55:46.333Z"
"iscogroup","68f1da4f90ad734984f7c6a3","68f1da5e90ad734984f804ea","escooccupation","2025-10-17T05:55:46.333Z","2025-10-17T05:55:46.333Z"
"iscogroup","68f1da4f90ad734984f7c6a3","68f1da5e90ad734984f804eb","escooccupation","2025-10-17T05:55:46.333Z","2025-10-17T05:55:46.333Z"
"iscogroup","68f1da4f90ad734984f7c6a3","68f1da5e90ad734984f804ec","escooccupation","2025-10-17T05:55:46.333Z","2025-10-17T05:55:46.333Z"
"iscogroup","68f1da4f90ad734984f7c6a3","68f1da5e90ad734984f804ed","escooccupation","2025-10-17T05:55:46.333Z","2025-10-17T05:55:46.333Z"
"iscogroup","68f1da4f90ad734984f7c6a4","68f1da5e90ad734984f804ee","escooccupation","2025-10-17T05:55:46.333Z","2025-10-17T05:55:46.333Z"
"iscogroup","68f1da4f90ad734984f7c6a4","68f1da5e90ad734984f804ef","escooccupation","2025-10-17T05:55:46.349Z","2025-10-17T05:55:46.349Z"
"iscogroup","68f1da4f90ad734984f7c6a4","68f1da5e90ad734984f804f0","escooccupation","2025-10-17T05:55:46.349Z","2025-10-17T05:55:46.349Z"
"iscogroup","68f1da4f90ad734984f7c6a4","68f1da5e90ad734984f804f1","escooccupation","2025-10-17T05:55:46.349Z","2025-10-17T05:55:46.349Z"
"escooccupation","68f1da5e90ad734984f804f1","68f1da5e90ad734984f804f2","escooccupation","2025-10-17T05:55:46.349Z","2025-10-17T05:55:46.349Z"
"escooccupation","68f1da5e90ad734984f804f1","68f1da5e90ad734984f804f3","escooccupation","2025-10-17T05:55:46.350Z","2025-10-17T05:55:46.350Z"
"escooccupation","68f1da5e90ad734984f804f1","68f1da5e90ad734984f804f4","escooccupation","2025-10-17T05:55:46.350Z","2025-10-17T05:55:46.350Z"
"escooccupation","68f1da5e90ad734984f804f1","68f1da5e90ad734984f804f5","escooccupation","2025-10-17T05:55:46.350Z","2025-10-17T05:55:46.350Z"
"escooccupation","68f1da5e90ad734984f804f1","68f1da5e90ad734984f804f6","escooccupation","2025-10-17T05:55:46.350Z","2025-10-17T05:55:46.350Z"
"escooccupation","68f1da5e90ad734984f804f1","68f1da5e90ad734984f804f7","escooccupation","2025-10-17T05:55:46.350Z","2025-10-17T05:55:46.350Z"
"escooccupation","68f1da5e90ad734984f804f1","68f1da5e90ad734984f804f8","escooccupation","2025-10-17T05:55:46.350Z","2025-10-17T05:55:46.350Z"
"escooccupation","68f1da5e90ad734984f804f1","68f1da5e90ad734984f804f9","escooccupation","2025-10-17T05:55:46.350Z","2025-10-17T05:55:46.350Z"
"escooccupation","68f1da5e90ad734984f804f1","68f1da5e90ad734984f804fa","escooccupation","2025-10-17T05:55:46.350Z","2025-10-17T05:55:46.350Z"
"escooccupation","68f1da5e90ad734984f804f1","68f1da5e90ad734984f804fb","escooccupation","2025-10-17T05:55:46.350Z","2025-10-17T05:55:46.350Z"
"escooccupation","68f1da5e90ad734984f804f1","68f1da5e90ad734984f804fc","escooccupation","2025-10-17T05:55:46.350Z","2025-10-17T05:55:46.350Z"
"escooccupation","68f1da5e90ad734984f804f1","68f1da5e90ad734984f804fd","escooccupation","2025-10-17T05:55:46.350Z","2025-10-17T05:55:46.350Z"
"escooccupation","68f1da5e90ad734984f804f1","68f1da5e90ad734984f804fe","escooccupation","2025-10-17T05:55:46.350Z","2025-10-17T05:55:46.350Z"
"escooccupation","68f1da5e90ad734984f804f1","68f1da5e90ad734984f804ff","escooccupation","2025-10-17T05:55:46.350Z","2025-10-17T05:55:46.350Z"
"escooccupation","68f1da5e90ad734984f804f1","68f1da5e90ad734984f80500","escooccupation","2025-10-17T05:55:46.350Z","2025-10-17T05:55:46.350Z"
"iscogroup","68f1da4f90ad734984f7c6a4","68f1da5e90ad734984f80501","escooccupation","2025-10-17T05:55:46.350Z","2025-10-17T05:55:46.350Z"
"iscogroup","68f1da4f90ad734984f7c6a4","68f1da5e90ad734984f80502","escooccupation","2025-10-17T05:55:46.350Z","2025-10-17T05:55:46.350Z"
"iscogroup","68f1da4f90ad734984f7c6a4","68f1da5e90ad734984f80503","escooccupation","2025-10-17T05:55:46.350Z","2025-10-17T05:55:46.350Z"
"iscogroup","68f1da4f90ad734984f7c6a4","68f1da5e90ad734984f80504","escooccupation","2025-10-17T05:55:46.350Z","2025-10-17T05:55:46.350Z"
"iscogroup","68f1da4f90ad734984f7c6a4","68f1da5e90ad734984f80505","escooccupation","2025-10-17T05:55:46.350Z","2025-10-17T05:55:46.350Z"
"iscogroup","68f1da4f90ad734984f7c6a4","68f1da5e90ad734984f80506","escooccupation","2025-10-17T05:55:46.350Z","2025-10-17T05:55:46.350Z"
"iscogroup","68f1da4f90ad734984f7c6a4","68f1da5e90ad734984f80507","escooccupation","2025-10-17T05:55:46.350Z","2025-10-17T05:55:46.350Z"
"iscogroup","68f1da4f90ad734984f7c6a4","68f1da5e90ad734984f80508","escooccupation","2025-10-17T05:55:46.350Z","2025-10-17T05:55:46.350Z"
"iscogroup","68f1da4f90ad734984f7c6a4","68f1da5e90ad734984f80509","escooccupation","2025-10-17T05:55:46.350Z","2025-10-17T05:55:46.350Z"
"iscogroup","68f1da4f90ad734984f7c6a4","68f1da5e90ad734984f8050a","escooccupation","2025-10-17T05:55:46.350Z","2025-10-17T05:55:46.350Z"
"iscogroup","68f1da4f90ad734984f7c6a4","68f1da5e90ad734984f8050b","escooccupation","2025-10-17T05:55:46.350Z","2025-10-17T05:55:46.350Z"
"iscogroup","68f1da4f90ad734984f7c6a4","68f1da5e90ad734984f8050c","escooccupation","2025-10-17T05:55:46.350Z","2025-10-17T05:55:46.350Z"
"iscogroup","68f1da4f90ad734984f7c6ae","68f1da5e90ad734984f8050d","escooccupation","2025-10-17T05:55:46.369Z","2025-10-17T05:55:46.369Z"
"iscogroup","68f1da4f90ad734984f7c6ae","68f1da5e90ad734984f8050e","escooccupation","2025-10-17T05:55:46.369Z","2025-10-17T05:55:46.369Z"
"iscogroup","68f1da4f90ad734984f7c6ae","68f1da5e90ad734984f8050f","escooccupation","2025-10-17T05:55:46.370Z","2025-10-17T05:55:46.370Z"
"iscogroup","68f1da4f90ad734984f7c6af","68f1da5e90ad734984f80510","escooccupation","2025-10-17T05:55:46.370Z","2025-10-17T05:55:46.370Z"
"iscogroup","68f1da4f90ad734984f7c6af","68f1da5e90ad734984f80511","escooccupation","2025-10-17T05:55:46.370Z","2025-10-17T05:55:46.370Z"
"iscogroup","68f1da4f90ad734984f7c6af","68f1da5e90ad734984f80512","escooccupation","2025-10-17T05:55:46.370Z","2025-10-17T05:55:46.370Z"
"iscogroup","68f1da4f90ad734984f7c6af","68f1da5e90ad734984f80513","escooccupation","2025-10-17T05:55:46.370Z","2025-10-17T05:55:46.370Z"
"escooccupation","68f1da5e90ad734984f80513","68f1da5e90ad734984f80514","escooccupation","2025-10-17T05:55:46.370Z","2025-10-17T05:55:46.370Z"
"iscogroup","68f1da4f90ad734984f7c6af","68f1da5e90ad734984f80515","escooccupation","2025-10-17T05:55:46.370Z","2025-10-17T05:55:46.370Z"
"iscogroup","68f1da4f90ad734984f7c6b0","68f1da5e90ad734984f80516","escooccupation","2025-10-17T05:55:46.370Z","2025-10-17T05:55:46.370Z"
"iscogroup","68f1da4f90ad734984f7c6b0","68f1da5e90ad734984f80517","escooccupation","2025-10-17T05:55:46.370Z","2025-10-17T05:55:46.370Z"
"iscogroup","68f1da4f90ad734984f7c6b0","68f1da5e90ad734984f80518","escooccupation","2025-10-17T05:55:46.370Z","2025-10-17T05:55:46.370Z"
"iscogroup","68f1da4f90ad734984f7c6b0","68f1da5e90ad734984f80519","escooccupation","2025-10-17T05:55:46.370Z","2025-10-17T05:55:46.370Z"
"iscogroup","68f1da4f90ad734984f7c6b0","68f1da5e90ad734984f8051a","escooccupation","2025-10-17T05:55:46.370Z","2025-10-17T05:55:46.370Z"
"iscogroup","68f1da4f90ad734984f7c6b1","68f1da5e90ad734984f8051b","escooccupation","2025-10-17T05:55:46.370Z","2025-10-17T05:55:46.370Z"
"iscogroup","68f1da4f90ad734984f7c6b1","68f1da5e90ad734984f8051c","escooccupation","2025-10-17T05:55:46.370Z","2025-10-17T05:55:46.370Z"
"escooccupation","68f1da5e90ad734984f8051c","68f1da5e90ad734984f8051d","escooccupation","2025-10-17T05:55:46.370Z","2025-10-17T05:55:46.370Z"
"escooccupation","68f1da5e90ad734984f8051c","68f1da5e90ad734984f8051e","escooccupation","2025-10-17T05:55:46.370Z","2025-10-17T05:55:46.370Z"
"iscogroup","68f1da4f90ad734984f7c6b1","68f1da5e90ad734984f8051f","escooccupation","2025-10-17T05:55:46.370Z","2025-10-17T05:55:46.370Z"
"iscogroup","68f1da4f90ad734984f7c6b1","68f1da5e90ad734984f80520","escooccupation","2025-10-17T05:55:46.370Z","2025-10-17T05:55:46.370Z"
"iscogroup","68f1da4f90ad734984f7c6cb","68f1da5e90ad734984f80521","escooccupation","2025-10-17T05:55:46.370Z","2025-10-17T05:55:46.370Z"
"iscogroup","68f1da4f90ad734984f7c6cb","68f1da5e90ad734984f80522","escooccupation","2025-10-17T05:55:46.370Z","2025-10-17T05:55:46.370Z"
"iscogroup","68f1da4f90ad734984f7c6cb","68f1da5e90ad734984f80523","escooccupation","2025-10-17T05:55:46.370Z","2025-10-17T05:55:46.370Z"
"iscogroup","68f1da4f90ad734984f7c6cb","68f1da5e90ad734984f80524","escooccupation","2025-10-17T05:55:46.370Z","2025-10-17T05:55:46.370Z"
"iscogroup","68f1da4f90ad734984f7c6cb","68f1da5e90ad734984f80525","escooccupation","2025-10-17T05:55:46.370Z","2025-10-17T05:55:46.370Z"
"iscogroup","68f1da4f90ad734984f7c6a4","68f1da5e90ad734984f80526","escooccupation","2025-10-17T05:55:46.351Z","2025-10-17T05:55:46.351Z"
"iscogroup","68f1da4f90ad734984f7c6a5","68f1da5e90ad734984f80527","escooccupation","2025-10-17T05:55:46.351Z","2025-10-17T05:55:46.351Z"
"iscogroup","68f1da4f90ad734984f7c6a5","68f1da5e90ad734984f80528","escooccupation","2025-10-17T05:55:46.351Z","2025-10-17T05:55:46.351Z"
"iscogroup","68f1da4f90ad734984f7c6a5","68f1da5e90ad734984f80529","escooccupation","2025-10-17T05:55:46.351Z","2025-10-17T05:55:46.351Z"
"iscogroup","68f1da4f90ad734984f7c6a5","68f1da5e90ad734984f8052a","escooccupation","2025-10-17T05:55:46.351Z","2025-10-17T05:55:46.351Z"
"iscogroup","68f1da4f90ad734984f7c6a5","68f1da5e90ad734984f8052b","escooccupation","2025-10-17T05:55:46.351Z","2025-10-17T05:55:46.351Z"
"iscogroup","68f1da4f90ad734984f7c6a5","68f1da5e90ad734984f8052c","escooccupation","2025-10-17T05:55:46.351Z","2025-10-17T05:55:46.351Z"
"iscogroup","68f1da4f90ad734984f7c6a6","68f1da5e90ad734984f8052d","escooccupation","2025-10-17T05:55:46.351Z","2025-10-17T05:55:46.351Z"
"iscogroup","68f1da4f90ad734984f7c6a6","68f1da5e90ad734984f8052e","escooccupation","2025-10-17T05:55:46.351Z","2025-10-17T05:55:46.351Z"
"iscogroup","68f1da4f90ad734984f7c6a6","68f1da5e90ad734984f8052f","escooccupation","2025-10-17T05:55:46.351Z","2025-10-17T05:55:46.351Z"
"iscogroup","68f1da4f90ad734984f7c6a8","68f1da5e90ad734984f80530","escooccupation","2025-10-17T05:55:46.351Z","2025-10-17T05:55:46.351Z"
"iscogroup","68f1da4f90ad734984f7c6a8","68f1da5e90ad734984f80531","escooccupation","2025-10-17T05:55:46.351Z","2025-10-17T05:55:46.351Z"
"escooccupation","68f1da5e90ad734984f80531","68f1da5e90ad734984f80532","escooccupation","2025-10-17T05:55:46.351Z","2025-10-17T05:55:46.351Z"
"escooccupation","68f1da5e90ad734984f80531","68f1da5e90ad734984f80533","escooccupation","2025-10-17T05:55:46.351Z","2025-10-17T05:55:46.351Z"
"escooccupation","68f1da5e90ad734984f80531","68f1da5e90ad734984f80534","escooccupation","2025-10-17T05:55:46.351Z","2025-10-17T05:55:46.351Z"
"escooccupation","68f1da5e90ad734984f80531","68f1da5e90ad734984f80535","escooccupation","2025-10-17T05:55:46.351Z","2025-10-17T05:55:46.351Z"
"iscogroup","68f1da4f90ad734984f7c6a8","68f1da5e90ad734984f80536","escooccupation","2025-10-17T05:55:46.351Z","2025-10-17T05:55:46.351Z"
"iscogroup","68f1da4f90ad734984f7c6a8","68f1da5e90ad734984f80537","escooccupation","2025-10-17T05:55:46.351Z","2025-10-17T05:55:46.351Z"
"iscogroup","68f1da4f90ad734984f7c6a8","68f1da5e90ad734984f80538","escooccupation","2025-10-17T05:55:46.351Z","2025-10-17T05:55:46.351Z"
"iscogroup","68f1da4f90ad734984f7c6a8","68f1da5e90ad734984f80539","escooccupation","2025-10-17T05:55:46.351Z","2025-10-17T05:55:46.351Z"
"iscogroup","68f1da4f90ad734984f7c6a8","68f1da5e90ad734984f8053a","escooccupation","2025-10-17T05:55:46.351Z","2025-10-17T05:55:46.351Z"
"iscogroup","68f1da4f90ad734984f7c6a8","68f1da5e90ad734984f8053b","escooccupation","2025-10-17T05:55:46.351Z","2025-10-17T05:55:46.351Z"
"iscogroup","68f1da4f90ad734984f7c6a8","68f1da5e90ad734984f8053c","escooccupation","2025-10-17T05:55:46.351Z","2025-10-17T05:55:46.351Z"
"iscogroup","68f1da4f90ad734984f7c6a8","68f1da5e90ad734984f8053d","escooccupation","2025-10-17T05:55:46.351Z","2025-10-17T05:55:46.351Z"
"iscogroup","68f1da4f90ad734984f7c6a8","68f1da5e90ad734984f8053e","escooccupation","2025-10-17T05:55:46.351Z","2025-10-17T05:55:46.351Z"
"escooccupation","68f1da5e90ad734984f8056d","68f1da5e90ad734984f8053f","escooccupation","2025-10-17T05:55:46.352Z","2025-10-17T05:55:46.352Z"
"escooccupation","68f1da5e90ad734984f8056d","68f1da5e90ad734984f80540","escooccupation","2025-10-17T05:55:46.352Z","2025-10-17T05:55:46.352Z"
"escooccupation","68f1da5e90ad734984f8056d","68f1da5e90ad734984f80541","escooccupation","2025-10-17T05:55:46.352Z","2025-10-17T05:55:46.352Z"
"escooccupation","68f1da5e90ad734984f8056d","68f1da5e90ad734984f80542","escooccupation","2025-10-17T05:55:46.352Z","2025-10-17T05:55:46.352Z"
"iscogroup","68f1da4f90ad734984f7c6ab","68f1da5e90ad734984f80543","escooccupation","2025-10-17T05:55:46.352Z","2025-10-17T05:55:46.352Z"
"iscogroup","68f1da4f90ad734984f7c6ab","68f1da5e90ad734984f80544","escooccupation","2025-10-17T05:55:46.352Z","2025-10-17T05:55:46.352Z"
"iscogroup","68f1da4f90ad734984f7c6ab","68f1da5e90ad734984f80545","escooccupation","2025-10-17T05:55:46.352Z","2025-10-17T05:55:46.352Z"
"iscogroup","68f1da4f90ad734984f7c6ab","68f1da5e90ad734984f80546","escooccupation","2025-10-17T05:55:46.353Z","2025-10-17T05:55:46.353Z"
"iscogroup","68f1da4f90ad734984f7c6ae","68f1da5e90ad734984f80547","escooccupation","2025-10-17T05:55:46.353Z","2025-10-17T05:55:46.353Z"
"iscogroup","68f1da4f90ad734984f7c6ae","68f1da5e90ad734984f80548","escooccupation","2025-10-17T05:55:46.353Z","2025-10-17T05:55:46.353Z"
"iscogroup","68f1da4f90ad734984f7c6ae","68f1da5e90ad734984f80549","escooccupation","2025-10-17T05:55:46.353Z","2025-10-17T05:55:46.353Z"
"iscogroup","68f1da4f90ad734984f7c6ae","68f1da5e90ad734984f8054a","escooccupation","2025-10-17T05:55:46.353Z","2025-10-17T05:55:46.353Z"
"iscogroup","68f1da4f90ad734984f7c6ae","68f1da5e90ad734984f8054b","escooccupation","2025-10-17T05:55:46.353Z","2025-10-17T05:55:46.353Z"
"iscogroup","68f1da4f90ad734984f7c6ae","68f1da5e90ad734984f8054c","escooccupation","2025-10-17T05:55:46.353Z","2025-10-17T05:55:46.353Z"
"escooccupation","68f1da5e90ad734984f8054c","68f1da5e90ad734984f8054d","escooccupation","2025-10-17T05:55:46.353Z","2025-10-17T05:55:46.353Z"
"iscogroup","68f1da4f90ad734984f7c6ae","68f1da5e90ad734984f8054e","escooccupation","2025-10-17T05:55:46.353Z","2025-10-17T05:55:46.353Z"
"iscogroup","68f1da4f90ad734984f7c6ae","68f1da5e90ad734984f8054f","escooccupation","2025-10-17T05:55:46.353Z","2025-10-17T05:55:46.353Z"
"iscogroup","68f1da4f90ad734984f7c6ae","68f1da5e90ad734984f80550","escooccupation","2025-10-17T05:55:46.353Z","2025-10-17T05:55:46.353Z"
"iscogroup","68f1da4f90ad734984f7c6ae","68f1da5e90ad734984f80551","escooccupation","2025-10-17T05:55:46.353Z","2025-10-17T05:55:46.353Z"
"iscogroup","68f1da4f90ad734984f7c6ae","68f1da5e90ad734984f80552","escooccupation","2025-10-17T05:55:46.353Z","2025-10-17T05:55:46.353Z"
"iscogroup","68f1da4f90ad734984f7c6ae","68f1da5e90ad734984f80553","escooccupation","2025-10-17T05:55:46.353Z","2025-10-17T05:55:46.353Z"
"iscogroup","68f1da4f90ad734984f7c6ae","68f1da5e90ad734984f80554","escooccupation","2025-10-17T05:55:46.353Z","2025-10-17T05:55:46.353Z"
"iscogroup","68f1da4f90ad734984f7c6ae","68f1da5e90ad734984f80555","escooccupation","2025-10-17T05:55:46.353Z","2025-10-17T05:55:46.353Z"
"iscogroup","68f1da4f90ad734984f7c6ae","68f1da5e90ad734984f80556","escooccupation","2025-10-17T05:55:46.353Z","2025-10-17T05:55:46.353Z"
"iscogroup","68f1da4f90ad734984f7c6ae","68f1da5e90ad734984f80557","escooccupation","2025-10-17T05:55:46.369Z","2025-10-17T05:55:46.369Z"
"iscogroup","68f1da4f90ad734984f7c6a8","68f1da5e90ad734984f80558","escooccupation","2025-10-17T05:55:46.351Z","2025-10-17T05:55:46.351Z"
"iscogroup","68f1da4f90ad734984f7c6a8","68f1da5e90ad734984f80559","escooccupation","2025-10-17T05:55:46.351Z","2025-10-17T05:55:46.351Z"
"iscogroup","68f1da4f90ad734984f7c6a8","68f1da5e90ad734984f8055a","escooccupation","2025-10-17T05:55:46.351Z","2025-10-17T05:55:46.351Z"
"iscogroup","68f1da4f90ad734984f7c6a8","68f1da5e90ad734984f8055b","escooccupation","2025-10-17T05:55:46.351Z","2025-10-17T05:55:46.351Z"
"iscogroup","68f1da4f90ad734984f7c6a8","68f1da5e90ad734984f8055c","escooccupation","2025-10-17T05:55:46.351Z","2025-10-17T05:55:46.351Z"
"iscogroup","68f1da4f90ad734984f7c6a9","68f1da5e90ad734984f8055d","escooccupation","2025-10-17T05:55:46.352Z","2025-10-17T05:55:46.352Z"
"iscogroup","68f1da4f90ad734984f7c6a9","68f1da5e90ad734984f8055e","escooccupation","2025-10-17T05:55:46.352Z","2025-10-17T05:55:46.352Z"
"iscogroup","68f1da4f90ad734984f7c6a9","68f1da5e90ad734984f8055f","escooccupation","2025-10-17T05:55:46.352Z","2025-10-17T05:55:46.352Z"
"iscogroup","68f1da4f90ad734984f7c6a9","68f1da5e90ad734984f80560","escooccupation","2025-10-17T05:55:46.352Z","2025-10-17T05:55:46.352Z"
"iscogroup","68f1da4f90ad734984f7c6a9","68f1da5e90ad734984f80561","escooccupation","2025-10-17T05:55:46.352Z","2025-10-17T05:55:46.352Z"
"iscogroup","68f1da4f90ad734984f7c6a9","68f1da5e90ad734984f80562","escooccupation","2025-10-17T05:55:46.352Z","2025-10-17T05:55:46.352Z"
"escooccupation","68f1da5e90ad734984f80562","68f1da5e90ad734984f80563","escooccupation","2025-10-17T05:55:46.352Z","2025-10-17T05:55:46.352Z"
"iscogroup","68f1da4f90ad734984f7c6a9","68f1da5e90ad734984f80564","escooccupation","2025-10-17T05:55:46.352Z","2025-10-17T05:55:46.352Z"
"iscogroup","68f1da4f90ad734984f7c6a9","68f1da5e90ad734984f80565","escooccupation","2025-10-17T05:55:46.352Z","2025-10-17T05:55:46.352Z"
"iscogroup","68f1da4f90ad734984f7c6a9","68f1da5e90ad734984f80566","escooccupation","2025-10-17T05:55:46.352Z","2025-10-17T05:55:46.352Z"
"escooccupation","68f1da5e90ad734984f80566","68f1da5e90ad734984f80567","escooccupation","2025-10-17T05:55:46.352Z","2025-10-17T05:55:46.352Z"
"iscogroup","68f1da4f90ad734984f7c6aa","68f1da5e90ad734984f80568","escooccupation","2025-10-17T05:55:46.352Z","2025-10-17T05:55:46.352Z"
"iscogroup","68f1da4f90ad734984f7c6aa","68f1da5e90ad734984f80569","escooccupation","2025-10-17T05:55:46.352Z","2025-10-17T05:55:46.352Z"
"iscogroup","68f1da4f90ad734984f7c6aa","68f1da5e90ad734984f8056a","escooccupation","2025-10-17T05:55:46.352Z","2025-10-17T05:55:46.352Z"
"iscogroup","68f1da4f90ad734984f7c6aa","68f1da5e90ad734984f8056b","escooccupation","2025-10-17T05:55:46.352Z","2025-10-17T05:55:46.352Z"
"iscogroup","68f1da4f90ad734984f7c6aa","68f1da5e90ad734984f8056c","escooccupation","2025-10-17T05:55:46.352Z","2025-10-17T05:55:46.352Z"
"iscogroup","68f1da4f90ad734984f7c6aa","68f1da5e90ad734984f8056d","escooccupation","2025-10-17T05:55:46.352Z","2025-10-17T05:55:46.352Z"
"escooccupation","68f1da5e90ad734984f8056d","68f1da5e90ad734984f8056e","escooccupation","2025-10-17T05:55:46.352Z","2025-10-17T05:55:46.352Z"
"escooccupation","68f1da5e90ad734984f8056d","68f1da5e90ad734984f8056f","escooccupation","2025-10-17T05:55:46.352Z","2025-10-17T05:55:46.352Z"
"escooccupation","68f1da5e90ad734984f8056d","68f1da5e90ad734984f80570","escooccupation","2025-10-17T05:55:46.352Z","2025-10-17T05:55:46.352Z"
"iscogroup","68f1da4f90ad734984f7c6cb","68f1da5e90ad734984f80571","escooccupation","2025-10-17T05:55:46.370Z","2025-10-17T05:55:46.370Z"
"iscogroup","68f1da4f90ad734984f7c6cb","68f1da5e90ad734984f80572","escooccupation","2025-10-17T05:55:46.370Z","2025-10-17T05:55:46.370Z"
"escooccupation","68f1da5e90ad734984f80572","68f1da5e90ad734984f80573","escooccupation","2025-10-17T05:55:46.370Z","2025-10-17T05:55:46.370Z"
"escooccupation","68f1da5e90ad734984f80572","68f1da5e90ad734984f80574","escooccupation","2025-10-17T05:55:46.370Z","2025-10-17T05:55:46.370Z"
"escooccupation","68f1da5e90ad734984f80572","68f1da5e90ad734984f80575","escooccupation","2025-10-17T05:55:46.370Z","2025-10-17T05:55:46.370Z"
"escooccupation","68f1da5e90ad734984f80572","68f1da5e90ad734984f80576","escooccupation","2025-10-17T05:55:46.370Z","2025-10-17T05:55:46.370Z"
"escooccupation","68f1da5e90ad734984f80572","68f1da5e90ad734984f80577","escooccupation","2025-10-17T05:55:46.370Z","2025-10-17T05:55:46.370Z"
"iscogroup","68f1da4f90ad734984f7c6cd","68f1da5e90ad734984f80578","escooccupation","2025-10-17T05:55:46.370Z","2025-10-17T05:55:46.370Z"
"iscogroup","68f1da4f90ad734984f7c6cd","68f1da5e90ad734984f80579","escooccupation","2025-10-17T05:55:46.371Z","2025-10-17T05:55:46.371Z"
"iscogroup","68f1da4f90ad734984f7c6cd","68f1da5e90ad734984f8057a","escooccupation","2025-10-17T05:55:46.371Z","2025-10-17T05:55:46.371Z"
"iscogroup","68f1da4f90ad734984f7c6cd","68f1da5e90ad734984f8057b","escooccupation","2025-10-17T05:55:46.371Z","2025-10-17T05:55:46.371Z"
"iscogroup","68f1da4f90ad734984f7c6cd","68f1da5e90ad734984f8057c","escooccupation","2025-10-17T05:55:46.371Z","2025-10-17T05:55:46.371Z"
"iscogroup","68f1da4f90ad734984f7c6ce","68f1da5e90ad734984f8057d","escooccupation","2025-10-17T05:55:46.371Z","2025-10-17T05:55:46.371Z"
"escooccupation","68f1da5e90ad734984f8057d","68f1da5e90ad734984f8057e","escooccupation","2025-10-17T05:55:46.371Z","2025-10-17T05:55:46.371Z"
"escooccupation","68f1da5e90ad734984f8057d","68f1da5e90ad734984f8057f","escooccupation","2025-10-17T05:55:46.371Z","2025-10-17T05:55:46.371Z"
"iscogroup","68f1da4f90ad734984f7c6cf","68f1da5e90ad734984f80580","escooccupation","2025-10-17T05:55:46.371Z","2025-10-17T05:55:46.371Z"
"iscogroup","68f1da4f90ad734984f7c6cf","68f1da5e90ad734984f80581","escooccupation","2025-10-17T05:55:46.371Z","2025-10-17T05:55:46.371Z"
"iscogroup","68f1da4f90ad734984f7c6cf","68f1da5e90ad734984f80582","escooccupation","2025-10-17T05:55:46.371Z","2025-10-17T05:55:46.371Z"
"iscogroup","68f1da4f90ad734984f7c6d0","68f1da5e90ad734984f80583","escooccupation","2025-10-17T05:55:46.371Z","2025-10-17T05:55:46.371Z"
"iscogroup","68f1da4f90ad734984f7c6d0","68f1da5e90ad734984f80584","escooccupation","2025-10-17T05:55:46.371Z","2025-10-17T05:55:46.371Z"
"iscogroup","68f1da4f90ad734984f7c6d0","68f1da5e90ad734984f80585","escooccupation","2025-10-17T05:55:46.371Z","2025-10-17T05:55:46.371Z"
"iscogroup","68f1da4f90ad734984f7c6d0","68f1da5e90ad734984f80586","escooccupation","2025-10-17T05:55:46.371Z","2025-10-17T05:55:46.371Z"
"iscogroup","68f1da4f90ad734984f7c6d0","68f1da5e90ad734984f80587","escooccupation","2025-10-17T05:55:46.371Z","2025-10-17T05:55:46.371Z"
"iscogroup","68f1da4f90ad734984f7c6d0","68f1da5e90ad734984f80588","escooccupation","2025-10-17T05:55:46.371Z","2025-10-17T05:55:46.371Z"
"iscogroup","68f1da4f90ad734984f7c6d0","68f1da5e90ad734984f80589","escooccupation","2025-10-17T05:55:46.371Z","2025-10-17T05:55:46.371Z"
"iscogroup","68f1da4f90ad734984f7c6d0","68f1da5e90ad734984f8058a","escooccupation","2025-10-17T05:55:46.371Z","2025-10-17T05:55:46.371Z"
"iscogroup","68f1da4f90ad734984f7c6d0","68f1da5e90ad734984f8058b","escooccupation","2025-10-17T05:55:46.371Z","2025-10-17T05:55:46.371Z"
"iscogroup","68f1da4f90ad734984f7c6d3","68f1da5e90ad734984f8058c","escooccupation","2025-10-17T05:55:46.371Z","2025-10-17T05:55:46.371Z"
"escooccupation","68f1da5e90ad734984f8058c","68f1da5e90ad734984f8058d","escooccupation","2025-10-17T05:55:46.371Z","2025-10-17T05:55:46.371Z"
"escooccupation","68f1da5e90ad734984f8058c","68f1da5e90ad734984f8058e","escooccupation","2025-10-17T05:55:46.371Z","2025-10-17T05:55:46.371Z"
"iscogroup","68f1da4f90ad734984f7c6d4","68f1da5e90ad734984f8058f","escooccupation","2025-10-17T05:55:46.371Z","2025-10-17T05:55:46.371Z"
"escooccupation","68f1da5e90ad734984f8058f","68f1da5e90ad734984f80590","escooccupation","2025-10-17T05:55:46.371Z","2025-10-17T05:55:46.371Z"
"iscogroup","68f1da4f90ad734984f7c6d5","68f1da5e90ad734984f80591","escooccupation","2025-10-17T05:55:46.371Z","2025-10-17T05:55:46.371Z"
"iscogroup","68f1da4f90ad734984f7c6d5","68f1da5e90ad734984f80592","escooccupation","2025-10-17T05:55:46.371Z","2025-10-17T05:55:46.371Z"
"iscogroup","68f1da4f90ad734984f7c6d5","68f1da5e90ad734984f80593","escooccupation","2025-10-17T05:55:46.371Z","2025-10-17T05:55:46.371Z"
"iscogroup","68f1da4f90ad734984f7c6d5","68f1da5e90ad734984f80594","escooccupation","2025-10-17T05:55:46.371Z","2025-10-17T05:55:46.371Z"
"iscogroup","68f1da4f90ad734984f7c6d5","68f1da5e90ad734984f80595","escooccupation","2025-10-17T05:55:46.371Z","2025-10-17T05:55:46.371Z"
"iscogroup","68f1da4f90ad734984f7c6d5","68f1da5e90ad734984f80596","escooccupation","2025-10-17T05:55:46.371Z","2025-10-17T05:55:46.371Z"
"iscogroup","68f1da4f90ad734984f7c6d5","68f1da5e90ad734984f80597","escooccupation","2025-10-17T05:55:46.371Z","2025-10-17T05:55:46.371Z"
"iscogroup","68f1da4f90ad734984f7c6d5","68f1da5e90ad734984f80598","escooccupation","2025-10-17T05:55:46.372Z","2025-10-17T05:55:46.372Z"
"iscogroup","68f1da4f90ad734984f7c6d5","68f1da5e90ad734984f80599","escooccupation","2025-10-17T05:55:46.372Z","2025-10-17T05:55:46.372Z"
"iscogroup","68f1da4f90ad734984f7c6d5","68f1da5e90ad734984f8059a","escooccupation","2025-10-17T05:55:46.372Z","2025-10-17T05:55:46.372Z"
"iscogroup","68f1da4f90ad734984f7c6d5","68f1da5e90ad734984f8059b","escooccupation","2025-10-17T05:55:46.372Z","2025-10-17T05:55:46.372Z"
"iscogroup","68f1da4f90ad734984f7c6d5","68f1da5e90ad734984f8059c","escooccupation","2025-10-17T05:55:46.372Z","2025-10-17T05:55:46.372Z"
"iscogroup","68f1da4f90ad734984f7c6d7","68f1da5e90ad734984f8059d","escooccupation","2025-10-17T05:55:46.372Z","2025-10-17T05:55:46.372Z"
"iscogroup","68f1da4f90ad734984f7c6d7","68f1da5e90ad734984f8059e","escooccupation","2025-10-17T05:55:46.372Z","2025-10-17T05:55:46.372Z"
"iscogroup","68f1da4f90ad734984f7c6d7","68f1da5e90ad734984f8059f","escooccupation","2025-10-17T05:55:46.372Z","2025-10-17T05:55:46.372Z"
"iscogroup","68f1da4f90ad734984f7c6d7","68f1da5e90ad734984f805a0","escooccupation","2025-10-17T05:55:46.372Z","2025-10-17T05:55:46.372Z"
"iscogroup","68f1da4f90ad734984f7c6d7","68f1da5e90ad734984f805a1","escooccupation","2025-10-17T05:55:46.372Z","2025-10-17T05:55:46.372Z"
"iscogroup","68f1da4f90ad734984f7c6d7","68f1da5e90ad734984f805a2","escooccupation","2025-10-17T05:55:46.372Z","2025-10-17T05:55:46.372Z"
"escooccupation","68f1da5e90ad734984f805ed","68f1da5e90ad734984f805a3","escooccupation","2025-10-17T05:55:46.391Z","2025-10-17T05:55:46.391Z"
"escooccupation","68f1da5e90ad734984f805ed","68f1da5e90ad734984f805a4","escooccupation","2025-10-17T05:55:46.391Z","2025-10-17T05:55:46.391Z"
"escooccupation","68f1da5e90ad734984f805ed","68f1da5e90ad734984f805a5","escooccupation","2025-10-17T05:55:46.391Z","2025-10-17T05:55:46.391Z"
"escooccupation","68f1da5e90ad734984f805ed","68f1da5e90ad734984f805a6","escooccupation","2025-10-17T05:55:46.391Z","2025-10-17T05:55:46.391Z"
"iscogroup","68f1da4f90ad734984f7c6e2","68f1da5e90ad734984f805a7","escooccupation","2025-10-17T05:55:46.391Z","2025-10-17T05:55:46.391Z"
"escooccupation","68f1da5e90ad734984f805a7","68f1da5e90ad734984f805a8","escooccupation","2025-10-17T05:55:46.391Z","2025-10-17T05:55:46.391Z"
"escooccupation","68f1da5e90ad734984f805a7","68f1da5e90ad734984f805a9","escooccupation","2025-10-17T05:55:46.391Z","2025-10-17T05:55:46.391Z"
"escooccupation","68f1da5e90ad734984f805a7","68f1da5e90ad734984f805aa","escooccupation","2025-10-17T05:55:46.391Z","2025-10-17T05:55:46.391Z"
"escooccupation","68f1da5e90ad734984f805a7","68f1da5e90ad734984f805ab","escooccupation","2025-10-17T05:55:46.391Z","2025-10-17T05:55:46.391Z"
"escooccupation","68f1da5e90ad734984f805a7","68f1da5e90ad734984f805ac","escooccupation","2025-10-17T05:55:46.391Z","2025-10-17T05:55:46.391Z"
"escooccupation","68f1da5e90ad734984f805a7","68f1da5e90ad734984f805ad","escooccupation","2025-10-17T05:55:46.391Z","2025-10-17T05:55:46.391Z"
"escooccupation","68f1da5e90ad734984f805a7","68f1da5e90ad734984f805ae","escooccupation","2025-10-17T05:55:46.391Z","2025-10-17T05:55:46.391Z"
"escooccupation","68f1da5e90ad734984f805a7","68f1da5e90ad734984f805af","escooccupation","2025-10-17T05:55:46.391Z","2025-10-17T05:55:46.391Z"
"escooccupation","68f1da5e90ad734984f805a7","68f1da5e90ad734984f805b0","escooccupation","2025-10-17T05:55:46.391Z","2025-10-17T05:55:46.391Z"
"escooccupation","68f1da5e90ad734984f805a7","68f1da5e90ad734984f805b1","escooccupation","2025-10-17T05:55:46.391Z","2025-10-17T05:55:46.391Z"
"escooccupation","68f1da5e90ad734984f805a7","68f1da5e90ad734984f805b2","escooccupation","2025-10-17T05:55:46.391Z","2025-10-17T05:55:46.391Z"
"escooccupation","68f1da5e90ad734984f805a7","68f1da5e90ad734984f805b3","escooccupation","2025-10-17T05:55:46.391Z","2025-10-17T05:55:46.391Z"
"escooccupation","68f1da5e90ad734984f805a7","68f1da5e90ad734984f805b4","escooccupation","2025-10-17T05:55:46.391Z","2025-10-17T05:55:46.391Z"
"escooccupation","68f1da5e90ad734984f805a7","68f1da5e90ad734984f805b5","escooccupation","2025-10-17T05:55:46.391Z","2025-10-17T05:55:46.391Z"
"escooccupation","68f1da5e90ad734984f805a7","68f1da5e90ad734984f805b6","escooccupation","2025-10-17T05:55:46.391Z","2025-10-17T05:55:46.391Z"
"escooccupation","68f1da5e90ad734984f805a7","68f1da5e90ad734984f805b7","escooccupation","2025-10-17T05:55:46.391Z","2025-10-17T05:55:46.391Z"
"escooccupation","68f1da5e90ad734984f805a7","68f1da5e90ad734984f805b8","escooccupation","2025-10-17T05:55:46.391Z","2025-10-17T05:55:46.391Z"
"iscogroup","68f1da4f90ad734984f7c6e3","68f1da5e90ad734984f805b9","escooccupation","2025-10-17T05:55:46.391Z","2025-10-17T05:55:46.391Z"
"iscogroup","68f1da4f90ad734984f7c6e3","68f1da5e90ad734984f805ba","escooccupation","2025-10-17T05:55:46.391Z","2025-10-17T05:55:46.391Z"
"iscogroup","68f1da4f90ad734984f7c6e3","68f1da5e90ad734984f805bb","escooccupation","2025-10-17T05:55:46.391Z","2025-10-17T05:55:46.391Z"
"iscogroup","68f1da4f90ad734984f7c6d7","68f1da5e90ad734984f805bc","escooccupation","2025-10-17T05:55:46.372Z","2025-10-17T05:55:46.372Z"
"iscogroup","68f1da4f90ad734984f7c6d7","68f1da5e90ad734984f805bd","escooccupation","2025-10-17T05:55:46.372Z","2025-10-17T05:55:46.372Z"
"iscogroup","68f1da4f90ad734984f7c6d7","68f1da5e90ad734984f805be","escooccupation","2025-10-17T05:55:46.372Z","2025-10-17T05:55:46.372Z"
"iscogroup","68f1da4f90ad734984f7c6d8","68f1da5e90ad734984f805bf","escooccupation","2025-10-17T05:55:46.372Z","2025-10-17T05:55:46.372Z"
"iscogroup","68f1da4f90ad734984f7c6d8","68f1da5e90ad734984f805c0","escooccupation","2025-10-17T05:55:46.372Z","2025-10-17T05:55:46.372Z"
"iscogroup","68f1da4f90ad734984f7c6da","68f1da5e90ad734984f805c1","escooccupation","2025-10-17T05:55:46.372Z","2025-10-17T05:55:46.372Z"
"iscogroup","68f1da4f90ad734984f7c6da","68f1da5e90ad734984f805c2","escooccupation","2025-10-17T05:55:46.372Z","2025-10-17T05:55:46.372Z"
"escooccupation","68f1da5e90ad734984f805c2","68f1da5e90ad734984f805c3","escooccupation","2025-10-17T05:55:46.372Z","2025-10-17T05:55:46.372Z"
"escooccupation","68f1da5e90ad734984f805c2","68f1da5e90ad734984f805c4","escooccupation","2025-10-17T05:55:46.372Z","2025-10-17T05:55:46.372Z"
"escooccupation","68f1da5e90ad734984f805c2","68f1da5e90ad734984f805c5","escooccupation","2025-10-17T05:55:46.372Z","2025-10-17T05:55:46.372Z"
"escooccupation","68f1da5e90ad734984f805c2","68f1da5e90ad734984f805c6","escooccupation","2025-10-17T05:55:46.372Z","2025-10-17T05:55:46.372Z"
"iscogroup","68f1da4f90ad734984f7c6db","68f1da5e90ad734984f805c7","escooccupation","2025-10-17T05:55:46.372Z","2025-10-17T05:55:46.372Z"
"escooccupation","68f1da5e90ad734984f805c7","68f1da5e90ad734984f805c8","escooccupation","2025-10-17T05:55:46.372Z","2025-10-17T05:55:46.372Z"
"escooccupation","68f1da5e90ad734984f805c7","68f1da5e90ad734984f805c9","escooccupation","2025-10-17T05:55:46.372Z","2025-10-17T05:55:46.372Z"
"iscogroup","68f1da4f90ad734984f7c6db","68f1da5e90ad734984f805ca","escooccupation","2025-10-17T05:55:46.372Z","2025-10-17T05:55:46.372Z"
"iscogroup","68f1da4f90ad734984f7c6db","68f1da5e90ad734984f805cb","escooccupation","2025-10-17T05:55:46.372Z","2025-10-17T05:55:46.372Z"
"iscogroup","68f1da4f90ad734984f7c6db","68f1da5e90ad734984f805cc","escooccupation","2025-10-17T05:55:46.372Z","2025-10-17T05:55:46.372Z"
"iscogroup","68f1da4f90ad734984f7c6db","68f1da5e90ad734984f805cd","escooccupation","2025-10-17T05:55:46.372Z","2025-10-17T05:55:46.372Z"
"iscogroup","68f1da4f90ad734984f7c6db","68f1da5e90ad734984f805ce","escooccupation","2025-10-17T05:55:46.372Z","2025-10-17T05:55:46.372Z"
"escooccupation","68f1da5e90ad734984f805ce","68f1da5e90ad734984f805cf","escooccupation","2025-10-17T05:55:46.372Z","2025-10-17T05:55:46.372Z"
"iscogroup","68f1da4f90ad734984f7c6db","68f1da5e90ad734984f805d0","escooccupation","2025-10-17T05:55:46.373Z","2025-10-17T05:55:46.373Z"
"iscogroup","68f1da4f90ad734984f7c6dc","68f1da5e90ad734984f805d1","escooccupation","2025-10-17T05:55:46.373Z","2025-10-17T05:55:46.373Z"
"escooccupation","68f1da5e90ad734984f805d1","68f1da5e90ad734984f805d2","escooccupation","2025-10-17T05:55:46.373Z","2025-10-17T05:55:46.373Z"
"iscogroup","68f1da4f90ad734984f7c6dc","68f1da5e90ad734984f805d3","escooccupation","2025-10-17T05:55:46.373Z","2025-10-17T05:55:46.373Z"
"iscogroup","68f1da4f90ad734984f7c6dc","68f1da5e90ad734984f805d4","escooccupation","2025-10-17T05:55:46.373Z","2025-10-17T05:55:46.373Z"
"escooccupation","68f1da5e90ad734984f805fb","68f1da5e90ad734984f805d5","escooccupation","2025-10-17T05:55:46.390Z","2025-10-17T05:55:46.390Z"
"escooccupation","68f1da5e90ad734984f805fb","68f1da5e90ad734984f805d6","escooccupation","2025-10-17T05:55:46.390Z","2025-10-17T05:55:46.390Z"
"escooccupation","68f1da5e90ad734984f805fb","68f1da5e90ad734984f805d7","escooccupation","2025-10-17T05:55:46.390Z","2025-10-17T05:55:46.390Z"
"escooccupation","68f1da5e90ad734984f805fb","68f1da5e90ad734984f805d8","escooccupation","2025-10-17T05:55:46.390Z","2025-10-17T05:55:46.390Z"
"escooccupation","68f1da5e90ad734984f805fb","68f1da5e90ad734984f805d9","escooccupation","2025-10-17T05:55:46.390Z","2025-10-17T05:55:46.390Z"
"escooccupation","68f1da5e90ad734984f805fb","68f1da5e90ad734984f805da","escooccupation","2025-10-17T05:55:46.390Z","2025-10-17T05:55:46.390Z"
"escooccupation","68f1da5e90ad734984f805fb","68f1da5e90ad734984f805db","escooccupation","2025-10-17T05:55:46.390Z","2025-10-17T05:55:46.390Z"
"escooccupation","68f1da5e90ad734984f805fb","68f1da5e90ad734984f805dc","escooccupation","2025-10-17T05:55:46.390Z","2025-10-17T05:55:46.390Z"
"escooccupation","68f1da5e90ad734984f805fb","68f1da5e90ad734984f805dd","escooccupation","2025-10-17T05:55:46.390Z","2025-10-17T05:55:46.390Z"
"escooccupation","68f1da5e90ad734984f805dd","68f1da5e90ad734984f805de","escooccupation","2025-10-17T05:55:46.390Z","2025-10-17T05:55:46.390Z"
"escooccupation","68f1da5e90ad734984f805fb","68f1da5e90ad734984f805df","escooccupation","2025-10-17T05:55:46.390Z","2025-10-17T05:55:46.390Z"
"escooccupation","68f1da5e90ad734984f805fb","68f1da5e90ad734984f805e0","escooccupation","2025-10-17T05:55:46.390Z","2025-10-17T05:55:46.390Z"
"escooccupation","68f1da5e90ad734984f805fb","68f1da5e90ad734984f805e1","escooccupation","2025-10-17T05:55:46.390Z","2025-10-17T05:55:46.390Z"
"escooccupation","68f1da5e90ad734984f805fb","68f1da5e90ad734984f805e2","escooccupation","2025-10-17T05:55:46.390Z","2025-10-17T05:55:46.390Z"
"escooccupation","68f1da5e90ad734984f805fb","68f1da5e90ad734984f805e3","escooccupation","2025-10-17T05:55:46.390Z","2025-10-17T05:55:46.390Z"
"escooccupation","68f1da5e90ad734984f805fb","68f1da5e90ad734984f805e4","escooccupation","2025-10-17T05:55:46.390Z","2025-10-17T05:55:46.390Z"
"escooccupation","68f1da5e90ad734984f805fb","68f1da5e90ad734984f805e5","escooccupation","2025-10-17T05:55:46.390Z","2025-10-17T05:55:46.390Z"
"iscogroup","68f1da4f90ad734984f7c6df","68f1da5e90ad734984f805e6","escooccupation","2025-10-17T05:55:46.390Z","2025-10-17T05:55:46.390Z"
"iscogroup","68f1da4f90ad734984f7c6df","68f1da5e90ad734984f805e7","escooccupation","2025-10-17T05:55:46.390Z","2025-10-17T05:55:46.390Z"
"iscogroup","68f1da4f90ad734984f7c6df","68f1da5e90ad734984f805e8","escooccupation","2025-10-17T05:55:46.390Z","2025-10-17T05:55:46.390Z"
"iscogroup","68f1da4f90ad734984f7c6df","68f1da5e90ad734984f805e9","escooccupation","2025-10-17T05:55:46.391Z","2025-10-17T05:55:46.391Z"
"iscogroup","68f1da4f90ad734984f7c6e1","68f1da5e90ad734984f805ea","escooccupation","2025-10-17T05:55:46.391Z","2025-10-17T05:55:46.391Z"
"iscogroup","68f1da4f90ad734984f7c6e1","68f1da5e90ad734984f805eb","escooccupation","2025-10-17T05:55:46.391Z","2025-10-17T05:55:46.391Z"
"iscogroup","68f1da4f90ad734984f7c6e1","68f1da5e90ad734984f805ec","escooccupation","2025-10-17T05:55:46.391Z","2025-10-17T05:55:46.391Z"
"iscogroup","68f1da4f90ad734984f7c6e1","68f1da5e90ad734984f805ed","escooccupation","2025-10-17T05:55:46.391Z","2025-10-17T05:55:46.391Z"
"iscogroup","68f1da4f90ad734984f7c6dd","68f1da5e90ad734984f805ee","escooccupation","2025-10-17T05:55:46.373Z","2025-10-17T05:55:46.373Z"
"iscogroup","68f1da4f90ad734984f7c6dd","68f1da5e90ad734984f805ef","escooccupation","2025-10-17T05:55:46.373Z","2025-10-17T05:55:46.373Z"
"escooccupation","68f1da5e90ad734984f805ef","68f1da5e90ad734984f805f0","escooccupation","2025-10-17T05:55:46.373Z","2025-10-17T05:55:46.373Z"
"escooccupation","68f1da5e90ad734984f805ef","68f1da5e90ad734984f805f1","escooccupation","2025-10-17T05:55:46.373Z","2025-10-17T05:55:46.373Z"
"escooccupation","68f1da5e90ad734984f805ef","68f1da5e90ad734984f805f2","escooccupation","2025-10-17T05:55:46.373Z","2025-10-17T05:55:46.373Z"
"escooccupation","68f1da5e90ad734984f805ef","68f1da5e90ad734984f805f3","escooccupation","2025-10-17T05:55:46.373Z","2025-10-17T05:55:46.373Z"
"iscogroup","68f1da4f90ad734984f7c6de","68f1da5e90ad734984f805f4","escooccupation","2025-10-17T05:55:46.373Z","2025-10-17T05:55:46.373Z"
"escooccupation","68f1da5e90ad734984f805f4","68f1da5e90ad734984f805f5","escooccupation","2025-10-17T05:55:46.373Z","2025-10-17T05:55:46.373Z"
"escooccupation","68f1da5e90ad734984f805f4","68f1da5e90ad734984f805f6","escooccupation","2025-10-17T05:55:46.373Z","2025-10-17T05:55:46.373Z"
"escooccupation","68f1da5e90ad734984f805f4","68f1da5e90ad734984f805f7","escooccupation","2025-10-17T05:55:46.373Z","2025-10-17T05:55:46.373Z"
"escooccupation","68f1da5e90ad734984f805f4","68f1da5e90ad734984f805f8","escooccupation","2025-10-17T05:55:46.373Z","2025-10-17T05:55:46.373Z"
"escooccupation","68f1da5e90ad734984f805f4","68f1da5e90ad734984f805f9","escooccupation","2025-10-17T05:55:46.373Z","2025-10-17T05:55:46.373Z"
"iscogroup","68f1da4f90ad734984f7c6de","68f1da5e90ad734984f805fa","escooccupation","2025-10-17T05:55:46.373Z","2025-10-17T05:55:46.373Z"
"iscogroup","68f1da4f90ad734984f7c6de","68f1da5e90ad734984f805fb","escooccupation","2025-10-17T05:55:46.389Z","2025-10-17T05:55:46.389Z"
"escooccupation","68f1da5e90ad734984f805fb","68f1da5e90ad734984f805fc","escooccupation","2025-10-17T05:55:46.389Z","2025-10-17T05:55:46.389Z"
"escooccupation","68f1da5e90ad734984f805fb","68f1da5e90ad734984f805fd","escooccupation","2025-10-17T05:55:46.389Z","2025-10-17T05:55:46.389Z"
"escooccupation","68f1da5e90ad734984f805fb","68f1da5e90ad734984f805fe","escooccupation","2025-10-17T05:55:46.390Z","2025-10-17T05:55:46.390Z"
"escooccupation","68f1da5e90ad734984f805fb","68f1da5e90ad734984f805ff","escooccupation","2025-10-17T05:55:46.390Z","2025-10-17T05:55:46.390Z"
"escooccupation","68f1da5e90ad734984f805fb","68f1da5e90ad734984f80600","escooccupation","2025-10-17T05:55:46.390Z","2025-10-17T05:55:46.390Z"
"escooccupation","68f1da5e90ad734984f805fb","68f1da5e90ad734984f80601","escooccupation","2025-10-17T05:55:46.390Z","2025-10-17T05:55:46.390Z"
"escooccupation","68f1da5e90ad734984f805fb","68f1da5e90ad734984f80602","escooccupation","2025-10-17T05:55:46.390Z","2025-10-17T05:55:46.390Z"
"escooccupation","68f1da5e90ad734984f805fb","68f1da5e90ad734984f80603","escooccupation","2025-10-17T05:55:46.390Z","2025-10-17T05:55:46.390Z"
"escooccupation","68f1da5e90ad734984f805fb","68f1da5e90ad734984f80604","escooccupation","2025-10-17T05:55:46.390Z","2025-10-17T05:55:46.390Z"
"escooccupation","68f1da5e90ad734984f805fb","68f1da5e90ad734984f80605","escooccupation","2025-10-17T05:55:46.390Z","2025-10-17T05:55:46.390Z"
"escooccupation","68f1da5e90ad734984f805fb","68f1da5e90ad734984f80606","escooccupation","2025-10-17T05:55:46.390Z","2025-10-17T05:55:46.390Z"
"iscogroup","68f1da4f90ad734984f7c6e3","68f1da5e90ad734984f80607","escooccupation","2025-10-17T05:55:46.392Z","2025-10-17T05:55:46.392Z"
"escooccupation","68f1da5e90ad734984f80607","68f1da5e90ad734984f80608","escooccupation","2025-10-17T05:55:46.392Z","2025-10-17T05:55:46.392Z"
"iscogroup","68f1da4f90ad734984f7c6e3","68f1da5e90ad734984f80609","escooccupation","2025-10-17T05:55:46.392Z","2025-10-17T05:55:46.392Z"
"iscogroup","68f1da4f90ad734984f7c6e3","68f1da5e90ad734984f8060a","escooccupation","2025-10-17T05:55:46.392Z","2025-10-17T05:55:46.392Z"
"escooccupation","68f1da5e90ad734984f8060a","68f1da5e90ad734984f8060b","escooccupation","2025-10-17T05:55:46.392Z","2025-10-17T05:55:46.392Z"
"escooccupation","68f1da5e90ad734984f8060a","68f1da5e90ad734984f8060c","escooccupation","2025-10-17T05:55:46.392Z","2025-10-17T05:55:46.392Z"
"iscogroup","68f1da4f90ad734984f7c6e5","68f1da5e90ad734984f8060d","escooccupation","2025-10-17T05:55:46.392Z","2025-10-17T05:55:46.392Z"
"iscogroup","68f1da4f90ad734984f7c6e5","68f1da5e90ad734984f8060e","escooccupation","2025-10-17T05:55:46.392Z","2025-10-17T05:55:46.392Z"
"iscogroup","68f1da4f90ad734984f7c6e5","68f1da5e90ad734984f8060f","escooccupation","2025-10-17T05:55:46.392Z","2025-10-17T05:55:46.392Z"
"iscogroup","68f1da4f90ad734984f7c6e5","68f1da5e90ad734984f80610","escooccupation","2025-10-17T05:55:46.392Z","2025-10-17T05:55:46.392Z"
"iscogroup","68f1da4f90ad734984f7c6e5","68f1da5e90ad734984f80611","escooccupation","2025-10-17T05:55:46.392Z","2025-10-17T05:55:46.392Z"
"iscogroup","68f1da4f90ad734984f7c6e5","68f1da5e90ad734984f80612","escooccupation","2025-10-17T05:55:46.392Z","2025-10-17T05:55:46.392Z"
"iscogroup","68f1da4f90ad734984f7c6e5","68f1da5e90ad734984f80613","escooccupation","2025-10-17T05:55:46.392Z","2025-10-17T05:55:46.392Z"
"iscogroup","68f1da4f90ad734984f7c6e5","68f1da5e90ad734984f80614","escooccupation","2025-10-17T05:55:46.392Z","2025-10-17T05:55:46.392Z"
"iscogroup","68f1da4f90ad734984f7c6e5","68f1da5e90ad734984f80615","escooccupation","2025-10-17T05:55:46.392Z","2025-10-17T05:55:46.392Z"
"iscogroup","68f1da4f90ad734984f7c6e5","68f1da5e90ad734984f80616","escooccupation","2025-10-17T05:55:46.392Z","2025-10-17T05:55:46.392Z"
"iscogroup","68f1da4f90ad734984f7c6e5","68f1da5e90ad734984f80617","escooccupation","2025-10-17T05:55:46.392Z","2025-10-17T05:55:46.392Z"
"iscogroup","68f1da4f90ad734984f7c6e6","68f1da5e90ad734984f80618","escooccupation","2025-10-17T05:55:46.392Z","2025-10-17T05:55:46.392Z"
"escooccupation","68f1da5e90ad734984f80618","68f1da5e90ad734984f80619","escooccupation","2025-10-17T05:55:46.392Z","2025-10-17T05:55:46.392Z"
"iscogroup","68f1da4f90ad734984f7c6e6","68f1da5e90ad734984f8061a","escooccupation","2025-10-17T05:55:46.392Z","2025-10-17T05:55:46.392Z"
"iscogroup","68f1da4f90ad734984f7c6e6","68f1da5e90ad734984f8061b","escooccupation","2025-10-17T05:55:46.392Z","2025-10-17T05:55:46.392Z"
"escooccupation","68f1da5e90ad734984f8061b","68f1da5e90ad734984f8061c","escooccupation","2025-10-17T05:55:46.392Z","2025-10-17T05:55:46.392Z"
"escooccupation","68f1da5e90ad734984f8061c","68f1da5e90ad734984f8061d","escooccupation","2025-10-17T05:55:46.392Z","2025-10-17T05:55:46.392Z"
"escooccupation","68f1da5e90ad734984f8061b","68f1da5e90ad734984f8061e","escooccupation","2025-10-17T05:55:46.392Z","2025-10-17T05:55:46.392Z"
"iscogroup","68f1da4f90ad734984f7c6e6","68f1da5e90ad734984f8061f","escooccupation","2025-10-17T05:55:46.392Z","2025-10-17T05:55:46.392Z"
"iscogroup","68f1da4f90ad734984f7c6e6","68f1da5e90ad734984f80620","escooccupation","2025-10-17T05:55:46.392Z","2025-10-17T05:55:46.392Z"
"iscogroup","68f1da4f90ad734984f7c6e7","68f1da5e90ad734984f80621","escooccupation","2025-10-17T05:55:46.392Z","2025-10-17T05:55:46.392Z"
"escooccupation","68f1da5e90ad734984f80621","68f1da5e90ad734984f80622","escooccupation","2025-10-17T05:55:46.392Z","2025-10-17T05:55:46.392Z"
"escooccupation","68f1da5e90ad734984f80621","68f1da5e90ad734984f80623","escooccupation","2025-10-17T05:55:46.392Z","2025-10-17T05:55:46.392Z"
"iscogroup","68f1da4f90ad734984f7c6e7","68f1da5e90ad734984f80624","escooccupation","2025-10-17T05:55:46.392Z","2025-10-17T05:55:46.392Z"
"iscogroup","68f1da4f90ad734984f7c6e8","68f1da5e90ad734984f80625","escooccupation","2025-10-17T05:55:46.392Z","2025-10-17T05:55:46.392Z"
"escooccupation","68f1da5e90ad734984f80625","68f1da5e90ad734984f80626","escooccupation","2025-10-17T05:55:46.393Z","2025-10-17T05:55:46.393Z"
"escooccupation","68f1da5e90ad734984f80625","68f1da5e90ad734984f80627","escooccupation","2025-10-17T05:55:46.393Z","2025-10-17T05:55:46.393Z"
"escooccupation","68f1da5e90ad734984f80625","68f1da5e90ad734984f80628","escooccupation","2025-10-17T05:55:46.393Z","2025-10-17T05:55:46.393Z"
"escooccupation","68f1da5e90ad734984f80625","68f1da5e90ad734984f80629","escooccupation","2025-10-17T05:55:46.393Z","2025-10-17T05:55:46.393Z"
"escooccupation","68f1da5e90ad734984f80625","68f1da5e90ad734984f8062a","escooccupation","2025-10-17T05:55:46.393Z","2025-10-17T05:55:46.393Z"
"escooccupation","68f1da5e90ad734984f80625","68f1da5e90ad734984f8062b","escooccupation","2025-10-17T05:55:46.393Z","2025-10-17T05:55:46.393Z"
"escooccupation","68f1da5e90ad734984f80625","68f1da5e90ad734984f8062c","escooccupation","2025-10-17T05:55:46.393Z","2025-10-17T05:55:46.393Z"
"escooccupation","68f1da5e90ad734984f80625","68f1da5e90ad734984f8062d","escooccupation","2025-10-17T05:55:46.393Z","2025-10-17T05:55:46.393Z"
"iscogroup","68f1da4f90ad734984f7c6e8","68f1da5e90ad734984f8062e","escooccupation","2025-10-17T05:55:46.393Z","2025-10-17T05:55:46.393Z"
"iscogroup","68f1da4f90ad734984f7c6e8","68f1da5e90ad734984f8062f","escooccupation","2025-10-17T05:55:46.393Z","2025-10-17T05:55:46.393Z"
"escooccupation","68f1da5e90ad734984f8062f","68f1da5e90ad734984f80630","escooccupation","2025-10-17T05:55:46.393Z","2025-10-17T05:55:46.393Z"
"escooccupation","68f1da5e90ad734984f8062f","68f1da5e90ad734984f80631","escooccupation","2025-10-17T05:55:46.393Z","2025-10-17T05:55:46.393Z"
"iscogroup","68f1da4f90ad734984f7c6e8","68f1da5e90ad734984f80632","escooccupation","2025-10-17T05:55:46.393Z","2025-10-17T05:55:46.393Z"
"iscogroup","68f1da4f90ad734984f7c6e8","68f1da5e90ad734984f80633","escooccupation","2025-10-17T05:55:46.393Z","2025-10-17T05:55:46.393Z"
"iscogroup","68f1da4f90ad734984f7c6e9","68f1da5e90ad734984f80634","escooccupation","2025-10-17T05:55:46.393Z","2025-10-17T05:55:46.393Z"
"escooccupation","68f1da5e90ad734984f80634","68f1da5e90ad734984f80635","escooccupation","2025-10-17T05:55:46.393Z","2025-10-17T05:55:46.393Z"
"iscogroup","68f1da4f90ad734984f7c6ea","68f1da5e90ad734984f80636","escooccupation","2025-10-17T05:55:46.393Z","2025-10-17T05:55:46.393Z"
"iscogroup","68f1da4f90ad734984f7c6ea","68f1da5e90ad734984f80637","escooccupation","2025-10-17T05:55:46.409Z","2025-10-17T05:55:46.409Z"
"iscogroup","68f1da4f90ad734984f7c6ea","68f1da5e90ad734984f80638","escooccupation","2025-10-17T05:55:46.409Z","2025-10-17T05:55:46.409Z"
"escooccupation","68f1da5e90ad734984f8066a","68f1da5e90ad734984f80639","escooccupation","2025-10-17T05:55:46.410Z","2025-10-17T05:55:46.410Z"
"escooccupation","68f1da5e90ad734984f8066a","68f1da5e90ad734984f8063a","escooccupation","2025-10-17T05:55:46.410Z","2025-10-17T05:55:46.410Z"
"escooccupation","68f1da5e90ad734984f8066a","68f1da5e90ad734984f8063b","escooccupation","2025-10-17T05:55:46.410Z","2025-10-17T05:55:46.410Z"
"escooccupation","68f1da5e90ad734984f8066a","68f1da5e90ad734984f8063c","escooccupation","2025-10-17T05:55:46.410Z","2025-10-17T05:55:46.410Z"
"escooccupation","68f1da5e90ad734984f8066a","68f1da5e90ad734984f8063d","escooccupation","2025-10-17T05:55:46.410Z","2025-10-17T05:55:46.410Z"
"escooccupation","68f1da5e90ad734984f8066a","68f1da5e90ad734984f8063e","escooccupation","2025-10-17T05:55:46.411Z","2025-10-17T05:55:46.411Z"
"escooccupation","68f1da5e90ad734984f8066a","68f1da5e90ad734984f8063f","escooccupation","2025-10-17T05:55:46.411Z","2025-10-17T05:55:46.411Z"
"escooccupation","68f1da5e90ad734984f8066a","68f1da5e90ad734984f80640","escooccupation","2025-10-17T05:55:46.411Z","2025-10-17T05:55:46.411Z"
"escooccupation","68f1da5e90ad734984f8066a","68f1da5e90ad734984f80641","escooccupation","2025-10-17T05:55:46.411Z","2025-10-17T05:55:46.411Z"
"escooccupation","68f1da5e90ad734984f80641","68f1da5e90ad734984f80642","escooccupation","2025-10-17T05:55:46.411Z","2025-10-17T05:55:46.411Z"
"escooccupation","68f1da5e90ad734984f8066a","68f1da5e90ad734984f80643","escooccupation","2025-10-17T05:55:46.411Z","2025-10-17T05:55:46.411Z"
"escooccupation","68f1da5e90ad734984f8066a","68f1da5e90ad734984f80644","escooccupation","2025-10-17T05:55:46.411Z","2025-10-17T05:55:46.411Z"
"escooccupation","68f1da5e90ad734984f8066a","68f1da5e90ad734984f80645","escooccupation","2025-10-17T05:55:46.411Z","2025-10-17T05:55:46.411Z"
"escooccupation","68f1da5e90ad734984f8066a","68f1da5e90ad734984f80646","escooccupation","2025-10-17T05:55:46.411Z","2025-10-17T05:55:46.411Z"
"iscogroup","68f1da4f90ad734984f7c6f0","68f1da5e90ad734984f80647","escooccupation","2025-10-17T05:55:46.411Z","2025-10-17T05:55:46.411Z"
"iscogroup","68f1da4f90ad734984f7c6f0","68f1da5e90ad734984f80648","escooccupation","2025-10-17T05:55:46.411Z","2025-10-17T05:55:46.411Z"
"iscogroup","68f1da4f90ad734984f7c6f0","68f1da5e90ad734984f80649","escooccupation","2025-10-17T05:55:46.411Z","2025-10-17T05:55:46.411Z"
"iscogroup","68f1da4f90ad734984f7c6f0","68f1da5e90ad734984f8064a","escooccupation","2025-10-17T05:55:46.411Z","2025-10-17T05:55:46.411Z"
"iscogroup","68f1da4f90ad734984f7c6f0","68f1da5e90ad734984f8064b","escooccupation","2025-10-17T05:55:46.411Z","2025-10-17T05:55:46.411Z"
"iscogroup","68f1da4f90ad734984f7c6f0","68f1da5e90ad734984f8064c","escooccupation","2025-10-17T05:55:46.411Z","2025-10-17T05:55:46.411Z"
"iscogroup","68f1da4f90ad734984f7c6f0","68f1da5e90ad734984f8064d","escooccupation","2025-10-17T05:55:46.411Z","2025-10-17T05:55:46.411Z"
"iscogroup","68f1da4f90ad734984f7c6f0","68f1da5e90ad734984f8064e","escooccupation","2025-10-17T05:55:46.411Z","2025-10-17T05:55:46.411Z"
"iscogroup","68f1da4f90ad734984f7c6f0","68f1da5e90ad734984f8064f","escooccupation","2025-10-17T05:55:46.411Z","2025-10-17T05:55:46.411Z"
"iscogroup","68f1da4f90ad734984f7c6f1","68f1da5e90ad734984f80650","escooccupation","2025-10-17T05:55:46.411Z","2025-10-17T05:55:46.411Z"
"escooccupation","68f1da5e90ad734984f80650","68f1da5e90ad734984f80651","escooccupation","2025-10-17T05:55:46.411Z","2025-10-17T05:55:46.411Z"
"iscogroup","68f1da4f90ad734984f7c6eb","68f1da5e90ad734984f80652","escooccupation","2025-10-17T05:55:46.409Z","2025-10-17T05:55:46.409Z"
"iscogroup","68f1da4f90ad734984f7c6eb","68f1da5e90ad734984f80653","escooccupation","2025-10-17T05:55:46.409Z","2025-10-17T05:55:46.409Z"
"escooccupation","68f1da5e90ad734984f80653","68f1da5e90ad734984f80654","escooccupation","2025-10-17T05:55:46.410Z","2025-10-17T05:55:46.410Z"
"escooccupation","68f1da5e90ad734984f80653","68f1da5e90ad734984f80655","escooccupation","2025-10-17T05:55:46.410Z","2025-10-17T05:55:46.410Z"
"escooccupation","68f1da5e90ad734984f80653","68f1da5e90ad734984f80656","escooccupation","2025-10-17T05:55:46.410Z","2025-10-17T05:55:46.410Z"
"escooccupation","68f1da5e90ad734984f80653","68f1da5e90ad734984f80657","escooccupation","2025-10-17T05:55:46.410Z","2025-10-17T05:55:46.410Z"
"escooccupation","68f1da5e90ad734984f80653","68f1da5e90ad734984f80658","escooccupation","2025-10-17T05:55:46.410Z","2025-10-17T05:55:46.410Z"
"escooccupation","68f1da5e90ad734984f80653","68f1da5e90ad734984f80659","escooccupation","2025-10-17T05:55:46.410Z","2025-10-17T05:55:46.410Z"
"iscogroup","68f1da4f90ad734984f7c6eb","68f1da5e90ad734984f8065a","escooccupation","2025-10-17T05:55:46.410Z","2025-10-17T05:55:46.410Z"
"iscogroup","68f1da4f90ad734984f7c6eb","68f1da5e90ad734984f8065b","escooccupation","2025-10-17T05:55:46.410Z","2025-10-17T05:55:46.410Z"
"iscogroup","68f1da4f90ad734984f7c6ef","68f1da5e90ad734984f8065c","escooccupation","2025-10-17T05:55:46.410Z","2025-10-17T05:55:46.410Z"
"escooccupation","68f1da5e90ad734984f8065c","68f1da5e90ad734984f8065d","escooccupation","2025-10-17T05:55:46.410Z","2025-10-17T05:55:46.410Z"
"iscogroup","68f1da4f90ad734984f7c6ef","68f1da5e90ad734984f8065e","escooccupation","2025-10-17T05:55:46.410Z","2025-10-17T05:55:46.410Z"
"iscogroup","68f1da4f90ad734984f7c6ef","68f1da5e90ad734984f8065f","escooccupation","2025-10-17T05:55:46.410Z","2025-10-17T05:55:46.410Z"
"iscogroup","68f1da4f90ad734984f7c6ef","68f1da5e90ad734984f80660","escooccupation","2025-10-17T05:55:46.410Z","2025-10-17T05:55:46.410Z"
"iscogroup","68f1da4f90ad734984f7c6ef","68f1da5e90ad734984f80661","escooccupation","2025-10-17T05:55:46.410Z","2025-10-17T05:55:46.410Z"
"iscogroup","68f1da4f90ad734984f7c6ef","68f1da5e90ad734984f80662","escooccupation","2025-10-17T05:55:46.410Z","2025-10-17T05:55:46.410Z"
"iscogroup","68f1da4f90ad734984f7c6ef","68f1da5e90ad734984f80663","escooccupation","2025-10-17T05:55:46.410Z","2025-10-17T05:55:46.410Z"
"iscogroup","68f1da4f90ad734984f7c6ef","68f1da5e90ad734984f80664","escooccupation","2025-10-17T05:55:46.410Z","2025-10-17T05:55:46.410Z"
"iscogroup","68f1da4f90ad734984f7c6ef","68f1da5e90ad734984f80665","escooccupation","2025-10-17T05:55:46.410Z","2025-10-17T05:55:46.410Z"
"iscogroup","68f1da4f90ad734984f7c6ef","68f1da5e90ad734984f80666","escooccupation","2025-10-17T05:55:46.410Z","2025-10-17T05:55:46.410Z"
"iscogroup","68f1da4f90ad734984f7c6ef","68f1da5e90ad734984f80667","escooccupation","2025-10-17T05:55:46.410Z","2025-10-17T05:55:46.410Z"
"iscogroup","68f1da4f90ad734984f7c6ef","68f1da5e90ad734984f80668","escooccupation","2025-10-17T05:55:46.410Z","2025-10-17T05:55:46.410Z"
"iscogroup","68f1da4f90ad734984f7c6ef","68f1da5e90ad734984f80669","escooccupation","2025-10-17T05:55:46.410Z","2025-10-17T05:55:46.410Z"
"iscogroup","68f1da4f90ad734984f7c6f0","68f1da5e90ad734984f8066a","escooccupation","2025-10-17T05:55:46.410Z","2025-10-17T05:55:46.410Z"
"escooccupation","68f1da5e90ad734984f80650","68f1da5e90ad734984f8066b","escooccupation","2025-10-17T05:55:46.411Z","2025-10-17T05:55:46.411Z"
"iscogroup","68f1da4f90ad734984f7c6f1","68f1da5e90ad734984f8066c","escooccupation","2025-10-17T05:55:46.411Z","2025-10-17T05:55:46.411Z"
"iscogroup","68f1da4f90ad734984f7c6f2","68f1da5e90ad734984f8066d","escooccupation","2025-10-17T05:55:46.411Z","2025-10-17T05:55:46.411Z"
"escooccupation","68f1da5e90ad734984f8066d","68f1da5e90ad734984f8066e","escooccupation","2025-10-17T05:55:46.411Z","2025-10-17T05:55:46.411Z"
"escooccupation","68f1da5e90ad734984f8066d","68f1da5e90ad734984f8066f","escooccupation","2025-10-17T05:55:46.411Z","2025-10-17T05:55:46.411Z"
"escooccupation","68f1da5e90ad734984f8066d","68f1da5e90ad734984f80670","escooccupation","2025-10-17T05:55:46.411Z","2025-10-17T05:55:46.411Z"
"escooccupation","68f1da5e90ad734984f8066d","68f1da5e90ad734984f80671","escooccupation","2025-10-17T05:55:46.411Z","2025-10-17T05:55:46.411Z"
"escooccupation","68f1da5e90ad734984f8066d","68f1da5e90ad734984f80672","escooccupation","2025-10-17T05:55:46.411Z","2025-10-17T05:55:46.411Z"
"escooccupation","68f1da5e90ad734984f8066d","68f1da5e90ad734984f80673","escooccupation","2025-10-17T05:55:46.411Z","2025-10-17T05:55:46.411Z"
"escooccupation","68f1da5e90ad734984f8066d","68f1da5e90ad734984f80674","escooccupation","2025-10-17T05:55:46.411Z","2025-10-17T05:55:46.411Z"
"escooccupation","68f1da5e90ad734984f8066d","68f1da5e90ad734984f80675","escooccupation","2025-10-17T05:55:46.412Z","2025-10-17T05:55:46.412Z"
"escooccupation","68f1da5e90ad734984f8066d","68f1da5e90ad734984f80676","escooccupation","2025-10-17T05:55:46.412Z","2025-10-17T05:55:46.412Z"
"escooccupation","68f1da5e90ad734984f8066d","68f1da5e90ad734984f80677","escooccupation","2025-10-17T05:55:46.412Z","2025-10-17T05:55:46.412Z"
"iscogroup","68f1da4f90ad734984f7c6f3","68f1da5e90ad734984f80678","escooccupation","2025-10-17T05:55:46.412Z","2025-10-17T05:55:46.412Z"
"escooccupation","68f1da5e90ad734984f80678","68f1da5e90ad734984f80679","escooccupation","2025-10-17T05:55:46.412Z","2025-10-17T05:55:46.412Z"
"escooccupation","68f1da5e90ad734984f80678","68f1da5e90ad734984f8067a","escooccupation","2025-10-17T05:55:46.412Z","2025-10-17T05:55:46.412Z"
"escooccupation","68f1da5e90ad734984f80678","68f1da5e90ad734984f8067b","escooccupation","2025-10-17T05:55:46.412Z","2025-10-17T05:55:46.412Z"
"escooccupation","68f1da5e90ad734984f80678","68f1da5e90ad734984f8067c","escooccupation","2025-10-17T05:55:46.412Z","2025-10-17T05:55:46.412Z"
"escooccupation","68f1da5e90ad734984f80678","68f1da5e90ad734984f8067d","escooccupation","2025-10-17T05:55:46.412Z","2025-10-17T05:55:46.412Z"
"escooccupation","68f1da5e90ad734984f80678","68f1da5e90ad734984f8067e","escooccupation","2025-10-17T05:55:46.412Z","2025-10-17T05:55:46.412Z"
"escooccupation","68f1da5e90ad734984f80678","68f1da5e90ad734984f8067f","escooccupation","2025-10-17T05:55:46.412Z","2025-10-17T05:55:46.412Z"
"escooccupation","68f1da5e90ad734984f80678","68f1da5e90ad734984f80680","escooccupation","2025-10-17T05:55:46.412Z","2025-10-17T05:55:46.412Z"
"escooccupation","68f1da5e90ad734984f80678","68f1da5e90ad734984f80681","escooccupation","2025-10-17T05:55:46.412Z","2025-10-17T05:55:46.412Z"
"escooccupation","68f1da5e90ad734984f80678","68f1da5e90ad734984f80682","escooccupation","2025-10-17T05:55:46.412Z","2025-10-17T05:55:46.412Z"
"escooccupation","68f1da5e90ad734984f80678","68f1da5e90ad734984f80683","escooccupation","2025-10-17T05:55:46.412Z","2025-10-17T05:55:46.412Z"
"escooccupation","68f1da5e90ad734984f80678","68f1da5e90ad734984f80684","escooccupation","2025-10-17T05:55:46.412Z","2025-10-17T05:55:46.412Z"
"escooccupation","68f1da5e90ad734984f80678","68f1da5e90ad734984f80685","escooccupation","2025-10-17T05:55:46.412Z","2025-10-17T05:55:46.412Z"
"escooccupation","68f1da5e90ad734984f80678","68f1da5e90ad734984f80686","escooccupation","2025-10-17T05:55:46.412Z","2025-10-17T05:55:46.412Z"
"escooccupation","68f1da5e90ad734984f80678","68f1da5e90ad734984f80687","escooccupation","2025-10-17T05:55:46.412Z","2025-10-17T05:55:46.412Z"
"escooccupation","68f1da5e90ad734984f80678","68f1da5e90ad734984f80688","escooccupation","2025-10-17T05:55:46.412Z","2025-10-17T05:55:46.412Z"
"escooccupation","68f1da5e90ad734984f80678","68f1da5e90ad734984f80689","escooccupation","2025-10-17T05:55:46.412Z","2025-10-17T05:55:46.412Z"
"escooccupation","68f1da5e90ad734984f80678","68f1da5e90ad734984f8068a","escooccupation","2025-10-17T05:55:46.412Z","2025-10-17T05:55:46.412Z"
"escooccupation","68f1da5e90ad734984f80678","68f1da5e90ad734984f8068b","escooccupation","2025-10-17T05:55:46.412Z","2025-10-17T05:55:46.412Z"
"escooccupation","68f1da5e90ad734984f80678","68f1da5e90ad734984f8068c","escooccupation","2025-10-17T05:55:46.412Z","2025-10-17T05:55:46.412Z"
"escooccupation","68f1da5e90ad734984f80678","68f1da5e90ad734984f8068d","escooccupation","2025-10-17T05:55:46.412Z","2025-10-17T05:55:46.412Z"
"escooccupation","68f1da5e90ad734984f80678","68f1da5e90ad734984f8068e","escooccupation","2025-10-17T05:55:46.412Z","2025-10-17T05:55:46.412Z"
"escooccupation","68f1da5e90ad734984f80678","68f1da5e90ad734984f8068f","escooccupation","2025-10-17T05:55:46.412Z","2025-10-17T05:55:46.412Z"
"escooccupation","68f1da5e90ad734984f80678","68f1da5e90ad734984f80690","escooccupation","2025-10-17T05:55:46.412Z","2025-10-17T05:55:46.412Z"
"iscogroup","68f1da4f90ad734984f7c6f4","68f1da5e90ad734984f80691","escooccupation","2025-10-17T05:55:46.412Z","2025-10-17T05:55:46.412Z"
"escooccupation","68f1da5e90ad734984f80691","68f1da5e90ad734984f80692","escooccupation","2025-10-17T05:55:46.412Z","2025-10-17T05:55:46.412Z"
"escooccupation","68f1da5e90ad734984f80691","68f1da5e90ad734984f80693","escooccupation","2025-10-17T05:55:46.412Z","2025-10-17T05:55:46.412Z"
"escooccupation","68f1da5e90ad734984f80691","68f1da5e90ad734984f80694","escooccupation","2025-10-17T05:55:46.412Z","2025-10-17T05:55:46.412Z"
"escooccupation","68f1da5e90ad734984f80691","68f1da5e90ad734984f80695","escooccupation","2025-10-17T05:55:46.413Z","2025-10-17T05:55:46.413Z"
"iscogroup","68f1da4f90ad734984f7c6f5","68f1da5e90ad734984f80696","escooccupation","2025-10-17T05:55:46.413Z","2025-10-17T05:55:46.413Z"
"iscogroup","68f1da4f90ad734984f7c6f5","68f1da5e90ad734984f80697","escooccupation","2025-10-17T05:55:46.413Z","2025-10-17T05:55:46.413Z"
"iscogroup","68f1da4f90ad734984f7c6f5","68f1da5e90ad734984f80698","escooccupation","2025-10-17T05:55:46.413Z","2025-10-17T05:55:46.413Z"
"iscogroup","68f1da4f90ad734984f7c6f5","68f1da5e90ad734984f80699","escooccupation","2025-10-17T05:55:46.413Z","2025-10-17T05:55:46.413Z"
"iscogroup","68f1da4f90ad734984f7c6f5","68f1da5e90ad734984f8069a","escooccupation","2025-10-17T05:55:46.413Z","2025-10-17T05:55:46.413Z"
"iscogroup","68f1da4f90ad734984f7c6f6","68f1da5e90ad734984f8069b","escooccupation","2025-10-17T05:55:46.413Z","2025-10-17T05:55:46.413Z"
"iscogroup","68f1da4f90ad734984f7c6f6","68f1da5e90ad734984f8069c","escooccupation","2025-10-17T05:55:46.413Z","2025-10-17T05:55:46.413Z"
"iscogroup","68f1da4f90ad734984f7c6f6","68f1da5e90ad734984f8069d","escooccupation","2025-10-17T05:55:46.413Z","2025-10-17T05:55:46.413Z"
"escooccupation","68f1da5e90ad734984f8069d","68f1da5e90ad734984f8069e","escooccupation","2025-10-17T05:55:46.413Z","2025-10-17T05:55:46.413Z"
"escooccupation","68f1da5e90ad734984f8069d","68f1da5e90ad734984f8069f","escooccupation","2025-10-17T05:55:46.413Z","2025-10-17T05:55:46.413Z"
"escooccupation","68f1da5e90ad734984f8069d","68f1da5e90ad734984f806a0","escooccupation","2025-10-17T05:55:46.413Z","2025-10-17T05:55:46.413Z"
"escooccupation","68f1da5e90ad734984f8069d","68f1da5e90ad734984f806a1","escooccupation","2025-10-17T05:55:46.413Z","2025-10-17T05:55:46.413Z"
"escooccupation","68f1da5e90ad734984f8069d","68f1da5e90ad734984f806a2","escooccupation","2025-10-17T05:55:46.413Z","2025-10-17T05:55:46.413Z"
"escooccupation","68f1da5e90ad734984f8069d","68f1da5e90ad734984f806a3","escooccupation","2025-10-17T05:55:46.413Z","2025-10-17T05:55:46.413Z"
"escooccupation","68f1da5e90ad734984f8069d","68f1da5e90ad734984f806a4","escooccupation","2025-10-17T05:55:46.413Z","2025-10-17T05:55:46.413Z"
"escooccupation","68f1da5e90ad734984f8069d","68f1da5e90ad734984f806a5","escooccupation","2025-10-17T05:55:46.413Z","2025-10-17T05:55:46.413Z"
"escooccupation","68f1da5e90ad734984f8069d","68f1da5e90ad734984f806a6","escooccupation","2025-10-17T05:55:46.413Z","2025-10-17T05:55:46.413Z"
"escooccupation","68f1da5e90ad734984f8069d","68f1da5e90ad734984f806a7","escooccupation","2025-10-17T05:55:46.413Z","2025-10-17T05:55:46.413Z"
"escooccupation","68f1da5e90ad734984f8069d","68f1da5e90ad734984f806a8","escooccupation","2025-10-17T05:55:46.413Z","2025-10-17T05:55:46.413Z"
"escooccupation","68f1da5e90ad734984f8069d","68f1da5e90ad734984f806a9","escooccupation","2025-10-17T05:55:46.413Z","2025-10-17T05:55:46.413Z"
"escooccupation","68f1da5e90ad734984f8069d","68f1da5e90ad734984f806aa","escooccupation","2025-10-17T05:55:46.413Z","2025-10-17T05:55:46.413Z"
"iscogroup","68f1da4f90ad734984f7c6f6","68f1da5e90ad734984f806ab","escooccupation","2025-10-17T05:55:46.413Z","2025-10-17T05:55:46.413Z"
"iscogroup","68f1da4f90ad734984f7c6f7","68f1da5e90ad734984f806ac","escooccupation","2025-10-17T05:55:46.413Z","2025-10-17T05:55:46.413Z"
"iscogroup","68f1da4f90ad734984f7c6f7","68f1da5e90ad734984f806ad","escooccupation","2025-10-17T05:55:46.413Z","2025-10-17T05:55:46.413Z"
"iscogroup","68f1da4f90ad734984f7c6f7","68f1da5e90ad734984f806ae","escooccupation","2025-10-17T05:55:46.413Z","2025-10-17T05:55:46.413Z"
"iscogroup","68f1da4f90ad734984f7c6f7","68f1da5e90ad734984f806af","escooccupation","2025-10-17T05:55:46.413Z","2025-10-17T05:55:46.413Z"
"iscogroup","68f1da4f90ad734984f7c6f7","68f1da5e90ad734984f806b0","escooccupation","2025-10-17T05:55:46.413Z","2025-10-17T05:55:46.413Z"
"iscogroup","68f1da4f90ad734984f7c6f7","68f1da5e90ad734984f806b1","escooccupation","2025-10-17T05:55:46.413Z","2025-10-17T05:55:46.413Z"
"iscogroup","68f1da4f90ad734984f7c6f7","68f1da5e90ad734984f806b2","escooccupation","2025-10-17T05:55:46.413Z","2025-10-17T05:55:46.413Z"
"iscogroup","68f1da4f90ad734984f7c6f7","68f1da5e90ad734984f806b3","escooccupation","2025-10-17T05:55:46.413Z","2025-10-17T05:55:46.413Z"
"escooccupation","68f1da5e90ad734984f806b3","68f1da5e90ad734984f806b4","escooccupation","2025-10-17T05:55:46.414Z","2025-10-17T05:55:46.414Z"
"escooccupation","68f1da5e90ad734984f806b3","68f1da5e90ad734984f806b5","escooccupation","2025-10-17T05:55:46.414Z","2025-10-17T05:55:46.414Z"
"escooccupation","68f1da5e90ad734984f806b3","68f1da5e90ad734984f806b6","escooccupation","2025-10-17T05:55:46.414Z","2025-10-17T05:55:46.414Z"
"escooccupation","68f1da5e90ad734984f806b3","68f1da5e90ad734984f806b7","escooccupation","2025-10-17T05:55:46.414Z","2025-10-17T05:55:46.414Z"
"escooccupation","68f1da5e90ad734984f806b3","68f1da5e90ad734984f806b8","escooccupation","2025-10-17T05:55:46.414Z","2025-10-17T05:55:46.414Z"
"escooccupation","68f1da5e90ad734984f806b3","68f1da5e90ad734984f806b9","escooccupation","2025-10-17T05:55:46.414Z","2025-10-17T05:55:46.414Z"
"iscogroup","68f1da4f90ad734984f7c6f7","68f1da5e90ad734984f806ba","escooccupation","2025-10-17T05:55:46.414Z","2025-10-17T05:55:46.414Z"
"iscogroup","68f1da4f90ad734984f7c6f7","68f1da5e90ad734984f806bb","escooccupation","2025-10-17T05:55:46.414Z","2025-10-17T05:55:46.414Z"
"iscogroup","68f1da4f90ad734984f7c6f7","68f1da5e90ad734984f806bc","escooccupation","2025-10-17T05:55:46.414Z","2025-10-17T05:55:46.414Z"
"iscogroup","68f1da4f90ad734984f7c6f7","68f1da5e90ad734984f806bd","escooccupation","2025-10-17T05:55:46.414Z","2025-10-17T05:55:46.414Z"
"escooccupation","68f1da5e90ad734984f806bd","68f1da5e90ad734984f806be","escooccupation","2025-10-17T05:55:46.414Z","2025-10-17T05:55:46.414Z"
"iscogroup","68f1da4f90ad734984f7c6f7","68f1da5e90ad734984f806bf","escooccupation","2025-10-17T05:55:46.414Z","2025-10-17T05:55:46.414Z"
"iscogroup","68f1da4f90ad734984f7c6f7","68f1da5e90ad734984f806c0","escooccupation","2025-10-17T05:55:46.414Z","2025-10-17T05:55:46.414Z"
"iscogroup","68f1da4f90ad734984f7c6f7","68f1da5e90ad734984f806c1","escooccupation","2025-10-17T05:55:46.414Z","2025-10-17T05:55:46.414Z"
"iscogroup","68f1da4f90ad734984f7c6f7","68f1da5e90ad734984f806c2","escooccupation","2025-10-17T05:55:46.414Z","2025-10-17T05:55:46.414Z"
"iscogroup","68f1da4f90ad734984f7c6f7","68f1da5e90ad734984f806c3","escooccupation","2025-10-17T05:55:46.414Z","2025-10-17T05:55:46.414Z"
"iscogroup","68f1da4f90ad734984f7c6f7","68f1da5e90ad734984f806c4","escooccupation","2025-10-17T05:55:46.414Z","2025-10-17T05:55:46.414Z"
"iscogroup","68f1da4f90ad734984f7c6f7","68f1da5e90ad734984f806c5","escooccupation","2025-10-17T05:55:46.414Z","2025-10-17T05:55:46.414Z"
"iscogroup","68f1da4f90ad734984f7c6f9","68f1da5e90ad734984f806c6","escooccupation","2025-10-17T05:55:46.414Z","2025-10-17T05:55:46.414Z"
"escooccupation","68f1da5e90ad734984f806c6","68f1da5e90ad734984f806c7","escooccupation","2025-10-17T05:55:46.414Z","2025-10-17T05:55:46.414Z"
"iscogroup","68f1da4f90ad734984f7c6fa","68f1da5e90ad734984f806c8","escooccupation","2025-10-17T05:55:46.414Z","2025-10-17T05:55:46.414Z"
"iscogroup","68f1da4f90ad734984f7c6fa","68f1da5e90ad734984f806c9","escooccupation","2025-10-17T05:55:46.414Z","2025-10-17T05:55:46.414Z"
"iscogroup","68f1da4f90ad734984f7c6fa","68f1da5e90ad734984f806ca","escooccupation","2025-10-17T05:55:46.414Z","2025-10-17T05:55:46.414Z"
"escooccupation","68f1da5e90ad734984f806ca","68f1da5e90ad734984f806cb","escooccupation","2025-10-17T05:55:46.414Z","2025-10-17T05:55:46.414Z"
"escooccupation","68f1da5e90ad734984f806ca","68f1da5e90ad734984f806cc","escooccupation","2025-10-17T05:55:46.414Z","2025-10-17T05:55:46.414Z"
"escooccupation","68f1da5e90ad734984f806ca","68f1da5e90ad734984f806cd","escooccupation","2025-10-17T05:55:46.414Z","2025-10-17T05:55:46.414Z"
"escooccupation","68f1da5e90ad734984f806ca","68f1da5e90ad734984f806ce","escooccupation","2025-10-17T05:55:46.414Z","2025-10-17T05:55:46.414Z"
"escooccupation","68f1da5e90ad734984f806fe","68f1da5e90ad734984f806cf","escooccupation","2025-10-17T05:55:46.415Z","2025-10-17T05:55:46.415Z"
"escooccupation","68f1da5e90ad734984f806fe","68f1da5e90ad734984f806d0","escooccupation","2025-10-17T05:55:46.415Z","2025-10-17T05:55:46.415Z"
"escooccupation","68f1da5e90ad734984f806fe","68f1da5e90ad734984f806d1","escooccupation","2025-10-17T05:55:46.415Z","2025-10-17T05:55:46.415Z"
"escooccupation","68f1da5e90ad734984f806fe","68f1da5e90ad734984f806d2","escooccupation","2025-10-17T05:55:46.415Z","2025-10-17T05:55:46.415Z"
"escooccupation","68f1da5e90ad734984f806fe","68f1da5e90ad734984f806d3","escooccupation","2025-10-17T05:55:46.415Z","2025-10-17T05:55:46.415Z"
"escooccupation","68f1da5e90ad734984f806fe","68f1da5e90ad734984f806d4","escooccupation","2025-10-17T05:55:46.415Z","2025-10-17T05:55:46.415Z"
"escooccupation","68f1da5e90ad734984f806fe","68f1da5e90ad734984f806d5","escooccupation","2025-10-17T05:55:46.415Z","2025-10-17T05:55:46.415Z"
"escooccupation","68f1da5e90ad734984f806fe","68f1da5e90ad734984f806d6","escooccupation","2025-10-17T05:55:46.415Z","2025-10-17T05:55:46.415Z"
"escooccupation","68f1da5e90ad734984f806fe","68f1da5e90ad734984f806d7","escooccupation","2025-10-17T05:55:46.415Z","2025-10-17T05:55:46.415Z"
"escooccupation","68f1da5e90ad734984f806fe","68f1da5e90ad734984f806d8","escooccupation","2025-10-17T05:55:46.415Z","2025-10-17T05:55:46.415Z"
"escooccupation","68f1da5e90ad734984f806fe","68f1da5e90ad734984f806d9","escooccupation","2025-10-17T05:55:46.415Z","2025-10-17T05:55:46.415Z"
"escooccupation","68f1da5e90ad734984f806fe","68f1da5e90ad734984f806da","escooccupation","2025-10-17T05:55:46.416Z","2025-10-17T05:55:46.416Z"
"escooccupation","68f1da5e90ad734984f806fe","68f1da5e90ad734984f806db","escooccupation","2025-10-17T05:55:46.416Z","2025-10-17T05:55:46.416Z"
"escooccupation","68f1da5e90ad734984f806fe","68f1da5e90ad734984f806dc","escooccupation","2025-10-17T05:55:46.416Z","2025-10-17T05:55:46.416Z"
"escooccupation","68f1da5e90ad734984f806fe","68f1da5e90ad734984f806dd","escooccupation","2025-10-17T05:55:46.416Z","2025-10-17T05:55:46.416Z"
"escooccupation","68f1da5e90ad734984f806fe","68f1da5e90ad734984f806de","escooccupation","2025-10-17T05:55:46.416Z","2025-10-17T05:55:46.416Z"
"escooccupation","68f1da5e90ad734984f806fe","68f1da5e90ad734984f806df","escooccupation","2025-10-17T05:55:46.416Z","2025-10-17T05:55:46.416Z"
"escooccupation","68f1da5e90ad734984f806fe","68f1da5e90ad734984f806e0","escooccupation","2025-10-17T05:55:46.416Z","2025-10-17T05:55:46.416Z"
"escooccupation","68f1da5e90ad734984f806fe","68f1da5e90ad734984f806e1","escooccupation","2025-10-17T05:55:46.416Z","2025-10-17T05:55:46.416Z"
"escooccupation","68f1da5e90ad734984f806fe","68f1da5e90ad734984f806e2","escooccupation","2025-10-17T05:55:46.416Z","2025-10-17T05:55:46.416Z"
"escooccupation","68f1da5e90ad734984f806fe","68f1da5e90ad734984f806e3","escooccupation","2025-10-17T05:55:46.416Z","2025-10-17T05:55:46.416Z"
"escooccupation","68f1da5e90ad734984f806fe","68f1da5e90ad734984f806e4","escooccupation","2025-10-17T05:55:46.416Z","2025-10-17T05:55:46.416Z"
"escooccupation","68f1da5e90ad734984f806fe","68f1da5e90ad734984f806e5","escooccupation","2025-10-17T05:55:46.416Z","2025-10-17T05:55:46.416Z"
"escooccupation","68f1da5e90ad734984f806fe","68f1da5e90ad734984f806e6","escooccupation","2025-10-17T05:55:46.416Z","2025-10-17T05:55:46.416Z"
"iscogroup","68f1da4f90ad734984f7c6fb","68f1da5e90ad734984f806e7","escooccupation","2025-10-17T05:55:46.416Z","2025-10-17T05:55:46.416Z"
"escooccupation","68f1da5e90ad734984f806ca","68f1da5e90ad734984f806e8","escooccupation","2025-10-17T05:55:46.414Z","2025-10-17T05:55:46.414Z"
"escooccupation","68f1da5e90ad734984f806ca","68f1da5e90ad734984f806e9","escooccupation","2025-10-17T05:55:46.414Z","2025-10-17T05:55:46.414Z"
"escooccupation","68f1da5e90ad734984f806ca","68f1da5e90ad734984f806ea","escooccupation","2025-10-17T05:55:46.414Z","2025-10-17T05:55:46.414Z"
"escooccupation","68f1da5e90ad734984f806ca","68f1da5e90ad734984f806eb","escooccupation","2025-10-17T05:55:46.414Z","2025-10-17T05:55:46.414Z"
"iscogroup","68f1da4f90ad734984f7c6fa","68f1da5e90ad734984f806ec","escooccupation","2025-10-17T05:55:46.414Z","2025-10-17T05:55:46.414Z"
"escooccupation","68f1da5e90ad734984f806ec","68f1da5e90ad734984f806ed","escooccupation","2025-10-17T05:55:46.415Z","2025-10-17T05:55:46.415Z"
"escooccupation","68f1da5e90ad734984f806ec","68f1da5e90ad734984f806ee","escooccupation","2025-10-17T05:55:46.415Z","2025-10-17T05:55:46.415Z"
"escooccupation","68f1da5e90ad734984f806ec","68f1da5e90ad734984f806ef","escooccupation","2025-10-17T05:55:46.415Z","2025-10-17T05:55:46.415Z"
"escooccupation","68f1da5e90ad734984f806ec","68f1da5e90ad734984f806f0","escooccupation","2025-10-17T05:55:46.415Z","2025-10-17T05:55:46.415Z"
"escooccupation","68f1da5e90ad734984f806ec","68f1da5e90ad734984f806f1","escooccupation","2025-10-17T05:55:46.415Z","2025-10-17T05:55:46.415Z"
"escooccupation","68f1da5e90ad734984f806ec","68f1da5e90ad734984f806f2","escooccupation","2025-10-17T05:55:46.415Z","2025-10-17T05:55:46.415Z"
"escooccupation","68f1da5e90ad734984f806ec","68f1da5e90ad734984f806f3","escooccupation","2025-10-17T05:55:46.415Z","2025-10-17T05:55:46.415Z"
"escooccupation","68f1da5e90ad734984f806ec","68f1da5e90ad734984f806f4","escooccupation","2025-10-17T05:55:46.415Z","2025-10-17T05:55:46.415Z"
"escooccupation","68f1da5e90ad734984f806ec","68f1da5e90ad734984f806f5","escooccupation","2025-10-17T05:55:46.415Z","2025-10-17T05:55:46.415Z"
"escooccupation","68f1da5e90ad734984f806ec","68f1da5e90ad734984f806f6","escooccupation","2025-10-17T05:55:46.415Z","2025-10-17T05:55:46.415Z"
"escooccupation","68f1da5e90ad734984f806ec","68f1da5e90ad734984f806f7","escooccupation","2025-10-17T05:55:46.415Z","2025-10-17T05:55:46.415Z"
"escooccupation","68f1da5e90ad734984f806ec","68f1da5e90ad734984f806f8","escooccupation","2025-10-17T05:55:46.415Z","2025-10-17T05:55:46.415Z"
"escooccupation","68f1da5e90ad734984f806ec","68f1da5e90ad734984f806f9","escooccupation","2025-10-17T05:55:46.415Z","2025-10-17T05:55:46.415Z"
"escooccupation","68f1da5e90ad734984f806ec","68f1da5e90ad734984f806fa","escooccupation","2025-10-17T05:55:46.415Z","2025-10-17T05:55:46.415Z"
"escooccupation","68f1da5e90ad734984f806ec","68f1da5e90ad734984f806fb","escooccupation","2025-10-17T05:55:46.415Z","2025-10-17T05:55:46.415Z"
"escooccupation","68f1da5e90ad734984f806ec","68f1da5e90ad734984f806fc","escooccupation","2025-10-17T05:55:46.415Z","2025-10-17T05:55:46.415Z"
"iscogroup","68f1da4f90ad734984f7c6fa","68f1da5e90ad734984f806fd","escooccupation","2025-10-17T05:55:46.415Z","2025-10-17T05:55:46.415Z"
"iscogroup","68f1da4f90ad734984f7c6fb","68f1da5e90ad734984f806fe","escooccupation","2025-10-17T05:55:46.415Z","2025-10-17T05:55:46.415Z"
"escooccupation","68f1da5e90ad734984f806fe","68f1da5e90ad734984f806ff","escooccupation","2025-10-17T05:55:46.415Z","2025-10-17T05:55:46.415Z"
"escooccupation","68f1da5e90ad734984f806fe","68f1da5e90ad734984f80700","escooccupation","2025-10-17T05:55:46.415Z","2025-10-17T05:55:46.415Z"
"iscogroup","68f1da4f90ad734984f7c700","68f1da5e90ad734984f80701","escooccupation","2025-10-17T05:55:46.417Z","2025-10-17T05:55:46.417Z"
"iscogroup","68f1da4f90ad734984f7c700","68f1da5e90ad734984f80702","escooccupation","2025-10-17T05:55:46.417Z","2025-10-17T05:55:46.417Z"
"iscogroup","68f1da4f90ad734984f7c700","68f1da5e90ad734984f80703","escooccupation","2025-10-17T05:55:46.417Z","2025-10-17T05:55:46.417Z"
"iscogroup","68f1da4f90ad734984f7c700","68f1da5e90ad734984f80704","escooccupation","2025-10-17T05:55:46.417Z","2025-10-17T05:55:46.417Z"
"iscogroup","68f1da4f90ad734984f7c700","68f1da5e90ad734984f80705","escooccupation","2025-10-17T05:55:46.417Z","2025-10-17T05:55:46.417Z"
"iscogroup","68f1da4f90ad734984f7c701","68f1da5e90ad734984f80706","escooccupation","2025-10-17T05:55:46.417Z","2025-10-17T05:55:46.417Z"
"iscogroup","68f1da4f90ad734984f7c702","68f1da5e90ad734984f80707","escooccupation","2025-10-17T05:55:46.417Z","2025-10-17T05:55:46.417Z"
"escooccupation","68f1da5e90ad734984f80707","68f1da5e90ad734984f80708","escooccupation","2025-10-17T05:55:46.417Z","2025-10-17T05:55:46.417Z"
"iscogroup","68f1da4f90ad734984f7c702","68f1da5e90ad734984f80709","escooccupation","2025-10-17T05:55:46.417Z","2025-10-17T05:55:46.417Z"
"iscogroup","68f1da4f90ad734984f7c702","68f1da5e90ad734984f8070a","escooccupation","2025-10-17T05:55:46.417Z","2025-10-17T05:55:46.417Z"
"iscogroup","68f1da4f90ad734984f7c704","68f1da5e90ad734984f8070b","escooccupation","2025-10-17T05:55:46.417Z","2025-10-17T05:55:46.417Z"
"iscogroup","68f1da4f90ad734984f7c704","68f1da5e90ad734984f8070c","escooccupation","2025-10-17T05:55:46.429Z","2025-10-17T05:55:46.429Z"
"escooccupation","68f1da5e90ad734984f8070c","68f1da5e90ad734984f8070d","escooccupation","2025-10-17T05:55:46.429Z","2025-10-17T05:55:46.429Z"
"escooccupation","68f1da5e90ad734984f8070c","68f1da5e90ad734984f8070e","escooccupation","2025-10-17T05:55:46.429Z","2025-10-17T05:55:46.429Z"
"escooccupation","68f1da5e90ad734984f8070c","68f1da5e90ad734984f8070f","escooccupation","2025-10-17T05:55:46.429Z","2025-10-17T05:55:46.429Z"
"escooccupation","68f1da5e90ad734984f8070c","68f1da5e90ad734984f80710","escooccupation","2025-10-17T05:55:46.430Z","2025-10-17T05:55:46.430Z"
"escooccupation","68f1da5e90ad734984f8070c","68f1da5e90ad734984f80711","escooccupation","2025-10-17T05:55:46.430Z","2025-10-17T05:55:46.430Z"
"iscogroup","68f1da4f90ad734984f7c705","68f1da5e90ad734984f80712","escooccupation","2025-10-17T05:55:46.430Z","2025-10-17T05:55:46.430Z"
"escooccupation","68f1da5e90ad734984f80712","68f1da5e90ad734984f80713","escooccupation","2025-10-17T05:55:46.430Z","2025-10-17T05:55:46.430Z"
"escooccupation","68f1da5e90ad734984f80712","68f1da5e90ad734984f80714","escooccupation","2025-10-17T05:55:46.430Z","2025-10-17T05:55:46.430Z"
"escooccupation","68f1da5e90ad734984f80712","68f1da5e90ad734984f80715","escooccupation","2025-10-17T05:55:46.430Z","2025-10-17T05:55:46.430Z"
"iscogroup","68f1da4f90ad734984f7c706","68f1da5e90ad734984f80716","escooccupation","2025-10-17T05:55:46.430Z","2025-10-17T05:55:46.430Z"
"iscogroup","68f1da4f90ad734984f7c708","68f1da5e90ad734984f80717","escooccupation","2025-10-17T05:55:46.430Z","2025-10-17T05:55:46.430Z"
"iscogroup","68f1da4f90ad734984f7c708","68f1da5e90ad734984f80718","escooccupation","2025-10-17T05:55:46.430Z","2025-10-17T05:55:46.430Z"
"iscogroup","68f1da4f90ad734984f7c708","68f1da5e90ad734984f80719","escooccupation","2025-10-17T05:55:46.430Z","2025-10-17T05:55:46.430Z"
"iscogroup","68f1da4f90ad734984f7c6fd","68f1da5e90ad734984f8071a","escooccupation","2025-10-17T05:55:46.416Z","2025-10-17T05:55:46.416Z"
"iscogroup","68f1da4f90ad734984f7c6fd","68f1da5e90ad734984f8071b","escooccupation","2025-10-17T05:55:46.416Z","2025-10-17T05:55:46.416Z"
"iscogroup","68f1da4f90ad734984f7c6fd","68f1da5e90ad734984f8071c","escooccupation","2025-10-17T05:55:46.416Z","2025-10-17T05:55:46.416Z"
"escooccupation","68f1da5e90ad734984f8071c","68f1da5e90ad734984f8071d","escooccupation","2025-10-17T05:55:46.416Z","2025-10-17T05:55:46.416Z"
"escooccupation","68f1da5e90ad734984f8071c","68f1da5e90ad734984f8071e","escooccupation","2025-10-17T05:55:46.416Z","2025-10-17T05:55:46.416Z"
"escooccupation","68f1da5e90ad734984f8071c","68f1da5e90ad734984f8071f","escooccupation","2025-10-17T05:55:46.416Z","2025-10-17T05:55:46.416Z"
"escooccupation","68f1da5e90ad734984f8071c","68f1da5e90ad734984f80720","escooccupation","2025-10-17T05:55:46.416Z","2025-10-17T05:55:46.416Z"
"escooccupation","68f1da5e90ad734984f8071c","68f1da5e90ad734984f80721","escooccupation","2025-10-17T05:55:46.416Z","2025-10-17T05:55:46.416Z"
"escooccupation","68f1da5e90ad734984f8071c","68f1da5e90ad734984f80722","escooccupation","2025-10-17T05:55:46.416Z","2025-10-17T05:55:46.416Z"
"escooccupation","68f1da5e90ad734984f8071c","68f1da5e90ad734984f80723","escooccupation","2025-10-17T05:55:46.416Z","2025-10-17T05:55:46.416Z"
"escooccupation","68f1da5e90ad734984f8071c","68f1da5e90ad734984f80724","escooccupation","2025-10-17T05:55:46.416Z","2025-10-17T05:55:46.416Z"
"escooccupation","68f1da5e90ad734984f8071c","68f1da5e90ad734984f80725","escooccupation","2025-10-17T05:55:46.416Z","2025-10-17T05:55:46.416Z"
"iscogroup","68f1da4f90ad734984f7c6fe","68f1da5e90ad734984f80726","escooccupation","2025-10-17T05:55:46.416Z","2025-10-17T05:55:46.416Z"
"iscogroup","68f1da4f90ad734984f7c6fe","68f1da5e90ad734984f80727","escooccupation","2025-10-17T05:55:46.416Z","2025-10-17T05:55:46.416Z"
"iscogroup","68f1da4f90ad734984f7c6fe","68f1da5e90ad734984f80728","escooccupation","2025-10-17T05:55:46.416Z","2025-10-17T05:55:46.416Z"
"iscogroup","68f1da4f90ad734984f7c6fe","68f1da5e90ad734984f80729","escooccupation","2025-10-17T05:55:46.416Z","2025-10-17T05:55:46.416Z"
"iscogroup","68f1da4f90ad734984f7c6fe","68f1da5e90ad734984f8072a","escooccupation","2025-10-17T05:55:46.416Z","2025-10-17T05:55:46.416Z"
"iscogroup","68f1da4f90ad734984f7c6fe","68f1da5e90ad734984f8072b","escooccupation","2025-10-17T05:55:46.416Z","2025-10-17T05:55:46.416Z"
"iscogroup","68f1da4f90ad734984f7c6fe","68f1da5e90ad734984f8072c","escooccupation","2025-10-17T05:55:46.416Z","2025-10-17T05:55:46.416Z"
"iscogroup","68f1da4f90ad734984f7c6ff","68f1da5e90ad734984f8072d","escooccupation","2025-10-17T05:55:46.417Z","2025-10-17T05:55:46.417Z"
"escooccupation","68f1da5e90ad734984f8072d","68f1da5e90ad734984f8072e","escooccupation","2025-10-17T05:55:46.417Z","2025-10-17T05:55:46.417Z"
"escooccupation","68f1da5e90ad734984f8072d","68f1da5e90ad734984f8072f","escooccupation","2025-10-17T05:55:46.417Z","2025-10-17T05:55:46.417Z"
"escooccupation","68f1da5e90ad734984f8072d","68f1da5e90ad734984f80730","escooccupation","2025-10-17T05:55:46.417Z","2025-10-17T05:55:46.417Z"
"escooccupation","68f1da5e90ad734984f8072d","68f1da5e90ad734984f80731","escooccupation","2025-10-17T05:55:46.417Z","2025-10-17T05:55:46.417Z"
"escooccupation","68f1da5e90ad734984f8072d","68f1da5e90ad734984f80732","escooccupation","2025-10-17T05:55:46.417Z","2025-10-17T05:55:46.417Z"
"iscogroup","68f1da4f90ad734984f7c708","68f1da5e90ad734984f80733","escooccupation","2025-10-17T05:55:46.430Z","2025-10-17T05:55:46.430Z"
"iscogroup","68f1da4f90ad734984f7c709","68f1da5e90ad734984f80734","escooccupation","2025-10-17T05:55:46.430Z","2025-10-17T05:55:46.430Z"
"iscogroup","68f1da4f90ad734984f7c709","68f1da5e90ad734984f80735","escooccupation","2025-10-17T05:55:46.430Z","2025-10-17T05:55:46.430Z"
"iscogroup","68f1da4f90ad734984f7c709","68f1da5e90ad734984f80736","escooccupation","2025-10-17T05:55:46.430Z","2025-10-17T05:55:46.430Z"
"iscogroup","68f1da4f90ad734984f7c709","68f1da5e90ad734984f80737","escooccupation","2025-10-17T05:55:46.430Z","2025-10-17T05:55:46.430Z"
"iscogroup","68f1da4f90ad734984f7c709","68f1da5e90ad734984f80738","escooccupation","2025-10-17T05:55:46.430Z","2025-10-17T05:55:46.430Z"
"iscogroup","68f1da4f90ad734984f7c70a","68f1da5e90ad734984f80739","escooccupation","2025-10-17T05:55:46.430Z","2025-10-17T05:55:46.430Z"
"iscogroup","68f1da4f90ad734984f7c70a","68f1da5e90ad734984f8073a","escooccupation","2025-10-17T05:55:46.430Z","2025-10-17T05:55:46.430Z"
"escooccupation","68f1da5e90ad734984f8073a","68f1da5e90ad734984f8073b","escooccupation","2025-10-17T05:55:46.430Z","2025-10-17T05:55:46.430Z"
"escooccupation","68f1da5e90ad734984f8073a","68f1da5e90ad734984f8073c","escooccupation","2025-10-17T05:55:46.430Z","2025-10-17T05:55:46.430Z"
"escooccupation","68f1da5e90ad734984f8073c","68f1da5e90ad734984f8073d","escooccupation","2025-10-17T05:55:46.430Z","2025-10-17T05:55:46.430Z"
"escooccupation","68f1da5e90ad734984f8073a","68f1da5e90ad734984f8073e","escooccupation","2025-10-17T05:55:46.430Z","2025-10-17T05:55:46.430Z"
"escooccupation","68f1da5e90ad734984f8073a","68f1da5e90ad734984f8073f","escooccupation","2025-10-17T05:55:46.430Z","2025-10-17T05:55:46.430Z"
"escooccupation","68f1da5e90ad734984f8073a","68f1da5e90ad734984f80740","escooccupation","2025-10-17T05:55:46.430Z","2025-10-17T05:55:46.430Z"
"escooccupation","68f1da5e90ad734984f8073a","68f1da5e90ad734984f80741","escooccupation","2025-10-17T05:55:46.430Z","2025-10-17T05:55:46.430Z"
"iscogroup","68f1da4f90ad734984f7c70a","68f1da5e90ad734984f80742","escooccupation","2025-10-17T05:55:46.430Z","2025-10-17T05:55:46.430Z"
"iscogroup","68f1da4f90ad734984f7c70a","68f1da5e90ad734984f80743","escooccupation","2025-10-17T05:55:46.430Z","2025-10-17T05:55:46.430Z"
"iscogroup","68f1da4f90ad734984f7c70b","68f1da5e90ad734984f80744","escooccupation","2025-10-17T05:55:46.430Z","2025-10-17T05:55:46.430Z"
"escooccupation","68f1da5e90ad734984f80744","68f1da5e90ad734984f80745","escooccupation","2025-10-17T05:55:46.430Z","2025-10-17T05:55:46.430Z"
"escooccupation","68f1da5e90ad734984f80744","68f1da5e90ad734984f80746","escooccupation","2025-10-17T05:55:46.430Z","2025-10-17T05:55:46.430Z"
"escooccupation","68f1da5e90ad734984f80744","68f1da5e90ad734984f80747","escooccupation","2025-10-17T05:55:46.431Z","2025-10-17T05:55:46.431Z"
"iscogroup","68f1da4f90ad734984f7c70b","68f1da5e90ad734984f80748","escooccupation","2025-10-17T05:55:46.431Z","2025-10-17T05:55:46.431Z"
"iscogroup","68f1da4f90ad734984f7c70b","68f1da5e90ad734984f80749","escooccupation","2025-10-17T05:55:46.431Z","2025-10-17T05:55:46.431Z"
"iscogroup","68f1da4f90ad734984f7c70c","68f1da5e90ad734984f8074a","escooccupation","2025-10-17T05:55:46.431Z","2025-10-17T05:55:46.431Z"
"iscogroup","68f1da4f90ad734984f7c70f","68f1da5e90ad734984f8074b","escooccupation","2025-10-17T05:55:46.431Z","2025-10-17T05:55:46.431Z"
"iscogroup","68f1da4f90ad734984f7c70f","68f1da5e90ad734984f8074c","escooccupation","2025-10-17T05:55:46.431Z","2025-10-17T05:55:46.431Z"
"iscogroup","68f1da4f90ad734984f7c710","68f1da5e90ad734984f8074d","escooccupation","2025-10-17T05:55:46.431Z","2025-10-17T05:55:46.431Z"
"iscogroup","68f1da4f90ad734984f7c711","68f1da5e90ad734984f8074e","escooccupation","2025-10-17T05:55:46.431Z","2025-10-17T05:55:46.431Z"
"iscogroup","68f1da4f90ad734984f7c711","68f1da5e90ad734984f8074f","escooccupation","2025-10-17T05:55:46.431Z","2025-10-17T05:55:46.431Z"
"iscogroup","68f1da4f90ad734984f7c712","68f1da5e90ad734984f80750","escooccupation","2025-10-17T05:55:46.431Z","2025-10-17T05:55:46.431Z"
"iscogroup","68f1da4f90ad734984f7c712","68f1da5e90ad734984f80751","escooccupation","2025-10-17T05:55:46.431Z","2025-10-17T05:55:46.431Z"
"iscogroup","68f1da4f90ad734984f7c712","68f1da5e90ad734984f80752","escooccupation","2025-10-17T05:55:46.431Z","2025-10-17T05:55:46.431Z"
"escooccupation","68f1da5e90ad734984f80752","68f1da5e90ad734984f80753","escooccupation","2025-10-17T05:55:46.431Z","2025-10-17T05:55:46.431Z"
"iscogroup","68f1da4f90ad734984f7c715","68f1da5e90ad734984f80754","escooccupation","2025-10-17T05:55:46.431Z","2025-10-17T05:55:46.431Z"
"iscogroup","68f1da4f90ad734984f7c717","68f1da5e90ad734984f80755","escooccupation","2025-10-17T05:55:46.431Z","2025-10-17T05:55:46.431Z"
"iscogroup","68f1da4f90ad734984f7c719","68f1da5e90ad734984f80756","escooccupation","2025-10-17T05:55:46.431Z","2025-10-17T05:55:46.431Z"
"iscogroup","68f1da4f90ad734984f7c719","68f1da5e90ad734984f80757","escooccupation","2025-10-17T05:55:46.431Z","2025-10-17T05:55:46.431Z"
"escooccupation","68f1da5e90ad734984f80757","68f1da5e90ad734984f80758","escooccupation","2025-10-17T05:55:46.431Z","2025-10-17T05:55:46.431Z"
"escooccupation","68f1da5e90ad734984f80757","68f1da5e90ad734984f80759","escooccupation","2025-10-17T05:55:46.431Z","2025-10-17T05:55:46.431Z"
"escooccupation","68f1da5e90ad734984f80757","68f1da5e90ad734984f8075a","escooccupation","2025-10-17T05:55:46.431Z","2025-10-17T05:55:46.431Z"
"escooccupation","68f1da5e90ad734984f80757","68f1da5e90ad734984f8075b","escooccupation","2025-10-17T05:55:46.431Z","2025-10-17T05:55:46.431Z"
"iscogroup","68f1da4f90ad734984f7c71b","68f1da5e90ad734984f8075c","escooccupation","2025-10-17T05:55:46.431Z","2025-10-17T05:55:46.431Z"
"iscogroup","68f1da4f90ad734984f7c71b","68f1da5e90ad734984f8075d","escooccupation","2025-10-17T05:55:46.431Z","2025-10-17T05:55:46.431Z"
"iscogroup","68f1da4f90ad734984f7c71c","68f1da5e90ad734984f8075e","escooccupation","2025-10-17T05:55:46.431Z","2025-10-17T05:55:46.431Z"
"escooccupation","68f1da5e90ad734984f8075e","68f1da5e90ad734984f8075f","escooccupation","2025-10-17T05:55:46.432Z","2025-10-17T05:55:46.432Z"
"iscogroup","68f1da4f90ad734984f7c71c","68f1da5e90ad734984f80760","escooccupation","2025-10-17T05:55:46.432Z","2025-10-17T05:55:46.432Z"
"iscogroup","68f1da4f90ad734984f7c71c","68f1da5e90ad734984f80761","escooccupation","2025-10-17T05:55:46.432Z","2025-10-17T05:55:46.432Z"
"iscogroup","68f1da4f90ad734984f7c71c","68f1da5e90ad734984f80762","escooccupation","2025-10-17T05:55:46.432Z","2025-10-17T05:55:46.432Z"
"iscogroup","68f1da4f90ad734984f7c71d","68f1da5e90ad734984f80763","escooccupation","2025-10-17T05:55:46.432Z","2025-10-17T05:55:46.432Z"
"escooccupation","68f1da5e90ad734984f80763","68f1da5e90ad734984f80764","escooccupation","2025-10-17T05:55:46.432Z","2025-10-17T05:55:46.432Z"
"iscogroup","68f1da4f90ad734984f7c723","68f1da5e90ad734984f80765","escooccupation","2025-10-17T05:55:46.432Z","2025-10-17T05:55:46.432Z"
"iscogroup","68f1da4f90ad734984f7c726","68f1da5e90ad734984f80766","escooccupation","2025-10-17T05:55:46.432Z","2025-10-17T05:55:46.432Z"
"iscogroup","68f1da4f90ad734984f7c726","68f1da5e90ad734984f80767","escooccupation","2025-10-17T05:55:46.432Z","2025-10-17T05:55:46.432Z"
"escooccupation","68f1da5e90ad734984f80767","68f1da5e90ad734984f80768","escooccupation","2025-10-17T05:55:46.432Z","2025-10-17T05:55:46.432Z"
"escooccupation","68f1da5e90ad734984f80767","68f1da5e90ad734984f80769","escooccupation","2025-10-17T05:55:46.433Z","2025-10-17T05:55:46.433Z"
"escooccupation","68f1da5e90ad734984f80767","68f1da5e90ad734984f8076a","escooccupation","2025-10-17T05:55:46.433Z","2025-10-17T05:55:46.433Z"
"escooccupation","68f1da5e90ad734984f80767","68f1da5e90ad734984f8076b","escooccupation","2025-10-17T05:55:46.433Z","2025-10-17T05:55:46.433Z"
"escooccupation","68f1da5e90ad734984f8076b","68f1da5e90ad734984f8076c","escooccupation","2025-10-17T05:55:46.433Z","2025-10-17T05:55:46.433Z"
"escooccupation","68f1da5e90ad734984f80767","68f1da5e90ad734984f8076d","escooccupation","2025-10-17T05:55:46.433Z","2025-10-17T05:55:46.433Z"
"iscogroup","68f1da4f90ad734984f7c726","68f1da5e90ad734984f8076e","escooccupation","2025-10-17T05:55:46.433Z","2025-10-17T05:55:46.433Z"
"escooccupation","68f1da5e90ad734984f8076e","68f1da5e90ad734984f8076f","escooccupation","2025-10-17T05:55:46.433Z","2025-10-17T05:55:46.433Z"
"escooccupation","68f1da5e90ad734984f8076e","68f1da5e90ad734984f80770","escooccupation","2025-10-17T05:55:46.433Z","2025-10-17T05:55:46.433Z"
"escooccupation","68f1da5e90ad734984f8076e","68f1da5e90ad734984f80771","escooccupation","2025-10-17T05:55:46.433Z","2025-10-17T05:55:46.433Z"
"escooccupation","68f1da5e90ad734984f8076e","68f1da5e90ad734984f80772","escooccupation","2025-10-17T05:55:46.433Z","2025-10-17T05:55:46.433Z"
"escooccupation","68f1da5e90ad734984f8076e","68f1da5e90ad734984f80773","escooccupation","2025-10-17T05:55:46.433Z","2025-10-17T05:55:46.433Z"
"iscogroup","68f1da4f90ad734984f7c727","68f1da5e90ad734984f80774","escooccupation","2025-10-17T05:55:46.433Z","2025-10-17T05:55:46.433Z"
"iscogroup","68f1da4f90ad734984f7c727","68f1da5e90ad734984f80775","escooccupation","2025-10-17T05:55:46.433Z","2025-10-17T05:55:46.433Z"
"escooccupation","68f1da5e90ad734984f80775","68f1da5e90ad734984f80776","escooccupation","2025-10-17T05:55:46.433Z","2025-10-17T05:55:46.433Z"
"iscogroup","68f1da4f90ad734984f7c727","68f1da5e90ad734984f80777","escooccupation","2025-10-17T05:55:46.433Z","2025-10-17T05:55:46.433Z"
"iscogroup","68f1da4f90ad734984f7c727","68f1da5e90ad734984f80778","escooccupation","2025-10-17T05:55:46.433Z","2025-10-17T05:55:46.433Z"
"iscogroup","68f1da4f90ad734984f7c727","68f1da5e90ad734984f80779","escooccupation","2025-10-17T05:55:46.433Z","2025-10-17T05:55:46.433Z"
"iscogroup","68f1da4f90ad734984f7c727","68f1da5e90ad734984f8077a","escooccupation","2025-10-17T05:55:46.433Z","2025-10-17T05:55:46.433Z"
"iscogroup","68f1da4f90ad734984f7c727","68f1da5e90ad734984f8077b","escooccupation","2025-10-17T05:55:46.433Z","2025-10-17T05:55:46.433Z"
"iscogroup","68f1da4f90ad734984f7c728","68f1da5e90ad734984f8077c","escooccupation","2025-10-17T05:55:46.449Z","2025-10-17T05:55:46.449Z"
"iscogroup","68f1da4f90ad734984f7c728","68f1da5e90ad734984f8077d","escooccupation","2025-10-17T05:55:46.449Z","2025-10-17T05:55:46.449Z"
"iscogroup","68f1da4f90ad734984f7c71e","68f1da5e90ad734984f8077e","escooccupation","2025-10-17T05:55:46.432Z","2025-10-17T05:55:46.432Z"
"escooccupation","68f1da5e90ad734984f8077e","68f1da5e90ad734984f8077f","escooccupation","2025-10-17T05:55:46.432Z","2025-10-17T05:55:46.432Z"
"iscogroup","68f1da4f90ad734984f7c71f","68f1da5e90ad734984f80780","escooccupation","2025-10-17T05:55:46.432Z","2025-10-17T05:55:46.432Z"
"iscogroup","68f1da4f90ad734984f7c71f","68f1da5e90ad734984f80781","escooccupation","2025-10-17T05:55:46.432Z","2025-10-17T05:55:46.432Z"
"iscogroup","68f1da4f90ad734984f7c71f","68f1da5e90ad734984f80782","escooccupation","2025-10-17T05:55:46.432Z","2025-10-17T05:55:46.432Z"
"iscogroup","68f1da4f90ad734984f7c71f","68f1da5e90ad734984f80783","escooccupation","2025-10-17T05:55:46.432Z","2025-10-17T05:55:46.432Z"
"iscogroup","68f1da4f90ad734984f7c720","68f1da5e90ad734984f80784","escooccupation","2025-10-17T05:55:46.432Z","2025-10-17T05:55:46.432Z"
"iscogroup","68f1da4f90ad734984f7c721","68f1da5e90ad734984f80785","escooccupation","2025-10-17T05:55:46.432Z","2025-10-17T05:55:46.432Z"
"iscogroup","68f1da4f90ad734984f7c721","68f1da5e90ad734984f80786","escooccupation","2025-10-17T05:55:46.432Z","2025-10-17T05:55:46.432Z"
"iscogroup","68f1da4f90ad734984f7c721","68f1da5e90ad734984f80787","escooccupation","2025-10-17T05:55:46.432Z","2025-10-17T05:55:46.432Z"
"iscogroup","68f1da4f90ad734984f7c721","68f1da5e90ad734984f80788","escooccupation","2025-10-17T05:55:46.432Z","2025-10-17T05:55:46.432Z"
"escooccupation","68f1da5e90ad734984f80788","68f1da5e90ad734984f80789","escooccupation","2025-10-17T05:55:46.432Z","2025-10-17T05:55:46.432Z"
"escooccupation","68f1da5e90ad734984f80788","68f1da5e90ad734984f8078a","escooccupation","2025-10-17T05:55:46.432Z","2025-10-17T05:55:46.432Z"
"iscogroup","68f1da4f90ad734984f7c721","68f1da5e90ad734984f8078b","escooccupation","2025-10-17T05:55:46.432Z","2025-10-17T05:55:46.432Z"
"escooccupation","68f1da5e90ad734984f8078b","68f1da5e90ad734984f8078c","escooccupation","2025-10-17T05:55:46.432Z","2025-10-17T05:55:46.432Z"
"iscogroup","68f1da4f90ad734984f7c721","68f1da5e90ad734984f8078d","escooccupation","2025-10-17T05:55:46.432Z","2025-10-17T05:55:46.432Z"
"iscogroup","68f1da4f90ad734984f7c721","68f1da5e90ad734984f8078e","escooccupation","2025-10-17T05:55:46.432Z","2025-10-17T05:55:46.432Z"
"iscogroup","68f1da4f90ad734984f7c722","68f1da5e90ad734984f8078f","escooccupation","2025-10-17T05:55:46.432Z","2025-10-17T05:55:46.432Z"
"iscogroup","68f1da4f90ad734984f7c722","68f1da5e90ad734984f80790","escooccupation","2025-10-17T05:55:46.432Z","2025-10-17T05:55:46.432Z"
"iscogroup","68f1da4f90ad734984f7c723","68f1da5e90ad734984f80791","escooccupation","2025-10-17T05:55:46.432Z","2025-10-17T05:55:46.432Z"
"iscogroup","68f1da4f90ad734984f7c723","68f1da5e90ad734984f80792","escooccupation","2025-10-17T05:55:46.432Z","2025-10-17T05:55:46.432Z"
"iscogroup","68f1da4f90ad734984f7c723","68f1da5e90ad734984f80793","escooccupation","2025-10-17T05:55:46.432Z","2025-10-17T05:55:46.432Z"
"iscogroup","68f1da4f90ad734984f7c723","68f1da5e90ad734984f80794","escooccupation","2025-10-17T05:55:46.432Z","2025-10-17T05:55:46.432Z"
"iscogroup","68f1da4f90ad734984f7c723","68f1da5e90ad734984f80795","escooccupation","2025-10-17T05:55:46.432Z","2025-10-17T05:55:46.432Z"
"iscogroup","68f1da4f90ad734984f7c723","68f1da5e90ad734984f80796","escooccupation","2025-10-17T05:55:46.432Z","2025-10-17T05:55:46.432Z"
"iscogroup","68f1da4f90ad734984f7c728","68f1da5e90ad734984f80797","escooccupation","2025-10-17T05:55:46.449Z","2025-10-17T05:55:46.449Z"
"iscogroup","68f1da4f90ad734984f7c729","68f1da5e90ad734984f80798","escooccupation","2025-10-17T05:55:46.449Z","2025-10-17T05:55:46.449Z"
"iscogroup","68f1da4f90ad734984f7c729","68f1da5e90ad734984f80799","escooccupation","2025-10-17T05:55:46.450Z","2025-10-17T05:55:46.450Z"
"iscogroup","68f1da4f90ad734984f7c72a","68f1da5e90ad734984f8079a","escooccupation","2025-10-17T05:55:46.450Z","2025-10-17T05:55:46.450Z"
"iscogroup","68f1da4f90ad734984f7c72a","68f1da5e90ad734984f8079b","escooccupation","2025-10-17T05:55:46.450Z","2025-10-17T05:55:46.450Z"
"iscogroup","68f1da4f90ad734984f7c72a","68f1da5e90ad734984f8079c","escooccupation","2025-10-17T05:55:46.450Z","2025-10-17T05:55:46.450Z"
"iscogroup","68f1da4f90ad734984f7c72a","68f1da5e90ad734984f8079d","escooccupation","2025-10-17T05:55:46.450Z","2025-10-17T05:55:46.450Z"
"iscogroup","68f1da4f90ad734984f7c72a","68f1da5e90ad734984f8079e","escooccupation","2025-10-17T05:55:46.450Z","2025-10-17T05:55:46.450Z"
"iscogroup","68f1da4f90ad734984f7c72a","68f1da5e90ad734984f8079f","escooccupation","2025-10-17T05:55:46.450Z","2025-10-17T05:55:46.450Z"
"iscogroup","68f1da4f90ad734984f7c72a","68f1da5e90ad734984f807a0","escooccupation","2025-10-17T05:55:46.450Z","2025-10-17T05:55:46.450Z"
"iscogroup","68f1da4f90ad734984f7c72a","68f1da5e90ad734984f807a1","escooccupation","2025-10-17T05:55:46.450Z","2025-10-17T05:55:46.450Z"
"iscogroup","68f1da4f90ad734984f7c72c","68f1da5e90ad734984f807a2","escooccupation","2025-10-17T05:55:46.450Z","2025-10-17T05:55:46.450Z"
"iscogroup","68f1da4f90ad734984f7c72c","68f1da5e90ad734984f807a3","escooccupation","2025-10-17T05:55:46.450Z","2025-10-17T05:55:46.450Z"
"iscogroup","68f1da4f90ad734984f7c72c","68f1da5e90ad734984f807a4","escooccupation","2025-10-17T05:55:46.450Z","2025-10-17T05:55:46.450Z"
"escooccupation","68f1da5e90ad734984f807a4","68f1da5e90ad734984f807a5","escooccupation","2025-10-17T05:55:46.450Z","2025-10-17T05:55:46.450Z"
"iscogroup","68f1da4f90ad734984f7c72d","68f1da5e90ad734984f807a6","escooccupation","2025-10-17T05:55:46.450Z","2025-10-17T05:55:46.450Z"
"escooccupation","68f1da5e90ad734984f807a6","68f1da5e90ad734984f807a7","escooccupation","2025-10-17T05:55:46.450Z","2025-10-17T05:55:46.450Z"
"escooccupation","68f1da5e90ad734984f807a6","68f1da5e90ad734984f807a8","escooccupation","2025-10-17T05:55:46.450Z","2025-10-17T05:55:46.450Z"
"iscogroup","68f1da4f90ad734984f7c72e","68f1da5e90ad734984f807a9","escooccupation","2025-10-17T05:55:46.450Z","2025-10-17T05:55:46.450Z"
"iscogroup","68f1da4f90ad734984f7c72e","68f1da5e90ad734984f807aa","escooccupation","2025-10-17T05:55:46.450Z","2025-10-17T05:55:46.450Z"
"escooccupation","68f1da5e90ad734984f807aa","68f1da5e90ad734984f807ab","escooccupation","2025-10-17T05:55:46.450Z","2025-10-17T05:55:46.450Z"
"escooccupation","68f1da5e90ad734984f807aa","68f1da5e90ad734984f807ac","escooccupation","2025-10-17T05:55:46.450Z","2025-10-17T05:55:46.450Z"
"escooccupation","68f1da5e90ad734984f807aa","68f1da5e90ad734984f807ad","escooccupation","2025-10-17T05:55:46.450Z","2025-10-17T05:55:46.450Z"
"escooccupation","68f1da5e90ad734984f807aa","68f1da5e90ad734984f807ae","escooccupation","2025-10-17T05:55:46.450Z","2025-10-17T05:55:46.450Z"
"iscogroup","68f1da4f90ad734984f7c72e","68f1da5e90ad734984f807af","escooccupation","2025-10-17T05:55:46.450Z","2025-10-17T05:55:46.450Z"
"iscogroup","68f1da4f90ad734984f7c72e","68f1da5e90ad734984f807b0","escooccupation","2025-10-17T05:55:46.450Z","2025-10-17T05:55:46.450Z"
"iscogroup","68f1da4f90ad734984f7c72e","68f1da5e90ad734984f807b1","escooccupation","2025-10-17T05:55:46.450Z","2025-10-17T05:55:46.450Z"
"iscogroup","68f1da4f90ad734984f7c72f","68f1da5e90ad734984f807b2","escooccupation","2025-10-17T05:55:46.450Z","2025-10-17T05:55:46.450Z"
"escooccupation","68f1da5e90ad734984f807b2","68f1da5e90ad734984f807b3","escooccupation","2025-10-17T05:55:46.450Z","2025-10-17T05:55:46.450Z"
"escooccupation","68f1da5e90ad734984f807b2","68f1da5e90ad734984f807b4","escooccupation","2025-10-17T05:55:46.450Z","2025-10-17T05:55:46.450Z"
"iscogroup","68f1da4f90ad734984f7c72f","68f1da5e90ad734984f807b5","escooccupation","2025-10-17T05:55:46.450Z","2025-10-17T05:55:46.450Z"
"iscogroup","68f1da4f90ad734984f7c72f","68f1da5e90ad734984f807b6","escooccupation","2025-10-17T05:55:46.450Z","2025-10-17T05:55:46.450Z"
"iscogroup","68f1da4f90ad734984f7c72f","68f1da5e90ad734984f807b7","escooccupation","2025-10-17T05:55:46.450Z","2025-10-17T05:55:46.450Z"
"escooccupation","68f1da5e90ad734984f807b7","68f1da5e90ad734984f807b8","escooccupation","2025-10-17T05:55:46.450Z","2025-10-17T05:55:46.450Z"
"escooccupation","68f1da5e90ad734984f807b7","68f1da5e90ad734984f807b9","escooccupation","2025-10-17T05:55:46.451Z","2025-10-17T05:55:46.451Z"
"escooccupation","68f1da5e90ad734984f807b7","68f1da5e90ad734984f807ba","escooccupation","2025-10-17T05:55:46.451Z","2025-10-17T05:55:46.451Z"
"escooccupation","68f1da5e90ad734984f807b7","68f1da5e90ad734984f807bb","escooccupation","2025-10-17T05:55:46.451Z","2025-10-17T05:55:46.451Z"
"escooccupation","68f1da5e90ad734984f807b7","68f1da5e90ad734984f807bc","escooccupation","2025-10-17T05:55:46.451Z","2025-10-17T05:55:46.451Z"
"escooccupation","68f1da5e90ad734984f807b7","68f1da5e90ad734984f807bd","escooccupation","2025-10-17T05:55:46.451Z","2025-10-17T05:55:46.451Z"
"escooccupation","68f1da5e90ad734984f807b7","68f1da5e90ad734984f807be","escooccupation","2025-10-17T05:55:46.451Z","2025-10-17T05:55:46.451Z"
"escooccupation","68f1da5e90ad734984f807b7","68f1da5e90ad734984f807bf","escooccupation","2025-10-17T05:55:46.451Z","2025-10-17T05:55:46.451Z"
"escooccupation","68f1da5e90ad734984f807b7","68f1da5e90ad734984f807c0","escooccupation","2025-10-17T05:55:46.451Z","2025-10-17T05:55:46.451Z"
"escooccupation","68f1da5e90ad734984f807b7","68f1da5e90ad734984f807c1","escooccupation","2025-10-17T05:55:46.451Z","2025-10-17T05:55:46.451Z"
"escooccupation","68f1da5e90ad734984f807b7","68f1da5e90ad734984f807c2","escooccupation","2025-10-17T05:55:46.451Z","2025-10-17T05:55:46.451Z"
"escooccupation","68f1da5e90ad734984f807b7","68f1da5e90ad734984f807c3","escooccupation","2025-10-17T05:55:46.451Z","2025-10-17T05:55:46.451Z"
"escooccupation","68f1da5e90ad734984f807b7","68f1da5e90ad734984f807c4","escooccupation","2025-10-17T05:55:46.451Z","2025-10-17T05:55:46.451Z"
"escooccupation","68f1da5e90ad734984f807b7","68f1da5e90ad734984f807c5","escooccupation","2025-10-17T05:55:46.451Z","2025-10-17T05:55:46.451Z"
"escooccupation","68f1da5e90ad734984f807b7","68f1da5e90ad734984f807c6","escooccupation","2025-10-17T05:55:46.451Z","2025-10-17T05:55:46.451Z"
"escooccupation","68f1da5e90ad734984f807b7","68f1da5e90ad734984f807c7","escooccupation","2025-10-17T05:55:46.451Z","2025-10-17T05:55:46.451Z"
"escooccupation","68f1da5e90ad734984f807b7","68f1da5e90ad734984f807c8","escooccupation","2025-10-17T05:55:46.451Z","2025-10-17T05:55:46.451Z"
"escooccupation","68f1da5e90ad734984f807b7","68f1da5e90ad734984f807c9","escooccupation","2025-10-17T05:55:46.451Z","2025-10-17T05:55:46.451Z"
"escooccupation","68f1da5e90ad734984f807b7","68f1da5e90ad734984f807ca","escooccupation","2025-10-17T05:55:46.451Z","2025-10-17T05:55:46.451Z"
"escooccupation","68f1da5e90ad734984f807b7","68f1da5e90ad734984f807cb","escooccupation","2025-10-17T05:55:46.451Z","2025-10-17T05:55:46.451Z"
"escooccupation","68f1da5e90ad734984f807b7","68f1da5e90ad734984f807cc","escooccupation","2025-10-17T05:55:46.451Z","2025-10-17T05:55:46.451Z"
"escooccupation","68f1da5e90ad734984f807b7","68f1da5e90ad734984f807cd","escooccupation","2025-10-17T05:55:46.451Z","2025-10-17T05:55:46.451Z"
"escooccupation","68f1da5e90ad734984f807b7","68f1da5e90ad734984f807ce","escooccupation","2025-10-17T05:55:46.451Z","2025-10-17T05:55:46.451Z"
"escooccupation","68f1da5e90ad734984f807b7","68f1da5e90ad734984f807cf","escooccupation","2025-10-17T05:55:46.451Z","2025-10-17T05:55:46.451Z"
"escooccupation","68f1da5e90ad734984f807b7","68f1da5e90ad734984f807d0","escooccupation","2025-10-17T05:55:46.451Z","2025-10-17T05:55:46.451Z"
"escooccupation","68f1da5e90ad734984f807b7","68f1da5e90ad734984f807d1","escooccupation","2025-10-17T05:55:46.451Z","2025-10-17T05:55:46.451Z"
"escooccupation","68f1da5e90ad734984f807b7","68f1da5e90ad734984f807d2","escooccupation","2025-10-17T05:55:46.451Z","2025-10-17T05:55:46.451Z"
"escooccupation","68f1da5e90ad734984f807b7","68f1da5e90ad734984f807d3","escooccupation","2025-10-17T05:55:46.451Z","2025-10-17T05:55:46.451Z"
"escooccupation","68f1da5e90ad734984f807b7","68f1da5e90ad734984f807d4","escooccupation","2025-10-17T05:55:46.451Z","2025-10-17T05:55:46.451Z"
"escooccupation","68f1da5e90ad734984f807b7","68f1da5e90ad734984f807d5","escooccupation","2025-10-17T05:55:46.451Z","2025-10-17T05:55:46.451Z"
"escooccupation","68f1da5e90ad734984f807b7","68f1da5e90ad734984f807d6","escooccupation","2025-10-17T05:55:46.451Z","2025-10-17T05:55:46.451Z"
"escooccupation","68f1da5e90ad734984f807b7","68f1da5e90ad734984f807d7","escooccupation","2025-10-17T05:55:46.451Z","2025-10-17T05:55:46.451Z"
"escooccupation","68f1da5e90ad734984f807b7","68f1da5e90ad734984f807d8","escooccupation","2025-10-17T05:55:46.451Z","2025-10-17T05:55:46.451Z"
"escooccupation","68f1da5e90ad734984f807b7","68f1da5e90ad734984f807d9","escooccupation","2025-10-17T05:55:46.451Z","2025-10-17T05:55:46.451Z"
"escooccupation","68f1da5e90ad734984f807b7","68f1da5e90ad734984f807da","escooccupation","2025-10-17T05:55:46.451Z","2025-10-17T05:55:46.451Z"
"iscogroup","68f1da4f90ad734984f7c731","68f1da5e90ad734984f807db","escooccupation","2025-10-17T05:55:46.452Z","2025-10-17T05:55:46.452Z"
"iscogroup","68f1da4f90ad734984f7c731","68f1da5e90ad734984f807dc","escooccupation","2025-10-17T05:55:46.452Z","2025-10-17T05:55:46.452Z"
"escooccupation","68f1da5e90ad734984f807dc","68f1da5e90ad734984f807dd","escooccupation","2025-10-17T05:55:46.452Z","2025-10-17T05:55:46.452Z"
"escooccupation","68f1da5e90ad734984f807dd","68f1da5e90ad734984f807de","escooccupation","2025-10-17T05:55:46.452Z","2025-10-17T05:55:46.452Z"
"escooccupation","68f1da5e90ad734984f807dd","68f1da5e90ad734984f807df","escooccupation","2025-10-17T05:55:46.452Z","2025-10-17T05:55:46.452Z"
"escooccupation","68f1da5e90ad734984f807dd","68f1da5e90ad734984f807e0","escooccupation","2025-10-17T05:55:46.452Z","2025-10-17T05:55:46.452Z"
"escooccupation","68f1da5e90ad734984f807dd","68f1da5e90ad734984f807e1","escooccupation","2025-10-17T05:55:46.452Z","2025-10-17T05:55:46.452Z"
"escooccupation","68f1da5e90ad734984f807dd","68f1da5e90ad734984f807e2","escooccupation","2025-10-17T05:55:46.452Z","2025-10-17T05:55:46.452Z"
"escooccupation","68f1da5e90ad734984f807dd","68f1da5e90ad734984f807e3","escooccupation","2025-10-17T05:55:46.452Z","2025-10-17T05:55:46.452Z"
"escooccupation","68f1da5e90ad734984f807dd","68f1da5e90ad734984f807e4","escooccupation","2025-10-17T05:55:46.452Z","2025-10-17T05:55:46.452Z"
"escooccupation","68f1da5e90ad734984f807dd","68f1da5e90ad734984f807e5","escooccupation","2025-10-17T05:55:46.452Z","2025-10-17T05:55:46.452Z"
"escooccupation","68f1da5e90ad734984f807dd","68f1da5e90ad734984f807e6","escooccupation","2025-10-17T05:55:46.452Z","2025-10-17T05:55:46.452Z"
"escooccupation","68f1da5e90ad734984f807dd","68f1da5e90ad734984f807e7","escooccupation","2025-10-17T05:55:46.452Z","2025-10-17T05:55:46.452Z"
"escooccupation","68f1da5e90ad734984f807dd","68f1da5e90ad734984f807e8","escooccupation","2025-10-17T05:55:46.452Z","2025-10-17T05:55:46.452Z"
"escooccupation","68f1da5e90ad734984f807dd","68f1da5e90ad734984f807e9","escooccupation","2025-10-17T05:55:46.452Z","2025-10-17T05:55:46.452Z"
"escooccupation","68f1da5e90ad734984f807dd","68f1da5e90ad734984f807ea","escooccupation","2025-10-17T05:55:46.452Z","2025-10-17T05:55:46.452Z"
"escooccupation","68f1da5e90ad734984f807dd","68f1da5e90ad734984f807eb","escooccupation","2025-10-17T05:55:46.452Z","2025-10-17T05:55:46.452Z"
"escooccupation","68f1da5e90ad734984f807dd","68f1da5e90ad734984f807ec","escooccupation","2025-10-17T05:55:46.452Z","2025-10-17T05:55:46.452Z"
"escooccupation","68f1da5e90ad734984f807dd","68f1da5e90ad734984f807ed","escooccupation","2025-10-17T05:55:46.452Z","2025-10-17T05:55:46.452Z"
"escooccupation","68f1da5e90ad734984f807dd","68f1da5e90ad734984f807ee","escooccupation","2025-10-17T05:55:46.452Z","2025-10-17T05:55:46.452Z"
"escooccupation","68f1da5e90ad734984f807dd","68f1da5e90ad734984f807ef","escooccupation","2025-10-17T05:55:46.452Z","2025-10-17T05:55:46.452Z"
"escooccupation","68f1da5e90ad734984f807dd","68f1da5e90ad734984f807f0","escooccupation","2025-10-17T05:55:46.452Z","2025-10-17T05:55:46.452Z"
"escooccupation","68f1da5e90ad734984f807dd","68f1da5e90ad734984f807f1","escooccupation","2025-10-17T05:55:46.452Z","2025-10-17T05:55:46.452Z"
"escooccupation","68f1da5e90ad734984f807dd","68f1da5e90ad734984f807f2","escooccupation","2025-10-17T05:55:46.452Z","2025-10-17T05:55:46.452Z"
"escooccupation","68f1da5e90ad734984f807dd","68f1da5e90ad734984f807f3","escooccupation","2025-10-17T05:55:46.452Z","2025-10-17T05:55:46.452Z"
"escooccupation","68f1da5e90ad734984f807dd","68f1da5e90ad734984f807f4","escooccupation","2025-10-17T05:55:46.452Z","2025-10-17T05:55:46.452Z"
"escooccupation","68f1da5e90ad734984f807dd","68f1da5e90ad734984f807f5","escooccupation","2025-10-17T05:55:46.452Z","2025-10-17T05:55:46.452Z"
"escooccupation","68f1da5e90ad734984f807dd","68f1da5e90ad734984f807f6","escooccupation","2025-10-17T05:55:46.452Z","2025-10-17T05:55:46.452Z"
"escooccupation","68f1da5e90ad734984f807dd","68f1da5e90ad734984f807f7","escooccupation","2025-10-17T05:55:46.452Z","2025-10-17T05:55:46.452Z"
"escooccupation","68f1da5e90ad734984f807dd","68f1da5e90ad734984f807f8","escooccupation","2025-10-17T05:55:46.452Z","2025-10-17T05:55:46.452Z"
"escooccupation","68f1da5e90ad734984f807dd","68f1da5e90ad734984f807f9","escooccupation","2025-10-17T05:55:46.452Z","2025-10-17T05:55:46.452Z"
"escooccupation","68f1da5e90ad734984f807dd","68f1da5e90ad734984f807fa","escooccupation","2025-10-17T05:55:46.452Z","2025-10-17T05:55:46.452Z"
"iscogroup","68f1da4f90ad734984f7c741","68f1da5e90ad734984f807fb","escooccupation","2025-10-17T05:55:46.455Z","2025-10-17T05:55:46.455Z"
"iscogroup","68f1da4f90ad734984f7c744","68f1da5e90ad734984f807fc","escooccupation","2025-10-17T05:55:46.455Z","2025-10-17T05:55:46.455Z"
"iscogroup","68f1da4f90ad734984f7c744","68f1da5e90ad734984f807fd","escooccupation","2025-10-17T05:55:46.455Z","2025-10-17T05:55:46.455Z"
"iscogroup","68f1da4f90ad734984f7c744","68f1da5e90ad734984f807fe","escooccupation","2025-10-17T05:55:46.455Z","2025-10-17T05:55:46.455Z"
"iscogroup","68f1da4f90ad734984f7c744","68f1da5e90ad734984f807ff","escooccupation","2025-10-17T05:55:46.455Z","2025-10-17T05:55:46.455Z"
"iscogroup","68f1da4f90ad734984f7c744","68f1da5e90ad734984f80800","escooccupation","2025-10-17T05:55:46.455Z","2025-10-17T05:55:46.455Z"
"iscogroup","68f1da4f90ad734984f7c744","68f1da5e90ad734984f80801","escooccupation","2025-10-17T05:55:46.455Z","2025-10-17T05:55:46.455Z"
"iscogroup","68f1da4f90ad734984f7c744","68f1da5e90ad734984f80802","escooccupation","2025-10-17T05:55:46.455Z","2025-10-17T05:55:46.455Z"
"iscogroup","68f1da4f90ad734984f7c744","68f1da5e90ad734984f80803","escooccupation","2025-10-17T05:55:46.455Z","2025-10-17T05:55:46.455Z"
"escooccupation","68f1da5e90ad734984f80803","68f1da5e90ad734984f80804","escooccupation","2025-10-17T05:55:46.455Z","2025-10-17T05:55:46.455Z"
"iscogroup","68f1da4f90ad734984f7c744","68f1da5e90ad734984f80805","escooccupation","2025-10-17T05:55:46.455Z","2025-10-17T05:55:46.455Z"
"iscogroup","68f1da4f90ad734984f7c745","68f1da5e90ad734984f80806","escooccupation","2025-10-17T05:55:46.455Z","2025-10-17T05:55:46.455Z"
"iscogroup","68f1da4f90ad734984f7c745","68f1da5e90ad734984f80807","escooccupation","2025-10-17T05:55:46.455Z","2025-10-17T05:55:46.455Z"
"iscogroup","68f1da4f90ad734984f7c745","68f1da5e90ad734984f80808","escooccupation","2025-10-17T05:55:46.455Z","2025-10-17T05:55:46.455Z"
"iscogroup","68f1da4f90ad734984f7c745","68f1da5e90ad734984f80809","escooccupation","2025-10-17T05:55:46.455Z","2025-10-17T05:55:46.455Z"
"escooccupation","68f1da5e90ad734984f80809","68f1da5e90ad734984f8080a","escooccupation","2025-10-17T05:55:46.455Z","2025-10-17T05:55:46.455Z"
"escooccupation","68f1da5e90ad734984f80809","68f1da5e90ad734984f8080b","escooccupation","2025-10-17T05:55:46.455Z","2025-10-17T05:55:46.455Z"
"escooccupation","68f1da5e90ad734984f80809","68f1da5e90ad734984f8080c","escooccupation","2025-10-17T05:55:46.455Z","2025-10-17T05:55:46.455Z"
"escooccupation","68f1da5e90ad734984f80809","68f1da5e90ad734984f8080d","escooccupation","2025-10-17T05:55:46.455Z","2025-10-17T05:55:46.455Z"
"escooccupation","68f1da5e90ad734984f80809","68f1da5e90ad734984f8080e","escooccupation","2025-10-17T05:55:46.455Z","2025-10-17T05:55:46.455Z"
"escooccupation","68f1da5e90ad734984f80809","68f1da5e90ad734984f8080f","escooccupation","2025-10-17T05:55:46.455Z","2025-10-17T05:55:46.455Z"
"escooccupation","68f1da5e90ad734984f80809","68f1da5e90ad734984f80810","escooccupation","2025-10-17T05:55:46.455Z","2025-10-17T05:55:46.455Z"
"escooccupation","68f1da5e90ad734984f80809","68f1da5e90ad734984f80811","escooccupation","2025-10-17T05:55:46.455Z","2025-10-17T05:55:46.455Z"
"escooccupation","68f1da5e90ad734984f80809","68f1da5e90ad734984f80812","escooccupation","2025-10-17T05:55:46.455Z","2025-10-17T05:55:46.455Z"
"escooccupation","68f1da5e90ad734984f80809","68f1da5e90ad734984f80813","escooccupation","2025-10-17T05:55:46.455Z","2025-10-17T05:55:46.455Z"
"iscogroup","68f1da4f90ad734984f7c739","68f1da5e90ad734984f80814","escooccupation","2025-10-17T05:55:46.454Z","2025-10-17T05:55:46.454Z"
"iscogroup","68f1da4f90ad734984f7c73a","68f1da5e90ad734984f80815","escooccupation","2025-10-17T05:55:46.454Z","2025-10-17T05:55:46.454Z"
"iscogroup","68f1da4f90ad734984f7c73a","68f1da5e90ad734984f80816","escooccupation","2025-10-17T05:55:46.454Z","2025-10-17T05:55:46.454Z"
"iscogroup","68f1da4f90ad734984f7c73a","68f1da5e90ad734984f80817","escooccupation","2025-10-17T05:55:46.454Z","2025-10-17T05:55:46.454Z"
"iscogroup","68f1da4f90ad734984f7c73c","68f1da5e90ad734984f80818","escooccupation","2025-10-17T05:55:46.454Z","2025-10-17T05:55:46.454Z"
"iscogroup","68f1da4f90ad734984f7c73c","68f1da5e90ad734984f80819","escooccupation","2025-10-17T05:55:46.454Z","2025-10-17T05:55:46.454Z"
"iscogroup","68f1da4f90ad734984f7c73c","68f1da5e90ad734984f8081a","escooccupation","2025-10-17T05:55:46.454Z","2025-10-17T05:55:46.454Z"
"iscogroup","68f1da4f90ad734984f7c73d","68f1da5e90ad734984f8081b","escooccupation","2025-10-17T05:55:46.454Z","2025-10-17T05:55:46.454Z"
"iscogroup","68f1da4f90ad734984f7c73d","68f1da5e90ad734984f8081c","escooccupation","2025-10-17T05:55:46.454Z","2025-10-17T05:55:46.454Z"
"iscogroup","68f1da4f90ad734984f7c73e","68f1da5e90ad734984f8081d","escooccupation","2025-10-17T05:55:46.454Z","2025-10-17T05:55:46.454Z"
"iscogroup","68f1da4f90ad734984f7c73e","68f1da5e90ad734984f8081e","escooccupation","2025-10-17T05:55:46.454Z","2025-10-17T05:55:46.454Z"
"escooccupation","68f1da5e90ad734984f8081e","68f1da5e90ad734984f8081f","escooccupation","2025-10-17T05:55:46.454Z","2025-10-17T05:55:46.454Z"
"iscogroup","68f1da4f90ad734984f7c73f","68f1da5e90ad734984f80820","escooccupation","2025-10-17T05:55:46.454Z","2025-10-17T05:55:46.454Z"
"iscogroup","68f1da4f90ad734984f7c73f","68f1da5e90ad734984f80821","escooccupation","2025-10-17T05:55:46.454Z","2025-10-17T05:55:46.454Z"
"iscogroup","68f1da4f90ad734984f7c73f","68f1da5e90ad734984f80822","escooccupation","2025-10-17T05:55:46.454Z","2025-10-17T05:55:46.454Z"
"iscogroup","68f1da4f90ad734984f7c740","68f1da5e90ad734984f80823","escooccupation","2025-10-17T05:55:46.454Z","2025-10-17T05:55:46.454Z"
"iscogroup","68f1da4f90ad734984f7c740","68f1da5e90ad734984f80824","escooccupation","2025-10-17T05:55:46.454Z","2025-10-17T05:55:46.454Z"
"iscogroup","68f1da4f90ad734984f7c740","68f1da5e90ad734984f80825","escooccupation","2025-10-17T05:55:46.454Z","2025-10-17T05:55:46.454Z"
"iscogroup","68f1da4f90ad734984f7c741","68f1da5e90ad734984f80826","escooccupation","2025-10-17T05:55:46.454Z","2025-10-17T05:55:46.454Z"
"iscogroup","68f1da4f90ad734984f7c741","68f1da5e90ad734984f80827","escooccupation","2025-10-17T05:55:46.454Z","2025-10-17T05:55:46.454Z"
"iscogroup","68f1da4f90ad734984f7c741","68f1da5e90ad734984f80828","escooccupation","2025-10-17T05:55:46.454Z","2025-10-17T05:55:46.454Z"
"iscogroup","68f1da4f90ad734984f7c741","68f1da5e90ad734984f80829","escooccupation","2025-10-17T05:55:46.454Z","2025-10-17T05:55:46.454Z"
"iscogroup","68f1da4f90ad734984f7c741","68f1da5e90ad734984f8082a","escooccupation","2025-10-17T05:55:46.455Z","2025-10-17T05:55:46.455Z"
"escooccupation","68f1da5e90ad734984f8082a","68f1da5e90ad734984f8082b","escooccupation","2025-10-17T05:55:46.455Z","2025-10-17T05:55:46.455Z"
"iscogroup","68f1da4f90ad734984f7c741","68f1da5e90ad734984f8082c","escooccupation","2025-10-17T05:55:46.455Z","2025-10-17T05:55:46.455Z"
"iscogroup","68f1da4f90ad734984f7c735","68f1da5e90ad734984f8082d","escooccupation","2025-10-17T05:55:46.453Z","2025-10-17T05:55:46.453Z"
"iscogroup","68f1da4f90ad734984f7c735","68f1da5e90ad734984f8082e","escooccupation","2025-10-17T05:55:46.453Z","2025-10-17T05:55:46.453Z"
"iscogroup","68f1da4f90ad734984f7c735","68f1da5e90ad734984f8082f","escooccupation","2025-10-17T05:55:46.453Z","2025-10-17T05:55:46.453Z"
"iscogroup","68f1da4f90ad734984f7c735","68f1da5e90ad734984f80830","escooccupation","2025-10-17T05:55:46.453Z","2025-10-17T05:55:46.453Z"
"iscogroup","68f1da4f90ad734984f7c735","68f1da5e90ad734984f80831","escooccupation","2025-10-17T05:55:46.453Z","2025-10-17T05:55:46.453Z"
"iscogroup","68f1da4f90ad734984f7c737","68f1da5e90ad734984f80832","escooccupation","2025-10-17T05:55:46.453Z","2025-10-17T05:55:46.453Z"
"iscogroup","68f1da4f90ad734984f7c737","68f1da5e90ad734984f80833","escooccupation","2025-10-17T05:55:46.453Z","2025-10-17T05:55:46.453Z"
"iscogroup","68f1da4f90ad734984f7c737","68f1da5e90ad734984f80834","escooccupation","2025-10-17T05:55:46.453Z","2025-10-17T05:55:46.453Z"
"iscogroup","68f1da4f90ad734984f7c737","68f1da5e90ad734984f80835","escooccupation","2025-10-17T05:55:46.453Z","2025-10-17T05:55:46.453Z"
"iscogroup","68f1da4f90ad734984f7c737","68f1da5e90ad734984f80836","escooccupation","2025-10-17T05:55:46.453Z","2025-10-17T05:55:46.453Z"
"iscogroup","68f1da4f90ad734984f7c737","68f1da5e90ad734984f80837","escooccupation","2025-10-17T05:55:46.453Z","2025-10-17T05:55:46.453Z"
"iscogroup","68f1da4f90ad734984f7c737","68f1da5e90ad734984f80838","escooccupation","2025-10-17T05:55:46.454Z","2025-10-17T05:55:46.454Z"
"iscogroup","68f1da4f90ad734984f7c738","68f1da5e90ad734984f80839","escooccupation","2025-10-17T05:55:46.454Z","2025-10-17T05:55:46.454Z"
"iscogroup","68f1da4f90ad734984f7c738","68f1da5e90ad734984f8083a","escooccupation","2025-10-17T05:55:46.454Z","2025-10-17T05:55:46.454Z"
"iscogroup","68f1da4f90ad734984f7c739","68f1da5e90ad734984f8083b","escooccupation","2025-10-17T05:55:46.454Z","2025-10-17T05:55:46.454Z"
"escooccupation","68f1da5e90ad734984f8083b","68f1da5e90ad734984f8083c","escooccupation","2025-10-17T05:55:46.454Z","2025-10-17T05:55:46.454Z"
"escooccupation","68f1da5e90ad734984f8083b","68f1da5e90ad734984f8083d","escooccupation","2025-10-17T05:55:46.454Z","2025-10-17T05:55:46.454Z"
"escooccupation","68f1da5e90ad734984f8083b","68f1da5e90ad734984f8083e","escooccupation","2025-10-17T05:55:46.454Z","2025-10-17T05:55:46.454Z"
"escooccupation","68f1da5e90ad734984f8083b","68f1da5e90ad734984f8083f","escooccupation","2025-10-17T05:55:46.454Z","2025-10-17T05:55:46.454Z"
"escooccupation","68f1da5e90ad734984f8083b","68f1da5e90ad734984f80840","escooccupation","2025-10-17T05:55:46.454Z","2025-10-17T05:55:46.454Z"
"escooccupation","68f1da5e90ad734984f8083b","68f1da5e90ad734984f80841","escooccupation","2025-10-17T05:55:46.454Z","2025-10-17T05:55:46.454Z"
"escooccupation","68f1da5e90ad734984f8083b","68f1da5e90ad734984f80842","escooccupation","2025-10-17T05:55:46.454Z","2025-10-17T05:55:46.454Z"
"iscogroup","68f1da4f90ad734984f7c739","68f1da5e90ad734984f80843","escooccupation","2025-10-17T05:55:46.454Z","2025-10-17T05:55:46.454Z"
"iscogroup","68f1da4f90ad734984f7c739","68f1da5e90ad734984f80844","escooccupation","2025-10-17T05:55:46.454Z","2025-10-17T05:55:46.454Z"
"iscogroup","68f1da4f90ad734984f7c739","68f1da5e90ad734984f80845","escooccupation","2025-10-17T05:55:46.454Z","2025-10-17T05:55:46.454Z"
"escooccupation","68f1da5e90ad734984f807dd","68f1da5e90ad734984f80846","escooccupation","2025-10-17T05:55:46.452Z","2025-10-17T05:55:46.452Z"
"escooccupation","68f1da5e90ad734984f807dd","68f1da5e90ad734984f80847","escooccupation","2025-10-17T05:55:46.452Z","2025-10-17T05:55:46.452Z"
"escooccupation","68f1da5e90ad734984f807dd","68f1da5e90ad734984f80848","escooccupation","2025-10-17T05:55:46.452Z","2025-10-17T05:55:46.452Z"
"escooccupation","68f1da5e90ad734984f807dd","68f1da5e90ad734984f80849","escooccupation","2025-10-17T05:55:46.453Z","2025-10-17T05:55:46.453Z"
"escooccupation","68f1da5e90ad734984f807dd","68f1da5e90ad734984f8084a","escooccupation","2025-10-17T05:55:46.453Z","2025-10-17T05:55:46.453Z"
"escooccupation","68f1da5e90ad734984f807dd","68f1da5e90ad734984f8084b","escooccupation","2025-10-17T05:55:46.453Z","2025-10-17T05:55:46.453Z"
"escooccupation","68f1da5e90ad734984f807dc","68f1da5e90ad734984f8084c","escooccupation","2025-10-17T05:55:46.453Z","2025-10-17T05:55:46.453Z"
"iscogroup","68f1da4f90ad734984f7c731","68f1da5e90ad734984f8084d","escooccupation","2025-10-17T05:55:46.453Z","2025-10-17T05:55:46.453Z"
"iscogroup","68f1da4f90ad734984f7c732","68f1da5e90ad734984f8084e","escooccupation","2025-10-17T05:55:46.453Z","2025-10-17T05:55:46.453Z"
"iscogroup","68f1da4f90ad734984f7c732","68f1da5e90ad734984f8084f","escooccupation","2025-10-17T05:55:46.453Z","2025-10-17T05:55:46.453Z"
"escooccupation","68f1da5e90ad734984f8084f","68f1da5e90ad734984f80850","escooccupation","2025-10-17T05:55:46.453Z","2025-10-17T05:55:46.453Z"
"escooccupation","68f1da5e90ad734984f8084f","68f1da5e90ad734984f80851","escooccupation","2025-10-17T05:55:46.453Z","2025-10-17T05:55:46.453Z"
"iscogroup","68f1da4f90ad734984f7c732","68f1da5e90ad734984f80852","escooccupation","2025-10-17T05:55:46.453Z","2025-10-17T05:55:46.453Z"
"iscogroup","68f1da4f90ad734984f7c733","68f1da5e90ad734984f80853","escooccupation","2025-10-17T05:55:46.453Z","2025-10-17T05:55:46.453Z"
"iscogroup","68f1da4f90ad734984f7c734","68f1da5e90ad734984f80854","escooccupation","2025-10-17T05:55:46.453Z","2025-10-17T05:55:46.453Z"
"iscogroup","68f1da4f90ad734984f7c734","68f1da5e90ad734984f80855","escooccupation","2025-10-17T05:55:46.453Z","2025-10-17T05:55:46.453Z"
"escooccupation","68f1da5e90ad734984f80855","68f1da5e90ad734984f80856","escooccupation","2025-10-17T05:55:46.453Z","2025-10-17T05:55:46.453Z"
"iscogroup","68f1da4f90ad734984f7c734","68f1da5e90ad734984f80857","escooccupation","2025-10-17T05:55:46.453Z","2025-10-17T05:55:46.453Z"
"escooccupation","68f1da5e90ad734984f80857","68f1da5e90ad734984f80858","escooccupation","2025-10-17T05:55:46.453Z","2025-10-17T05:55:46.453Z"
"escooccupation","68f1da5e90ad734984f80857","68f1da5e90ad734984f80859","escooccupation","2025-10-17T05:55:46.453Z","2025-10-17T05:55:46.453Z"
"iscogroup","68f1da4f90ad734984f7c734","68f1da5e90ad734984f8085a","escooccupation","2025-10-17T05:55:46.453Z","2025-10-17T05:55:46.453Z"
"iscogroup","68f1da4f90ad734984f7c734","68f1da5e90ad734984f8085b","escooccupation","2025-10-17T05:55:46.453Z","2025-10-17T05:55:46.453Z"
"iscogroup","68f1da4f90ad734984f7c735","68f1da5e90ad734984f8085c","escooccupation","2025-10-17T05:55:46.453Z","2025-10-17T05:55:46.453Z"
"iscogroup","68f1da4f90ad734984f7c735","68f1da5e90ad734984f8085d","escooccupation","2025-10-17T05:55:46.453Z","2025-10-17T05:55:46.453Z"
"iscogroup","68f1da4f90ad734984f7c735","68f1da5e90ad734984f8085e","escooccupation","2025-10-17T05:55:46.453Z","2025-10-17T05:55:46.453Z"
"escooccupation","68f1da5e90ad734984f80809","68f1da5e90ad734984f8085f","escooccupation","2025-10-17T05:55:46.455Z","2025-10-17T05:55:46.455Z"
"escooccupation","68f1da5e90ad734984f80809","68f1da5e90ad734984f80860","escooccupation","2025-10-17T05:55:46.455Z","2025-10-17T05:55:46.455Z"
"escooccupation","68f1da5e90ad734984f80809","68f1da5e90ad734984f80861","escooccupation","2025-10-17T05:55:46.455Z","2025-10-17T05:55:46.455Z"
"iscogroup","68f1da4f90ad734984f7c745","68f1da5e90ad734984f80862","escooccupation","2025-10-17T05:55:46.455Z","2025-10-17T05:55:46.455Z"
"iscogroup","68f1da4f90ad734984f7c745","68f1da5e90ad734984f80863","escooccupation","2025-10-17T05:55:46.455Z","2025-10-17T05:55:46.455Z"
"iscogroup","68f1da4f90ad734984f7c746","68f1da5e90ad734984f80864","escooccupation","2025-10-17T05:55:46.455Z","2025-10-17T05:55:46.455Z"
"iscogroup","68f1da4f90ad734984f7c746","68f1da5e90ad734984f80865","escooccupation","2025-10-17T05:55:46.455Z","2025-10-17T05:55:46.455Z"
"iscogroup","68f1da4f90ad734984f7c748","68f1da5e90ad734984f80866","escooccupation","2025-10-17T05:55:46.456Z","2025-10-17T05:55:46.456Z"
"iscogroup","68f1da4f90ad734984f7c749","68f1da5e90ad734984f80867","escooccupation","2025-10-17T05:55:46.456Z","2025-10-17T05:55:46.456Z"
"iscogroup","68f1da4f90ad734984f7c749","68f1da5e90ad734984f80868","escooccupation","2025-10-17T05:55:46.456Z","2025-10-17T05:55:46.456Z"
"iscogroup","68f1da4f90ad734984f7c749","68f1da5e90ad734984f80869","escooccupation","2025-10-17T05:55:46.456Z","2025-10-17T05:55:46.456Z"
"escooccupation","68f1da5e90ad734984f80869","68f1da5e90ad734984f8086a","escooccupation","2025-10-17T05:55:46.456Z","2025-10-17T05:55:46.456Z"
"iscogroup","68f1da4f90ad734984f7c749","68f1da5e90ad734984f8086b","escooccupation","2025-10-17T05:55:46.456Z","2025-10-17T05:55:46.456Z"
"escooccupation","68f1da5e90ad734984f8086b","68f1da5e90ad734984f8086c","escooccupation","2025-10-17T05:55:46.456Z","2025-10-17T05:55:46.456Z"
"escooccupation","68f1da5e90ad734984f8086b","68f1da5e90ad734984f8086d","escooccupation","2025-10-17T05:55:46.456Z","2025-10-17T05:55:46.456Z"
"escooccupation","68f1da5e90ad734984f8086b","68f1da5e90ad734984f8086e","escooccupation","2025-10-17T05:55:46.456Z","2025-10-17T05:55:46.456Z"
"escooccupation","68f1da5e90ad734984f8086b","68f1da5e90ad734984f8086f","escooccupation","2025-10-17T05:55:46.456Z","2025-10-17T05:55:46.456Z"
"escooccupation","68f1da5e90ad734984f8086b","68f1da5e90ad734984f80870","escooccupation","2025-10-17T05:55:46.456Z","2025-10-17T05:55:46.456Z"
"escooccupation","68f1da5e90ad734984f8086b","68f1da5e90ad734984f80871","escooccupation","2025-10-17T05:55:46.456Z","2025-10-17T05:55:46.456Z"
"escooccupation","68f1da5e90ad734984f8086b","68f1da5e90ad734984f80872","escooccupation","2025-10-17T05:55:46.456Z","2025-10-17T05:55:46.456Z"
"iscogroup","68f1da4f90ad734984f7c749","68f1da5e90ad734984f80873","escooccupation","2025-10-17T05:55:46.456Z","2025-10-17T05:55:46.456Z"
"iscogroup","68f1da4f90ad734984f7c74a","68f1da5e90ad734984f80874","escooccupation","2025-10-17T05:55:46.456Z","2025-10-17T05:55:46.456Z"
"escooccupation","68f1da5e90ad734984f80874","68f1da5e90ad734984f80875","escooccupation","2025-10-17T05:55:46.456Z","2025-10-17T05:55:46.456Z"
"escooccupation","68f1da5e90ad734984f80874","68f1da5e90ad734984f80876","escooccupation","2025-10-17T05:55:46.456Z","2025-10-17T05:55:46.456Z"
"escooccupation","68f1da5e90ad734984f80876","68f1da5e90ad734984f80877","escooccupation","2025-10-17T05:55:46.456Z","2025-10-17T05:55:46.456Z"
"escooccupation","68f1da5e90ad734984f80876","68f1da5e90ad734984f80878","escooccupation","2025-10-17T05:55:46.456Z","2025-10-17T05:55:46.456Z"
"escooccupation","68f1da5e90ad734984f80878","68f1da5e90ad734984f80879","escooccupation","2025-10-17T05:55:46.456Z","2025-10-17T05:55:46.456Z"
"escooccupation","68f1da5e90ad734984f80876","68f1da5e90ad734984f8087a","escooccupation","2025-10-17T05:55:46.456Z","2025-10-17T05:55:46.456Z"
"iscogroup","68f1da4f90ad734984f7c74a","68f1da5e90ad734984f8087b","escooccupation","2025-10-17T05:55:46.456Z","2025-10-17T05:55:46.456Z"
"escooccupation","68f1da5e90ad734984f8087b","68f1da5e90ad734984f8087c","escooccupation","2025-10-17T05:55:46.456Z","2025-10-17T05:55:46.456Z"
"escooccupation","68f1da5e90ad734984f8087b","68f1da5e90ad734984f8087d","escooccupation","2025-10-17T05:55:46.456Z","2025-10-17T05:55:46.456Z"
"escooccupation","68f1da5e90ad734984f8087b","68f1da5e90ad734984f8087e","escooccupation","2025-10-17T05:55:46.456Z","2025-10-17T05:55:46.456Z"
"escooccupation","68f1da5e90ad734984f8087b","68f1da5e90ad734984f8087f","escooccupation","2025-10-17T05:55:46.456Z","2025-10-17T05:55:46.456Z"
"iscogroup","68f1da4f90ad734984f7c74a","68f1da5e90ad734984f80880","escooccupation","2025-10-17T05:55:46.456Z","2025-10-17T05:55:46.456Z"
"iscogroup","68f1da4f90ad734984f7c74a","68f1da5e90ad734984f80881","escooccupation","2025-10-17T05:55:46.456Z","2025-10-17T05:55:46.456Z"
"iscogroup","68f1da4f90ad734984f7c74c","68f1da5e90ad734984f80882","escooccupation","2025-10-17T05:55:46.456Z","2025-10-17T05:55:46.456Z"
"iscogroup","68f1da4f90ad734984f7c74c","68f1da5e90ad734984f80883","escooccupation","2025-10-17T05:55:46.456Z","2025-10-17T05:55:46.456Z"
"iscogroup","68f1da4f90ad734984f7c74d","68f1da5e90ad734984f80884","escooccupation","2025-10-17T05:55:46.456Z","2025-10-17T05:55:46.456Z"
"escooccupation","68f1da5e90ad734984f80884","68f1da5e90ad734984f80885","escooccupation","2025-10-17T05:55:46.456Z","2025-10-17T05:55:46.456Z"
"iscogroup","68f1da4f90ad734984f7c74d","68f1da5e90ad734984f80886","escooccupation","2025-10-17T05:55:46.456Z","2025-10-17T05:55:46.456Z"
"iscogroup","68f1da4f90ad734984f7c74d","68f1da5e90ad734984f80887","escooccupation","2025-10-17T05:55:46.456Z","2025-10-17T05:55:46.456Z"
"iscogroup","68f1da4f90ad734984f7c74d","68f1da5e90ad734984f80888","escooccupation","2025-10-17T05:55:46.456Z","2025-10-17T05:55:46.456Z"
"escooccupation","68f1da5e90ad734984f80888","68f1da5e90ad734984f80889","escooccupation","2025-10-17T05:55:46.456Z","2025-10-17T05:55:46.456Z"
"iscogroup","68f1da4f90ad734984f7c74d","68f1da5e90ad734984f8088a","escooccupation","2025-10-17T05:55:46.457Z","2025-10-17T05:55:46.457Z"
"iscogroup","68f1da4f90ad734984f7c74d","68f1da5e90ad734984f8088b","escooccupation","2025-10-17T05:55:46.457Z","2025-10-17T05:55:46.457Z"
"iscogroup","68f1da4f90ad734984f7c74e","68f1da5e90ad734984f8088c","escooccupation","2025-10-17T05:55:46.457Z","2025-10-17T05:55:46.457Z"
"iscogroup","68f1da4f90ad734984f7c74e","68f1da5e90ad734984f8088d","escooccupation","2025-10-17T05:55:46.457Z","2025-10-17T05:55:46.457Z"
"iscogroup","68f1da4f90ad734984f7c74e","68f1da5e90ad734984f8088e","escooccupation","2025-10-17T05:55:46.457Z","2025-10-17T05:55:46.457Z"
"iscogroup","68f1da4f90ad734984f7c74f","68f1da5e90ad734984f8088f","escooccupation","2025-10-17T05:55:46.457Z","2025-10-17T05:55:46.457Z"
"escooccupation","68f1da5e90ad734984f8088f","68f1da5e90ad734984f80890","escooccupation","2025-10-17T05:55:46.457Z","2025-10-17T05:55:46.457Z"
"iscogroup","68f1da4f90ad734984f7c781","68f1da5e90ad734984f80891","escooccupation","2025-10-17T05:55:46.459Z","2025-10-17T05:55:46.459Z"
"iscogroup","68f1da4f90ad734984f7c783","68f1da5e90ad734984f80892","escooccupation","2025-10-17T05:55:46.459Z","2025-10-17T05:55:46.459Z"
"iscogroup","68f1da4f90ad734984f7c783","68f1da5e90ad734984f80893","escooccupation","2025-10-17T05:55:46.459Z","2025-10-17T05:55:46.459Z"
"iscogroup","68f1da4f90ad734984f7c783","68f1da5e90ad734984f80894","escooccupation","2025-10-17T05:55:46.459Z","2025-10-17T05:55:46.459Z"
"escooccupation","68f1da5e90ad734984f80894","68f1da5e90ad734984f80895","escooccupation","2025-10-17T05:55:46.459Z","2025-10-17T05:55:46.459Z"
"iscogroup","68f1da4f90ad734984f7c783","68f1da5e90ad734984f80896","escooccupation","2025-10-17T05:55:46.459Z","2025-10-17T05:55:46.459Z"
"iscogroup","68f1da4f90ad734984f7c783","68f1da5e90ad734984f80897","escooccupation","2025-10-17T05:55:46.459Z","2025-10-17T05:55:46.459Z"
"iscogroup","68f1da4f90ad734984f7c783","68f1da5e90ad734984f80898","escooccupation","2025-10-17T05:55:46.459Z","2025-10-17T05:55:46.459Z"
"iscogroup","68f1da4f90ad734984f7c783","68f1da5e90ad734984f80899","escooccupation","2025-10-17T05:55:46.459Z","2025-10-17T05:55:46.459Z"
"iscogroup","68f1da4f90ad734984f7c783","68f1da5e90ad734984f8089a","escooccupation","2025-10-17T05:55:46.459Z","2025-10-17T05:55:46.459Z"
"iscogroup","68f1da4f90ad734984f7c784","68f1da5e90ad734984f8089b","escooccupation","2025-10-17T05:55:46.459Z","2025-10-17T05:55:46.459Z"
"escooccupation","68f1da5e90ad734984f8089b","68f1da5e90ad734984f8089c","escooccupation","2025-10-17T05:55:46.459Z","2025-10-17T05:55:46.459Z"
"iscogroup","68f1da4f90ad734984f7c785","68f1da5e90ad734984f8089d","escooccupation","2025-10-17T05:55:46.459Z","2025-10-17T05:55:46.459Z"
"escooccupation","68f1da5e90ad734984f8089d","68f1da5e90ad734984f8089e","escooccupation","2025-10-17T05:55:46.459Z","2025-10-17T05:55:46.459Z"
"iscogroup","68f1da4f90ad734984f7c786","68f1da5e90ad734984f8089f","escooccupation","2025-10-17T05:55:46.459Z","2025-10-17T05:55:46.459Z"
"escooccupation","68f1da5e90ad734984f8089f","68f1da5e90ad734984f808a0","escooccupation","2025-10-17T05:55:46.459Z","2025-10-17T05:55:46.459Z"
"iscogroup","68f1da4f90ad734984f7c786","68f1da5e90ad734984f808a1","escooccupation","2025-10-17T05:55:46.459Z","2025-10-17T05:55:46.459Z"
"iscogroup","68f1da4f90ad734984f7c787","68f1da5e90ad734984f808a2","escooccupation","2025-10-17T05:55:46.459Z","2025-10-17T05:55:46.459Z"
"iscogroup","68f1da4f90ad734984f7c788","68f1da5e90ad734984f808a3","escooccupation","2025-10-17T05:55:46.459Z","2025-10-17T05:55:46.459Z"
"escooccupation","68f1da5e90ad734984f808a3","68f1da5e90ad734984f808a4","escooccupation","2025-10-17T05:55:46.459Z","2025-10-17T05:55:46.459Z"
"escooccupation","68f1da5e90ad734984f808a3","68f1da5e90ad734984f808a5","escooccupation","2025-10-17T05:55:46.459Z","2025-10-17T05:55:46.459Z"
"iscogroup","68f1da4f90ad734984f7c789","68f1da5e90ad734984f808a6","escooccupation","2025-10-17T05:55:46.459Z","2025-10-17T05:55:46.459Z"
"iscogroup","68f1da4f90ad734984f7c789","68f1da5e90ad734984f808a7","escooccupation","2025-10-17T05:55:46.460Z","2025-10-17T05:55:46.460Z"
"iscogroup","68f1da4f90ad734984f7c78a","68f1da5e90ad734984f808a8","escooccupation","2025-10-17T05:55:46.460Z","2025-10-17T05:55:46.460Z"
"iscogroup","68f1da4f90ad734984f7c78a","68f1da5e90ad734984f808a9","escooccupation","2025-10-17T05:55:46.460Z","2025-10-17T05:55:46.460Z"
"escooccupation","68f1da5e90ad734984f808d5","68f1da5e90ad734984f808aa","escooccupation","2025-10-17T05:55:46.458Z","2025-10-17T05:55:46.458Z"
"escooccupation","68f1da5e90ad734984f808d5","68f1da5e90ad734984f808ab","escooccupation","2025-10-17T05:55:46.458Z","2025-10-17T05:55:46.458Z"
"escooccupation","68f1da5e90ad734984f808d5","68f1da5e90ad734984f808ac","escooccupation","2025-10-17T05:55:46.458Z","2025-10-17T05:55:46.458Z"
"escooccupation","68f1da5e90ad734984f808d5","68f1da5e90ad734984f808ad","escooccupation","2025-10-17T05:55:46.458Z","2025-10-17T05:55:46.458Z"
"escooccupation","68f1da5e90ad734984f808d5","68f1da5e90ad734984f808ae","escooccupation","2025-10-17T05:55:46.458Z","2025-10-17T05:55:46.458Z"
"iscogroup","68f1da4f90ad734984f7c758","68f1da5e90ad734984f808af","escooccupation","2025-10-17T05:55:46.458Z","2025-10-17T05:55:46.458Z"
"iscogroup","68f1da4f90ad734984f7c759","68f1da5e90ad734984f808b0","escooccupation","2025-10-17T05:55:46.458Z","2025-10-17T05:55:46.458Z"
"iscogroup","68f1da4f90ad734984f7c75d","68f1da5e90ad734984f808b1","escooccupation","2025-10-17T05:55:46.458Z","2025-10-17T05:55:46.458Z"
"escooccupation","68f1da5e90ad734984f808b1","68f1da5e90ad734984f808b2","escooccupation","2025-10-17T05:55:46.458Z","2025-10-17T05:55:46.458Z"
"iscogroup","68f1da4f90ad734984f7c75f","68f1da5e90ad734984f808b3","escooccupation","2025-10-17T05:55:46.458Z","2025-10-17T05:55:46.458Z"
"iscogroup","68f1da4f90ad734984f7c77a","68f1da5e90ad734984f808b4","escooccupation","2025-10-17T05:55:46.458Z","2025-10-17T05:55:46.458Z"
"iscogroup","68f1da4f90ad734984f7c77b","68f1da5e90ad734984f808b5","escooccupation","2025-10-17T05:55:46.458Z","2025-10-17T05:55:46.458Z"
"iscogroup","68f1da4f90ad734984f7c77e","68f1da5e90ad734984f808b6","escooccupation","2025-10-17T05:55:46.459Z","2025-10-17T05:55:46.459Z"
"iscogroup","68f1da4f90ad734984f7c77e","68f1da5e90ad734984f808b7","escooccupation","2025-10-17T05:55:46.459Z","2025-10-17T05:55:46.459Z"
"iscogroup","68f1da4f90ad734984f7c77f","68f1da5e90ad734984f808b8","escooccupation","2025-10-17T05:55:46.459Z","2025-10-17T05:55:46.459Z"
"iscogroup","68f1da4f90ad734984f7c77f","68f1da5e90ad734984f808b9","escooccupation","2025-10-17T05:55:46.459Z","2025-10-17T05:55:46.459Z"
"iscogroup","68f1da4f90ad734984f7c77f","68f1da5e90ad734984f808ba","escooccupation","2025-10-17T05:55:46.459Z","2025-10-17T05:55:46.459Z"
"iscogroup","68f1da4f90ad734984f7c77f","68f1da5e90ad734984f808bb","escooccupation","2025-10-17T05:55:46.459Z","2025-10-17T05:55:46.459Z"
"escooccupation","68f1da5e90ad734984f808bb","68f1da5e90ad734984f808bc","escooccupation","2025-10-17T05:55:46.459Z","2025-10-17T05:55:46.459Z"
"iscogroup","68f1da4f90ad734984f7c77f","68f1da5e90ad734984f808bd","escooccupation","2025-10-17T05:55:46.459Z","2025-10-17T05:55:46.459Z"
"iscogroup","68f1da4f90ad734984f7c77f","68f1da5e90ad734984f808be","escooccupation","2025-10-17T05:55:46.459Z","2025-10-17T05:55:46.459Z"
"iscogroup","68f1da4f90ad734984f7c77f","68f1da5e90ad734984f808bf","escooccupation","2025-10-17T05:55:46.459Z","2025-10-17T05:55:46.459Z"
"iscogroup","68f1da4f90ad734984f7c77f","68f1da5e90ad734984f808c0","escooccupation","2025-10-17T05:55:46.459Z","2025-10-17T05:55:46.459Z"
"iscogroup","68f1da4f90ad734984f7c780","68f1da5e90ad734984f808c1","escooccupation","2025-10-17T05:55:46.459Z","2025-10-17T05:55:46.459Z"
"iscogroup","68f1da4f90ad734984f7c781","68f1da5e90ad734984f808c2","escooccupation","2025-10-17T05:55:46.459Z","2025-10-17T05:55:46.459Z"
"escooccupation","68f1da5e90ad734984f808f1","68f1da5e90ad734984f808c3","escooccupation","2025-10-17T05:55:46.457Z","2025-10-17T05:55:46.457Z"
"escooccupation","68f1da5e90ad734984f808f1","68f1da5e90ad734984f808c4","escooccupation","2025-10-17T05:55:46.457Z","2025-10-17T05:55:46.457Z"
"iscogroup","68f1da4f90ad734984f7c750","68f1da5e90ad734984f808c5","escooccupation","2025-10-17T05:55:46.458Z","2025-10-17T05:55:46.458Z"
"iscogroup","68f1da4f90ad734984f7c750","68f1da5e90ad734984f808c6","escooccupation","2025-10-17T05:55:46.458Z","2025-10-17T05:55:46.458Z"
"iscogroup","68f1da4f90ad734984f7c750","68f1da5e90ad734984f808c7","escooccupation","2025-10-17T05:55:46.458Z","2025-10-17T05:55:46.458Z"
"iscogroup","68f1da4f90ad734984f7c750","68f1da5e90ad734984f808c8","escooccupation","2025-10-17T05:55:46.458Z","2025-10-17T05:55:46.458Z"
"iscogroup","68f1da4f90ad734984f7c750","68f1da5e90ad734984f808c9","escooccupation","2025-10-17T05:55:46.458Z","2025-10-17T05:55:46.458Z"
"escooccupation","68f1da5e90ad734984f808c9","68f1da5e90ad734984f808ca","escooccupation","2025-10-17T05:55:46.458Z","2025-10-17T05:55:46.458Z"
"iscogroup","68f1da4f90ad734984f7c750","68f1da5e90ad734984f808cb","escooccupation","2025-10-17T05:55:46.458Z","2025-10-17T05:55:46.458Z"
"iscogroup","68f1da4f90ad734984f7c750","68f1da5e90ad734984f808cc","escooccupation","2025-10-17T05:55:46.458Z","2025-10-17T05:55:46.458Z"
"iscogroup","68f1da4f90ad734984f7c753","68f1da5e90ad734984f808cd","escooccupation","2025-10-17T05:55:46.458Z","2025-10-17T05:55:46.458Z"
"iscogroup","68f1da4f90ad734984f7c754","68f1da5e90ad734984f808ce","escooccupation","2025-10-17T05:55:46.458Z","2025-10-17T05:55:46.458Z"
"iscogroup","68f1da4f90ad734984f7c754","68f1da5e90ad734984f808cf","escooccupation","2025-10-17T05:55:46.458Z","2025-10-17T05:55:46.458Z"
"iscogroup","68f1da4f90ad734984f7c754","68f1da5e90ad734984f808d0","escooccupation","2025-10-17T05:55:46.458Z","2025-10-17T05:55:46.458Z"
"iscogroup","68f1da4f90ad734984f7c754","68f1da5e90ad734984f808d1","escooccupation","2025-10-17T05:55:46.458Z","2025-10-17T05:55:46.458Z"
"iscogroup","68f1da4f90ad734984f7c755","68f1da5e90ad734984f808d2","escooccupation","2025-10-17T05:55:46.458Z","2025-10-17T05:55:46.458Z"
"iscogroup","68f1da4f90ad734984f7c755","68f1da5e90ad734984f808d3","escooccupation","2025-10-17T05:55:46.458Z","2025-10-17T05:55:46.458Z"
"iscogroup","68f1da4f90ad734984f7c756","68f1da5e90ad734984f808d4","escooccupation","2025-10-17T05:55:46.458Z","2025-10-17T05:55:46.458Z"
"iscogroup","68f1da4f90ad734984f7c758","68f1da5e90ad734984f808d5","escooccupation","2025-10-17T05:55:46.458Z","2025-10-17T05:55:46.458Z"
"escooccupation","68f1da5e90ad734984f808d5","68f1da5e90ad734984f808d6","escooccupation","2025-10-17T05:55:46.458Z","2025-10-17T05:55:46.458Z"
"escooccupation","68f1da5e90ad734984f808d5","68f1da5e90ad734984f808d7","escooccupation","2025-10-17T05:55:46.458Z","2025-10-17T05:55:46.458Z"
"escooccupation","68f1da5e90ad734984f808d5","68f1da5e90ad734984f808d8","escooccupation","2025-10-17T05:55:46.458Z","2025-10-17T05:55:46.458Z"
"escooccupation","68f1da5e90ad734984f808d5","68f1da5e90ad734984f808d9","escooccupation","2025-10-17T05:55:46.458Z","2025-10-17T05:55:46.458Z"
"escooccupation","68f1da5e90ad734984f808d5","68f1da5e90ad734984f808da","escooccupation","2025-10-17T05:55:46.458Z","2025-10-17T05:55:46.458Z"
"escooccupation","68f1da5e90ad734984f808d5","68f1da5e90ad734984f808db","escooccupation","2025-10-17T05:55:46.458Z","2025-10-17T05:55:46.458Z"
"escooccupation","68f1da5e90ad734984f8088f","68f1da5e90ad734984f808dc","escooccupation","2025-10-17T05:55:46.457Z","2025-10-17T05:55:46.457Z"
"escooccupation","68f1da5e90ad734984f808dc","68f1da5e90ad734984f808dd","escooccupation","2025-10-17T05:55:46.457Z","2025-10-17T05:55:46.457Z"
"escooccupation","68f1da5e90ad734984f8088f","68f1da5e90ad734984f808de","escooccupation","2025-10-17T05:55:46.457Z","2025-10-17T05:55:46.457Z"
"iscogroup","68f1da4f90ad734984f7c750","68f1da5e90ad734984f808df","escooccupation","2025-10-17T05:55:46.457Z","2025-10-17T05:55:46.457Z"
"iscogroup","68f1da4f90ad734984f7c750","68f1da5e90ad734984f808e0","escooccupation","2025-10-17T05:55:46.457Z","2025-10-17T05:55:46.457Z"
"iscogroup","68f1da4f90ad734984f7c750","68f1da5e90ad734984f808e1","escooccupation","2025-10-17T05:55:46.457Z","2025-10-17T05:55:46.457Z"
"iscogroup","68f1da4f90ad734984f7c750","68f1da5e90ad734984f808e2","escooccupation","2025-10-17T05:55:46.457Z","2025-10-17T05:55:46.457Z"
"iscogroup","68f1da4f90ad734984f7c750","68f1da5e90ad734984f808e3","escooccupation","2025-10-17T05:55:46.457Z","2025-10-17T05:55:46.457Z"
"iscogroup","68f1da4f90ad734984f7c750","68f1da5e90ad734984f808e4","escooccupation","2025-10-17T05:55:46.457Z","2025-10-17T05:55:46.457Z"
"iscogroup","68f1da4f90ad734984f7c750","68f1da5e90ad734984f808e5","escooccupation","2025-10-17T05:55:46.457Z","2025-10-17T05:55:46.457Z"
"escooccupation","68f1da5e90ad734984f808e5","68f1da5e90ad734984f808e6","escooccupation","2025-10-17T05:55:46.457Z","2025-10-17T05:55:46.457Z"
"iscogroup","68f1da4f90ad734984f7c750","68f1da5e90ad734984f808e7","escooccupation","2025-10-17T05:55:46.457Z","2025-10-17T05:55:46.457Z"
"iscogroup","68f1da4f90ad734984f7c750","68f1da5e90ad734984f808e8","escooccupation","2025-10-17T05:55:46.457Z","2025-10-17T05:55:46.457Z"
"iscogroup","68f1da4f90ad734984f7c750","68f1da5e90ad734984f808e9","escooccupation","2025-10-17T05:55:46.457Z","2025-10-17T05:55:46.457Z"
"iscogroup","68f1da4f90ad734984f7c750","68f1da5e90ad734984f808ea","escooccupation","2025-10-17T05:55:46.457Z","2025-10-17T05:55:46.457Z"
"iscogroup","68f1da4f90ad734984f7c750","68f1da5e90ad734984f808eb","escooccupation","2025-10-17T05:55:46.457Z","2025-10-17T05:55:46.457Z"
"iscogroup","68f1da4f90ad734984f7c750","68f1da5e90ad734984f808ec","escooccupation","2025-10-17T05:55:46.457Z","2025-10-17T05:55:46.457Z"
"iscogroup","68f1da4f90ad734984f7c750","68f1da5e90ad734984f808ed","escooccupation","2025-10-17T05:55:46.457Z","2025-10-17T05:55:46.457Z"
"iscogroup","68f1da4f90ad734984f7c750","68f1da5e90ad734984f808ee","escooccupation","2025-10-17T05:55:46.457Z","2025-10-17T05:55:46.457Z"
"iscogroup","68f1da4f90ad734984f7c750","68f1da5e90ad734984f808ef","escooccupation","2025-10-17T05:55:46.457Z","2025-10-17T05:55:46.457Z"
"iscogroup","68f1da4f90ad734984f7c750","68f1da5e90ad734984f808f0","escooccupation","2025-10-17T05:55:46.457Z","2025-10-17T05:55:46.457Z"
"iscogroup","68f1da4f90ad734984f7c750","68f1da5e90ad734984f808f1","escooccupation","2025-10-17T05:55:46.457Z","2025-10-17T05:55:46.457Z"
"escooccupation","68f1da5e90ad734984f808f1","68f1da5e90ad734984f808f2","escooccupation","2025-10-17T05:55:46.457Z","2025-10-17T05:55:46.457Z"
"escooccupation","68f1da5e90ad734984f808f1","68f1da5e90ad734984f808f3","escooccupation","2025-10-17T05:55:46.457Z","2025-10-17T05:55:46.457Z"
"escooccupation","68f1da5e90ad734984f808f1","68f1da5e90ad734984f808f4","escooccupation","2025-10-17T05:55:46.457Z","2025-10-17T05:55:46.457Z"
"iscogroup","68f1da4f90ad734984f7c78d","68f1da5e90ad734984f808f5","escooccupation","2025-10-17T05:55:46.460Z","2025-10-17T05:55:46.460Z"
"iscogroup","68f1da4f90ad734984f7c78d","68f1da5e90ad734984f808f6","escooccupation","2025-10-17T05:55:46.460Z","2025-10-17T05:55:46.460Z"
"iscogroup","68f1da4f90ad734984f7c78e","68f1da5e90ad734984f808f7","escooccupation","2025-10-17T05:55:46.460Z","2025-10-17T05:55:46.460Z"
"iscogroup","68f1da4f90ad734984f7c78e","68f1da5e90ad734984f808f8","escooccupation","2025-10-17T05:55:46.460Z","2025-10-17T05:55:46.460Z"
"escooccupation","68f1da5e90ad734984f808f8","68f1da5e90ad734984f808f9","escooccupation","2025-10-17T05:55:46.460Z","2025-10-17T05:55:46.460Z"
"iscogroup","68f1da4f90ad734984f7c78e","68f1da5e90ad734984f808fa","escooccupation","2025-10-17T05:55:46.460Z","2025-10-17T05:55:46.460Z"
"iscogroup","68f1da4f90ad734984f7c78e","68f1da5e90ad734984f808fb","escooccupation","2025-10-17T05:55:46.460Z","2025-10-17T05:55:46.460Z"
"iscogroup","68f1da4f90ad734984f7c78e","68f1da5e90ad734984f808fc","escooccupation","2025-10-17T05:55:46.460Z","2025-10-17T05:55:46.460Z"
"iscogroup","68f1da4f90ad734984f7c78e","68f1da5e90ad734984f808fd","escooccupation","2025-10-17T05:55:46.460Z","2025-10-17T05:55:46.460Z"
"iscogroup","68f1da4f90ad734984f7c78e","68f1da5e90ad734984f808fe","escooccupation","2025-10-17T05:55:46.460Z","2025-10-17T05:55:46.460Z"
"iscogroup","68f1da4f90ad734984f7c78f","68f1da5e90ad734984f808ff","escooccupation","2025-10-17T05:55:46.460Z","2025-10-17T05:55:46.460Z"
"iscogroup","68f1da4f90ad734984f7c791","68f1da5e90ad734984f80900","escooccupation","2025-10-17T05:55:46.460Z","2025-10-17T05:55:46.460Z"
"escooccupation","68f1da5e90ad734984f80900","68f1da5e90ad734984f80901","escooccupation","2025-10-17T05:55:46.460Z","2025-10-17T05:55:46.460Z"
"escooccupation","68f1da5e90ad734984f80900","68f1da5e90ad734984f80902","escooccupation","2025-10-17T05:55:46.460Z","2025-10-17T05:55:46.460Z"
"escooccupation","68f1da5e90ad734984f80900","68f1da5e90ad734984f80903","escooccupation","2025-10-17T05:55:46.460Z","2025-10-17T05:55:46.460Z"
"escooccupation","68f1da5e90ad734984f80900","68f1da5e90ad734984f80904","escooccupation","2025-10-17T05:55:46.460Z","2025-10-17T05:55:46.460Z"
"escooccupation","68f1da5e90ad734984f80900","68f1da5e90ad734984f80905","escooccupation","2025-10-17T05:55:46.460Z","2025-10-17T05:55:46.460Z"
"iscogroup","68f1da4f90ad734984f7c792","68f1da5e90ad734984f80906","escooccupation","2025-10-17T05:55:46.460Z","2025-10-17T05:55:46.460Z"
"iscogroup","68f1da4f90ad734984f7c761","68f1da5e90ad734984f80907","escooccupation","2025-10-17T05:55:46.460Z","2025-10-17T05:55:46.460Z"
"iscogroup","68f1da4f90ad734984f7c761","68f1da5e90ad734984f80908","escooccupation","2025-10-17T05:55:46.460Z","2025-10-17T05:55:46.460Z"
"iscogroup","68f1da4f90ad734984f7c761","68f1da5e90ad734984f80909","escooccupation","2025-10-17T05:55:46.460Z","2025-10-17T05:55:46.460Z"
"iscogroup","68f1da4f90ad734984f7c761","68f1da5e90ad734984f8090a","escooccupation","2025-10-17T05:55:46.460Z","2025-10-17T05:55:46.460Z"
"iscogroup","68f1da4f90ad734984f7c761","68f1da5e90ad734984f8090b","escooccupation","2025-10-17T05:55:46.460Z","2025-10-17T05:55:46.460Z"
"iscogroup","68f1da4f90ad734984f7c761","68f1da5e90ad734984f8090c","escooccupation","2025-10-17T05:55:46.460Z","2025-10-17T05:55:46.460Z"
"iscogroup","68f1da4f90ad734984f7c761","68f1da5e90ad734984f8090d","escooccupation","2025-10-17T05:55:46.460Z","2025-10-17T05:55:46.460Z"
"iscogroup","68f1da4f90ad734984f7c761","68f1da5e90ad734984f8090e","escooccupation","2025-10-17T05:55:46.460Z","2025-10-17T05:55:46.460Z"
"iscogroup","68f1da4f90ad734984f7c761","68f1da5e90ad734984f8090f","escooccupation","2025-10-17T05:55:46.460Z","2025-10-17T05:55:46.460Z"
"iscogroup","68f1da4f90ad734984f7c761","68f1da5e90ad734984f80910","escooccupation","2025-10-17T05:55:46.460Z","2025-10-17T05:55:46.460Z"
"iscogroup","68f1da4f90ad734984f7c761","68f1da5e90ad734984f80911","escooccupation","2025-10-17T05:55:46.460Z","2025-10-17T05:55:46.460Z"
"iscogroup","68f1da4f90ad734984f7c761","68f1da5e90ad734984f80912","escooccupation","2025-10-17T05:55:46.460Z","2025-10-17T05:55:46.460Z"
"iscogroup","68f1da4f90ad734984f7c761","68f1da5e90ad734984f80913","escooccupation","2025-10-17T05:55:46.460Z","2025-10-17T05:55:46.460Z"
"iscogroup","68f1da4f90ad734984f7c761","68f1da5e90ad734984f80914","escooccupation","2025-10-17T05:55:46.460Z","2025-10-17T05:55:46.460Z"
"iscogroup","68f1da4f90ad734984f7c761","68f1da5e90ad734984f80915","escooccupation","2025-10-17T05:55:46.460Z","2025-10-17T05:55:46.460Z"
"iscogroup","68f1da4f90ad734984f7c761","68f1da5e90ad734984f80916","escooccupation","2025-10-17T05:55:46.461Z","2025-10-17T05:55:46.461Z"
"iscogroup","68f1da4f90ad734984f7c761","68f1da5e90ad734984f80917","escooccupation","2025-10-17T05:55:46.461Z","2025-10-17T05:55:46.461Z"
"iscogroup","68f1da4f90ad734984f7c761","68f1da5e90ad734984f80918","escooccupation","2025-10-17T05:55:46.461Z","2025-10-17T05:55:46.461Z"
"iscogroup","68f1da4f90ad734984f7c761","68f1da5e90ad734984f80919","escooccupation","2025-10-17T05:55:46.461Z","2025-10-17T05:55:46.461Z"
"iscogroup","68f1da4f90ad734984f7c761","68f1da5e90ad734984f8091a","escooccupation","2025-10-17T05:55:46.461Z","2025-10-17T05:55:46.461Z"
"iscogroup","68f1da4f90ad734984f7c764","68f1da5e90ad734984f8091b","escooccupation","2025-10-17T05:55:46.461Z","2025-10-17T05:55:46.461Z"
"iscogroup","68f1da4f90ad734984f7c765","68f1da5e90ad734984f8091c","escooccupation","2025-10-17T05:55:46.461Z","2025-10-17T05:55:46.461Z"
"iscogroup","68f1da4f90ad734984f7c765","68f1da5e90ad734984f8091d","escooccupation","2025-10-17T05:55:46.461Z","2025-10-17T05:55:46.461Z"
"iscogroup","68f1da4f90ad734984f7c766","68f1da5e90ad734984f8091e","escooccupation","2025-10-17T05:55:46.461Z","2025-10-17T05:55:46.461Z"
"iscogroup","68f1da4f90ad734984f7c768","68f1da5e90ad734984f8091f","escooccupation","2025-10-17T05:55:46.461Z","2025-10-17T05:55:46.461Z"
"iscogroup","68f1da4f90ad734984f7c769","68f1da5e90ad734984f80920","escooccupation","2025-10-17T05:55:46.461Z","2025-10-17T05:55:46.461Z"
"iscogroup","68f1da4f90ad734984f7c76a","68f1da5e90ad734984f80921","escooccupation","2025-10-17T05:55:46.461Z","2025-10-17T05:55:46.461Z"
"iscogroup","68f1da4f90ad734984f7c76a","68f1da5e90ad734984f80922","escooccupation","2025-10-17T05:55:46.461Z","2025-10-17T05:55:46.461Z"
"iscogroup","68f1da4f90ad734984f7c76e","68f1da5e90ad734984f80923","escooccupation","2025-10-17T05:55:46.461Z","2025-10-17T05:55:46.461Z"
"iscogroup","68f1da4f90ad734984f7c76e","68f1da5e90ad734984f80924","escooccupation","2025-10-17T05:55:46.461Z","2025-10-17T05:55:46.461Z"
"escooccupation","68f1da5e90ad734984f80924","68f1da5e90ad734984f80925","escooccupation","2025-10-17T05:55:46.461Z","2025-10-17T05:55:46.461Z"
"escooccupation","68f1da5e90ad734984f80924","68f1da5e90ad734984f80926","escooccupation","2025-10-17T05:55:46.461Z","2025-10-17T05:55:46.461Z"
"escooccupation","68f1da5e90ad734984f80924","68f1da5e90ad734984f80927","escooccupation","2025-10-17T05:55:46.461Z","2025-10-17T05:55:46.461Z"
"iscogroup","68f1da4f90ad734984f7c76f","68f1da5e90ad734984f80928","escooccupation","2025-10-17T05:55:46.461Z","2025-10-17T05:55:46.461Z"
"iscogroup","68f1da4f90ad734984f7c76f","68f1da5e90ad734984f80929","escooccupation","2025-10-17T05:55:46.461Z","2025-10-17T05:55:46.461Z"
"iscogroup","68f1da4f90ad734984f7c76f","68f1da5e90ad734984f8092a","escooccupation","2025-10-17T05:55:46.469Z","2025-10-17T05:55:46.469Z"
"escooccupation","68f1da5e90ad734984f8092a","68f1da5e90ad734984f8092b","escooccupation","2025-10-17T05:55:46.469Z","2025-10-17T05:55:46.469Z"
"iscogroup","68f1da4f90ad734984f7c770","68f1da5e90ad734984f8092c","escooccupation","2025-10-17T05:55:46.469Z","2025-10-17T05:55:46.469Z"
"escooccupation","68f1da5e90ad734984f8092c","68f1da5e90ad734984f8092d","escooccupation","2025-10-17T05:55:46.469Z","2025-10-17T05:55:46.469Z"
"escooccupation","68f1da5e90ad734984f8092c","68f1da5e90ad734984f8092e","escooccupation","2025-10-17T05:55:46.469Z","2025-10-17T05:55:46.469Z"
"escooccupation","68f1da5e90ad734984f8092c","68f1da5e90ad734984f8092f","escooccupation","2025-10-17T05:55:46.469Z","2025-10-17T05:55:46.469Z"
"iscogroup","68f1da4f90ad734984f7c772","68f1da5e90ad734984f80930","escooccupation","2025-10-17T05:55:46.470Z","2025-10-17T05:55:46.470Z"
"escooccupation","68f1da5e90ad734984f80930","68f1da5e90ad734984f80931","escooccupation","2025-10-17T05:55:46.470Z","2025-10-17T05:55:46.470Z"
"escooccupation","68f1da5e90ad734984f80930","68f1da5e90ad734984f80932","escooccupation","2025-10-17T05:55:46.470Z","2025-10-17T05:55:46.470Z"
"escooccupation","68f1da5e90ad734984f80930","68f1da5e90ad734984f80933","escooccupation","2025-10-17T05:55:46.470Z","2025-10-17T05:55:46.470Z"
"escooccupation","68f1da5e90ad734984f80930","68f1da5e90ad734984f80934","escooccupation","2025-10-17T05:55:46.470Z","2025-10-17T05:55:46.470Z"
"iscogroup","68f1da4f90ad734984f7c774","68f1da5e90ad734984f80935","escooccupation","2025-10-17T05:55:46.470Z","2025-10-17T05:55:46.470Z"
"iscogroup","68f1da4f90ad734984f7c774","68f1da5e90ad734984f80936","escooccupation","2025-10-17T05:55:46.470Z","2025-10-17T05:55:46.470Z"
"escooccupation","68f1da5e90ad734984f80936","68f1da5e90ad734984f80937","escooccupation","2025-10-17T05:55:46.470Z","2025-10-17T05:55:46.470Z"
"escooccupation","68f1da5e90ad734984f80936","68f1da5e90ad734984f80938","escooccupation","2025-10-17T05:55:46.470Z","2025-10-17T05:55:46.470Z"
"escooccupation","68f1da5e90ad734984f80938","68f1da5e90ad734984f80939","escooccupation","2025-10-17T05:55:46.470Z","2025-10-17T05:55:46.470Z"
"escooccupation","68f1da5e90ad734984f80938","68f1da5e90ad734984f8093a","escooccupation","2025-10-17T05:55:46.470Z","2025-10-17T05:55:46.470Z"
"escooccupation","68f1da5e90ad734984f80938","68f1da5e90ad734984f8093b","escooccupation","2025-10-17T05:55:46.470Z","2025-10-17T05:55:46.470Z"
"iscogroup","68f1da4f90ad734984f7c775","68f1da5e90ad734984f8093c","escooccupation","2025-10-17T05:55:46.470Z","2025-10-17T05:55:46.470Z"
"escooccupation","68f1da5e90ad734984f8093c","68f1da5e90ad734984f8093d","escooccupation","2025-10-17T05:55:46.470Z","2025-10-17T05:55:46.470Z"
"escooccupation","68f1da5e90ad734984f8093c","68f1da5e90ad734984f8093e","escooccupation","2025-10-17T05:55:46.470Z","2025-10-17T05:55:46.470Z"
"iscogroup","68f1da4f90ad734984f7c777","68f1da5e90ad734984f8093f","escooccupation","2025-10-17T05:55:46.470Z","2025-10-17T05:55:46.470Z"
"iscogroup","68f1da4f90ad734984f7c797","68f1da5e90ad734984f80940","escooccupation","2025-10-17T05:55:46.471Z","2025-10-17T05:55:46.471Z"
"iscogroup","68f1da4f90ad734984f7c797","68f1da5e90ad734984f80941","escooccupation","2025-10-17T05:55:46.471Z","2025-10-17T05:55:46.471Z"
"iscogroup","68f1da4f90ad734984f7c797","68f1da5e90ad734984f80942","escooccupation","2025-10-17T05:55:46.471Z","2025-10-17T05:55:46.471Z"
"iscogroup","68f1da4f90ad734984f7c797","68f1da5e90ad734984f80943","escooccupation","2025-10-17T05:55:46.471Z","2025-10-17T05:55:46.471Z"
"iscogroup","68f1da4f90ad734984f7c798","68f1da5e90ad734984f80944","escooccupation","2025-10-17T05:55:46.471Z","2025-10-17T05:55:46.471Z"
"iscogroup","68f1da4f90ad734984f7c799","68f1da5e90ad734984f80945","escooccupation","2025-10-17T05:55:46.471Z","2025-10-17T05:55:46.471Z"
"iscogroup","68f1da4f90ad734984f7c799","68f1da5e90ad734984f80946","escooccupation","2025-10-17T05:55:46.471Z","2025-10-17T05:55:46.471Z"
"iscogroup","68f1da4f90ad734984f7c799","68f1da5e90ad734984f80947","escooccupation","2025-10-17T05:55:46.471Z","2025-10-17T05:55:46.471Z"
"iscogroup","68f1da4f90ad734984f7c799","68f1da5e90ad734984f80948","escooccupation","2025-10-17T05:55:46.471Z","2025-10-17T05:55:46.471Z"
"iscogroup","68f1da4f90ad734984f7c79a","68f1da5e90ad734984f80949","escooccupation","2025-10-17T05:55:46.471Z","2025-10-17T05:55:46.471Z"
"escooccupation","68f1da5e90ad734984f80949","68f1da5e90ad734984f8094a","escooccupation","2025-10-17T05:55:46.471Z","2025-10-17T05:55:46.471Z"
"escooccupation","68f1da5e90ad734984f80949","68f1da5e90ad734984f8094b","escooccupation","2025-10-17T05:55:46.471Z","2025-10-17T05:55:46.471Z"
"escooccupation","68f1da5e90ad734984f80949","68f1da5e90ad734984f8094c","escooccupation","2025-10-17T05:55:46.471Z","2025-10-17T05:55:46.471Z"
"iscogroup","68f1da4f90ad734984f7c79a","68f1da5e90ad734984f8094d","escooccupation","2025-10-17T05:55:46.471Z","2025-10-17T05:55:46.471Z"
"iscogroup","68f1da4f90ad734984f7c79a","68f1da5e90ad734984f8094e","escooccupation","2025-10-17T05:55:46.471Z","2025-10-17T05:55:46.471Z"
"escooccupation","68f1da5e90ad734984f8094e","68f1da5e90ad734984f8094f","escooccupation","2025-10-17T05:55:46.471Z","2025-10-17T05:55:46.471Z"
"escooccupation","68f1da5e90ad734984f8094f","68f1da5e90ad734984f80950","escooccupation","2025-10-17T05:55:46.471Z","2025-10-17T05:55:46.471Z"
"escooccupation","68f1da5e90ad734984f80950","68f1da5e90ad734984f80951","escooccupation","2025-10-17T05:55:46.471Z","2025-10-17T05:55:46.471Z"
"escooccupation","68f1da5e90ad734984f8094f","68f1da5e90ad734984f80952","escooccupation","2025-10-17T05:55:46.471Z","2025-10-17T05:55:46.471Z"
"iscogroup","68f1da4f90ad734984f7c79a","68f1da5e90ad734984f80953","escooccupation","2025-10-17T05:55:46.471Z","2025-10-17T05:55:46.471Z"
"iscogroup","68f1da4f90ad734984f7c79a","68f1da5e90ad734984f80954","escooccupation","2025-10-17T05:55:46.471Z","2025-10-17T05:55:46.471Z"
"iscogroup","68f1da4f90ad734984f7c79a","68f1da5e90ad734984f80955","escooccupation","2025-10-17T05:55:46.471Z","2025-10-17T05:55:46.471Z"
"iscogroup","68f1da4f90ad734984f7c79a","68f1da5e90ad734984f80956","escooccupation","2025-10-17T05:55:46.471Z","2025-10-17T05:55:46.471Z"
"iscogroup","68f1da4f90ad734984f7c79a","68f1da5e90ad734984f80957","escooccupation","2025-10-17T05:55:46.471Z","2025-10-17T05:55:46.471Z"
"iscogroup","68f1da4f90ad734984f7c79b","68f1da5e90ad734984f80958","escooccupation","2025-10-17T05:55:46.471Z","2025-10-17T05:55:46.471Z"
"escooccupation","68f1da5e90ad734984f8093f","68f1da5e90ad734984f80959","escooccupation","2025-10-17T05:55:46.470Z","2025-10-17T05:55:46.470Z"
"escooccupation","68f1da5e90ad734984f8093f","68f1da5e90ad734984f8095a","escooccupation","2025-10-17T05:55:46.470Z","2025-10-17T05:55:46.470Z"
"escooccupation","68f1da5e90ad734984f8093f","68f1da5e90ad734984f8095b","escooccupation","2025-10-17T05:55:46.470Z","2025-10-17T05:55:46.470Z"
"escooccupation","68f1da5e90ad734984f8093f","68f1da5e90ad734984f8095c","escooccupation","2025-10-17T05:55:46.470Z","2025-10-17T05:55:46.470Z"
"iscogroup","68f1da4f90ad734984f7c778","68f1da5e90ad734984f8095d","escooccupation","2025-10-17T05:55:46.470Z","2025-10-17T05:55:46.470Z"
"iscogroup","68f1da4f90ad734984f7c778","68f1da5e90ad734984f8095e","escooccupation","2025-10-17T05:55:46.470Z","2025-10-17T05:55:46.470Z"
"iscogroup","68f1da4f90ad734984f7c778","68f1da5e90ad734984f8095f","escooccupation","2025-10-17T05:55:46.470Z","2025-10-17T05:55:46.470Z"
"iscogroup","68f1da4f90ad734984f7c778","68f1da5e90ad734984f80960","escooccupation","2025-10-17T05:55:46.470Z","2025-10-17T05:55:46.470Z"
"iscogroup","68f1da4f90ad734984f7c778","68f1da5e90ad734984f80961","escooccupation","2025-10-17T05:55:46.470Z","2025-10-17T05:55:46.470Z"
"iscogroup","68f1da4f90ad734984f7c778","68f1da5e90ad734984f80962","escooccupation","2025-10-17T05:55:46.470Z","2025-10-17T05:55:46.470Z"
"iscogroup","68f1da4f90ad734984f7c778","68f1da5e90ad734984f80963","escooccupation","2025-10-17T05:55:46.470Z","2025-10-17T05:55:46.470Z"
"iscogroup","68f1da4f90ad734984f7c778","68f1da5e90ad734984f80964","escooccupation","2025-10-17T05:55:46.470Z","2025-10-17T05:55:46.470Z"
"iscogroup","68f1da4f90ad734984f7c778","68f1da5e90ad734984f80965","escooccupation","2025-10-17T05:55:46.470Z","2025-10-17T05:55:46.470Z"
"iscogroup","68f1da4f90ad734984f7c778","68f1da5e90ad734984f80966","escooccupation","2025-10-17T05:55:46.470Z","2025-10-17T05:55:46.470Z"
"iscogroup","68f1da4f90ad734984f7c778","68f1da5e90ad734984f80967","escooccupation","2025-10-17T05:55:46.470Z","2025-10-17T05:55:46.470Z"
"iscogroup","68f1da4f90ad734984f7c778","68f1da5e90ad734984f80968","escooccupation","2025-10-17T05:55:46.470Z","2025-10-17T05:55:46.470Z"
"iscogroup","68f1da4f90ad734984f7c793","68f1da5e90ad734984f80969","escooccupation","2025-10-17T05:55:46.470Z","2025-10-17T05:55:46.470Z"
"iscogroup","68f1da4f90ad734984f7c793","68f1da5e90ad734984f8096a","escooccupation","2025-10-17T05:55:46.470Z","2025-10-17T05:55:46.470Z"
"iscogroup","68f1da4f90ad734984f7c794","68f1da5e90ad734984f8096b","escooccupation","2025-10-17T05:55:46.471Z","2025-10-17T05:55:46.471Z"
"iscogroup","68f1da4f90ad734984f7c794","68f1da5e90ad734984f8096c","escooccupation","2025-10-17T05:55:46.471Z","2025-10-17T05:55:46.471Z"
"escooccupation","68f1da5e90ad734984f8096c","68f1da5e90ad734984f8096d","escooccupation","2025-10-17T05:55:46.471Z","2025-10-17T05:55:46.471Z"
"iscogroup","68f1da4f90ad734984f7c795","68f1da5e90ad734984f8096e","escooccupation","2025-10-17T05:55:46.471Z","2025-10-17T05:55:46.471Z"
"escooccupation","68f1da5e90ad734984f8096e","68f1da5e90ad734984f8096f","escooccupation","2025-10-17T05:55:46.471Z","2025-10-17T05:55:46.471Z"
"escooccupation","68f1da5e90ad734984f8096e","68f1da5e90ad734984f80970","escooccupation","2025-10-17T05:55:46.471Z","2025-10-17T05:55:46.471Z"
"escooccupation","68f1da5e90ad734984f8096e","68f1da5e90ad734984f80971","escooccupation","2025-10-17T05:55:46.471Z","2025-10-17T05:55:46.471Z"
"escooccupation","68f1da5e90ad734984f80958","68f1da5e90ad734984f80972","escooccupation","2025-10-17T05:55:46.471Z","2025-10-17T05:55:46.471Z"
"escooccupation","68f1da5e90ad734984f80958","68f1da5e90ad734984f80973","escooccupation","2025-10-17T05:55:46.472Z","2025-10-17T05:55:46.472Z"
"escooccupation","68f1da5e90ad734984f80958","68f1da5e90ad734984f80974","escooccupation","2025-10-17T05:55:46.472Z","2025-10-17T05:55:46.472Z"
"escooccupation","68f1da5e90ad734984f80958","68f1da5e90ad734984f80975","escooccupation","2025-10-17T05:55:46.472Z","2025-10-17T05:55:46.472Z"
"iscogroup","68f1da4f90ad734984f7c79b","68f1da5e90ad734984f80976","escooccupation","2025-10-17T05:55:46.472Z","2025-10-17T05:55:46.472Z"
"iscogroup","68f1da4f90ad734984f7c79c","68f1da5e90ad734984f80977","escooccupation","2025-10-17T05:55:46.472Z","2025-10-17T05:55:46.472Z"
"iscogroup","68f1da4f90ad734984f7c79c","68f1da5e90ad734984f80978","escooccupation","2025-10-17T05:55:46.472Z","2025-10-17T05:55:46.472Z"
"iscogroup","68f1da4f90ad734984f7c79c","68f1da5e90ad734984f80979","escooccupation","2025-10-17T05:55:46.472Z","2025-10-17T05:55:46.472Z"
"iscogroup","68f1da4f90ad734984f7c79f","68f1da5e90ad734984f8097a","escooccupation","2025-10-17T05:55:46.472Z","2025-10-17T05:55:46.472Z"
"iscogroup","68f1da4f90ad734984f7c7a0","68f1da5e90ad734984f8097b","escooccupation","2025-10-17T05:55:46.472Z","2025-10-17T05:55:46.472Z"
"iscogroup","68f1da4f90ad734984f7c7a2","68f1da5e90ad734984f8097c","escooccupation","2025-10-17T05:55:46.472Z","2025-10-17T05:55:46.472Z"
"iscogroup","68f1da4f90ad734984f7c7a3","68f1da5e90ad734984f8097d","escooccupation","2025-10-17T05:55:46.472Z","2025-10-17T05:55:46.472Z"
"escooccupation","68f1da5e90ad734984f8097d","68f1da5e90ad734984f8097e","escooccupation","2025-10-17T05:55:46.472Z","2025-10-17T05:55:46.472Z"
"iscogroup","68f1da4f90ad734984f7c7a4","68f1da5e90ad734984f8097f","escooccupation","2025-10-17T05:55:46.472Z","2025-10-17T05:55:46.472Z"
"iscogroup","68f1da4f90ad734984f7c7a4","68f1da5e90ad734984f80980","escooccupation","2025-10-17T05:55:46.472Z","2025-10-17T05:55:46.472Z"
"iscogroup","68f1da4f90ad734984f7c7a4","68f1da5e90ad734984f80981","escooccupation","2025-10-17T05:55:46.472Z","2025-10-17T05:55:46.472Z"
"iscogroup","68f1da4f90ad734984f7c7a4","68f1da5e90ad734984f80982","escooccupation","2025-10-17T05:55:46.472Z","2025-10-17T05:55:46.472Z"
"iscogroup","68f1da4f90ad734984f7c7a4","68f1da5e90ad734984f80983","escooccupation","2025-10-17T05:55:46.472Z","2025-10-17T05:55:46.472Z"
"iscogroup","68f1da4f90ad734984f7c7a4","68f1da5e90ad734984f80984","escooccupation","2025-10-17T05:55:46.472Z","2025-10-17T05:55:46.472Z"
"iscogroup","68f1da4f90ad734984f7c7a4","68f1da5e90ad734984f80985","escooccupation","2025-10-17T05:55:46.472Z","2025-10-17T05:55:46.472Z"
"escooccupation","68f1da5e90ad734984f80985","68f1da5e90ad734984f80986","escooccupation","2025-10-17T05:55:46.472Z","2025-10-17T05:55:46.472Z"
"escooccupation","68f1da5e90ad734984f80985","68f1da5e90ad734984f80987","escooccupation","2025-10-17T05:55:46.472Z","2025-10-17T05:55:46.472Z"
"escooccupation","68f1da5e90ad734984f80985","68f1da5e90ad734984f80988","escooccupation","2025-10-17T05:55:46.472Z","2025-10-17T05:55:46.472Z"
"escooccupation","68f1da5e90ad734984f80985","68f1da5e90ad734984f80989","escooccupation","2025-10-17T05:55:46.472Z","2025-10-17T05:55:46.472Z"
"escooccupation","68f1da5e90ad734984f80985","68f1da5e90ad734984f8098a","escooccupation","2025-10-17T05:55:46.472Z","2025-10-17T05:55:46.472Z"
"escooccupation","68f1da5e90ad734984f80985","68f1da5e90ad734984f8098b","escooccupation","2025-10-17T05:55:46.472Z","2025-10-17T05:55:46.472Z"
"escooccupation","68f1da5e90ad734984f80985","68f1da5e90ad734984f8098c","escooccupation","2025-10-17T05:55:46.472Z","2025-10-17T05:55:46.472Z"
"escooccupation","68f1da5e90ad734984f80985","68f1da5e90ad734984f8098d","escooccupation","2025-10-17T05:55:46.472Z","2025-10-17T05:55:46.472Z"
"escooccupation","68f1da5e90ad734984f80985","68f1da5e90ad734984f8098e","escooccupation","2025-10-17T05:55:46.472Z","2025-10-17T05:55:46.472Z"
"escooccupation","68f1da5e90ad734984f80985","68f1da5e90ad734984f8098f","escooccupation","2025-10-17T05:55:46.472Z","2025-10-17T05:55:46.472Z"
"escooccupation","68f1da5e90ad734984f80985","68f1da5e90ad734984f80990","escooccupation","2025-10-17T05:55:46.472Z","2025-10-17T05:55:46.472Z"
"escooccupation","68f1da5e90ad734984f80985","68f1da5e90ad734984f80991","escooccupation","2025-10-17T05:55:46.472Z","2025-10-17T05:55:46.472Z"
"escooccupation","68f1da5e90ad734984f80985","68f1da5e90ad734984f80992","escooccupation","2025-10-17T05:55:46.472Z","2025-10-17T05:55:46.472Z"
"escooccupation","68f1da5e90ad734984f80985","68f1da5e90ad734984f80993","escooccupation","2025-10-17T05:55:46.472Z","2025-10-17T05:55:46.472Z"
"escooccupation","68f1da5e90ad734984f80985","68f1da5e90ad734984f80994","escooccupation","2025-10-17T05:55:46.473Z","2025-10-17T05:55:46.473Z"
"escooccupation","68f1da5e90ad734984f80985","68f1da5e90ad734984f80995","escooccupation","2025-10-17T05:55:46.473Z","2025-10-17T05:55:46.473Z"
"escooccupation","68f1da5e90ad734984f80985","68f1da5e90ad734984f80996","escooccupation","2025-10-17T05:55:46.473Z","2025-10-17T05:55:46.473Z"
"escooccupation","68f1da5e90ad734984f80985","68f1da5e90ad734984f80997","escooccupation","2025-10-17T05:55:46.473Z","2025-10-17T05:55:46.473Z"
"escooccupation","68f1da5e90ad734984f80985","68f1da5e90ad734984f80998","escooccupation","2025-10-17T05:55:46.473Z","2025-10-17T05:55:46.473Z"
"escooccupation","68f1da5e90ad734984f80985","68f1da5e90ad734984f80999","escooccupation","2025-10-17T05:55:46.473Z","2025-10-17T05:55:46.473Z"
"escooccupation","68f1da5e90ad734984f80985","68f1da5e90ad734984f8099a","escooccupation","2025-10-17T05:55:46.473Z","2025-10-17T05:55:46.473Z"
"escooccupation","68f1da5e90ad734984f80985","68f1da5e90ad734984f8099b","escooccupation","2025-10-17T05:55:46.473Z","2025-10-17T05:55:46.473Z"
"escooccupation","68f1da5e90ad734984f80985","68f1da5e90ad734984f8099c","escooccupation","2025-10-17T05:55:46.473Z","2025-10-17T05:55:46.473Z"
"escooccupation","68f1da5e90ad734984f80985","68f1da5e90ad734984f8099d","escooccupation","2025-10-17T05:55:46.473Z","2025-10-17T05:55:46.473Z"
"escooccupation","68f1da5e90ad734984f80985","68f1da5e90ad734984f8099e","escooccupation","2025-10-17T05:55:46.473Z","2025-10-17T05:55:46.473Z"
"escooccupation","68f1da5e90ad734984f80985","68f1da5e90ad734984f8099f","escooccupation","2025-10-17T05:55:46.473Z","2025-10-17T05:55:46.473Z"
"escooccupation","68f1da5e90ad734984f80985","68f1da5e90ad734984f809a0","escooccupation","2025-10-17T05:55:46.473Z","2025-10-17T05:55:46.473Z"
"escooccupation","68f1da5e90ad734984f80985","68f1da5e90ad734984f809a1","escooccupation","2025-10-17T05:55:46.473Z","2025-10-17T05:55:46.473Z"
"escooccupation","68f1da5e90ad734984f80985","68f1da5e90ad734984f809a2","escooccupation","2025-10-17T05:55:46.473Z","2025-10-17T05:55:46.473Z"
"escooccupation","68f1da5e90ad734984f80985","68f1da5e90ad734984f809a3","escooccupation","2025-10-17T05:55:46.473Z","2025-10-17T05:55:46.473Z"
"escooccupation","68f1da5e90ad734984f80985","68f1da5e90ad734984f809a4","escooccupation","2025-10-17T05:55:46.473Z","2025-10-17T05:55:46.473Z"
"escooccupation","68f1da5e90ad734984f80985","68f1da5e90ad734984f809a5","escooccupation","2025-10-17T05:55:46.473Z","2025-10-17T05:55:46.473Z"
"escooccupation","68f1da5e90ad734984f80985","68f1da5e90ad734984f809a6","escooccupation","2025-10-17T05:55:46.473Z","2025-10-17T05:55:46.473Z"
"escooccupation","68f1da5e90ad734984f80985","68f1da5e90ad734984f809a7","escooccupation","2025-10-17T05:55:46.473Z","2025-10-17T05:55:46.473Z"
"escooccupation","68f1da5e90ad734984f80985","68f1da5e90ad734984f809a8","escooccupation","2025-10-17T05:55:46.473Z","2025-10-17T05:55:46.473Z"
"escooccupation","68f1da5e90ad734984f80985","68f1da5e90ad734984f809a9","escooccupation","2025-10-17T05:55:46.473Z","2025-10-17T05:55:46.473Z"
"escooccupation","68f1da5e90ad734984f80985","68f1da5e90ad734984f809aa","escooccupation","2025-10-17T05:55:46.473Z","2025-10-17T05:55:46.473Z"
"iscogroup","68f1da4f90ad734984f7c7a6","68f1da5e90ad734984f809ab","escooccupation","2025-10-17T05:55:46.473Z","2025-10-17T05:55:46.473Z"
"iscogroup","68f1da4f90ad734984f7c7a6","68f1da5e90ad734984f809ac","escooccupation","2025-10-17T05:55:46.473Z","2025-10-17T05:55:46.473Z"
"iscogroup","68f1da4f90ad734984f7c7a6","68f1da5e90ad734984f809ad","escooccupation","2025-10-17T05:55:46.473Z","2025-10-17T05:55:46.473Z"
"iscogroup","68f1da4f90ad734984f7c7a8","68f1da5e90ad734984f809ae","escooccupation","2025-10-17T05:55:46.473Z","2025-10-17T05:55:46.473Z"
"iscogroup","68f1da4f90ad734984f7c7a8","68f1da5e90ad734984f809af","escooccupation","2025-10-17T05:55:46.473Z","2025-10-17T05:55:46.473Z"
"iscogroup","68f1da4f90ad734984f7c7a9","68f1da5e90ad734984f809b0","escooccupation","2025-10-17T05:55:46.473Z","2025-10-17T05:55:46.473Z"
"iscogroup","68f1da4f90ad734984f7c7aa","68f1da5e90ad734984f809b1","escooccupation","2025-10-17T05:55:46.473Z","2025-10-17T05:55:46.473Z"
"iscogroup","68f1da4f90ad734984f7c7ab","68f1da5e90ad734984f809b2","escooccupation","2025-10-17T05:55:46.473Z","2025-10-17T05:55:46.473Z"
"iscogroup","68f1da4f90ad734984f7c7ac","68f1da5e90ad734984f809b3","escooccupation","2025-10-17T05:55:46.473Z","2025-10-17T05:55:46.473Z"
"iscogroup","68f1da4f90ad734984f7c7ad","68f1da5e90ad734984f809b4","escooccupation","2025-10-17T05:55:46.473Z","2025-10-17T05:55:46.473Z"
"iscogroup","68f1da4f90ad734984f7c7ad","68f1da5e90ad734984f809b5","escooccupation","2025-10-17T05:55:46.474Z","2025-10-17T05:55:46.474Z"
"iscogroup","68f1da4f90ad734984f7c7ae","68f1da5e90ad734984f809b6","escooccupation","2025-10-17T05:55:46.474Z","2025-10-17T05:55:46.474Z"
"iscogroup","68f1da4f90ad734984f7c7ae","68f1da5e90ad734984f809b7","escooccupation","2025-10-17T05:55:46.474Z","2025-10-17T05:55:46.474Z"
"escooccupation","68f1da5e90ad734984f809b7","68f1da5e90ad734984f809b8","escooccupation","2025-10-17T05:55:46.474Z","2025-10-17T05:55:46.474Z"
"escooccupation","68f1da5e90ad734984f809b8","68f1da5e90ad734984f809b9","escooccupation","2025-10-17T05:55:46.474Z","2025-10-17T05:55:46.474Z"
"escooccupation","68f1da5e90ad734984f809b8","68f1da5e90ad734984f809ba","escooccupation","2025-10-17T05:55:46.474Z","2025-10-17T05:55:46.474Z"
"escooccupation","68f1da5e90ad734984f809b8","68f1da5e90ad734984f809bb","escooccupation","2025-10-17T05:55:46.474Z","2025-10-17T05:55:46.474Z"
"escooccupation","68f1da5e90ad734984f809b8","68f1da5e90ad734984f809bc","escooccupation","2025-10-17T05:55:46.474Z","2025-10-17T05:55:46.474Z"
"iscogroup","68f1da4f90ad734984f7c7bd","68f1da5e90ad734984f809bd","escooccupation","2025-10-17T05:55:46.475Z","2025-10-17T05:55:46.475Z"
"iscogroup","68f1da4f90ad734984f7c7c1","68f1da5e90ad734984f809be","escooccupation","2025-10-17T05:55:46.475Z","2025-10-17T05:55:46.475Z"
"iscogroup","68f1da4f90ad734984f7c7c2","68f1da5e90ad734984f809bf","escooccupation","2025-10-17T05:55:46.475Z","2025-10-17T05:55:46.475Z"
"iscogroup","68f1da4f90ad734984f7c7c2","68f1da5e90ad734984f809c0","escooccupation","2025-10-17T05:55:46.475Z","2025-10-17T05:55:46.475Z"
"escooccupation","68f1da5e90ad734984f809c0","68f1da5e90ad734984f809c1","escooccupation","2025-10-17T05:55:46.475Z","2025-10-17T05:55:46.475Z"
"iscogroup","68f1da4f90ad734984f7c7c2","68f1da5e90ad734984f809c2","escooccupation","2025-10-17T05:55:46.475Z","2025-10-17T05:55:46.475Z"
"iscogroup","68f1da4f90ad734984f7c7c2","68f1da5e90ad734984f809c3","escooccupation","2025-10-17T05:55:46.475Z","2025-10-17T05:55:46.475Z"
"iscogroup","68f1da4f90ad734984f7c7c2","68f1da5e90ad734984f809c4","escooccupation","2025-10-17T05:55:46.475Z","2025-10-17T05:55:46.475Z"
"iscogroup","68f1da4f90ad734984f7c7c2","68f1da5e90ad734984f809c5","escooccupation","2025-10-17T05:55:46.475Z","2025-10-17T05:55:46.475Z"
"iscogroup","68f1da4f90ad734984f7c7c3","68f1da5e90ad734984f809c6","escooccupation","2025-10-17T05:55:46.475Z","2025-10-17T05:55:46.475Z"
"iscogroup","68f1da4f90ad734984f7c7c3","68f1da5e90ad734984f809c7","escooccupation","2025-10-17T05:55:46.475Z","2025-10-17T05:55:46.475Z"
"iscogroup","68f1da4f90ad734984f7c7c3","68f1da5e90ad734984f809c8","escooccupation","2025-10-17T05:55:46.476Z","2025-10-17T05:55:46.476Z"
"iscogroup","68f1da4f90ad734984f7c7c3","68f1da5e90ad734984f809c9","escooccupation","2025-10-17T05:55:46.476Z","2025-10-17T05:55:46.476Z"
"iscogroup","68f1da4f90ad734984f7c7c3","68f1da5e90ad734984f809ca","escooccupation","2025-10-17T05:55:46.476Z","2025-10-17T05:55:46.476Z"
"iscogroup","68f1da4f90ad734984f7c7c3","68f1da5e90ad734984f809cb","escooccupation","2025-10-17T05:55:46.476Z","2025-10-17T05:55:46.476Z"
"iscogroup","68f1da4f90ad734984f7c7c4","68f1da5e90ad734984f809cc","escooccupation","2025-10-17T05:55:46.476Z","2025-10-17T05:55:46.476Z"
"iscogroup","68f1da4f90ad734984f7c7c6","68f1da5e90ad734984f809cd","escooccupation","2025-10-17T05:55:46.476Z","2025-10-17T05:55:46.476Z"
"iscogroup","68f1da4f90ad734984f7c7c6","68f1da5e90ad734984f809ce","escooccupation","2025-10-17T05:55:46.476Z","2025-10-17T05:55:46.476Z"
"iscogroup","68f1da4f90ad734984f7c7c6","68f1da5e90ad734984f809cf","escooccupation","2025-10-17T05:55:46.476Z","2025-10-17T05:55:46.476Z"
"iscogroup","68f1da4f90ad734984f7c7c6","68f1da5e90ad734984f809d0","escooccupation","2025-10-17T05:55:46.476Z","2025-10-17T05:55:46.476Z"
"iscogroup","68f1da4f90ad734984f7c7c6","68f1da5e90ad734984f809d1","escooccupation","2025-10-17T05:55:46.476Z","2025-10-17T05:55:46.476Z"
"iscogroup","68f1da4f90ad734984f7c7c6","68f1da5e90ad734984f809d2","escooccupation","2025-10-17T05:55:46.476Z","2025-10-17T05:55:46.476Z"
"iscogroup","68f1da4f90ad734984f7c7c7","68f1da5e90ad734984f809d3","escooccupation","2025-10-17T05:55:46.476Z","2025-10-17T05:55:46.476Z"
"iscogroup","68f1da4f90ad734984f7c7c7","68f1da5e90ad734984f809d4","escooccupation","2025-10-17T05:55:46.476Z","2025-10-17T05:55:46.476Z"
"iscogroup","68f1da4f90ad734984f7c7c8","68f1da5e90ad734984f809d5","escooccupation","2025-10-17T05:55:46.476Z","2025-10-17T05:55:46.476Z"
"iscogroup","68f1da4f90ad734984f7c7c9","68f1da5e90ad734984f809d6","escooccupation","2025-10-17T05:55:46.476Z","2025-10-17T05:55:46.476Z"
"iscogroup","68f1da4f90ad734984f7c7cb","68f1da5e90ad734984f809d7","escooccupation","2025-10-17T05:55:46.476Z","2025-10-17T05:55:46.476Z"
"iscogroup","68f1da4f90ad734984f7c7cb","68f1da5e90ad734984f809d8","escooccupation","2025-10-17T05:55:46.476Z","2025-10-17T05:55:46.476Z"
"iscogroup","68f1da4f90ad734984f7c7ce","68f1da5e90ad734984f809d9","escooccupation","2025-10-17T05:55:46.476Z","2025-10-17T05:55:46.476Z"
"iscogroup","68f1da4f90ad734984f7c7d0","68f1da5e90ad734984f809da","escooccupation","2025-10-17T05:55:46.476Z","2025-10-17T05:55:46.476Z"
"iscogroup","68f1da4f90ad734984f7c7d0","68f1da5e90ad734984f809db","escooccupation","2025-10-17T05:55:46.476Z","2025-10-17T05:55:46.476Z"
"iscogroup","68f1da4f90ad734984f7c7d0","68f1da5e90ad734984f809dc","escooccupation","2025-10-17T05:55:46.476Z","2025-10-17T05:55:46.476Z"
"iscogroup","68f1da4f90ad734984f7c7d0","68f1da5e90ad734984f809dd","escooccupation","2025-10-17T05:55:46.476Z","2025-10-17T05:55:46.476Z"
"iscogroup","68f1da4f90ad734984f7c7d0","68f1da5e90ad734984f809de","escooccupation","2025-10-17T05:55:46.476Z","2025-10-17T05:55:46.476Z"
"iscogroup","68f1da4f90ad734984f7c7d0","68f1da5e90ad734984f809df","escooccupation","2025-10-17T05:55:46.476Z","2025-10-17T05:55:46.476Z"
"iscogroup","68f1da4f90ad734984f7c7d0","68f1da5e90ad734984f809e0","escooccupation","2025-10-17T05:55:46.476Z","2025-10-17T05:55:46.476Z"
"iscogroup","68f1da4f90ad734984f7c7d0","68f1da5e90ad734984f809e1","escooccupation","2025-10-17T05:55:46.476Z","2025-10-17T05:55:46.476Z"
"iscogroup","68f1da4f90ad734984f7c7d0","68f1da5e90ad734984f809e2","escooccupation","2025-10-17T05:55:46.476Z","2025-10-17T05:55:46.476Z"
"iscogroup","68f1da4f90ad734984f7c7d0","68f1da5e90ad734984f809e3","escooccupation","2025-10-17T05:55:46.476Z","2025-10-17T05:55:46.476Z"
"iscogroup","68f1da4f90ad734984f7c7d0","68f1da5e90ad734984f809e4","escooccupation","2025-10-17T05:55:46.476Z","2025-10-17T05:55:46.476Z"
"iscogroup","68f1da4f90ad734984f7c7d1","68f1da5e90ad734984f809e5","escooccupation","2025-10-17T05:55:46.476Z","2025-10-17T05:55:46.476Z"
"iscogroup","68f1da4f90ad734984f7c7d2","68f1da5e90ad734984f809e6","escooccupation","2025-10-17T05:55:46.476Z","2025-10-17T05:55:46.476Z"
"iscogroup","68f1da4f90ad734984f7c7d2","68f1da5e90ad734984f809e7","escooccupation","2025-10-17T05:55:46.476Z","2025-10-17T05:55:46.476Z"
"escooccupation","68f1da5e90ad734984f809e7","68f1da5e90ad734984f809e8","escooccupation","2025-10-17T05:55:46.476Z","2025-10-17T05:55:46.476Z"
"iscogroup","68f1da4f90ad734984f7c7d3","68f1da5e90ad734984f809e9","escooccupation","2025-10-17T05:55:46.476Z","2025-10-17T05:55:46.476Z"
"iscogroup","68f1da4f90ad734984f7c7e0","68f1da5e90ad734984f809ea","escooccupation","2025-10-17T05:55:46.476Z","2025-10-17T05:55:46.476Z"
"iscogroup","68f1da4f90ad734984f7c7e1","68f1da5e90ad734984f809eb","escooccupation","2025-10-17T05:55:46.476Z","2025-10-17T05:55:46.476Z"
"iscogroup","68f1da4f90ad734984f7c7e2","68f1da5e90ad734984f809ec","escooccupation","2025-10-17T05:55:46.477Z","2025-10-17T05:55:46.477Z"
"escooccupation","68f1da5e90ad734984f809ec","68f1da5e90ad734984f809ed","escooccupation","2025-10-17T05:55:46.477Z","2025-10-17T05:55:46.477Z"
"iscogroup","68f1da4f90ad734984f7c7e3","68f1da5e90ad734984f809ee","escooccupation","2025-10-17T05:55:46.477Z","2025-10-17T05:55:46.477Z"
"escooccupation","68f1da5e90ad734984f80a1f","68f1da5e90ad734984f809ef","escooccupation","2025-10-17T05:55:46.474Z","2025-10-17T05:55:46.474Z"
"escooccupation","68f1da5e90ad734984f80a1f","68f1da5e90ad734984f809f0","escooccupation","2025-10-17T05:55:46.474Z","2025-10-17T05:55:46.474Z"
"escooccupation","68f1da5e90ad734984f80a1f","68f1da5e90ad734984f809f1","escooccupation","2025-10-17T05:55:46.475Z","2025-10-17T05:55:46.475Z"
"iscogroup","68f1da4f90ad734984f7c7ba","68f1da5e90ad734984f809f2","escooccupation","2025-10-17T05:55:46.475Z","2025-10-17T05:55:46.475Z"
"iscogroup","68f1da4f90ad734984f7c7bb","68f1da5e90ad734984f809f3","escooccupation","2025-10-17T05:55:46.475Z","2025-10-17T05:55:46.475Z"
"iscogroup","68f1da4f90ad734984f7c7bb","68f1da5e90ad734984f809f4","escooccupation","2025-10-17T05:55:46.475Z","2025-10-17T05:55:46.475Z"
"iscogroup","68f1da4f90ad734984f7c7bc","68f1da5e90ad734984f809f5","escooccupation","2025-10-17T05:55:46.475Z","2025-10-17T05:55:46.475Z"
"escooccupation","68f1da5e90ad734984f809f5","68f1da5e90ad734984f809f6","escooccupation","2025-10-17T05:55:46.475Z","2025-10-17T05:55:46.475Z"
"escooccupation","68f1da5e90ad734984f809f5","68f1da5e90ad734984f809f7","escooccupation","2025-10-17T05:55:46.475Z","2025-10-17T05:55:46.475Z"
"escooccupation","68f1da5e90ad734984f809f5","68f1da5e90ad734984f809f8","escooccupation","2025-10-17T05:55:46.475Z","2025-10-17T05:55:46.475Z"
"escooccupation","68f1da5e90ad734984f809f5","68f1da5e90ad734984f809f9","escooccupation","2025-10-17T05:55:46.475Z","2025-10-17T05:55:46.475Z"
"escooccupation","68f1da5e90ad734984f809f5","68f1da5e90ad734984f809fa","escooccupation","2025-10-17T05:55:46.475Z","2025-10-17T05:55:46.475Z"
"escooccupation","68f1da5e90ad734984f809f5","68f1da5e90ad734984f809fb","escooccupation","2025-10-17T05:55:46.475Z","2025-10-17T05:55:46.475Z"
"escooccupation","68f1da5e90ad734984f809f5","68f1da5e90ad734984f809fc","escooccupation","2025-10-17T05:55:46.475Z","2025-10-17T05:55:46.475Z"
"escooccupation","68f1da5e90ad734984f809f5","68f1da5e90ad734984f809fd","escooccupation","2025-10-17T05:55:46.475Z","2025-10-17T05:55:46.475Z"
"escooccupation","68f1da5e90ad734984f809f5","68f1da5e90ad734984f809fe","escooccupation","2025-10-17T05:55:46.475Z","2025-10-17T05:55:46.475Z"
"iscogroup","68f1da4f90ad734984f7c7bd","68f1da5e90ad734984f809ff","escooccupation","2025-10-17T05:55:46.475Z","2025-10-17T05:55:46.475Z"
"iscogroup","68f1da4f90ad734984f7c7bd","68f1da5e90ad734984f80a00","escooccupation","2025-10-17T05:55:46.475Z","2025-10-17T05:55:46.475Z"
"iscogroup","68f1da4f90ad734984f7c7bd","68f1da5e90ad734984f80a01","escooccupation","2025-10-17T05:55:46.475Z","2025-10-17T05:55:46.475Z"
"iscogroup","68f1da4f90ad734984f7c7bd","68f1da5e90ad734984f80a02","escooccupation","2025-10-17T05:55:46.475Z","2025-10-17T05:55:46.475Z"
"iscogroup","68f1da4f90ad734984f7c7bd","68f1da5e90ad734984f80a03","escooccupation","2025-10-17T05:55:46.475Z","2025-10-17T05:55:46.475Z"
"iscogroup","68f1da4f90ad734984f7c7bd","68f1da5e90ad734984f80a04","escooccupation","2025-10-17T05:55:46.475Z","2025-10-17T05:55:46.475Z"
"iscogroup","68f1da4f90ad734984f7c7bd","68f1da5e90ad734984f80a05","escooccupation","2025-10-17T05:55:46.475Z","2025-10-17T05:55:46.475Z"
"iscogroup","68f1da4f90ad734984f7c7bd","68f1da5e90ad734984f80a06","escooccupation","2025-10-17T05:55:46.475Z","2025-10-17T05:55:46.475Z"
"iscogroup","68f1da4f90ad734984f7c7bd","68f1da5e90ad734984f80a07","escooccupation","2025-10-17T05:55:46.475Z","2025-10-17T05:55:46.475Z"
"escooccupation","68f1da5e90ad734984f809b8","68f1da5e90ad734984f80a08","escooccupation","2025-10-17T05:55:46.474Z","2025-10-17T05:55:46.474Z"
"escooccupation","68f1da5e90ad734984f809b8","68f1da5e90ad734984f80a09","escooccupation","2025-10-17T05:55:46.474Z","2025-10-17T05:55:46.474Z"
"escooccupation","68f1da5e90ad734984f809b8","68f1da5e90ad734984f80a0a","escooccupation","2025-10-17T05:55:46.474Z","2025-10-17T05:55:46.474Z"
"escooccupation","68f1da5e90ad734984f809b7","68f1da5e90ad734984f80a0b","escooccupation","2025-10-17T05:55:46.474Z","2025-10-17T05:55:46.474Z"
"escooccupation","68f1da5e90ad734984f80a0b","68f1da5e90ad734984f80a0c","escooccupation","2025-10-17T05:55:46.474Z","2025-10-17T05:55:46.474Z"
"escooccupation","68f1da5e90ad734984f80a0b","68f1da5e90ad734984f80a0d","escooccupation","2025-10-17T05:55:46.474Z","2025-10-17T05:55:46.474Z"
"iscogroup","68f1da4f90ad734984f7c7ae","68f1da5e90ad734984f80a0e","escooccupation","2025-10-17T05:55:46.474Z","2025-10-17T05:55:46.474Z"
"iscogroup","68f1da4f90ad734984f7c7b1","68f1da5e90ad734984f80a0f","escooccupation","2025-10-17T05:55:46.474Z","2025-10-17T05:55:46.474Z"
"escooccupation","68f1da5e90ad734984f80a0f","68f1da5e90ad734984f80a10","escooccupation","2025-10-17T05:55:46.474Z","2025-10-17T05:55:46.474Z"
"escooccupation","68f1da5e90ad734984f80a0f","68f1da5e90ad734984f80a11","escooccupation","2025-10-17T05:55:46.474Z","2025-10-17T05:55:46.474Z"
"escooccupation","68f1da5e90ad734984f80a0f","68f1da5e90ad734984f80a12","escooccupation","2025-10-17T05:55:46.474Z","2025-10-17T05:55:46.474Z"
"escooccupation","68f1da5e90ad734984f80a0f","68f1da5e90ad734984f80a13","escooccupation","2025-10-17T05:55:46.474Z","2025-10-17T05:55:46.474Z"
"iscogroup","68f1da4f90ad734984f7c7b1","68f1da5e90ad734984f80a14","escooccupation","2025-10-17T05:55:46.474Z","2025-10-17T05:55:46.474Z"
"iscogroup","68f1da4f90ad734984f7c7b2","68f1da5e90ad734984f80a15","escooccupation","2025-10-17T05:55:46.474Z","2025-10-17T05:55:46.474Z"
"iscogroup","68f1da4f90ad734984f7c7b2","68f1da5e90ad734984f80a16","escooccupation","2025-10-17T05:55:46.474Z","2025-10-17T05:55:46.474Z"
"iscogroup","68f1da4f90ad734984f7c7b2","68f1da5e90ad734984f80a17","escooccupation","2025-10-17T05:55:46.474Z","2025-10-17T05:55:46.474Z"
"iscogroup","68f1da4f90ad734984f7c7b2","68f1da5e90ad734984f80a18","escooccupation","2025-10-17T05:55:46.474Z","2025-10-17T05:55:46.474Z"
"iscogroup","68f1da4f90ad734984f7c7b4","68f1da5e90ad734984f80a19","escooccupation","2025-10-17T05:55:46.474Z","2025-10-17T05:55:46.474Z"
"escooccupation","68f1da5e90ad734984f80a19","68f1da5e90ad734984f80a1a","escooccupation","2025-10-17T05:55:46.474Z","2025-10-17T05:55:46.474Z"
"iscogroup","68f1da4f90ad734984f7c7b5","68f1da5e90ad734984f80a1b","escooccupation","2025-10-17T05:55:46.474Z","2025-10-17T05:55:46.474Z"
"iscogroup","68f1da4f90ad734984f7c7b6","68f1da5e90ad734984f80a1c","escooccupation","2025-10-17T05:55:46.474Z","2025-10-17T05:55:46.474Z"
"iscogroup","68f1da4f90ad734984f7c7b6","68f1da5e90ad734984f80a1d","escooccupation","2025-10-17T05:55:46.474Z","2025-10-17T05:55:46.474Z"
"iscogroup","68f1da4f90ad734984f7c7b6","68f1da5e90ad734984f80a1e","escooccupation","2025-10-17T05:55:46.474Z","2025-10-17T05:55:46.474Z"
"iscogroup","68f1da4f90ad734984f7c7b9","68f1da5e90ad734984f80a1f","escooccupation","2025-10-17T05:55:46.474Z","2025-10-17T05:55:46.474Z"
"escooccupation","68f1da5e90ad734984f80a1f","68f1da5e90ad734984f80a20","escooccupation","2025-10-17T05:55:46.474Z","2025-10-17T05:55:46.474Z"
"iscogroup","68f1da4f90ad734984f7c7e3","68f1da5e90ad734984f80a21","escooccupation","2025-10-17T05:55:46.477Z","2025-10-17T05:55:46.477Z"
"iscogroup","68f1da4f90ad734984f7c7e4","68f1da5e90ad734984f80a22","escooccupation","2025-10-17T05:55:46.477Z","2025-10-17T05:55:46.477Z"
"iscogroup","68f1da4f90ad734984f7c7e4","68f1da5e90ad734984f80a23","escooccupation","2025-10-17T05:55:46.477Z","2025-10-17T05:55:46.477Z"
"iscogroup","68f1da4f90ad734984f7c7e4","68f1da5e90ad734984f80a24","escooccupation","2025-10-17T05:55:46.477Z","2025-10-17T05:55:46.477Z"
"iscogroup","68f1da4f90ad734984f7c7e4","68f1da5e90ad734984f80a25","escooccupation","2025-10-17T05:55:46.477Z","2025-10-17T05:55:46.477Z"
"iscogroup","68f1da4f90ad734984f7c7e4","68f1da5e90ad734984f80a26","escooccupation","2025-10-17T05:55:46.477Z","2025-10-17T05:55:46.477Z"
"iscogroup","68f1da4f90ad734984f7c7e4","68f1da5e90ad734984f80a27","escooccupation","2025-10-17T05:55:46.477Z","2025-10-17T05:55:46.477Z"
"iscogroup","68f1da4f90ad734984f7c7e4","68f1da5e90ad734984f80a28","escooccupation","2025-10-17T05:55:46.477Z","2025-10-17T05:55:46.477Z"
"iscogroup","68f1da4f90ad734984f7c7e5","68f1da5e90ad734984f80a29","escooccupation","2025-10-17T05:55:46.477Z","2025-10-17T05:55:46.477Z"
"iscogroup","68f1da4f90ad734984f7c7e5","68f1da5e90ad734984f80a2a","escooccupation","2025-10-17T05:55:46.477Z","2025-10-17T05:55:46.477Z"
"iscogroup","68f1da4f90ad734984f7c7e5","68f1da5e90ad734984f80a2b","escooccupation","2025-10-17T05:55:46.477Z","2025-10-17T05:55:46.477Z"
"iscogroup","68f1da4f90ad734984f7c7e5","68f1da5e90ad734984f80a2c","escooccupation","2025-10-17T05:55:46.477Z","2025-10-17T05:55:46.477Z"
"iscogroup","68f1da4f90ad734984f7c7e7","68f1da5e90ad734984f80a2d","escooccupation","2025-10-17T05:55:46.477Z","2025-10-17T05:55:46.477Z"
"iscogroup","68f1da4f90ad734984f7c7e8","68f1da5e90ad734984f80a2e","escooccupation","2025-10-17T05:55:46.477Z","2025-10-17T05:55:46.477Z"
"iscogroup","68f1da4f90ad734984f7c7e8","68f1da5e90ad734984f80a2f","escooccupation","2025-10-17T05:55:46.477Z","2025-10-17T05:55:46.477Z"
"iscogroup","68f1da4f90ad734984f7c7e8","68f1da5e90ad734984f80a30","escooccupation","2025-10-17T05:55:46.477Z","2025-10-17T05:55:46.477Z"
"iscogroup","68f1da4f90ad734984f7c7e8","68f1da5e90ad734984f80a31","escooccupation","2025-10-17T05:55:46.477Z","2025-10-17T05:55:46.477Z"
"iscogroup","68f1da4f90ad734984f7c7e9","68f1da5e90ad734984f80a32","escooccupation","2025-10-17T05:55:46.477Z","2025-10-17T05:55:46.477Z"
"iscogroup","68f1da4f90ad734984f7c7e9","68f1da5e90ad734984f80a33","escooccupation","2025-10-17T05:55:46.477Z","2025-10-17T05:55:46.477Z"
"iscogroup","68f1da4f90ad734984f7c7ea","68f1da5e90ad734984f80a34","escooccupation","2025-10-17T05:55:46.477Z","2025-10-17T05:55:46.477Z"
"iscogroup","68f1da4f90ad734984f7c7eb","68f1da5e90ad734984f80a35","escooccupation","2025-10-17T05:55:46.477Z","2025-10-17T05:55:46.477Z"
"iscogroup","68f1da4f90ad734984f7c7eb","68f1da5e90ad734984f80a36","escooccupation","2025-10-17T05:55:46.477Z","2025-10-17T05:55:46.477Z"
"iscogroup","68f1da4f90ad734984f7c7ec","68f1da5e90ad734984f80a37","escooccupation","2025-10-17T05:55:46.477Z","2025-10-17T05:55:46.477Z"
"iscogroup","68f1da4f90ad734984f7c7ec","68f1da5e90ad734984f80a38","escooccupation","2025-10-17T05:55:46.477Z","2025-10-17T05:55:46.477Z"
"iscogroup","68f1da4f90ad734984f7c7ec","68f1da5e90ad734984f80a39","escooccupation","2025-10-17T05:55:46.477Z","2025-10-17T05:55:46.477Z"
"iscogroup","68f1da4f90ad734984f7c7ec","68f1da5e90ad734984f80a3a","escooccupation","2025-10-17T05:55:46.477Z","2025-10-17T05:55:46.477Z"
"iscogroup","68f1da4f90ad734984f7c7ec","68f1da5e90ad734984f80a3b","escooccupation","2025-10-17T05:55:46.477Z","2025-10-17T05:55:46.477Z"
"iscogroup","68f1da4f90ad734984f7c7ec","68f1da5e90ad734984f80a3c","escooccupation","2025-10-17T05:55:46.477Z","2025-10-17T05:55:46.477Z"
"iscogroup","68f1da4f90ad734984f7c7ec","68f1da5e90ad734984f80a3d","escooccupation","2025-10-17T05:55:46.477Z","2025-10-17T05:55:46.477Z"
"iscogroup","68f1da4f90ad734984f7c7ec","68f1da5e90ad734984f80a3e","escooccupation","2025-10-17T05:55:46.477Z","2025-10-17T05:55:46.477Z"
"iscogroup","68f1da4f90ad734984f7c7ec","68f1da5e90ad734984f80a3f","escooccupation","2025-10-17T05:55:46.477Z","2025-10-17T05:55:46.477Z"
"iscogroup","68f1da4f90ad734984f7c7ec","68f1da5e90ad734984f80a40","escooccupation","2025-10-17T05:55:46.477Z","2025-10-17T05:55:46.477Z"
"iscogroup","68f1da4f90ad734984f7c7ec","68f1da5e90ad734984f80a41","escooccupation","2025-10-17T05:55:46.478Z","2025-10-17T05:55:46.478Z"
"iscogroup","68f1da4f90ad734984f7c7ec","68f1da5e90ad734984f80a42","escooccupation","2025-10-17T05:55:46.478Z","2025-10-17T05:55:46.478Z"
"iscogroup","68f1da4f90ad734984f7c7ec","68f1da5e90ad734984f80a43","escooccupation","2025-10-17T05:55:46.478Z","2025-10-17T05:55:46.478Z"
"iscogroup","68f1da4f90ad734984f7c7ec","68f1da5e90ad734984f80a44","escooccupation","2025-10-17T05:55:46.478Z","2025-10-17T05:55:46.478Z"
"iscogroup","68f1da4f90ad734984f7c7ed","68f1da5e90ad734984f80a45","escooccupation","2025-10-17T05:55:46.478Z","2025-10-17T05:55:46.478Z"
"iscogroup","68f1da4f90ad734984f7c7ef","68f1da5e90ad734984f80a46","escooccupation","2025-10-17T05:55:46.478Z","2025-10-17T05:55:46.478Z"
"iscogroup","68f1da4f90ad734984f7c7ef","68f1da5e90ad734984f80a47","escooccupation","2025-10-17T05:55:46.478Z","2025-10-17T05:55:46.478Z"
"iscogroup","68f1da4f90ad734984f7c7ef","68f1da5e90ad734984f80a48","escooccupation","2025-10-17T05:55:46.478Z","2025-10-17T05:55:46.478Z"
"iscogroup","68f1da4f90ad734984f7c7f0","68f1da5e90ad734984f80a49","escooccupation","2025-10-17T05:55:46.478Z","2025-10-17T05:55:46.478Z"
"iscogroup","68f1da4f90ad734984f7c7f0","68f1da5e90ad734984f80a4a","escooccupation","2025-10-17T05:55:46.478Z","2025-10-17T05:55:46.478Z"
"iscogroup","68f1da4f90ad734984f7c7f0","68f1da5e90ad734984f80a4b","escooccupation","2025-10-17T05:55:46.478Z","2025-10-17T05:55:46.478Z"
"iscogroup","68f1da4f90ad734984f7c7f1","68f1da5e90ad734984f80a4c","escooccupation","2025-10-17T05:55:46.478Z","2025-10-17T05:55:46.478Z"
"iscogroup","68f1da4f90ad734984f7c7f1","68f1da5e90ad734984f80a4d","escooccupation","2025-10-17T05:55:46.478Z","2025-10-17T05:55:46.478Z"
"iscogroup","68f1da4f90ad734984f7c7f1","68f1da5e90ad734984f80a4e","escooccupation","2025-10-17T05:55:46.478Z","2025-10-17T05:55:46.478Z"
"iscogroup","68f1da4f90ad734984f7c7f1","68f1da5e90ad734984f80a4f","escooccupation","2025-10-17T05:55:46.478Z","2025-10-17T05:55:46.478Z"
"iscogroup","68f1da4f90ad734984f7c7f1","68f1da5e90ad734984f80a50","escooccupation","2025-10-17T05:55:46.478Z","2025-10-17T05:55:46.478Z"
"iscogroup","68f1da4f90ad734984f7c7f4","68f1da5e90ad734984f80a51","escooccupation","2025-10-17T05:55:46.478Z","2025-10-17T05:55:46.478Z"
"escooccupation","68f1da5e90ad734984f80a51","68f1da5e90ad734984f80a52","escooccupation","2025-10-17T05:55:46.478Z","2025-10-17T05:55:46.478Z"
"escooccupation","68f1da5e90ad734984f80a51","68f1da5e90ad734984f80a53","escooccupation","2025-10-17T05:55:46.478Z","2025-10-17T05:55:46.478Z"
"escooccupation","68f1da5e90ad734984f80a51","68f1da5e90ad734984f80a54","escooccupation","2025-10-17T05:55:46.478Z","2025-10-17T05:55:46.478Z"
"iscogroup","68f1da4f90ad734984f7c7f5","68f1da5e90ad734984f80a55","escooccupation","2025-10-17T05:55:46.478Z","2025-10-17T05:55:46.478Z"
"iscogroup","68f1da4f90ad734984f7c7f5","68f1da5e90ad734984f80a56","escooccupation","2025-10-17T05:55:46.478Z","2025-10-17T05:55:46.478Z"
"iscogroup","68f1da4f90ad734984f7c7f5","68f1da5e90ad734984f80a57","escooccupation","2025-10-17T05:55:46.478Z","2025-10-17T05:55:46.478Z"
"escooccupation","68f1da5e90ad734984f80a57","68f1da5e90ad734984f80a58","escooccupation","2025-10-17T05:55:46.478Z","2025-10-17T05:55:46.478Z"
"escooccupation","68f1da5e90ad734984f80a57","68f1da5e90ad734984f80a59","escooccupation","2025-10-17T05:55:46.478Z","2025-10-17T05:55:46.478Z"
"escooccupation","68f1da5e90ad734984f80a57","68f1da5e90ad734984f80a5a","escooccupation","2025-10-17T05:55:46.478Z","2025-10-17T05:55:46.478Z"
"escooccupation","68f1da5e90ad734984f80a57","68f1da5e90ad734984f80a5b","escooccupation","2025-10-17T05:55:46.478Z","2025-10-17T05:55:46.478Z"
"iscogroup","68f1da4f90ad734984f7c7f5","68f1da5e90ad734984f80a5c","escooccupation","2025-10-17T05:55:46.478Z","2025-10-17T05:55:46.478Z"
"iscogroup","68f1da4f90ad734984f7c7f6","68f1da5e90ad734984f80a5d","escooccupation","2025-10-17T05:55:46.478Z","2025-10-17T05:55:46.478Z"
"iscogroup","68f1da4f90ad734984f7c7f6","68f1da5e90ad734984f80a5e","escooccupation","2025-10-17T05:55:46.478Z","2025-10-17T05:55:46.478Z"
"iscogroup","68f1da4f90ad734984f7c7f6","68f1da5e90ad734984f80a5f","escooccupation","2025-10-17T05:55:46.478Z","2025-10-17T05:55:46.478Z"
"iscogroup","68f1da4f90ad734984f7c7f6","68f1da5e90ad734984f80a60","escooccupation","2025-10-17T05:55:46.478Z","2025-10-17T05:55:46.478Z"
"iscogroup","68f1da4f90ad734984f7c842","68f1da5e90ad734984f80a61","escooccupation","2025-10-17T05:55:46.478Z","2025-10-17T05:55:46.478Z"
"iscogroup","68f1da4f90ad734984f7c842","68f1da5e90ad734984f80a62","escooccupation","2025-10-17T05:55:46.478Z","2025-10-17T05:55:46.478Z"
"iscogroup","68f1da4f90ad734984f7c842","68f1da5e90ad734984f80a63","escooccupation","2025-10-17T05:55:46.478Z","2025-10-17T05:55:46.478Z"
"escooccupation","68f1da5e90ad734984f80a63","68f1da5e90ad734984f80a64","escooccupation","2025-10-17T05:55:46.479Z","2025-10-17T05:55:46.479Z"
"iscogroup","68f1da4f90ad734984f7c843","68f1da5e90ad734984f80a65","escooccupation","2025-10-17T05:55:46.479Z","2025-10-17T05:55:46.479Z"
"escooccupation","68f1da5e90ad734984f80a65","68f1da5e90ad734984f80a66","escooccupation","2025-10-17T05:55:46.479Z","2025-10-17T05:55:46.479Z"
"iscogroup","68f1da4f90ad734984f7c843","68f1da5e90ad734984f80a67","escooccupation","2025-10-17T05:55:46.479Z","2025-10-17T05:55:46.479Z"
"escooccupation","68f1da5e90ad734984f80a67","68f1da5e90ad734984f80a68","escooccupation","2025-10-17T05:55:46.479Z","2025-10-17T05:55:46.479Z"
"escooccupation","68f1da5e90ad734984f80a67","68f1da5e90ad734984f80a69","escooccupation","2025-10-17T05:55:46.479Z","2025-10-17T05:55:46.479Z"
"escooccupation","68f1da5e90ad734984f80a67","68f1da5e90ad734984f80a6a","escooccupation","2025-10-17T05:55:46.479Z","2025-10-17T05:55:46.479Z"
"iscogroup","68f1da4f90ad734984f7c843","68f1da5e90ad734984f80a6b","escooccupation","2025-10-17T05:55:46.479Z","2025-10-17T05:55:46.479Z"
"iscogroup","68f1da4f90ad734984f7c84a","68f1da5e90ad734984f80a6c","escooccupation","2025-10-17T05:55:46.480Z","2025-10-17T05:55:46.480Z"
"iscogroup","68f1da4f90ad734984f7c84a","68f1da5e90ad734984f80a6d","escooccupation","2025-10-17T05:55:46.480Z","2025-10-17T05:55:46.480Z"
"iscogroup","68f1da4f90ad734984f7c84a","68f1da5e90ad734984f80a6e","escooccupation","2025-10-17T05:55:46.480Z","2025-10-17T05:55:46.480Z"
"iscogroup","68f1da4f90ad734984f7c84a","68f1da5e90ad734984f80a6f","escooccupation","2025-10-17T05:55:46.480Z","2025-10-17T05:55:46.480Z"
"iscogroup","68f1da4f90ad734984f7c84a","68f1da5e90ad734984f80a70","escooccupation","2025-10-17T05:55:46.480Z","2025-10-17T05:55:46.480Z"
"iscogroup","68f1da4f90ad734984f7c84a","68f1da5e90ad734984f80a71","escooccupation","2025-10-17T05:55:46.480Z","2025-10-17T05:55:46.480Z"
"iscogroup","68f1da4f90ad734984f7c84a","68f1da5e90ad734984f80a72","escooccupation","2025-10-17T05:55:46.480Z","2025-10-17T05:55:46.480Z"
"iscogroup","68f1da4f90ad734984f7c84b","68f1da5e90ad734984f80a73","escooccupation","2025-10-17T05:55:46.480Z","2025-10-17T05:55:46.480Z"
"iscogroup","68f1da4f90ad734984f7c84b","68f1da5e90ad734984f80a74","escooccupation","2025-10-17T05:55:46.480Z","2025-10-17T05:55:46.480Z"
"iscogroup","68f1da4f90ad734984f7c84b","68f1da5e90ad734984f80a75","escooccupation","2025-10-17T05:55:46.480Z","2025-10-17T05:55:46.480Z"
"iscogroup","68f1da4f90ad734984f7c84b","68f1da5e90ad734984f80a76","escooccupation","2025-10-17T05:55:46.480Z","2025-10-17T05:55:46.480Z"
"iscogroup","68f1da4f90ad734984f7c84b","68f1da5e90ad734984f80a77","escooccupation","2025-10-17T05:55:46.480Z","2025-10-17T05:55:46.480Z"
"iscogroup","68f1da4f90ad734984f7c84c","68f1da5e90ad734984f80a78","escooccupation","2025-10-17T05:55:46.481Z","2025-10-17T05:55:46.481Z"
"iscogroup","68f1da4f90ad734984f7c84c","68f1da5e90ad734984f80a79","escooccupation","2025-10-17T05:55:46.481Z","2025-10-17T05:55:46.481Z"
"iscogroup","68f1da4f90ad734984f7c84c","68f1da5e90ad734984f80a7a","escooccupation","2025-10-17T05:55:46.481Z","2025-10-17T05:55:46.481Z"
"iscogroup","68f1da4f90ad734984f7c84c","68f1da5e90ad734984f80a7b","escooccupation","2025-10-17T05:55:46.481Z","2025-10-17T05:55:46.481Z"
"iscogroup","68f1da4f90ad734984f7c84c","68f1da5e90ad734984f80a7c","escooccupation","2025-10-17T05:55:46.481Z","2025-10-17T05:55:46.481Z"
"iscogroup","68f1da4f90ad734984f7c84c","68f1da5e90ad734984f80a7d","escooccupation","2025-10-17T05:55:46.481Z","2025-10-17T05:55:46.481Z"
"iscogroup","68f1da4f90ad734984f7c84c","68f1da5e90ad734984f80a7e","escooccupation","2025-10-17T05:55:46.481Z","2025-10-17T05:55:46.481Z"
"iscogroup","68f1da4f90ad734984f7c84c","68f1da5e90ad734984f80a7f","escooccupation","2025-10-17T05:55:46.481Z","2025-10-17T05:55:46.481Z"
"iscogroup","68f1da4f90ad734984f7c84c","68f1da5e90ad734984f80a80","escooccupation","2025-10-17T05:55:46.481Z","2025-10-17T05:55:46.481Z"
"iscogroup","68f1da4f90ad734984f7c84c","68f1da5e90ad734984f80a81","escooccupation","2025-10-17T05:55:46.481Z","2025-10-17T05:55:46.481Z"
"iscogroup","68f1da4f90ad734984f7c84c","68f1da5e90ad734984f80a82","escooccupation","2025-10-17T05:55:46.481Z","2025-10-17T05:55:46.481Z"
"iscogroup","68f1da4f90ad734984f7c84c","68f1da5e90ad734984f80a83","escooccupation","2025-10-17T05:55:46.481Z","2025-10-17T05:55:46.481Z"
"iscogroup","68f1da4f90ad734984f7c84c","68f1da5e90ad734984f80a84","escooccupation","2025-10-17T05:55:46.481Z","2025-10-17T05:55:46.481Z"
"iscogroup","68f1da4f90ad734984f7c843","68f1da5e90ad734984f80a85","escooccupation","2025-10-17T05:55:46.479Z","2025-10-17T05:55:46.479Z"
"iscogroup","68f1da4f90ad734984f7c845","68f1da5e90ad734984f80a86","escooccupation","2025-10-17T05:55:46.479Z","2025-10-17T05:55:46.479Z"
"escooccupation","68f1da5e90ad734984f80a86","68f1da5e90ad734984f80a87","escooccupation","2025-10-17T05:55:46.479Z","2025-10-17T05:55:46.479Z"
"iscogroup","68f1da4f90ad734984f7c845","68f1da5e90ad734984f80a88","escooccupation","2025-10-17T05:55:46.479Z","2025-10-17T05:55:46.479Z"
"iscogroup","68f1da4f90ad734984f7c845","68f1da5e90ad734984f80a89","escooccupation","2025-10-17T05:55:46.479Z","2025-10-17T05:55:46.479Z"
"iscogroup","68f1da4f90ad734984f7c845","68f1da5e90ad734984f80a8a","escooccupation","2025-10-17T05:55:46.479Z","2025-10-17T05:55:46.479Z"
"iscogroup","68f1da4f90ad734984f7c846","68f1da5e90ad734984f80a8b","escooccupation","2025-10-17T05:55:46.479Z","2025-10-17T05:55:46.479Z"
"iscogroup","68f1da4f90ad734984f7c846","68f1da5e90ad734984f80a8c","escooccupation","2025-10-17T05:55:46.479Z","2025-10-17T05:55:46.479Z"
"iscogroup","68f1da4f90ad734984f7c846","68f1da5e90ad734984f80a8d","escooccupation","2025-10-17T05:55:46.479Z","2025-10-17T05:55:46.479Z"
"iscogroup","68f1da4f90ad734984f7c846","68f1da5e90ad734984f80a8e","escooccupation","2025-10-17T05:55:46.479Z","2025-10-17T05:55:46.479Z"
"iscogroup","68f1da4f90ad734984f7c846","68f1da5e90ad734984f80a8f","escooccupation","2025-10-17T05:55:46.479Z","2025-10-17T05:55:46.479Z"
"iscogroup","68f1da4f90ad734984f7c847","68f1da5e90ad734984f80a90","escooccupation","2025-10-17T05:55:46.479Z","2025-10-17T05:55:46.479Z"
"iscogroup","68f1da4f90ad734984f7c847","68f1da5e90ad734984f80a91","escooccupation","2025-10-17T05:55:46.479Z","2025-10-17T05:55:46.479Z"
"iscogroup","68f1da4f90ad734984f7c847","68f1da5e90ad734984f80a92","escooccupation","2025-10-17T05:55:46.479Z","2025-10-17T05:55:46.479Z"
"iscogroup","68f1da4f90ad734984f7c847","68f1da5e90ad734984f80a93","escooccupation","2025-10-17T05:55:46.479Z","2025-10-17T05:55:46.479Z"
"iscogroup","68f1da4f90ad734984f7c847","68f1da5e90ad734984f80a94","escooccupation","2025-10-17T05:55:46.479Z","2025-10-17T05:55:46.479Z"
"iscogroup","68f1da4f90ad734984f7c847","68f1da5e90ad734984f80a95","escooccupation","2025-10-17T05:55:46.479Z","2025-10-17T05:55:46.479Z"
"iscogroup","68f1da4f90ad734984f7c847","68f1da5e90ad734984f80a96","escooccupation","2025-10-17T05:55:46.479Z","2025-10-17T05:55:46.479Z"
"iscogroup","68f1da4f90ad734984f7c847","68f1da5e90ad734984f80a97","escooccupation","2025-10-17T05:55:46.479Z","2025-10-17T05:55:46.479Z"
"iscogroup","68f1da4f90ad734984f7c847","68f1da5e90ad734984f80a98","escooccupation","2025-10-17T05:55:46.479Z","2025-10-17T05:55:46.479Z"
"iscogroup","68f1da4f90ad734984f7c847","68f1da5e90ad734984f80a99","escooccupation","2025-10-17T05:55:46.479Z","2025-10-17T05:55:46.479Z"
"iscogroup","68f1da4f90ad734984f7c847","68f1da5e90ad734984f80a9a","escooccupation","2025-10-17T05:55:46.479Z","2025-10-17T05:55:46.479Z"
"iscogroup","68f1da4f90ad734984f7c847","68f1da5e90ad734984f80a9b","escooccupation","2025-10-17T05:55:46.479Z","2025-10-17T05:55:46.479Z"
"iscogroup","68f1da4f90ad734984f7c847","68f1da5e90ad734984f80a9c","escooccupation","2025-10-17T05:55:46.479Z","2025-10-17T05:55:46.479Z"
"iscogroup","68f1da4f90ad734984f7c847","68f1da5e90ad734984f80a9d","escooccupation","2025-10-17T05:55:46.479Z","2025-10-17T05:55:46.479Z"
"iscogroup","68f1da4f90ad734984f7c84c","68f1da5e90ad734984f80a9e","escooccupation","2025-10-17T05:55:46.481Z","2025-10-17T05:55:46.481Z"
"escooccupation","68f1da5e90ad734984f80a9e","68f1da5e90ad734984f80a9f","escooccupation","2025-10-17T05:55:46.481Z","2025-10-17T05:55:46.481Z"
"escooccupation","68f1da5e90ad734984f80a9e","68f1da5e90ad734984f80aa0","escooccupation","2025-10-17T05:55:46.481Z","2025-10-17T05:55:46.481Z"
"iscogroup","68f1da4f90ad734984f7c84c","68f1da5e90ad734984f80aa1","escooccupation","2025-10-17T05:55:46.481Z","2025-10-17T05:55:46.481Z"
"iscogroup","68f1da4f90ad734984f7c84d","68f1da5e90ad734984f80aa2","escooccupation","2025-10-17T05:55:46.481Z","2025-10-17T05:55:46.481Z"
"iscogroup","68f1da4f90ad734984f7c850","68f1da5e90ad734984f80aa3","escooccupation","2025-10-17T05:55:46.481Z","2025-10-17T05:55:46.481Z"
"iscogroup","68f1da4f90ad734984f7c850","68f1da5e90ad734984f80aa4","escooccupation","2025-10-17T05:55:46.481Z","2025-10-17T05:55:46.481Z"
"iscogroup","68f1da4f90ad734984f7c850","68f1da5e90ad734984f80aa5","escooccupation","2025-10-17T05:55:46.481Z","2025-10-17T05:55:46.481Z"
"iscogroup","68f1da4f90ad734984f7c850","68f1da5e90ad734984f80aa6","escooccupation","2025-10-17T05:55:46.489Z","2025-10-17T05:55:46.489Z"
"iscogroup","68f1da4f90ad734984f7c850","68f1da5e90ad734984f80aa7","escooccupation","2025-10-17T05:55:46.489Z","2025-10-17T05:55:46.489Z"
"iscogroup","68f1da4f90ad734984f7c850","68f1da5e90ad734984f80aa8","escooccupation","2025-10-17T05:55:46.489Z","2025-10-17T05:55:46.489Z"
"iscogroup","68f1da4f90ad734984f7c851","68f1da5e90ad734984f80aa9","escooccupation","2025-10-17T05:55:46.489Z","2025-10-17T05:55:46.489Z"
"iscogroup","68f1da4f90ad734984f7c851","68f1da5e90ad734984f80aaa","escooccupation","2025-10-17T05:55:46.489Z","2025-10-17T05:55:46.489Z"
"iscogroup","68f1da4f90ad734984f7c851","68f1da5e90ad734984f80aab","escooccupation","2025-10-17T05:55:46.490Z","2025-10-17T05:55:46.490Z"
"escooccupation","68f1da5e90ad734984f80aab","68f1da5e90ad734984f80aac","escooccupation","2025-10-17T05:55:46.490Z","2025-10-17T05:55:46.490Z"
"escooccupation","68f1da5e90ad734984f80aab","68f1da5e90ad734984f80aad","escooccupation","2025-10-17T05:55:46.490Z","2025-10-17T05:55:46.490Z"
"escooccupation","68f1da5e90ad734984f80aab","68f1da5e90ad734984f80aae","escooccupation","2025-10-17T05:55:46.490Z","2025-10-17T05:55:46.490Z"
"iscogroup","68f1da4f90ad734984f7c851","68f1da5e90ad734984f80aaf","escooccupation","2025-10-17T05:55:46.490Z","2025-10-17T05:55:46.490Z"
"iscogroup","68f1da4f90ad734984f7c851","68f1da5e90ad734984f80ab0","escooccupation","2025-10-17T05:55:46.490Z","2025-10-17T05:55:46.490Z"
"iscogroup","68f1da4f90ad734984f7c851","68f1da5e90ad734984f80ab1","escooccupation","2025-10-17T05:55:46.490Z","2025-10-17T05:55:46.490Z"
"escooccupation","68f1da5e90ad734984f80ab1","68f1da5e90ad734984f80ab2","escooccupation","2025-10-17T05:55:46.490Z","2025-10-17T05:55:46.490Z"
"escooccupation","68f1da5e90ad734984f80ab1","68f1da5e90ad734984f80ab3","escooccupation","2025-10-17T05:55:46.490Z","2025-10-17T05:55:46.490Z"
"escooccupation","68f1da5e90ad734984f80ab1","68f1da5e90ad734984f80ab4","escooccupation","2025-10-17T05:55:46.490Z","2025-10-17T05:55:46.490Z"
"iscogroup","68f1da4f90ad734984f7c851","68f1da5e90ad734984f80ab5","escooccupation","2025-10-17T05:55:46.490Z","2025-10-17T05:55:46.490Z"
"iscogroup","68f1da4f90ad734984f7c852","68f1da5e90ad734984f80ab6","escooccupation","2025-10-17T05:55:46.490Z","2025-10-17T05:55:46.490Z"
"escooccupation","68f1da5e90ad734984f80ab6","68f1da5e90ad734984f80ab7","escooccupation","2025-10-17T05:55:46.490Z","2025-10-17T05:55:46.490Z"
"escooccupation","68f1da5e90ad734984f80ab6","68f1da5e90ad734984f80ab8","escooccupation","2025-10-17T05:55:46.490Z","2025-10-17T05:55:46.490Z"
"escooccupation","68f1da5e90ad734984f80ab6","68f1da5e90ad734984f80ab9","escooccupation","2025-10-17T05:55:46.490Z","2025-10-17T05:55:46.490Z"
"escooccupation","68f1da5e90ad734984f80ab6","68f1da5e90ad734984f80aba","escooccupation","2025-10-17T05:55:46.490Z","2025-10-17T05:55:46.490Z"
"escooccupation","68f1da5e90ad734984f80ab6","68f1da5e90ad734984f80abb","escooccupation","2025-10-17T05:55:46.490Z","2025-10-17T05:55:46.490Z"
"escooccupation","68f1da5e90ad734984f80ab6","68f1da5e90ad734984f80abc","escooccupation","2025-10-17T05:55:46.490Z","2025-10-17T05:55:46.490Z"
"escooccupation","68f1da5e90ad734984f80ab6","68f1da5e90ad734984f80abd","escooccupation","2025-10-17T05:55:46.490Z","2025-10-17T05:55:46.490Z"
"escooccupation","68f1da5e90ad734984f80ab6","68f1da5e90ad734984f80abe","escooccupation","2025-10-17T05:55:46.490Z","2025-10-17T05:55:46.490Z"
"iscogroup","68f1da4f90ad734984f7c852","68f1da5e90ad734984f80abf","escooccupation","2025-10-17T05:55:46.490Z","2025-10-17T05:55:46.490Z"
"iscogroup","68f1da4f90ad734984f7c853","68f1da5e90ad734984f80ac0","escooccupation","2025-10-17T05:55:46.490Z","2025-10-17T05:55:46.490Z"
"iscogroup","68f1da4f90ad734984f7c853","68f1da5e90ad734984f80ac1","escooccupation","2025-10-17T05:55:46.490Z","2025-10-17T05:55:46.490Z"
"iscogroup","68f1da4f90ad734984f7c853","68f1da5e90ad734984f80ac2","escooccupation","2025-10-17T05:55:46.490Z","2025-10-17T05:55:46.490Z"
"iscogroup","68f1da4f90ad734984f7c854","68f1da5e90ad734984f80ac3","escooccupation","2025-10-17T05:55:46.490Z","2025-10-17T05:55:46.490Z"
"iscogroup","68f1da4f90ad734984f7c854","68f1da5e90ad734984f80ac4","escooccupation","2025-10-17T05:55:46.490Z","2025-10-17T05:55:46.490Z"
"iscogroup","68f1da4f90ad734984f7c855","68f1da5e90ad734984f80ac5","escooccupation","2025-10-17T05:55:46.490Z","2025-10-17T05:55:46.490Z"
"escooccupation","68f1da5e90ad734984f80ac5","68f1da5e90ad734984f80ac6","escooccupation","2025-10-17T05:55:46.490Z","2025-10-17T05:55:46.490Z"
"escooccupation","68f1da5e90ad734984f80ac5","68f1da5e90ad734984f80ac7","escooccupation","2025-10-17T05:55:46.490Z","2025-10-17T05:55:46.490Z"
"escooccupation","68f1da5e90ad734984f80ac5","68f1da5e90ad734984f80ac8","escooccupation","2025-10-17T05:55:46.490Z","2025-10-17T05:55:46.490Z"
"escooccupation","68f1da5e90ad734984f80ac5","68f1da5e90ad734984f80ac9","escooccupation","2025-10-17T05:55:46.490Z","2025-10-17T05:55:46.490Z"
"iscogroup","68f1da4f90ad734984f7c855","68f1da5e90ad734984f80aca","escooccupation","2025-10-17T05:55:46.490Z","2025-10-17T05:55:46.490Z"
"iscogroup","68f1da4f90ad734984f7c855","68f1da5e90ad734984f80acb","escooccupation","2025-10-17T05:55:46.490Z","2025-10-17T05:55:46.490Z"
"iscogroup","68f1da4f90ad734984f7c855","68f1da5e90ad734984f80acc","escooccupation","2025-10-17T05:55:46.490Z","2025-10-17T05:55:46.490Z"
"iscogroup","68f1da4f90ad734984f7c856","68f1da5e90ad734984f80acd","escooccupation","2025-10-17T05:55:46.491Z","2025-10-17T05:55:46.491Z"
"iscogroup","68f1da4f90ad734984f7c856","68f1da5e90ad734984f80ace","escooccupation","2025-10-17T05:55:46.491Z","2025-10-17T05:55:46.491Z"
"iscogroup","68f1da4f90ad734984f7c856","68f1da5e90ad734984f80acf","escooccupation","2025-10-17T05:55:46.491Z","2025-10-17T05:55:46.491Z"
"iscogroup","68f1da4f90ad734984f7c847","68f1da5e90ad734984f80ad0","escooccupation","2025-10-17T05:55:46.479Z","2025-10-17T05:55:46.479Z"
"iscogroup","68f1da4f90ad734984f7c847","68f1da5e90ad734984f80ad1","escooccupation","2025-10-17T05:55:46.480Z","2025-10-17T05:55:46.480Z"
"iscogroup","68f1da4f90ad734984f7c847","68f1da5e90ad734984f80ad2","escooccupation","2025-10-17T05:55:46.480Z","2025-10-17T05:55:46.480Z"
"iscogroup","68f1da4f90ad734984f7c847","68f1da5e90ad734984f80ad3","escooccupation","2025-10-17T05:55:46.480Z","2025-10-17T05:55:46.480Z"
"iscogroup","68f1da4f90ad734984f7c847","68f1da5e90ad734984f80ad4","escooccupation","2025-10-17T05:55:46.480Z","2025-10-17T05:55:46.480Z"
"iscogroup","68f1da4f90ad734984f7c847","68f1da5e90ad734984f80ad5","escooccupation","2025-10-17T05:55:46.480Z","2025-10-17T05:55:46.480Z"
"escooccupation","68f1da5e90ad734984f80ad5","68f1da5e90ad734984f80ad6","escooccupation","2025-10-17T05:55:46.480Z","2025-10-17T05:55:46.480Z"
"escooccupation","68f1da5e90ad734984f80ad5","68f1da5e90ad734984f80ad7","escooccupation","2025-10-17T05:55:46.480Z","2025-10-17T05:55:46.480Z"
"escooccupation","68f1da5e90ad734984f80ad5","68f1da5e90ad734984f80ad8","escooccupation","2025-10-17T05:55:46.480Z","2025-10-17T05:55:46.480Z"
"escooccupation","68f1da5e90ad734984f80ad5","68f1da5e90ad734984f80ad9","escooccupation","2025-10-17T05:55:46.480Z","2025-10-17T05:55:46.480Z"
"escooccupation","68f1da5e90ad734984f80ad9","68f1da5e90ad734984f80ada","escooccupation","2025-10-17T05:55:46.480Z","2025-10-17T05:55:46.480Z"
"escooccupation","68f1da5e90ad734984f80ad5","68f1da5e90ad734984f80adb","escooccupation","2025-10-17T05:55:46.480Z","2025-10-17T05:55:46.480Z"
"escooccupation","68f1da5e90ad734984f80ad5","68f1da5e90ad734984f80adc","escooccupation","2025-10-17T05:55:46.480Z","2025-10-17T05:55:46.480Z"
"escooccupation","68f1da5e90ad734984f80ad5","68f1da5e90ad734984f80add","escooccupation","2025-10-17T05:55:46.480Z","2025-10-17T05:55:46.480Z"
"escooccupation","68f1da5e90ad734984f80ad5","68f1da5e90ad734984f80ade","escooccupation","2025-10-17T05:55:46.480Z","2025-10-17T05:55:46.480Z"
"iscogroup","68f1da4f90ad734984f7c847","68f1da5e90ad734984f80adf","escooccupation","2025-10-17T05:55:46.480Z","2025-10-17T05:55:46.480Z"
"iscogroup","68f1da4f90ad734984f7c847","68f1da5e90ad734984f80ae0","escooccupation","2025-10-17T05:55:46.480Z","2025-10-17T05:55:46.480Z"
"iscogroup","68f1da4f90ad734984f7c847","68f1da5e90ad734984f80ae1","escooccupation","2025-10-17T05:55:46.480Z","2025-10-17T05:55:46.480Z"
"iscogroup","68f1da4f90ad734984f7c847","68f1da5e90ad734984f80ae2","escooccupation","2025-10-17T05:55:46.480Z","2025-10-17T05:55:46.480Z"
"iscogroup","68f1da4f90ad734984f7c847","68f1da5e90ad734984f80ae3","escooccupation","2025-10-17T05:55:46.480Z","2025-10-17T05:55:46.480Z"
"iscogroup","68f1da4f90ad734984f7c848","68f1da5e90ad734984f80ae4","escooccupation","2025-10-17T05:55:46.480Z","2025-10-17T05:55:46.480Z"
"iscogroup","68f1da4f90ad734984f7c848","68f1da5e90ad734984f80ae5","escooccupation","2025-10-17T05:55:46.480Z","2025-10-17T05:55:46.480Z"
"iscogroup","68f1da4f90ad734984f7c84a","68f1da5e90ad734984f80ae6","escooccupation","2025-10-17T05:55:46.480Z","2025-10-17T05:55:46.480Z"
"iscogroup","68f1da4f90ad734984f7c84a","68f1da5e90ad734984f80ae7","escooccupation","2025-10-17T05:55:46.480Z","2025-10-17T05:55:46.480Z"
"iscogroup","68f1da4f90ad734984f7c84a","68f1da5e90ad734984f80ae8","escooccupation","2025-10-17T05:55:46.480Z","2025-10-17T05:55:46.480Z"
"iscogroup","68f1da4f90ad734984f7c803","68f1da5e90ad734984f80ae9","escooccupation","2025-10-17T05:55:46.493Z","2025-10-17T05:55:46.493Z"
"iscogroup","68f1da4f90ad734984f7c803","68f1da5e90ad734984f80aea","escooccupation","2025-10-17T05:55:46.493Z","2025-10-17T05:55:46.493Z"
"iscogroup","68f1da4f90ad734984f7c803","68f1da5e90ad734984f80aeb","escooccupation","2025-10-17T05:55:46.493Z","2025-10-17T05:55:46.493Z"
"iscogroup","68f1da4f90ad734984f7c803","68f1da5e90ad734984f80aec","escooccupation","2025-10-17T05:55:46.493Z","2025-10-17T05:55:46.493Z"
"escooccupation","68f1da5e90ad734984f80aec","68f1da5e90ad734984f80aed","escooccupation","2025-10-17T05:55:46.493Z","2025-10-17T05:55:46.493Z"
"escooccupation","68f1da5e90ad734984f80aec","68f1da5e90ad734984f80aee","escooccupation","2025-10-17T05:55:46.493Z","2025-10-17T05:55:46.493Z"
"iscogroup","68f1da4f90ad734984f7c804","68f1da5e90ad734984f80aef","escooccupation","2025-10-17T05:55:46.493Z","2025-10-17T05:55:46.493Z"
"iscogroup","68f1da4f90ad734984f7c804","68f1da5e90ad734984f80af0","escooccupation","2025-10-17T05:55:46.493Z","2025-10-17T05:55:46.493Z"
"iscogroup","68f1da4f90ad734984f7c804","68f1da5e90ad734984f80af1","escooccupation","2025-10-17T05:55:46.493Z","2025-10-17T05:55:46.493Z"
"iscogroup","68f1da4f90ad734984f7c804","68f1da5e90ad734984f80af2","escooccupation","2025-10-17T05:55:46.493Z","2025-10-17T05:55:46.493Z"
"iscogroup","68f1da4f90ad734984f7c804","68f1da5e90ad734984f80af3","escooccupation","2025-10-17T05:55:46.493Z","2025-10-17T05:55:46.493Z"
"iscogroup","68f1da4f90ad734984f7c805","68f1da5e90ad734984f80af4","escooccupation","2025-10-17T05:55:46.493Z","2025-10-17T05:55:46.493Z"
"iscogroup","68f1da4f90ad734984f7c805","68f1da5e90ad734984f80af5","escooccupation","2025-10-17T05:55:46.493Z","2025-10-17T05:55:46.493Z"
"iscogroup","68f1da4f90ad734984f7c806","68f1da5e90ad734984f80af6","escooccupation","2025-10-17T05:55:46.493Z","2025-10-17T05:55:46.493Z"
"iscogroup","68f1da4f90ad734984f7c806","68f1da5e90ad734984f80af7","escooccupation","2025-10-17T05:55:46.493Z","2025-10-17T05:55:46.493Z"
"iscogroup","68f1da4f90ad734984f7c806","68f1da5e90ad734984f80af8","escooccupation","2025-10-17T05:55:46.493Z","2025-10-17T05:55:46.493Z"
"iscogroup","68f1da4f90ad734984f7c807","68f1da5e90ad734984f80af9","escooccupation","2025-10-17T05:55:46.493Z","2025-10-17T05:55:46.493Z"
"iscogroup","68f1da4f90ad734984f7c807","68f1da5e90ad734984f80afa","escooccupation","2025-10-17T05:55:46.493Z","2025-10-17T05:55:46.493Z"
"iscogroup","68f1da4f90ad734984f7c807","68f1da5e90ad734984f80afb","escooccupation","2025-10-17T05:55:46.493Z","2025-10-17T05:55:46.493Z"
"iscogroup","68f1da4f90ad734984f7c807","68f1da5e90ad734984f80afc","escooccupation","2025-10-17T05:55:46.493Z","2025-10-17T05:55:46.493Z"
"iscogroup","68f1da4f90ad734984f7c807","68f1da5e90ad734984f80afd","escooccupation","2025-10-17T05:55:46.493Z","2025-10-17T05:55:46.493Z"
"iscogroup","68f1da4f90ad734984f7c808","68f1da5e90ad734984f80afe","escooccupation","2025-10-17T05:55:46.493Z","2025-10-17T05:55:46.493Z"
"iscogroup","68f1da4f90ad734984f7c808","68f1da5e90ad734984f80aff","escooccupation","2025-10-17T05:55:46.493Z","2025-10-17T05:55:46.493Z"
"iscogroup","68f1da4f90ad734984f7c808","68f1da5e90ad734984f80b00","escooccupation","2025-10-17T05:55:46.493Z","2025-10-17T05:55:46.493Z"
"iscogroup","68f1da4f90ad734984f7c80a","68f1da5e90ad734984f80b01","escooccupation","2025-10-17T05:55:46.493Z","2025-10-17T05:55:46.493Z"
"iscogroup","68f1da4f90ad734984f7c7fc","68f1da5e90ad734984f80b02","escooccupation","2025-10-17T05:55:46.492Z","2025-10-17T05:55:46.492Z"
"iscogroup","68f1da4f90ad734984f7c7fd","68f1da5e90ad734984f80b03","escooccupation","2025-10-17T05:55:46.492Z","2025-10-17T05:55:46.492Z"
"escooccupation","68f1da5e90ad734984f80b03","68f1da5e90ad734984f80b04","escooccupation","2025-10-17T05:55:46.492Z","2025-10-17T05:55:46.492Z"
"escooccupation","68f1da5e90ad734984f80b03","68f1da5e90ad734984f80b05","escooccupation","2025-10-17T05:55:46.492Z","2025-10-17T05:55:46.492Z"
"escooccupation","68f1da5e90ad734984f80b03","68f1da5e90ad734984f80b06","escooccupation","2025-10-17T05:55:46.492Z","2025-10-17T05:55:46.492Z"
"iscogroup","68f1da4f90ad734984f7c7ff","68f1da5e90ad734984f80b07","escooccupation","2025-10-17T05:55:46.492Z","2025-10-17T05:55:46.492Z"
"iscogroup","68f1da4f90ad734984f7c7ff","68f1da5e90ad734984f80b08","escooccupation","2025-10-17T05:55:46.492Z","2025-10-17T05:55:46.492Z"
"iscogroup","68f1da4f90ad734984f7c7ff","68f1da5e90ad734984f80b09","escooccupation","2025-10-17T05:55:46.492Z","2025-10-17T05:55:46.492Z"
"iscogroup","68f1da4f90ad734984f7c7ff","68f1da5e90ad734984f80b0a","escooccupation","2025-10-17T05:55:46.492Z","2025-10-17T05:55:46.492Z"
"iscogroup","68f1da4f90ad734984f7c7ff","68f1da5e90ad734984f80b0b","escooccupation","2025-10-17T05:55:46.492Z","2025-10-17T05:55:46.492Z"
"iscogroup","68f1da4f90ad734984f7c7ff","68f1da5e90ad734984f80b0c","escooccupation","2025-10-17T05:55:46.492Z","2025-10-17T05:55:46.492Z"
"iscogroup","68f1da4f90ad734984f7c7ff","68f1da5e90ad734984f80b0d","escooccupation","2025-10-17T05:55:46.492Z","2025-10-17T05:55:46.492Z"
"iscogroup","68f1da4f90ad734984f7c7ff","68f1da5e90ad734984f80b0e","escooccupation","2025-10-17T05:55:46.492Z","2025-10-17T05:55:46.492Z"
"iscogroup","68f1da4f90ad734984f7c800","68f1da5e90ad734984f80b0f","escooccupation","2025-10-17T05:55:46.492Z","2025-10-17T05:55:46.492Z"
"iscogroup","68f1da4f90ad734984f7c800","68f1da5e90ad734984f80b10","escooccupation","2025-10-17T05:55:46.492Z","2025-10-17T05:55:46.492Z"
"iscogroup","68f1da4f90ad734984f7c800","68f1da5e90ad734984f80b11","escooccupation","2025-10-17T05:55:46.492Z","2025-10-17T05:55:46.492Z"
"escooccupation","68f1da5e90ad734984f80b11","68f1da5e90ad734984f80b12","escooccupation","2025-10-17T05:55:46.492Z","2025-10-17T05:55:46.492Z"
"iscogroup","68f1da4f90ad734984f7c800","68f1da5e90ad734984f80b13","escooccupation","2025-10-17T05:55:46.492Z","2025-10-17T05:55:46.492Z"
"iscogroup","68f1da4f90ad734984f7c800","68f1da5e90ad734984f80b14","escooccupation","2025-10-17T05:55:46.493Z","2025-10-17T05:55:46.493Z"
"iscogroup","68f1da4f90ad734984f7c800","68f1da5e90ad734984f80b15","escooccupation","2025-10-17T05:55:46.493Z","2025-10-17T05:55:46.493Z"
"iscogroup","68f1da4f90ad734984f7c800","68f1da5e90ad734984f80b16","escooccupation","2025-10-17T05:55:46.493Z","2025-10-17T05:55:46.493Z"
"iscogroup","68f1da4f90ad734984f7c803","68f1da5e90ad734984f80b17","escooccupation","2025-10-17T05:55:46.493Z","2025-10-17T05:55:46.493Z"
"escooccupation","68f1da5e90ad734984f80b17","68f1da5e90ad734984f80b18","escooccupation","2025-10-17T05:55:46.493Z","2025-10-17T05:55:46.493Z"
"escooccupation","68f1da5e90ad734984f80b17","68f1da5e90ad734984f80b19","escooccupation","2025-10-17T05:55:46.493Z","2025-10-17T05:55:46.493Z"
"iscogroup","68f1da4f90ad734984f7c803","68f1da5e90ad734984f80b1a","escooccupation","2025-10-17T05:55:46.493Z","2025-10-17T05:55:46.493Z"
"iscogroup","68f1da4f90ad734984f7c7f7","68f1da5e90ad734984f80b1b","escooccupation","2025-10-17T05:55:46.491Z","2025-10-17T05:55:46.491Z"
"iscogroup","68f1da4f90ad734984f7c7f7","68f1da5e90ad734984f80b1c","escooccupation","2025-10-17T05:55:46.491Z","2025-10-17T05:55:46.491Z"
"iscogroup","68f1da4f90ad734984f7c7f7","68f1da5e90ad734984f80b1d","escooccupation","2025-10-17T05:55:46.491Z","2025-10-17T05:55:46.491Z"
"iscogroup","68f1da4f90ad734984f7c7f8","68f1da5e90ad734984f80b1e","escooccupation","2025-10-17T05:55:46.491Z","2025-10-17T05:55:46.491Z"
"iscogroup","68f1da4f90ad734984f7c7f8","68f1da5e90ad734984f80b1f","escooccupation","2025-10-17T05:55:46.491Z","2025-10-17T05:55:46.491Z"
"iscogroup","68f1da4f90ad734984f7c7f8","68f1da5e90ad734984f80b20","escooccupation","2025-10-17T05:55:46.491Z","2025-10-17T05:55:46.491Z"
"iscogroup","68f1da4f90ad734984f7c7f8","68f1da5e90ad734984f80b21","escooccupation","2025-10-17T05:55:46.491Z","2025-10-17T05:55:46.491Z"
"iscogroup","68f1da4f90ad734984f7c7fb","68f1da5e90ad734984f80b22","escooccupation","2025-10-17T05:55:46.492Z","2025-10-17T05:55:46.492Z"
"escooccupation","68f1da5e90ad734984f80b22","68f1da5e90ad734984f80b23","escooccupation","2025-10-17T05:55:46.492Z","2025-10-17T05:55:46.492Z"
"escooccupation","68f1da5e90ad734984f80b23","68f1da5e90ad734984f80b24","escooccupation","2025-10-17T05:55:46.492Z","2025-10-17T05:55:46.492Z"
"escooccupation","68f1da5e90ad734984f80b23","68f1da5e90ad734984f80b25","escooccupation","2025-10-17T05:55:46.492Z","2025-10-17T05:55:46.492Z"
"escooccupation","68f1da5e90ad734984f80b22","68f1da5e90ad734984f80b26","escooccupation","2025-10-17T05:55:46.492Z","2025-10-17T05:55:46.492Z"
"escooccupation","68f1da5e90ad734984f80b22","68f1da5e90ad734984f80b27","escooccupation","2025-10-17T05:55:46.492Z","2025-10-17T05:55:46.492Z"
"escooccupation","68f1da5e90ad734984f80b22","68f1da5e90ad734984f80b28","escooccupation","2025-10-17T05:55:46.492Z","2025-10-17T05:55:46.492Z"
"iscogroup","68f1da4f90ad734984f7c7fc","68f1da5e90ad734984f80b29","escooccupation","2025-10-17T05:55:46.492Z","2025-10-17T05:55:46.492Z"
"iscogroup","68f1da4f90ad734984f7c7fc","68f1da5e90ad734984f80b2a","escooccupation","2025-10-17T05:55:46.492Z","2025-10-17T05:55:46.492Z"
"iscogroup","68f1da4f90ad734984f7c7fc","68f1da5e90ad734984f80b2b","escooccupation","2025-10-17T05:55:46.492Z","2025-10-17T05:55:46.492Z"
"iscogroup","68f1da4f90ad734984f7c7fc","68f1da5e90ad734984f80b2c","escooccupation","2025-10-17T05:55:46.492Z","2025-10-17T05:55:46.492Z"
"iscogroup","68f1da4f90ad734984f7c7fc","68f1da5e90ad734984f80b2d","escooccupation","2025-10-17T05:55:46.492Z","2025-10-17T05:55:46.492Z"
"iscogroup","68f1da4f90ad734984f7c7fc","68f1da5e90ad734984f80b2e","escooccupation","2025-10-17T05:55:46.492Z","2025-10-17T05:55:46.492Z"
"iscogroup","68f1da4f90ad734984f7c7fc","68f1da5e90ad734984f80b2f","escooccupation","2025-10-17T05:55:46.492Z","2025-10-17T05:55:46.492Z"
"iscogroup","68f1da4f90ad734984f7c7fc","68f1da5e90ad734984f80b30","escooccupation","2025-10-17T05:55:46.492Z","2025-10-17T05:55:46.492Z"
"iscogroup","68f1da4f90ad734984f7c7fc","68f1da5e90ad734984f80b31","escooccupation","2025-10-17T05:55:46.492Z","2025-10-17T05:55:46.492Z"
"iscogroup","68f1da4f90ad734984f7c7fc","68f1da5e90ad734984f80b32","escooccupation","2025-10-17T05:55:46.492Z","2025-10-17T05:55:46.492Z"
"iscogroup","68f1da4f90ad734984f7c7fc","68f1da5e90ad734984f80b33","escooccupation","2025-10-17T05:55:46.492Z","2025-10-17T05:55:46.492Z"
"iscogroup","68f1da4f90ad734984f7c856","68f1da5e90ad734984f80b34","escooccupation","2025-10-17T05:55:46.491Z","2025-10-17T05:55:46.491Z"
"iscogroup","68f1da4f90ad734984f7c856","68f1da5e90ad734984f80b35","escooccupation","2025-10-17T05:55:46.491Z","2025-10-17T05:55:46.491Z"
"iscogroup","68f1da4f90ad734984f7c856","68f1da5e90ad734984f80b36","escooccupation","2025-10-17T05:55:46.491Z","2025-10-17T05:55:46.491Z"
"iscogroup","68f1da4f90ad734984f7c857","68f1da5e90ad734984f80b37","escooccupation","2025-10-17T05:55:46.491Z","2025-10-17T05:55:46.491Z"
"iscogroup","68f1da4f90ad734984f7c857","68f1da5e90ad734984f80b38","escooccupation","2025-10-17T05:55:46.491Z","2025-10-17T05:55:46.491Z"
"iscogroup","68f1da4f90ad734984f7c857","68f1da5e90ad734984f80b39","escooccupation","2025-10-17T05:55:46.491Z","2025-10-17T05:55:46.491Z"
"iscogroup","68f1da4f90ad734984f7c857","68f1da5e90ad734984f80b3a","escooccupation","2025-10-17T05:55:46.491Z","2025-10-17T05:55:46.491Z"
"iscogroup","68f1da4f90ad734984f7c857","68f1da5e90ad734984f80b3b","escooccupation","2025-10-17T05:55:46.491Z","2025-10-17T05:55:46.491Z"
"iscogroup","68f1da4f90ad734984f7c857","68f1da5e90ad734984f80b3c","escooccupation","2025-10-17T05:55:46.491Z","2025-10-17T05:55:46.491Z"
"iscogroup","68f1da4f90ad734984f7c858","68f1da5e90ad734984f80b3d","escooccupation","2025-10-17T05:55:46.491Z","2025-10-17T05:55:46.491Z"
"iscogroup","68f1da4f90ad734984f7c858","68f1da5e90ad734984f80b3e","escooccupation","2025-10-17T05:55:46.491Z","2025-10-17T05:55:46.491Z"
"iscogroup","68f1da4f90ad734984f7c85a","68f1da5e90ad734984f80b3f","escooccupation","2025-10-17T05:55:46.491Z","2025-10-17T05:55:46.491Z"
"escooccupation","68f1da5e90ad734984f80b3f","68f1da5e90ad734984f80b40","escooccupation","2025-10-17T05:55:46.491Z","2025-10-17T05:55:46.491Z"
"escooccupation","68f1da5e90ad734984f80b3f","68f1da5e90ad734984f80b41","escooccupation","2025-10-17T05:55:46.491Z","2025-10-17T05:55:46.491Z"
"escooccupation","68f1da5e90ad734984f80b3f","68f1da5e90ad734984f80b42","escooccupation","2025-10-17T05:55:46.491Z","2025-10-17T05:55:46.491Z"
"escooccupation","68f1da5e90ad734984f80b3f","68f1da5e90ad734984f80b43","escooccupation","2025-10-17T05:55:46.491Z","2025-10-17T05:55:46.491Z"
"escooccupation","68f1da5e90ad734984f80b3f","68f1da5e90ad734984f80b44","escooccupation","2025-10-17T05:55:46.491Z","2025-10-17T05:55:46.491Z"
"escooccupation","68f1da5e90ad734984f80b3f","68f1da5e90ad734984f80b45","escooccupation","2025-10-17T05:55:46.491Z","2025-10-17T05:55:46.491Z"
"iscogroup","68f1da4f90ad734984f7c7f7","68f1da5e90ad734984f80b46","escooccupation","2025-10-17T05:55:46.491Z","2025-10-17T05:55:46.491Z"
"iscogroup","68f1da4f90ad734984f7c7f7","68f1da5e90ad734984f80b47","escooccupation","2025-10-17T05:55:46.491Z","2025-10-17T05:55:46.491Z"
"iscogroup","68f1da4f90ad734984f7c7f7","68f1da5e90ad734984f80b48","escooccupation","2025-10-17T05:55:46.491Z","2025-10-17T05:55:46.491Z"
"iscogroup","68f1da4f90ad734984f7c7f7","68f1da5e90ad734984f80b49","escooccupation","2025-10-17T05:55:46.491Z","2025-10-17T05:55:46.491Z"
"iscogroup","68f1da4f90ad734984f7c7f7","68f1da5e90ad734984f80b4a","escooccupation","2025-10-17T05:55:46.491Z","2025-10-17T05:55:46.491Z"
"iscogroup","68f1da4f90ad734984f7c7f7","68f1da5e90ad734984f80b4b","escooccupation","2025-10-17T05:55:46.491Z","2025-10-17T05:55:46.491Z"
"iscogroup","68f1da4f90ad734984f7c7f7","68f1da5e90ad734984f80b4c","escooccupation","2025-10-17T05:55:46.491Z","2025-10-17T05:55:46.491Z"
"iscogroup","68f1da4f90ad734984f7c80a","68f1da5e90ad734984f80b4d","escooccupation","2025-10-17T05:55:46.493Z","2025-10-17T05:55:46.493Z"
"iscogroup","68f1da4f90ad734984f7c80b","68f1da5e90ad734984f80b4e","escooccupation","2025-10-17T05:55:46.494Z","2025-10-17T05:55:46.494Z"
"iscogroup","68f1da4f90ad734984f7c80b","68f1da5e90ad734984f80b4f","escooccupation","2025-10-17T05:55:46.494Z","2025-10-17T05:55:46.494Z"
"iscogroup","68f1da4f90ad734984f7c80b","68f1da5e90ad734984f80b50","escooccupation","2025-10-17T05:55:46.494Z","2025-10-17T05:55:46.494Z"
"iscogroup","68f1da4f90ad734984f7c80b","68f1da5e90ad734984f80b51","escooccupation","2025-10-17T05:55:46.494Z","2025-10-17T05:55:46.494Z"
"iscogroup","68f1da4f90ad734984f7c80b","68f1da5e90ad734984f80b52","escooccupation","2025-10-17T05:55:46.494Z","2025-10-17T05:55:46.494Z"
"iscogroup","68f1da4f90ad734984f7c80b","68f1da5e90ad734984f80b53","escooccupation","2025-10-17T05:55:46.494Z","2025-10-17T05:55:46.494Z"
"iscogroup","68f1da4f90ad734984f7c80c","68f1da5e90ad734984f80b54","escooccupation","2025-10-17T05:55:46.494Z","2025-10-17T05:55:46.494Z"
"iscogroup","68f1da4f90ad734984f7c80c","68f1da5e90ad734984f80b55","escooccupation","2025-10-17T05:55:46.494Z","2025-10-17T05:55:46.494Z"
"iscogroup","68f1da4f90ad734984f7c80c","68f1da5e90ad734984f80b56","escooccupation","2025-10-17T05:55:46.494Z","2025-10-17T05:55:46.494Z"
"iscogroup","68f1da4f90ad734984f7c80c","68f1da5e90ad734984f80b57","escooccupation","2025-10-17T05:55:46.494Z","2025-10-17T05:55:46.494Z"
"iscogroup","68f1da4f90ad734984f7c80c","68f1da5e90ad734984f80b58","escooccupation","2025-10-17T05:55:46.494Z","2025-10-17T05:55:46.494Z"
"iscogroup","68f1da4f90ad734984f7c80c","68f1da5e90ad734984f80b59","escooccupation","2025-10-17T05:55:46.494Z","2025-10-17T05:55:46.494Z"
"iscogroup","68f1da4f90ad734984f7c80e","68f1da5e90ad734984f80b5a","escooccupation","2025-10-17T05:55:46.494Z","2025-10-17T05:55:46.494Z"
"iscogroup","68f1da4f90ad734984f7c80e","68f1da5e90ad734984f80b5b","escooccupation","2025-10-17T05:55:46.494Z","2025-10-17T05:55:46.494Z"
"iscogroup","68f1da4f90ad734984f7c80e","68f1da5e90ad734984f80b5c","escooccupation","2025-10-17T05:55:46.494Z","2025-10-17T05:55:46.494Z"
"iscogroup","68f1da4f90ad734984f7c80e","68f1da5e90ad734984f80b5d","escooccupation","2025-10-17T05:55:46.494Z","2025-10-17T05:55:46.494Z"
"iscogroup","68f1da4f90ad734984f7c80e","68f1da5e90ad734984f80b5e","escooccupation","2025-10-17T05:55:46.494Z","2025-10-17T05:55:46.494Z"
"iscogroup","68f1da4f90ad734984f7c80e","68f1da5e90ad734984f80b5f","escooccupation","2025-10-17T05:55:46.494Z","2025-10-17T05:55:46.494Z"
"iscogroup","68f1da4f90ad734984f7c80f","68f1da5e90ad734984f80b60","escooccupation","2025-10-17T05:55:46.494Z","2025-10-17T05:55:46.494Z"
"iscogroup","68f1da4f90ad734984f7c80f","68f1da5e90ad734984f80b61","escooccupation","2025-10-17T05:55:46.494Z","2025-10-17T05:55:46.494Z"
"iscogroup","68f1da4f90ad734984f7c80f","68f1da5e90ad734984f80b62","escooccupation","2025-10-17T05:55:46.494Z","2025-10-17T05:55:46.494Z"
"iscogroup","68f1da4f90ad734984f7c80f","68f1da5e90ad734984f80b63","escooccupation","2025-10-17T05:55:46.494Z","2025-10-17T05:55:46.494Z"
"iscogroup","68f1da4f90ad734984f7c80f","68f1da5e90ad734984f80b64","escooccupation","2025-10-17T05:55:46.494Z","2025-10-17T05:55:46.494Z"
"iscogroup","68f1da4f90ad734984f7c80f","68f1da5e90ad734984f80b65","escooccupation","2025-10-17T05:55:46.494Z","2025-10-17T05:55:46.494Z"
"iscogroup","68f1da4f90ad734984f7c80f","68f1da5e90ad734984f80b66","escooccupation","2025-10-17T05:55:46.494Z","2025-10-17T05:55:46.494Z"
"iscogroup","68f1da4f90ad734984f7c829","68f1da5e90ad734984f80b67","escooccupation","2025-10-17T05:55:46.494Z","2025-10-17T05:55:46.494Z"
"iscogroup","68f1da4f90ad734984f7c829","68f1da5e90ad734984f80b68","escooccupation","2025-10-17T05:55:46.494Z","2025-10-17T05:55:46.494Z"
"iscogroup","68f1da4f90ad734984f7c829","68f1da5e90ad734984f80b69","escooccupation","2025-10-17T05:55:46.494Z","2025-10-17T05:55:46.494Z"
"iscogroup","68f1da4f90ad734984f7c829","68f1da5e90ad734984f80b6a","escooccupation","2025-10-17T05:55:46.494Z","2025-10-17T05:55:46.494Z"
"iscogroup","68f1da4f90ad734984f7c829","68f1da5e90ad734984f80b6b","escooccupation","2025-10-17T05:55:46.494Z","2025-10-17T05:55:46.494Z"
"iscogroup","68f1da4f90ad734984f7c82a","68f1da5e90ad734984f80b6c","escooccupation","2025-10-17T05:55:46.494Z","2025-10-17T05:55:46.494Z"
"iscogroup","68f1da4f90ad734984f7c82a","68f1da5e90ad734984f80b6d","escooccupation","2025-10-17T05:55:46.494Z","2025-10-17T05:55:46.494Z"
"iscogroup","68f1da4f90ad734984f7c82a","68f1da5e90ad734984f80b6e","escooccupation","2025-10-17T05:55:46.494Z","2025-10-17T05:55:46.494Z"
"escooccupation","68f1da5e90ad734984f80b6e","68f1da5e90ad734984f80b6f","escooccupation","2025-10-17T05:55:46.494Z","2025-10-17T05:55:46.494Z"
"escooccupation","68f1da5e90ad734984f80b6e","68f1da5e90ad734984f80b70","escooccupation","2025-10-17T05:55:46.495Z","2025-10-17T05:55:46.495Z"
"escooccupation","68f1da5e90ad734984f80b6e","68f1da5e90ad734984f80b71","escooccupation","2025-10-17T05:55:46.495Z","2025-10-17T05:55:46.495Z"
"escooccupation","68f1da5e90ad734984f80b6e","68f1da5e90ad734984f80b72","escooccupation","2025-10-17T05:55:46.495Z","2025-10-17T05:55:46.495Z"
"iscogroup","68f1da4f90ad734984f7c82b","68f1da5e90ad734984f80b73","escooccupation","2025-10-17T05:55:46.495Z","2025-10-17T05:55:46.495Z"
"iscogroup","68f1da4f90ad734984f7c82b","68f1da5e90ad734984f80b74","escooccupation","2025-10-17T05:55:46.495Z","2025-10-17T05:55:46.495Z"
"iscogroup","68f1da4f90ad734984f7c82c","68f1da5e90ad734984f80b75","escooccupation","2025-10-17T05:55:46.495Z","2025-10-17T05:55:46.495Z"
"escooccupation","68f1da5e90ad734984f80b75","68f1da5e90ad734984f80b76","escooccupation","2025-10-17T05:55:46.495Z","2025-10-17T05:55:46.495Z"
"escooccupation","68f1da5e90ad734984f80b75","68f1da5e90ad734984f80b77","escooccupation","2025-10-17T05:55:46.495Z","2025-10-17T05:55:46.495Z"
"escooccupation","68f1da5e90ad734984f80b75","68f1da5e90ad734984f80b78","escooccupation","2025-10-17T05:55:46.495Z","2025-10-17T05:55:46.495Z"
"iscogroup","68f1da4f90ad734984f7c82c","68f1da5e90ad734984f80b79","escooccupation","2025-10-17T05:55:46.495Z","2025-10-17T05:55:46.495Z"
"escooccupation","68f1da5e90ad734984f80b79","68f1da5e90ad734984f80b7a","escooccupation","2025-10-17T05:55:46.495Z","2025-10-17T05:55:46.495Z"
"escooccupation","68f1da5e90ad734984f80b79","68f1da5e90ad734984f80b7b","escooccupation","2025-10-17T05:55:46.495Z","2025-10-17T05:55:46.495Z"
"escooccupation","68f1da5e90ad734984f80b79","68f1da5e90ad734984f80b7c","escooccupation","2025-10-17T05:55:46.495Z","2025-10-17T05:55:46.495Z"
"escooccupation","68f1da5e90ad734984f80b79","68f1da5e90ad734984f80b7d","escooccupation","2025-10-17T05:55:46.495Z","2025-10-17T05:55:46.495Z"
"escooccupation","68f1da5e90ad734984f80b79","68f1da5e90ad734984f80b7e","escooccupation","2025-10-17T05:55:46.495Z","2025-10-17T05:55:46.495Z"
"escooccupation","68f1da5e90ad734984f80bab","68f1da5e90ad734984f80b7f","escooccupation","2025-10-17T05:55:46.496Z","2025-10-17T05:55:46.496Z"
"escooccupation","68f1da5e90ad734984f80bab","68f1da5e90ad734984f80b80","escooccupation","2025-10-17T05:55:46.496Z","2025-10-17T05:55:46.496Z"
"iscogroup","68f1da4f90ad734984f7c830","68f1da5e90ad734984f80b81","escooccupation","2025-10-17T05:55:46.496Z","2025-10-17T05:55:46.496Z"
"escooccupation","68f1da5e90ad734984f80b81","68f1da5e90ad734984f80b82","escooccupation","2025-10-17T05:55:46.496Z","2025-10-17T05:55:46.496Z"
"escooccupation","68f1da5e90ad734984f80b81","68f1da5e90ad734984f80b83","escooccupation","2025-10-17T05:55:46.496Z","2025-10-17T05:55:46.496Z"
"escooccupation","68f1da5e90ad734984f80b81","68f1da5e90ad734984f80b84","escooccupation","2025-10-17T05:55:46.496Z","2025-10-17T05:55:46.496Z"
"iscogroup","68f1da4f90ad734984f7c830","68f1da5e90ad734984f80b85","escooccupation","2025-10-17T05:55:46.496Z","2025-10-17T05:55:46.496Z"
"escooccupation","68f1da5e90ad734984f80b85","68f1da5e90ad734984f80b86","escooccupation","2025-10-17T05:55:46.496Z","2025-10-17T05:55:46.496Z"
"escooccupation","68f1da5e90ad734984f80b85","68f1da5e90ad734984f80b87","escooccupation","2025-10-17T05:55:46.496Z","2025-10-17T05:55:46.496Z"
"escooccupation","68f1da5e90ad734984f80b85","68f1da5e90ad734984f80b88","escooccupation","2025-10-17T05:55:46.496Z","2025-10-17T05:55:46.496Z"
"iscogroup","68f1da4f90ad734984f7c831","68f1da5e90ad734984f80b89","escooccupation","2025-10-17T05:55:46.496Z","2025-10-17T05:55:46.496Z"
"escooccupation","68f1da5e90ad734984f80b89","68f1da5e90ad734984f80b8a","escooccupation","2025-10-17T05:55:46.496Z","2025-10-17T05:55:46.496Z"
"iscogroup","68f1da4f90ad734984f7c836","68f1da5e90ad734984f80b8b","escooccupation","2025-10-17T05:55:46.496Z","2025-10-17T05:55:46.496Z"
"iscogroup","68f1da4f90ad734984f7c836","68f1da5e90ad734984f80b8c","escooccupation","2025-10-17T05:55:46.496Z","2025-10-17T05:55:46.496Z"
"iscogroup","68f1da4f90ad734984f7c836","68f1da5e90ad734984f80b8d","escooccupation","2025-10-17T05:55:46.496Z","2025-10-17T05:55:46.496Z"
"iscogroup","68f1da4f90ad734984f7c836","68f1da5e90ad734984f80b8e","escooccupation","2025-10-17T05:55:46.496Z","2025-10-17T05:55:46.496Z"
"iscogroup","68f1da4f90ad734984f7c836","68f1da5e90ad734984f80b8f","escooccupation","2025-10-17T05:55:46.496Z","2025-10-17T05:55:46.496Z"
"iscogroup","68f1da4f90ad734984f7c837","68f1da5e90ad734984f80b90","escooccupation","2025-10-17T05:55:46.496Z","2025-10-17T05:55:46.496Z"
"iscogroup","68f1da4f90ad734984f7c837","68f1da5e90ad734984f80b91","escooccupation","2025-10-17T05:55:46.496Z","2025-10-17T05:55:46.496Z"
"iscogroup","68f1da4f90ad734984f7c837","68f1da5e90ad734984f80b92","escooccupation","2025-10-17T05:55:46.496Z","2025-10-17T05:55:46.496Z"
"iscogroup","68f1da4f90ad734984f7c837","68f1da5e90ad734984f80b93","escooccupation","2025-10-17T05:55:46.496Z","2025-10-17T05:55:46.496Z"
"iscogroup","68f1da4f90ad734984f7c838","68f1da5e90ad734984f80b94","escooccupation","2025-10-17T05:55:46.496Z","2025-10-17T05:55:46.496Z"
"iscogroup","68f1da4f90ad734984f7c838","68f1da5e90ad734984f80b95","escooccupation","2025-10-17T05:55:46.496Z","2025-10-17T05:55:46.496Z"
"iscogroup","68f1da4f90ad734984f7c838","68f1da5e90ad734984f80b96","escooccupation","2025-10-17T05:55:46.496Z","2025-10-17T05:55:46.496Z"
"iscogroup","68f1da4f90ad734984f7c838","68f1da5e90ad734984f80b97","escooccupation","2025-10-17T05:55:46.496Z","2025-10-17T05:55:46.496Z"
"escooccupation","68f1da5e90ad734984f80b79","68f1da5e90ad734984f80b98","escooccupation","2025-10-17T05:55:46.495Z","2025-10-17T05:55:46.495Z"
"escooccupation","68f1da5e90ad734984f80b79","68f1da5e90ad734984f80b99","escooccupation","2025-10-17T05:55:46.495Z","2025-10-17T05:55:46.495Z"
"escooccupation","68f1da5e90ad734984f80b79","68f1da5e90ad734984f80b9a","escooccupation","2025-10-17T05:55:46.495Z","2025-10-17T05:55:46.495Z"
"iscogroup","68f1da4f90ad734984f7c82e","68f1da5e90ad734984f80b9b","escooccupation","2025-10-17T05:55:46.495Z","2025-10-17T05:55:46.495Z"
"iscogroup","68f1da4f90ad734984f7c82e","68f1da5e90ad734984f80b9c","escooccupation","2025-10-17T05:55:46.495Z","2025-10-17T05:55:46.495Z"
"iscogroup","68f1da4f90ad734984f7c82e","68f1da5e90ad734984f80b9d","escooccupation","2025-10-17T05:55:46.495Z","2025-10-17T05:55:46.495Z"
"iscogroup","68f1da4f90ad734984f7c82f","68f1da5e90ad734984f80b9e","escooccupation","2025-10-17T05:55:46.495Z","2025-10-17T05:55:46.495Z"
"iscogroup","68f1da4f90ad734984f7c830","68f1da5e90ad734984f80b9f","escooccupation","2025-10-17T05:55:46.495Z","2025-10-17T05:55:46.495Z"
"iscogroup","68f1da4f90ad734984f7c830","68f1da5e90ad734984f80ba0","escooccupation","2025-10-17T05:55:46.495Z","2025-10-17T05:55:46.495Z"
"escooccupation","68f1da5e90ad734984f80ba0","68f1da5e90ad734984f80ba1","escooccupation","2025-10-17T05:55:46.495Z","2025-10-17T05:55:46.495Z"
"escooccupation","68f1da5e90ad734984f80ba0","68f1da5e90ad734984f80ba2","escooccupation","2025-10-17T05:55:46.495Z","2025-10-17T05:55:46.495Z"
"escooccupation","68f1da5e90ad734984f80ba0","68f1da5e90ad734984f80ba3","escooccupation","2025-10-17T05:55:46.495Z","2025-10-17T05:55:46.495Z"
"escooccupation","68f1da5e90ad734984f80ba0","68f1da5e90ad734984f80ba4","escooccupation","2025-10-17T05:55:46.495Z","2025-10-17T05:55:46.495Z"
"iscogroup","68f1da4f90ad734984f7c830","68f1da5e90ad734984f80ba5","escooccupation","2025-10-17T05:55:46.495Z","2025-10-17T05:55:46.495Z"
"iscogroup","68f1da4f90ad734984f7c830","68f1da5e90ad734984f80ba6","escooccupation","2025-10-17T05:55:46.495Z","2025-10-17T05:55:46.495Z"
"iscogroup","68f1da4f90ad734984f7c830","68f1da5e90ad734984f80ba7","escooccupation","2025-10-17T05:55:46.495Z","2025-10-17T05:55:46.495Z"
"iscogroup","68f1da4f90ad734984f7c830","68f1da5e90ad734984f80ba8","escooccupation","2025-10-17T05:55:46.495Z","2025-10-17T05:55:46.495Z"
"iscogroup","68f1da4f90ad734984f7c830","68f1da5e90ad734984f80ba9","escooccupation","2025-10-17T05:55:46.495Z","2025-10-17T05:55:46.495Z"
"iscogroup","68f1da4f90ad734984f7c830","68f1da5e90ad734984f80baa","escooccupation","2025-10-17T05:55:46.495Z","2025-10-17T05:55:46.495Z"
"iscogroup","68f1da4f90ad734984f7c830","68f1da5e90ad734984f80bab","escooccupation","2025-10-17T05:55:46.495Z","2025-10-17T05:55:46.495Z"
"escooccupation","68f1da5e90ad734984f80bab","68f1da5e90ad734984f80bac","escooccupation","2025-10-17T05:55:46.496Z","2025-10-17T05:55:46.496Z"
"escooccupation","68f1da5e90ad734984f80bab","68f1da5e90ad734984f80bad","escooccupation","2025-10-17T05:55:46.496Z","2025-10-17T05:55:46.496Z"
"escooccupation","68f1da5e90ad734984f80bab","68f1da5e90ad734984f80bae","escooccupation","2025-10-17T05:55:46.496Z","2025-10-17T05:55:46.496Z"
"escooccupation","68f1da5e90ad734984f80bab","68f1da5e90ad734984f80baf","escooccupation","2025-10-17T05:55:46.496Z","2025-10-17T05:55:46.496Z"
"escooccupation","68f1da5e90ad734984f80bab","68f1da5e90ad734984f80bb0","escooccupation","2025-10-17T05:55:46.496Z","2025-10-17T05:55:46.496Z"
"iscogroup","68f1da4f90ad734984f7c838","68f1da5e90ad734984f80bb1","escooccupation","2025-10-17T05:55:46.496Z","2025-10-17T05:55:46.496Z"
"iscogroup","68f1da4f90ad734984f7c838","68f1da5e90ad734984f80bb2","escooccupation","2025-10-17T05:55:46.496Z","2025-10-17T05:55:46.496Z"
"iscogroup","68f1da4f90ad734984f7c838","68f1da5e90ad734984f80bb3","escooccupation","2025-10-17T05:55:46.496Z","2025-10-17T05:55:46.496Z"
"iscogroup","68f1da4f90ad734984f7c838","68f1da5e90ad734984f80bb4","escooccupation","2025-10-17T05:55:46.496Z","2025-10-17T05:55:46.496Z"
"iscogroup","68f1da4f90ad734984f7c838","68f1da5e90ad734984f80bb5","escooccupation","2025-10-17T05:55:46.496Z","2025-10-17T05:55:46.496Z"
"iscogroup","68f1da4f90ad734984f7c839","68f1da5e90ad734984f80bb6","escooccupation","2025-10-17T05:55:46.496Z","2025-10-17T05:55:46.496Z"
"iscogroup","68f1da4f90ad734984f7c839","68f1da5e90ad734984f80bb7","escooccupation","2025-10-17T05:55:46.497Z","2025-10-17T05:55:46.497Z"
"iscogroup","68f1da4f90ad734984f7c839","68f1da5e90ad734984f80bb8","escooccupation","2025-10-17T05:55:46.497Z","2025-10-17T05:55:46.497Z"
"iscogroup","68f1da4f90ad734984f7c839","68f1da5e90ad734984f80bb9","escooccupation","2025-10-17T05:55:46.497Z","2025-10-17T05:55:46.497Z"
"iscogroup","68f1da4f90ad734984f7c839","68f1da5e90ad734984f80bba","escooccupation","2025-10-17T05:55:46.497Z","2025-10-17T05:55:46.497Z"
"iscogroup","68f1da4f90ad734984f7c839","68f1da5e90ad734984f80bbb","escooccupation","2025-10-17T05:55:46.497Z","2025-10-17T05:55:46.497Z"
"iscogroup","68f1da4f90ad734984f7c839","68f1da5e90ad734984f80bbc","escooccupation","2025-10-17T05:55:46.497Z","2025-10-17T05:55:46.497Z"
"iscogroup","68f1da4f90ad734984f7c839","68f1da5e90ad734984f80bbd","escooccupation","2025-10-17T05:55:46.497Z","2025-10-17T05:55:46.497Z"
"iscogroup","68f1da4f90ad734984f7c83b","68f1da5e90ad734984f80bbe","escooccupation","2025-10-17T05:55:46.497Z","2025-10-17T05:55:46.497Z"
"iscogroup","68f1da4f90ad734984f7c83b","68f1da5e90ad734984f80bbf","escooccupation","2025-10-17T05:55:46.497Z","2025-10-17T05:55:46.497Z"
"iscogroup","68f1da4f90ad734984f7c83b","68f1da5e90ad734984f80bc0","escooccupation","2025-10-17T05:55:46.497Z","2025-10-17T05:55:46.497Z"
"iscogroup","68f1da4f90ad734984f7c83b","68f1da5e90ad734984f80bc1","escooccupation","2025-10-17T05:55:46.497Z","2025-10-17T05:55:46.497Z"
"iscogroup","68f1da4f90ad734984f7c83b","68f1da5e90ad734984f80bc2","escooccupation","2025-10-17T05:55:46.497Z","2025-10-17T05:55:46.497Z"
"iscogroup","68f1da4f90ad734984f7c83b","68f1da5e90ad734984f80bc3","escooccupation","2025-10-17T05:55:46.497Z","2025-10-17T05:55:46.497Z"
"iscogroup","68f1da4f90ad734984f7c83b","68f1da5e90ad734984f80bc4","escooccupation","2025-10-17T05:55:46.497Z","2025-10-17T05:55:46.497Z"
"iscogroup","68f1da4f90ad734984f7c83c","68f1da5e90ad734984f80bc5","escooccupation","2025-10-17T05:55:46.497Z","2025-10-17T05:55:46.497Z"
"iscogroup","68f1da4f90ad734984f7c83c","68f1da5e90ad734984f80bc6","escooccupation","2025-10-17T05:55:46.497Z","2025-10-17T05:55:46.497Z"
"iscogroup","68f1da4f90ad734984f7c83c","68f1da5e90ad734984f80bc7","escooccupation","2025-10-17T05:55:46.497Z","2025-10-17T05:55:46.497Z"
"iscogroup","68f1da4f90ad734984f7c83c","68f1da5e90ad734984f80bc8","escooccupation","2025-10-17T05:55:46.497Z","2025-10-17T05:55:46.497Z"
"iscogroup","68f1da4f90ad734984f7c83c","68f1da5e90ad734984f80bc9","escooccupation","2025-10-17T05:55:46.497Z","2025-10-17T05:55:46.497Z"
"iscogroup","68f1da4f90ad734984f7c83c","68f1da5e90ad734984f80bca","escooccupation","2025-10-17T05:55:46.497Z","2025-10-17T05:55:46.497Z"
"iscogroup","68f1da4f90ad734984f7c83c","68f1da5e90ad734984f80bcb","escooccupation","2025-10-17T05:55:46.497Z","2025-10-17T05:55:46.497Z"
"iscogroup","68f1da4f90ad734984f7c83c","68f1da5e90ad734984f80bcc","escooccupation","2025-10-17T05:55:46.497Z","2025-10-17T05:55:46.497Z"
"iscogroup","68f1da4f90ad734984f7c83c","68f1da5e90ad734984f80bcd","escooccupation","2025-10-17T05:55:46.497Z","2025-10-17T05:55:46.497Z"
"iscogroup","68f1da4f90ad734984f7c83c","68f1da5e90ad734984f80bce","escooccupation","2025-10-17T05:55:46.497Z","2025-10-17T05:55:46.497Z"
"iscogroup","68f1da4f90ad734984f7c83c","68f1da5e90ad734984f80bcf","escooccupation","2025-10-17T05:55:46.497Z","2025-10-17T05:55:46.497Z"
"iscogroup","68f1da4f90ad734984f7c83c","68f1da5e90ad734984f80bd0","escooccupation","2025-10-17T05:55:46.497Z","2025-10-17T05:55:46.497Z"
"iscogroup","68f1da4f90ad734984f7c83e","68f1da5e90ad734984f80bd1","escooccupation","2025-10-17T05:55:46.497Z","2025-10-17T05:55:46.497Z"
"iscogroup","68f1da4f90ad734984f7c83e","68f1da5e90ad734984f80bd2","escooccupation","2025-10-17T05:55:46.497Z","2025-10-17T05:55:46.497Z"
"iscogroup","68f1da4f90ad734984f7c83e","68f1da5e90ad734984f80bd3","escooccupation","2025-10-17T05:55:46.497Z","2025-10-17T05:55:46.497Z"
"iscogroup","68f1da4f90ad734984f7c83e","68f1da5e90ad734984f80bd4","escooccupation","2025-10-17T05:55:46.497Z","2025-10-17T05:55:46.497Z"
"iscogroup","68f1da4f90ad734984f7c83e","68f1da5e90ad734984f80bd5","escooccupation","2025-10-17T05:55:46.497Z","2025-10-17T05:55:46.497Z"
"iscogroup","68f1da4f90ad734984f7c83e","68f1da5e90ad734984f80bd6","escooccupation","2025-10-17T05:55:46.497Z","2025-10-17T05:55:46.497Z"
"iscogroup","68f1da4f90ad734984f7c83e","68f1da5e90ad734984f80bd7","escooccupation","2025-10-17T05:55:46.497Z","2025-10-17T05:55:46.497Z"
"iscogroup","68f1da4f90ad734984f7c83e","68f1da5e90ad734984f80bd8","escooccupation","2025-10-17T05:55:46.497Z","2025-10-17T05:55:46.497Z"
"iscogroup","68f1da4f90ad734984f7c83e","68f1da5e90ad734984f80bd9","escooccupation","2025-10-17T05:55:46.497Z","2025-10-17T05:55:46.497Z"
"iscogroup","68f1da4f90ad734984f7c83e","68f1da5e90ad734984f80bda","escooccupation","2025-10-17T05:55:46.498Z","2025-10-17T05:55:46.498Z"
"iscogroup","68f1da4f90ad734984f7c83e","68f1da5e90ad734984f80bdb","escooccupation","2025-10-17T05:55:46.498Z","2025-10-17T05:55:46.498Z"
"escooccupation","68f1da5e90ad734984f80bdb","68f1da5e90ad734984f80bdc","escooccupation","2025-10-17T05:55:46.498Z","2025-10-17T05:55:46.498Z"
"escooccupation","68f1da5e90ad734984f80bdb","68f1da5e90ad734984f80bdd","escooccupation","2025-10-17T05:55:46.498Z","2025-10-17T05:55:46.498Z"
"iscogroup","68f1da4f90ad734984f7c83e","68f1da5e90ad734984f80bde","escooccupation","2025-10-17T05:55:46.498Z","2025-10-17T05:55:46.498Z"
"escooccupation","68f1da5e90ad734984f80bde","68f1da5e90ad734984f80bdf","escooccupation","2025-10-17T05:55:46.498Z","2025-10-17T05:55:46.498Z"
"escooccupation","68f1da5e90ad734984f80bde","68f1da5e90ad734984f80be0","escooccupation","2025-10-17T05:55:46.498Z","2025-10-17T05:55:46.498Z"
"escooccupation","68f1da5e90ad734984f80bde","68f1da5e90ad734984f80be1","escooccupation","2025-10-17T05:55:46.498Z","2025-10-17T05:55:46.498Z"
"escooccupation","68f1da5e90ad734984f80bde","68f1da5e90ad734984f80be2","escooccupation","2025-10-17T05:55:46.498Z","2025-10-17T05:55:46.498Z"
"escooccupation","68f1da5e90ad734984f80bde","68f1da5e90ad734984f80be3","escooccupation","2025-10-17T05:55:46.498Z","2025-10-17T05:55:46.498Z"
"escooccupation","68f1da5e90ad734984f80bde","68f1da5e90ad734984f80be4","escooccupation","2025-10-17T05:55:46.498Z","2025-10-17T05:55:46.498Z"
"iscogroup","68f1da4f90ad734984f7c83e","68f1da5e90ad734984f80be5","escooccupation","2025-10-17T05:55:46.498Z","2025-10-17T05:55:46.498Z"
"iscogroup","68f1da4f90ad734984f7c83e","68f1da5e90ad734984f80be6","escooccupation","2025-10-17T05:55:46.498Z","2025-10-17T05:55:46.498Z"
"iscogroup","68f1da4f90ad734984f7c83e","68f1da5e90ad734984f80be7","escooccupation","2025-10-17T05:55:46.498Z","2025-10-17T05:55:46.498Z"
"iscogroup","68f1da4f90ad734984f7c83e","68f1da5e90ad734984f80be8","escooccupation","2025-10-17T05:55:46.498Z","2025-10-17T05:55:46.498Z"
"iscogroup","68f1da4f90ad734984f7c83e","68f1da5e90ad734984f80be9","escooccupation","2025-10-17T05:55:46.498Z","2025-10-17T05:55:46.498Z"
"iscogroup","68f1da4f90ad734984f7c83e","68f1da5e90ad734984f80bea","escooccupation","2025-10-17T05:55:46.498Z","2025-10-17T05:55:46.498Z"
"iscogroup","68f1da4f90ad734984f7c83e","68f1da5e90ad734984f80beb","escooccupation","2025-10-17T05:55:46.498Z","2025-10-17T05:55:46.498Z"
"iscogroup","68f1da4f90ad734984f7c83e","68f1da5e90ad734984f80bec","escooccupation","2025-10-17T05:55:46.498Z","2025-10-17T05:55:46.498Z"
"iscogroup","68f1da4f90ad734984f7c83e","68f1da5e90ad734984f80bed","escooccupation","2025-10-17T05:55:46.498Z","2025-10-17T05:55:46.498Z"
"iscogroup","68f1da4f90ad734984f7c83f","68f1da5e90ad734984f80bee","escooccupation","2025-10-17T05:55:46.498Z","2025-10-17T05:55:46.498Z"
"iscogroup","68f1da4f90ad734984f7c83f","68f1da5e90ad734984f80bef","escooccupation","2025-10-17T05:55:46.498Z","2025-10-17T05:55:46.498Z"
"iscogroup","68f1da4f90ad734984f7c841","68f1da5e90ad734984f80bf0","escooccupation","2025-10-17T05:55:46.498Z","2025-10-17T05:55:46.498Z"
"escooccupation","68f1da5e90ad734984f80bf0","68f1da5e90ad734984f80bf1","escooccupation","2025-10-17T05:55:46.498Z","2025-10-17T05:55:46.498Z"
"escooccupation","68f1da5e90ad734984f80bf0","68f1da5e90ad734984f80bf2","escooccupation","2025-10-17T05:55:46.498Z","2025-10-17T05:55:46.498Z"
"escooccupation","68f1da5e90ad734984f80bf0","68f1da5e90ad734984f80bf3","escooccupation","2025-10-17T05:55:46.498Z","2025-10-17T05:55:46.498Z"
"escooccupation","68f1da5e90ad734984f80bf0","68f1da5e90ad734984f80bf4","escooccupation","2025-10-17T05:55:46.498Z","2025-10-17T05:55:46.498Z"
"escooccupation","68f1da5e90ad734984f80bf0","68f1da5e90ad734984f80bf5","escooccupation","2025-10-17T05:55:46.498Z","2025-10-17T05:55:46.498Z"
"escooccupation","68f1da5e90ad734984f80bf0","68f1da5e90ad734984f80bf6","escooccupation","2025-10-17T05:55:46.498Z","2025-10-17T05:55:46.498Z"
"escooccupation","68f1da5e90ad734984f80bf0","68f1da5e90ad734984f80bf7","escooccupation","2025-10-17T05:55:46.498Z","2025-10-17T05:55:46.498Z"
"escooccupation","68f1da5e90ad734984f80bf0","68f1da5e90ad734984f80bf8","escooccupation","2025-10-17T05:55:46.498Z","2025-10-17T05:55:46.498Z"
"escooccupation","68f1da5e90ad734984f80bf0","68f1da5e90ad734984f80bf9","escooccupation","2025-10-17T05:55:46.498Z","2025-10-17T05:55:46.498Z"
"escooccupation","68f1da5e90ad734984f80bf9","68f1da5e90ad734984f80bfa","escooccupation","2025-10-17T05:55:46.498Z","2025-10-17T05:55:46.498Z"
"escooccupation","68f1da5e90ad734984f80bf9","68f1da5e90ad734984f80bfb","escooccupation","2025-10-17T05:55:46.498Z","2025-10-17T05:55:46.498Z"
"iscogroup","68f1da4f90ad734984f7c810","68f1da5e90ad734984f80bfc","escooccupation","2025-10-17T05:55:46.498Z","2025-10-17T05:55:46.498Z"
"iscogroup","68f1da4f90ad734984f7c810","68f1da5e90ad734984f80bfd","escooccupation","2025-10-17T05:55:46.498Z","2025-10-17T05:55:46.498Z"
"iscogroup","68f1da4f90ad734984f7c810","68f1da5e90ad734984f80bfe","escooccupation","2025-10-17T05:55:46.499Z","2025-10-17T05:55:46.499Z"
"iscogroup","68f1da4f90ad734984f7c810","68f1da5e90ad734984f80bff","escooccupation","2025-10-17T05:55:46.499Z","2025-10-17T05:55:46.499Z"
"iscogroup","68f1da4f90ad734984f7c810","68f1da5e90ad734984f80c00","escooccupation","2025-10-17T05:55:46.499Z","2025-10-17T05:55:46.499Z"
"iscogroup","68f1da4f90ad734984f7c810","68f1da5e90ad734984f80c01","escooccupation","2025-10-17T05:55:46.499Z","2025-10-17T05:55:46.499Z"
"iscogroup","68f1da4f90ad734984f7c810","68f1da5e90ad734984f80c02","escooccupation","2025-10-17T05:55:46.499Z","2025-10-17T05:55:46.499Z"
"iscogroup","68f1da4f90ad734984f7c810","68f1da5e90ad734984f80c03","escooccupation","2025-10-17T05:55:46.499Z","2025-10-17T05:55:46.499Z"
"iscogroup","68f1da4f90ad734984f7c810","68f1da5e90ad734984f80c04","escooccupation","2025-10-17T05:55:46.499Z","2025-10-17T05:55:46.499Z"
"iscogroup","68f1da4f90ad734984f7c810","68f1da5e90ad734984f80c05","escooccupation","2025-10-17T05:55:46.499Z","2025-10-17T05:55:46.499Z"
"iscogroup","68f1da4f90ad734984f7c810","68f1da5e90ad734984f80c06","escooccupation","2025-10-17T05:55:46.499Z","2025-10-17T05:55:46.499Z"
"iscogroup","68f1da4f90ad734984f7c810","68f1da5e90ad734984f80c07","escooccupation","2025-10-17T05:55:46.499Z","2025-10-17T05:55:46.499Z"
"escooccupation","68f1da5e90ad734984f80c07","68f1da5e90ad734984f80c08","escooccupation","2025-10-17T05:55:46.499Z","2025-10-17T05:55:46.499Z"
"iscogroup","68f1da4f90ad734984f7c810","68f1da5e90ad734984f80c09","escooccupation","2025-10-17T05:55:46.499Z","2025-10-17T05:55:46.499Z"
"iscogroup","68f1da4f90ad734984f7c810","68f1da5e90ad734984f80c0a","escooccupation","2025-10-17T05:55:46.499Z","2025-10-17T05:55:46.499Z"
"iscogroup","68f1da4f90ad734984f7c811","68f1da5e90ad734984f80c0b","escooccupation","2025-10-17T05:55:46.499Z","2025-10-17T05:55:46.499Z"
"iscogroup","68f1da4f90ad734984f7c811","68f1da5e90ad734984f80c0c","escooccupation","2025-10-17T05:55:46.499Z","2025-10-17T05:55:46.499Z"
"iscogroup","68f1da4f90ad734984f7c811","68f1da5e90ad734984f80c0d","escooccupation","2025-10-17T05:55:46.499Z","2025-10-17T05:55:46.499Z"
"iscogroup","68f1da4f90ad734984f7c811","68f1da5e90ad734984f80c0e","escooccupation","2025-10-17T05:55:46.499Z","2025-10-17T05:55:46.499Z"
"iscogroup","68f1da4f90ad734984f7c811","68f1da5e90ad734984f80c0f","escooccupation","2025-10-17T05:55:46.499Z","2025-10-17T05:55:46.499Z"
"iscogroup","68f1da4f90ad734984f7c811","68f1da5e90ad734984f80c10","escooccupation","2025-10-17T05:55:46.499Z","2025-10-17T05:55:46.499Z"
"iscogroup","68f1da4f90ad734984f7c811","68f1da5e90ad734984f80c11","escooccupation","2025-10-17T05:55:46.499Z","2025-10-17T05:55:46.499Z"
"iscogroup","68f1da4f90ad734984f7c811","68f1da5e90ad734984f80c12","escooccupation","2025-10-17T05:55:46.499Z","2025-10-17T05:55:46.499Z"
"iscogroup","68f1da4f90ad734984f7c813","68f1da5e90ad734984f80c13","escooccupation","2025-10-17T05:55:46.499Z","2025-10-17T05:55:46.499Z"
"iscogroup","68f1da4f90ad734984f7c813","68f1da5e90ad734984f80c14","escooccupation","2025-10-17T05:55:46.499Z","2025-10-17T05:55:46.499Z"
"iscogroup","68f1da4f90ad734984f7c81c","68f1da5e90ad734984f80c15","escooccupation","2025-10-17T05:55:46.510Z","2025-10-17T05:55:46.510Z"
"iscogroup","68f1da4f90ad734984f7c81c","68f1da5e90ad734984f80c16","escooccupation","2025-10-17T05:55:46.510Z","2025-10-17T05:55:46.510Z"
"iscogroup","68f1da4f90ad734984f7c81c","68f1da5e90ad734984f80c17","escooccupation","2025-10-17T05:55:46.510Z","2025-10-17T05:55:46.510Z"
"iscogroup","68f1da4f90ad734984f7c81c","68f1da5e90ad734984f80c18","escooccupation","2025-10-17T05:55:46.510Z","2025-10-17T05:55:46.510Z"
"iscogroup","68f1da4f90ad734984f7c81c","68f1da5e90ad734984f80c19","escooccupation","2025-10-17T05:55:46.510Z","2025-10-17T05:55:46.510Z"
"iscogroup","68f1da4f90ad734984f7c81c","68f1da5e90ad734984f80c1a","escooccupation","2025-10-17T05:55:46.510Z","2025-10-17T05:55:46.510Z"
"iscogroup","68f1da4f90ad734984f7c81c","68f1da5e90ad734984f80c1b","escooccupation","2025-10-17T05:55:46.510Z","2025-10-17T05:55:46.510Z"
"iscogroup","68f1da4f90ad734984f7c81c","68f1da5e90ad734984f80c1c","escooccupation","2025-10-17T05:55:46.510Z","2025-10-17T05:55:46.510Z"
"iscogroup","68f1da4f90ad734984f7c81c","68f1da5e90ad734984f80c1d","escooccupation","2025-10-17T05:55:46.510Z","2025-10-17T05:55:46.510Z"
"iscogroup","68f1da4f90ad734984f7c81c","68f1da5e90ad734984f80c1e","escooccupation","2025-10-17T05:55:46.510Z","2025-10-17T05:55:46.510Z"
"iscogroup","68f1da4f90ad734984f7c81c","68f1da5e90ad734984f80c1f","escooccupation","2025-10-17T05:55:46.510Z","2025-10-17T05:55:46.510Z"
"iscogroup","68f1da4f90ad734984f7c81c","68f1da5e90ad734984f80c20","escooccupation","2025-10-17T05:55:46.510Z","2025-10-17T05:55:46.510Z"
"iscogroup","68f1da4f90ad734984f7c81c","68f1da5e90ad734984f80c21","escooccupation","2025-10-17T05:55:46.510Z","2025-10-17T05:55:46.510Z"
"iscogroup","68f1da4f90ad734984f7c81c","68f1da5e90ad734984f80c22","escooccupation","2025-10-17T05:55:46.510Z","2025-10-17T05:55:46.510Z"
"iscogroup","68f1da4f90ad734984f7c81c","68f1da5e90ad734984f80c23","escooccupation","2025-10-17T05:55:46.510Z","2025-10-17T05:55:46.510Z"
"iscogroup","68f1da4f90ad734984f7c81c","68f1da5e90ad734984f80c24","escooccupation","2025-10-17T05:55:46.510Z","2025-10-17T05:55:46.510Z"
"iscogroup","68f1da4f90ad734984f7c81c","68f1da5e90ad734984f80c25","escooccupation","2025-10-17T05:55:46.510Z","2025-10-17T05:55:46.510Z"
"iscogroup","68f1da4f90ad734984f7c81c","68f1da5e90ad734984f80c26","escooccupation","2025-10-17T05:55:46.510Z","2025-10-17T05:55:46.510Z"
"iscogroup","68f1da4f90ad734984f7c81c","68f1da5e90ad734984f80c27","escooccupation","2025-10-17T05:55:46.510Z","2025-10-17T05:55:46.510Z"
"iscogroup","68f1da4f90ad734984f7c81c","68f1da5e90ad734984f80c28","escooccupation","2025-10-17T05:55:46.510Z","2025-10-17T05:55:46.510Z"
"iscogroup","68f1da4f90ad734984f7c81c","68f1da5e90ad734984f80c29","escooccupation","2025-10-17T05:55:46.510Z","2025-10-17T05:55:46.510Z"
"iscogroup","68f1da4f90ad734984f7c81c","68f1da5e90ad734984f80c2a","escooccupation","2025-10-17T05:55:46.510Z","2025-10-17T05:55:46.510Z"
"iscogroup","68f1da4f90ad734984f7c81c","68f1da5e90ad734984f80c2b","escooccupation","2025-10-17T05:55:46.510Z","2025-10-17T05:55:46.510Z"
"iscogroup","68f1da4f90ad734984f7c81c","68f1da5e90ad734984f80c2c","escooccupation","2025-10-17T05:55:46.510Z","2025-10-17T05:55:46.510Z"
"iscogroup","68f1da4f90ad734984f7c81c","68f1da5e90ad734984f80c2d","escooccupation","2025-10-17T05:55:46.510Z","2025-10-17T05:55:46.510Z"
"iscogroup","68f1da4f90ad734984f7c81c","68f1da5e90ad734984f80c2e","escooccupation","2025-10-17T05:55:46.501Z","2025-10-17T05:55:46.501Z"
"iscogroup","68f1da4f90ad734984f7c81c","68f1da5e90ad734984f80c2f","escooccupation","2025-10-17T05:55:46.501Z","2025-10-17T05:55:46.501Z"
"iscogroup","68f1da4f90ad734984f7c81c","68f1da5e90ad734984f80c30","escooccupation","2025-10-17T05:55:46.501Z","2025-10-17T05:55:46.501Z"
"iscogroup","68f1da4f90ad734984f7c81c","68f1da5e90ad734984f80c31","escooccupation","2025-10-17T05:55:46.501Z","2025-10-17T05:55:46.501Z"
"iscogroup","68f1da4f90ad734984f7c81c","68f1da5e90ad734984f80c32","escooccupation","2025-10-17T05:55:46.501Z","2025-10-17T05:55:46.501Z"
"iscogroup","68f1da4f90ad734984f7c81c","68f1da5e90ad734984f80c33","escooccupation","2025-10-17T05:55:46.501Z","2025-10-17T05:55:46.501Z"
"iscogroup","68f1da4f90ad734984f7c81c","68f1da5e90ad734984f80c34","escooccupation","2025-10-17T05:55:46.501Z","2025-10-17T05:55:46.501Z"
"iscogroup","68f1da4f90ad734984f7c81c","68f1da5e90ad734984f80c35","escooccupation","2025-10-17T05:55:46.501Z","2025-10-17T05:55:46.501Z"
"iscogroup","68f1da4f90ad734984f7c81c","68f1da5e90ad734984f80c36","escooccupation","2025-10-17T05:55:46.501Z","2025-10-17T05:55:46.501Z"
"iscogroup","68f1da4f90ad734984f7c81c","68f1da5e90ad734984f80c37","escooccupation","2025-10-17T05:55:46.501Z","2025-10-17T05:55:46.501Z"
"iscogroup","68f1da4f90ad734984f7c81c","68f1da5e90ad734984f80c38","escooccupation","2025-10-17T05:55:46.501Z","2025-10-17T05:55:46.501Z"
"iscogroup","68f1da4f90ad734984f7c81c","68f1da5e90ad734984f80c39","escooccupation","2025-10-17T05:55:46.501Z","2025-10-17T05:55:46.501Z"
"iscogroup","68f1da4f90ad734984f7c81c","68f1da5e90ad734984f80c3a","escooccupation","2025-10-17T05:55:46.501Z","2025-10-17T05:55:46.501Z"
"iscogroup","68f1da4f90ad734984f7c81c","68f1da5e90ad734984f80c3b","escooccupation","2025-10-17T05:55:46.501Z","2025-10-17T05:55:46.501Z"
"iscogroup","68f1da4f90ad734984f7c81c","68f1da5e90ad734984f80c3c","escooccupation","2025-10-17T05:55:46.501Z","2025-10-17T05:55:46.501Z"
"iscogroup","68f1da4f90ad734984f7c81c","68f1da5e90ad734984f80c3d","escooccupation","2025-10-17T05:55:46.501Z","2025-10-17T05:55:46.501Z"
"iscogroup","68f1da4f90ad734984f7c81c","68f1da5e90ad734984f80c3e","escooccupation","2025-10-17T05:55:46.501Z","2025-10-17T05:55:46.501Z"
"iscogroup","68f1da4f90ad734984f7c81c","68f1da5e90ad734984f80c3f","escooccupation","2025-10-17T05:55:46.509Z","2025-10-17T05:55:46.509Z"
"iscogroup","68f1da4f90ad734984f7c81c","68f1da5e90ad734984f80c40","escooccupation","2025-10-17T05:55:46.509Z","2025-10-17T05:55:46.509Z"
"iscogroup","68f1da4f90ad734984f7c81c","68f1da5e90ad734984f80c41","escooccupation","2025-10-17T05:55:46.509Z","2025-10-17T05:55:46.509Z"
"iscogroup","68f1da4f90ad734984f7c81c","68f1da5e90ad734984f80c42","escooccupation","2025-10-17T05:55:46.509Z","2025-10-17T05:55:46.509Z"
"iscogroup","68f1da4f90ad734984f7c81c","68f1da5e90ad734984f80c43","escooccupation","2025-10-17T05:55:46.509Z","2025-10-17T05:55:46.509Z"
"iscogroup","68f1da4f90ad734984f7c81c","68f1da5e90ad734984f80c44","escooccupation","2025-10-17T05:55:46.509Z","2025-10-17T05:55:46.509Z"
"iscogroup","68f1da4f90ad734984f7c81c","68f1da5e90ad734984f80c45","escooccupation","2025-10-17T05:55:46.510Z","2025-10-17T05:55:46.510Z"
"iscogroup","68f1da4f90ad734984f7c81c","68f1da5e90ad734984f80c46","escooccupation","2025-10-17T05:55:46.510Z","2025-10-17T05:55:46.510Z"
"escooccupation","68f1da5e90ad734984f80c14","68f1da5e90ad734984f80c47","escooccupation","2025-10-17T05:55:46.499Z","2025-10-17T05:55:46.499Z"
"escooccupation","68f1da5e90ad734984f80c14","68f1da5e90ad734984f80c48","escooccupation","2025-10-17T05:55:46.499Z","2025-10-17T05:55:46.499Z"
"escooccupation","68f1da5e90ad734984f80c14","68f1da5e90ad734984f80c49","escooccupation","2025-10-17T05:55:46.499Z","2025-10-17T05:55:46.499Z"
"iscogroup","68f1da4f90ad734984f7c813","68f1da5e90ad734984f80c4a","escooccupation","2025-10-17T05:55:46.499Z","2025-10-17T05:55:46.499Z"
"iscogroup","68f1da4f90ad734984f7c813","68f1da5e90ad734984f80c4b","escooccupation","2025-10-17T05:55:46.499Z","2025-10-17T05:55:46.499Z"
"iscogroup","68f1da4f90ad734984f7c814","68f1da5e90ad734984f80c4c","escooccupation","2025-10-17T05:55:46.499Z","2025-10-17T05:55:46.499Z"
"escooccupation","68f1da5e90ad734984f80c4c","68f1da5e90ad734984f80c4d","escooccupation","2025-10-17T05:55:46.499Z","2025-10-17T05:55:46.499Z"
"escooccupation","68f1da5e90ad734984f80c4c","68f1da5e90ad734984f80c4e","escooccupation","2025-10-17T05:55:46.499Z","2025-10-17T05:55:46.499Z"
"iscogroup","68f1da4f90ad734984f7c814","68f1da5e90ad734984f80c4f","escooccupation","2025-10-17T05:55:46.499Z","2025-10-17T05:55:46.499Z"
"iscogroup","68f1da4f90ad734984f7c814","68f1da5e90ad734984f80c50","escooccupation","2025-10-17T05:55:46.499Z","2025-10-17T05:55:46.499Z"
"escooccupation","68f1da5e90ad734984f80c50","68f1da5e90ad734984f80c51","escooccupation","2025-10-17T05:55:46.499Z","2025-10-17T05:55:46.499Z"
"escooccupation","68f1da5e90ad734984f80c50","68f1da5e90ad734984f80c52","escooccupation","2025-10-17T05:55:46.500Z","2025-10-17T05:55:46.500Z"
"escooccupation","68f1da5e90ad734984f80c50","68f1da5e90ad734984f80c53","escooccupation","2025-10-17T05:55:46.500Z","2025-10-17T05:55:46.500Z"
"iscogroup","68f1da4f90ad734984f7c815","68f1da5e90ad734984f80c54","escooccupation","2025-10-17T05:55:46.500Z","2025-10-17T05:55:46.500Z"
"escooccupation","68f1da5e90ad734984f80c54","68f1da5e90ad734984f80c55","escooccupation","2025-10-17T05:55:46.500Z","2025-10-17T05:55:46.500Z"
"escooccupation","68f1da5e90ad734984f80c54","68f1da5e90ad734984f80c56","escooccupation","2025-10-17T05:55:46.500Z","2025-10-17T05:55:46.500Z"
"escooccupation","68f1da5e90ad734984f80c54","68f1da5e90ad734984f80c57","escooccupation","2025-10-17T05:55:46.500Z","2025-10-17T05:55:46.500Z"
"escooccupation","68f1da5e90ad734984f80c54","68f1da5e90ad734984f80c58","escooccupation","2025-10-17T05:55:46.500Z","2025-10-17T05:55:46.500Z"
"escooccupation","68f1da5e90ad734984f80c54","68f1da5e90ad734984f80c59","escooccupation","2025-10-17T05:55:46.500Z","2025-10-17T05:55:46.500Z"
"iscogroup","68f1da4f90ad734984f7c816","68f1da5e90ad734984f80c5a","escooccupation","2025-10-17T05:55:46.500Z","2025-10-17T05:55:46.500Z"
"iscogroup","68f1da4f90ad734984f7c816","68f1da5e90ad734984f80c5b","escooccupation","2025-10-17T05:55:46.500Z","2025-10-17T05:55:46.500Z"
"iscogroup","68f1da4f90ad734984f7c816","68f1da5e90ad734984f80c5c","escooccupation","2025-10-17T05:55:46.500Z","2025-10-17T05:55:46.500Z"
"iscogroup","68f1da4f90ad734984f7c816","68f1da5e90ad734984f80c5d","escooccupation","2025-10-17T05:55:46.500Z","2025-10-17T05:55:46.500Z"
"iscogroup","68f1da4f90ad734984f7c817","68f1da5e90ad734984f80c5e","escooccupation","2025-10-17T05:55:46.500Z","2025-10-17T05:55:46.500Z"
"escooccupation","68f1da5e90ad734984f80c5e","68f1da5e90ad734984f80c5f","escooccupation","2025-10-17T05:55:46.500Z","2025-10-17T05:55:46.500Z"
"escooccupation","68f1da5e90ad734984f80c5e","68f1da5e90ad734984f80c60","escooccupation","2025-10-17T05:55:46.500Z","2025-10-17T05:55:46.500Z"
"iscogroup","68f1da4f90ad734984f7c818","68f1da5e90ad734984f80c61","escooccupation","2025-10-17T05:55:46.500Z","2025-10-17T05:55:46.500Z"
"iscogroup","68f1da4f90ad734984f7c818","68f1da5e90ad734984f80c62","escooccupation","2025-10-17T05:55:46.500Z","2025-10-17T05:55:46.500Z"
"escooccupation","68f1da5e90ad734984f80c62","68f1da5e90ad734984f80c63","escooccupation","2025-10-17T05:55:46.500Z","2025-10-17T05:55:46.500Z"
"escooccupation","68f1da5e90ad734984f80c62","68f1da5e90ad734984f80c64","escooccupation","2025-10-17T05:55:46.500Z","2025-10-17T05:55:46.500Z"
"escooccupation","68f1da5e90ad734984f80c62","68f1da5e90ad734984f80c65","escooccupation","2025-10-17T05:55:46.500Z","2025-10-17T05:55:46.500Z"
"escooccupation","68f1da5e90ad734984f80c62","68f1da5e90ad734984f80c66","escooccupation","2025-10-17T05:55:46.500Z","2025-10-17T05:55:46.500Z"
"escooccupation","68f1da5e90ad734984f80c62","68f1da5e90ad734984f80c67","escooccupation","2025-10-17T05:55:46.500Z","2025-10-17T05:55:46.500Z"
"escooccupation","68f1da5e90ad734984f80c62","68f1da5e90ad734984f80c68","escooccupation","2025-10-17T05:55:46.500Z","2025-10-17T05:55:46.500Z"
"iscogroup","68f1da4f90ad734984f7c818","68f1da5e90ad734984f80c69","escooccupation","2025-10-17T05:55:46.500Z","2025-10-17T05:55:46.500Z"
"escooccupation","68f1da5e90ad734984f80c69","68f1da5e90ad734984f80c6a","escooccupation","2025-10-17T05:55:46.500Z","2025-10-17T05:55:46.500Z"
"iscogroup","68f1da4f90ad734984f7c818","68f1da5e90ad734984f80c6b","escooccupation","2025-10-17T05:55:46.500Z","2025-10-17T05:55:46.500Z"
"iscogroup","68f1da4f90ad734984f7c819","68f1da5e90ad734984f80c6c","escooccupation","2025-10-17T05:55:46.500Z","2025-10-17T05:55:46.500Z"
"escooccupation","68f1da5e90ad734984f80c6c","68f1da5e90ad734984f80c6d","escooccupation","2025-10-17T05:55:46.500Z","2025-10-17T05:55:46.500Z"
"iscogroup","68f1da4f90ad734984f7c819","68f1da5e90ad734984f80c6e","escooccupation","2025-10-17T05:55:46.500Z","2025-10-17T05:55:46.500Z"
"iscogroup","68f1da4f90ad734984f7c81a","68f1da5e90ad734984f80c6f","escooccupation","2025-10-17T05:55:46.500Z","2025-10-17T05:55:46.500Z"
"iscogroup","68f1da4f90ad734984f7c81a","68f1da5e90ad734984f80c70","escooccupation","2025-10-17T05:55:46.500Z","2025-10-17T05:55:46.500Z"
"iscogroup","68f1da4f90ad734984f7c81a","68f1da5e90ad734984f80c71","escooccupation","2025-10-17T05:55:46.500Z","2025-10-17T05:55:46.500Z"
"iscogroup","68f1da4f90ad734984f7c81a","68f1da5e90ad734984f80c72","escooccupation","2025-10-17T05:55:46.500Z","2025-10-17T05:55:46.500Z"
"iscogroup","68f1da4f90ad734984f7c81a","68f1da5e90ad734984f80c73","escooccupation","2025-10-17T05:55:46.500Z","2025-10-17T05:55:46.500Z"
"iscogroup","68f1da4f90ad734984f7c81a","68f1da5e90ad734984f80c74","escooccupation","2025-10-17T05:55:46.500Z","2025-10-17T05:55:46.500Z"
"iscogroup","68f1da4f90ad734984f7c81a","68f1da5e90ad734984f80c75","escooccupation","2025-10-17T05:55:46.501Z","2025-10-17T05:55:46.501Z"
"iscogroup","68f1da4f90ad734984f7c81a","68f1da5e90ad734984f80c76","escooccupation","2025-10-17T05:55:46.501Z","2025-10-17T05:55:46.501Z"
"iscogroup","68f1da4f90ad734984f7c81c","68f1da5e90ad734984f80c77","escooccupation","2025-10-17T05:55:46.501Z","2025-10-17T05:55:46.501Z"
"iscogroup","68f1da4f90ad734984f7c81c","68f1da5e90ad734984f80c78","escooccupation","2025-10-17T05:55:46.501Z","2025-10-17T05:55:46.501Z"
"iscogroup","68f1da4f90ad734984f7c81c","68f1da5e90ad734984f80c79","escooccupation","2025-10-17T05:55:46.510Z","2025-10-17T05:55:46.510Z"
"iscogroup","68f1da4f90ad734984f7c81c","68f1da5e90ad734984f80c7a","escooccupation","2025-10-17T05:55:46.510Z","2025-10-17T05:55:46.510Z"
"iscogroup","68f1da4f90ad734984f7c81c","68f1da5e90ad734984f80c7b","escooccupation","2025-10-17T05:55:46.510Z","2025-10-17T05:55:46.510Z"
"iscogroup","68f1da4f90ad734984f7c81e","68f1da5e90ad734984f80c7c","escooccupation","2025-10-17T05:55:46.510Z","2025-10-17T05:55:46.510Z"
"iscogroup","68f1da4f90ad734984f7c81e","68f1da5e90ad734984f80c7d","escooccupation","2025-10-17T05:55:46.510Z","2025-10-17T05:55:46.510Z"
"iscogroup","68f1da4f90ad734984f7c81e","68f1da5e90ad734984f80c7e","escooccupation","2025-10-17T05:55:46.510Z","2025-10-17T05:55:46.510Z"
"iscogroup","68f1da4f90ad734984f7c81e","68f1da5e90ad734984f80c7f","escooccupation","2025-10-17T05:55:46.510Z","2025-10-17T05:55:46.510Z"
"iscogroup","68f1da4f90ad734984f7c81e","68f1da5e90ad734984f80c80","escooccupation","2025-10-17T05:55:46.510Z","2025-10-17T05:55:46.510Z"
"iscogroup","68f1da4f90ad734984f7c81e","68f1da5e90ad734984f80c81","escooccupation","2025-10-17T05:55:46.511Z","2025-10-17T05:55:46.511Z"
"iscogroup","68f1da4f90ad734984f7c81e","68f1da5e90ad734984f80c82","escooccupation","2025-10-17T05:55:46.511Z","2025-10-17T05:55:46.511Z"
"iscogroup","68f1da4f90ad734984f7c81e","68f1da5e90ad734984f80c83","escooccupation","2025-10-17T05:55:46.511Z","2025-10-17T05:55:46.511Z"
"iscogroup","68f1da4f90ad734984f7c81f","68f1da5e90ad734984f80c84","escooccupation","2025-10-17T05:55:46.511Z","2025-10-17T05:55:46.511Z"
"iscogroup","68f1da4f90ad734984f7c81f","68f1da5e90ad734984f80c85","escooccupation","2025-10-17T05:55:46.511Z","2025-10-17T05:55:46.511Z"
"iscogroup","68f1da4f90ad734984f7c81f","68f1da5e90ad734984f80c86","escooccupation","2025-10-17T05:55:46.511Z","2025-10-17T05:55:46.511Z"
"iscogroup","68f1da4f90ad734984f7c81f","68f1da5e90ad734984f80c87","escooccupation","2025-10-17T05:55:46.511Z","2025-10-17T05:55:46.511Z"
"iscogroup","68f1da4f90ad734984f7c81f","68f1da5e90ad734984f80c88","escooccupation","2025-10-17T05:55:46.511Z","2025-10-17T05:55:46.511Z"
"escooccupation","68f1da5e90ad734984f80c88","68f1da5e90ad734984f80c89","escooccupation","2025-10-17T05:55:46.511Z","2025-10-17T05:55:46.511Z"
"escooccupation","68f1da5e90ad734984f80c88","68f1da5e90ad734984f80c8a","escooccupation","2025-10-17T05:55:46.511Z","2025-10-17T05:55:46.511Z"
"escooccupation","68f1da5e90ad734984f80c88","68f1da5e90ad734984f80c8b","escooccupation","2025-10-17T05:55:46.511Z","2025-10-17T05:55:46.511Z"
"escooccupation","68f1da5e90ad734984f80c88","68f1da5e90ad734984f80c8c","escooccupation","2025-10-17T05:55:46.511Z","2025-10-17T05:55:46.511Z"
"escooccupation","68f1da5e90ad734984f80c88","68f1da5e90ad734984f80c8d","escooccupation","2025-10-17T05:55:46.511Z","2025-10-17T05:55:46.511Z"
"iscogroup","68f1da4f90ad734984f7c81f","68f1da5e90ad734984f80c8e","escooccupation","2025-10-17T05:55:46.511Z","2025-10-17T05:55:46.511Z"
"iscogroup","68f1da4f90ad734984f7c821","68f1da5e90ad734984f80c8f","escooccupation","2025-10-17T05:55:46.511Z","2025-10-17T05:55:46.511Z"
"iscogroup","68f1da4f90ad734984f7c821","68f1da5e90ad734984f80c90","escooccupation","2025-10-17T05:55:46.511Z","2025-10-17T05:55:46.511Z"
"iscogroup","68f1da4f90ad734984f7c821","68f1da5e90ad734984f80c91","escooccupation","2025-10-17T05:55:46.511Z","2025-10-17T05:55:46.511Z"
"iscogroup","68f1da4f90ad734984f7c821","68f1da5e90ad734984f80c92","escooccupation","2025-10-17T05:55:46.511Z","2025-10-17T05:55:46.511Z"
"escooccupation","68f1da5e90ad734984f80c92","68f1da5e90ad734984f80c93","escooccupation","2025-10-17T05:55:46.511Z","2025-10-17T05:55:46.511Z"
"escooccupation","68f1da5e90ad734984f80c92","68f1da5e90ad734984f80c94","escooccupation","2025-10-17T05:55:46.511Z","2025-10-17T05:55:46.511Z"
"iscogroup","68f1da4f90ad734984f7c821","68f1da5e90ad734984f80c95","escooccupation","2025-10-17T05:55:46.511Z","2025-10-17T05:55:46.511Z"
"iscogroup","68f1da4f90ad734984f7c821","68f1da5e90ad734984f80c96","escooccupation","2025-10-17T05:55:46.511Z","2025-10-17T05:55:46.511Z"
"iscogroup","68f1da4f90ad734984f7c821","68f1da5e90ad734984f80c97","escooccupation","2025-10-17T05:55:46.511Z","2025-10-17T05:55:46.511Z"
"iscogroup","68f1da4f90ad734984f7c821","68f1da5e90ad734984f80c98","escooccupation","2025-10-17T05:55:46.511Z","2025-10-17T05:55:46.511Z"
"iscogroup","68f1da4f90ad734984f7c821","68f1da5e90ad734984f80c99","escooccupation","2025-10-17T05:55:46.511Z","2025-10-17T05:55:46.511Z"
"iscogroup","68f1da4f90ad734984f7c821","68f1da5e90ad734984f80c9a","escooccupation","2025-10-17T05:55:46.511Z","2025-10-17T05:55:46.511Z"
"iscogroup","68f1da4f90ad734984f7c822","68f1da5e90ad734984f80c9b","escooccupation","2025-10-17T05:55:46.511Z","2025-10-17T05:55:46.511Z"
"iscogroup","68f1da4f90ad734984f7c822","68f1da5e90ad734984f80c9c","escooccupation","2025-10-17T05:55:46.511Z","2025-10-17T05:55:46.511Z"
"iscogroup","68f1da4f90ad734984f7c823","68f1da5e90ad734984f80c9d","escooccupation","2025-10-17T05:55:46.511Z","2025-10-17T05:55:46.511Z"
"iscogroup","68f1da4f90ad734984f7c823","68f1da5e90ad734984f80c9e","escooccupation","2025-10-17T05:55:46.511Z","2025-10-17T05:55:46.511Z"
"iscogroup","68f1da4f90ad734984f7c823","68f1da5e90ad734984f80c9f","escooccupation","2025-10-17T05:55:46.511Z","2025-10-17T05:55:46.511Z"
"iscogroup","68f1da4f90ad734984f7c823","68f1da5e90ad734984f80ca0","escooccupation","2025-10-17T05:55:46.511Z","2025-10-17T05:55:46.511Z"
"iscogroup","68f1da4f90ad734984f7c823","68f1da5e90ad734984f80ca1","escooccupation","2025-10-17T05:55:46.511Z","2025-10-17T05:55:46.511Z"
"iscogroup","68f1da4f90ad734984f7c823","68f1da5e90ad734984f80ca2","escooccupation","2025-10-17T05:55:46.511Z","2025-10-17T05:55:46.511Z"
"iscogroup","68f1da4f90ad734984f7c823","68f1da5e90ad734984f80ca3","escooccupation","2025-10-17T05:55:46.511Z","2025-10-17T05:55:46.511Z"
"iscogroup","68f1da4f90ad734984f7c824","68f1da5e90ad734984f80ca4","escooccupation","2025-10-17T05:55:46.512Z","2025-10-17T05:55:46.512Z"
"iscogroup","68f1da4f90ad734984f7c824","68f1da5e90ad734984f80ca5","escooccupation","2025-10-17T05:55:46.512Z","2025-10-17T05:55:46.512Z"
"iscogroup","68f1da4f90ad734984f7c827","68f1da5e90ad734984f80ca6","escooccupation","2025-10-17T05:55:46.512Z","2025-10-17T05:55:46.512Z"
"escooccupation","68f1da5e90ad734984f80ca6","68f1da5e90ad734984f80ca7","escooccupation","2025-10-17T05:55:46.512Z","2025-10-17T05:55:46.512Z"
"iscogroup","68f1da4f90ad734984f7c827","68f1da5e90ad734984f80ca8","escooccupation","2025-10-17T05:55:46.512Z","2025-10-17T05:55:46.512Z"
"iscogroup","68f1da4f90ad734984f7c827","68f1da5e90ad734984f80ca9","escooccupation","2025-10-17T05:55:46.512Z","2025-10-17T05:55:46.512Z"
"iscogroup","68f1da4f90ad734984f7c827","68f1da5e90ad734984f80caa","escooccupation","2025-10-17T05:55:46.512Z","2025-10-17T05:55:46.512Z"
"iscogroup","68f1da4f90ad734984f7c86c","68f1da5e90ad734984f80cab","escooccupation","2025-10-17T05:55:46.514Z","2025-10-17T05:55:46.514Z"
"iscogroup","68f1da4f90ad734984f7c86c","68f1da5e90ad734984f80cac","escooccupation","2025-10-17T05:55:46.514Z","2025-10-17T05:55:46.514Z"
"iscogroup","68f1da4f90ad734984f7c86c","68f1da5e90ad734984f80cad","escooccupation","2025-10-17T05:55:46.514Z","2025-10-17T05:55:46.514Z"
"iscogroup","68f1da4f90ad734984f7c86c","68f1da5e90ad734984f80cae","escooccupation","2025-10-17T05:55:46.514Z","2025-10-17T05:55:46.514Z"
"iscogroup","68f1da4f90ad734984f7c86c","68f1da5e90ad734984f80caf","escooccupation","2025-10-17T05:55:46.514Z","2025-10-17T05:55:46.514Z"
"iscogroup","68f1da4f90ad734984f7c86c","68f1da5e90ad734984f80cb0","escooccupation","2025-10-17T05:55:46.514Z","2025-10-17T05:55:46.514Z"
"iscogroup","68f1da4f90ad734984f7c86c","68f1da5e90ad734984f80cb1","escooccupation","2025-10-17T05:55:46.514Z","2025-10-17T05:55:46.514Z"
"iscogroup","68f1da4f90ad734984f7c870","68f1da5e90ad734984f80cb2","escooccupation","2025-10-17T05:55:46.514Z","2025-10-17T05:55:46.514Z"
"iscogroup","68f1da4f90ad734984f7c871","68f1da5e90ad734984f80cb3","escooccupation","2025-10-17T05:55:46.514Z","2025-10-17T05:55:46.514Z"
"iscogroup","68f1da4f90ad734984f7c871","68f1da5e90ad734984f80cb4","escooccupation","2025-10-17T05:55:46.514Z","2025-10-17T05:55:46.514Z"
"iscogroup","68f1da4f90ad734984f7c871","68f1da5e90ad734984f80cb5","escooccupation","2025-10-17T05:55:46.514Z","2025-10-17T05:55:46.514Z"
"iscogroup","68f1da4f90ad734984f7c871","68f1da5e90ad734984f80cb6","escooccupation","2025-10-17T05:55:46.514Z","2025-10-17T05:55:46.514Z"
"iscogroup","68f1da4f90ad734984f7c871","68f1da5e90ad734984f80cb7","escooccupation","2025-10-17T05:55:46.514Z","2025-10-17T05:55:46.514Z"
"iscogroup","68f1da4f90ad734984f7c871","68f1da5e90ad734984f80cb8","escooccupation","2025-10-17T05:55:46.514Z","2025-10-17T05:55:46.514Z"
"iscogroup","68f1da4f90ad734984f7c873","68f1da5e90ad734984f80cb9","escooccupation","2025-10-17T05:55:46.514Z","2025-10-17T05:55:46.514Z"
"iscogroup","68f1da4f90ad734984f7c873","68f1da5e90ad734984f80cba","escooccupation","2025-10-17T05:55:46.514Z","2025-10-17T05:55:46.514Z"
"iscogroup","68f1da4f90ad734984f7c874","68f1da5e90ad734984f80cbb","escooccupation","2025-10-17T05:55:46.514Z","2025-10-17T05:55:46.514Z"
"iscogroup","68f1da4f90ad734984f7c875","68f1da5e90ad734984f80cbc","escooccupation","2025-10-17T05:55:46.514Z","2025-10-17T05:55:46.514Z"
"iscogroup","68f1da4f90ad734984f7c876","68f1da5e90ad734984f80cbd","escooccupation","2025-10-17T05:55:46.514Z","2025-10-17T05:55:46.514Z"
"iscogroup","68f1da4f90ad734984f7c876","68f1da5e90ad734984f80cbe","escooccupation","2025-10-17T05:55:46.514Z","2025-10-17T05:55:46.514Z"
"iscogroup","68f1da4f90ad734984f7c876","68f1da5e90ad734984f80cbf","escooccupation","2025-10-17T05:55:46.514Z","2025-10-17T05:55:46.514Z"
"iscogroup","68f1da4f90ad734984f7c879","68f1da5e90ad734984f80cc0","escooccupation","2025-10-17T05:55:46.514Z","2025-10-17T05:55:46.514Z"
"iscogroup","68f1da4f90ad734984f7c879","68f1da5e90ad734984f80cc1","escooccupation","2025-10-17T05:55:46.514Z","2025-10-17T05:55:46.514Z"
"iscogroup","68f1da4f90ad734984f7c87a","68f1da5e90ad734984f80cc2","escooccupation","2025-10-17T05:55:46.515Z","2025-10-17T05:55:46.515Z"
"iscogroup","68f1da4f90ad734984f7c87a","68f1da5e90ad734984f80cc3","escooccupation","2025-10-17T05:55:46.515Z","2025-10-17T05:55:46.515Z"
"iscogroup","68f1da4f90ad734984f7c865","68f1da5e90ad734984f80cc4","escooccupation","2025-10-17T05:55:46.513Z","2025-10-17T05:55:46.513Z"
"iscogroup","68f1da4f90ad734984f7c865","68f1da5e90ad734984f80cc5","escooccupation","2025-10-17T05:55:46.513Z","2025-10-17T05:55:46.513Z"
"iscogroup","68f1da4f90ad734984f7c865","68f1da5e90ad734984f80cc6","escooccupation","2025-10-17T05:55:46.513Z","2025-10-17T05:55:46.513Z"
"iscogroup","68f1da4f90ad734984f7c865","68f1da5e90ad734984f80cc7","escooccupation","2025-10-17T05:55:46.513Z","2025-10-17T05:55:46.513Z"
"iscogroup","68f1da4f90ad734984f7c865","68f1da5e90ad734984f80cc8","escooccupation","2025-10-17T05:55:46.513Z","2025-10-17T05:55:46.513Z"
"iscogroup","68f1da4f90ad734984f7c865","68f1da5e90ad734984f80cc9","escooccupation","2025-10-17T05:55:46.513Z","2025-10-17T05:55:46.513Z"
"iscogroup","68f1da4f90ad734984f7c867","68f1da5e90ad734984f80cca","escooccupation","2025-10-17T05:55:46.513Z","2025-10-17T05:55:46.513Z"
"iscogroup","68f1da4f90ad734984f7c867","68f1da5e90ad734984f80ccb","escooccupation","2025-10-17T05:55:46.513Z","2025-10-17T05:55:46.513Z"
"iscogroup","68f1da4f90ad734984f7c867","68f1da5e90ad734984f80ccc","escooccupation","2025-10-17T05:55:46.513Z","2025-10-17T05:55:46.513Z"
"iscogroup","68f1da4f90ad734984f7c868","68f1da5e90ad734984f80ccd","escooccupation","2025-10-17T05:55:46.513Z","2025-10-17T05:55:46.513Z"
"iscogroup","68f1da4f90ad734984f7c868","68f1da5e90ad734984f80cce","escooccupation","2025-10-17T05:55:46.513Z","2025-10-17T05:55:46.513Z"
"iscogroup","68f1da4f90ad734984f7c868","68f1da5e90ad734984f80ccf","escooccupation","2025-10-17T05:55:46.513Z","2025-10-17T05:55:46.513Z"
"iscogroup","68f1da4f90ad734984f7c868","68f1da5e90ad734984f80cd0","escooccupation","2025-10-17T05:55:46.514Z","2025-10-17T05:55:46.514Z"
"iscogroup","68f1da4f90ad734984f7c868","68f1da5e90ad734984f80cd1","escooccupation","2025-10-17T05:55:46.514Z","2025-10-17T05:55:46.514Z"
"iscogroup","68f1da4f90ad734984f7c868","68f1da5e90ad734984f80cd2","escooccupation","2025-10-17T05:55:46.514Z","2025-10-17T05:55:46.514Z"
"iscogroup","68f1da4f90ad734984f7c868","68f1da5e90ad734984f80cd3","escooccupation","2025-10-17T05:55:46.514Z","2025-10-17T05:55:46.514Z"
"iscogroup","68f1da4f90ad734984f7c868","68f1da5e90ad734984f80cd4","escooccupation","2025-10-17T05:55:46.514Z","2025-10-17T05:55:46.514Z"
"iscogroup","68f1da4f90ad734984f7c868","68f1da5e90ad734984f80cd5","escooccupation","2025-10-17T05:55:46.514Z","2025-10-17T05:55:46.514Z"
"iscogroup","68f1da4f90ad734984f7c868","68f1da5e90ad734984f80cd6","escooccupation","2025-10-17T05:55:46.514Z","2025-10-17T05:55:46.514Z"
"iscogroup","68f1da4f90ad734984f7c869","68f1da5e90ad734984f80cd7","escooccupation","2025-10-17T05:55:46.514Z","2025-10-17T05:55:46.514Z"
"iscogroup","68f1da4f90ad734984f7c869","68f1da5e90ad734984f80cd8","escooccupation","2025-10-17T05:55:46.514Z","2025-10-17T05:55:46.514Z"
"iscogroup","68f1da4f90ad734984f7c869","68f1da5e90ad734984f80cd9","escooccupation","2025-10-17T05:55:46.514Z","2025-10-17T05:55:46.514Z"
"iscogroup","68f1da4f90ad734984f7c869","68f1da5e90ad734984f80cda","escooccupation","2025-10-17T05:55:46.514Z","2025-10-17T05:55:46.514Z"
"iscogroup","68f1da4f90ad734984f7c869","68f1da5e90ad734984f80cdb","escooccupation","2025-10-17T05:55:46.514Z","2025-10-17T05:55:46.514Z"
"iscogroup","68f1da4f90ad734984f7c86a","68f1da5e90ad734984f80cdc","escooccupation","2025-10-17T05:55:46.514Z","2025-10-17T05:55:46.514Z"
"iscogroup","68f1da4f90ad734984f7c85b","68f1da5e90ad734984f80cdd","escooccupation","2025-10-17T05:55:46.512Z","2025-10-17T05:55:46.512Z"
"iscogroup","68f1da4f90ad734984f7c85b","68f1da5e90ad734984f80cde","escooccupation","2025-10-17T05:55:46.512Z","2025-10-17T05:55:46.512Z"
"iscogroup","68f1da4f90ad734984f7c85b","68f1da5e90ad734984f80cdf","escooccupation","2025-10-17T05:55:46.512Z","2025-10-17T05:55:46.512Z"
"iscogroup","68f1da4f90ad734984f7c85b","68f1da5e90ad734984f80ce0","escooccupation","2025-10-17T05:55:46.513Z","2025-10-17T05:55:46.513Z"
"iscogroup","68f1da4f90ad734984f7c85b","68f1da5e90ad734984f80ce1","escooccupation","2025-10-17T05:55:46.513Z","2025-10-17T05:55:46.513Z"
"iscogroup","68f1da4f90ad734984f7c85b","68f1da5e90ad734984f80ce2","escooccupation","2025-10-17T05:55:46.513Z","2025-10-17T05:55:46.513Z"
"iscogroup","68f1da4f90ad734984f7c85e","68f1da5e90ad734984f80ce3","escooccupation","2025-10-17T05:55:46.513Z","2025-10-17T05:55:46.513Z"
"iscogroup","68f1da4f90ad734984f7c85f","68f1da5e90ad734984f80ce4","escooccupation","2025-10-17T05:55:46.513Z","2025-10-17T05:55:46.513Z"
"iscogroup","68f1da4f90ad734984f7c85f","68f1da5e90ad734984f80ce5","escooccupation","2025-10-17T05:55:46.513Z","2025-10-17T05:55:46.513Z"
"iscogroup","68f1da4f90ad734984f7c85f","68f1da5e90ad734984f80ce6","escooccupation","2025-10-17T05:55:46.513Z","2025-10-17T05:55:46.513Z"
"iscogroup","68f1da4f90ad734984f7c85f","68f1da5e90ad734984f80ce7","escooccupation","2025-10-17T05:55:46.513Z","2025-10-17T05:55:46.513Z"
"iscogroup","68f1da4f90ad734984f7c85f","68f1da5e90ad734984f80ce8","escooccupation","2025-10-17T05:55:46.513Z","2025-10-17T05:55:46.513Z"
"iscogroup","68f1da4f90ad734984f7c861","68f1da5e90ad734984f80ce9","escooccupation","2025-10-17T05:55:46.513Z","2025-10-17T05:55:46.513Z"
"iscogroup","68f1da4f90ad734984f7c862","68f1da5e90ad734984f80cea","escooccupation","2025-10-17T05:55:46.513Z","2025-10-17T05:55:46.513Z"
"iscogroup","68f1da4f90ad734984f7c862","68f1da5e90ad734984f80ceb","escooccupation","2025-10-17T05:55:46.513Z","2025-10-17T05:55:46.513Z"
"iscogroup","68f1da4f90ad734984f7c862","68f1da5e90ad734984f80cec","escooccupation","2025-10-17T05:55:46.513Z","2025-10-17T05:55:46.513Z"
"iscogroup","68f1da4f90ad734984f7c862","68f1da5e90ad734984f80ced","escooccupation","2025-10-17T05:55:46.513Z","2025-10-17T05:55:46.513Z"
"iscogroup","68f1da4f90ad734984f7c862","68f1da5e90ad734984f80cee","escooccupation","2025-10-17T05:55:46.513Z","2025-10-17T05:55:46.513Z"
"iscogroup","68f1da4f90ad734984f7c862","68f1da5e90ad734984f80cef","escooccupation","2025-10-17T05:55:46.513Z","2025-10-17T05:55:46.513Z"
"iscogroup","68f1da4f90ad734984f7c862","68f1da5e90ad734984f80cf0","escooccupation","2025-10-17T05:55:46.513Z","2025-10-17T05:55:46.513Z"
"iscogroup","68f1da4f90ad734984f7c864","68f1da5e90ad734984f80cf1","escooccupation","2025-10-17T05:55:46.513Z","2025-10-17T05:55:46.513Z"
"escooccupation","68f1da5e90ad734984f80cf1","68f1da5e90ad734984f80cf2","escooccupation","2025-10-17T05:55:46.513Z","2025-10-17T05:55:46.513Z"
"iscogroup","68f1da4f90ad734984f7c864","68f1da5e90ad734984f80cf3","escooccupation","2025-10-17T05:55:46.513Z","2025-10-17T05:55:46.513Z"
"iscogroup","68f1da4f90ad734984f7c865","68f1da5e90ad734984f80cf4","escooccupation","2025-10-17T05:55:46.513Z","2025-10-17T05:55:46.513Z"
"iscogroup","68f1da4f90ad734984f7c865","68f1da5e90ad734984f80cf5","escooccupation","2025-10-17T05:55:46.513Z","2025-10-17T05:55:46.513Z"
"iscogroup","68f1da4f90ad734984f7c827","68f1da5e90ad734984f80cf6","escooccupation","2025-10-17T05:55:46.512Z","2025-10-17T05:55:46.512Z"
"escooccupation","68f1da5e90ad734984f80cf6","68f1da5e90ad734984f80cf7","escooccupation","2025-10-17T05:55:46.512Z","2025-10-17T05:55:46.512Z"
"escooccupation","68f1da5e90ad734984f80cf6","68f1da5e90ad734984f80cf8","escooccupation","2025-10-17T05:55:46.512Z","2025-10-17T05:55:46.512Z"
"escooccupation","68f1da5e90ad734984f80cf6","68f1da5e90ad734984f80cf9","escooccupation","2025-10-17T05:55:46.512Z","2025-10-17T05:55:46.512Z"
"iscogroup","68f1da4f90ad734984f7c827","68f1da5e90ad734984f80cfa","escooccupation","2025-10-17T05:55:46.512Z","2025-10-17T05:55:46.512Z"
"iscogroup","68f1da4f90ad734984f7c827","68f1da5e90ad734984f80cfb","escooccupation","2025-10-17T05:55:46.512Z","2025-10-17T05:55:46.512Z"
"iscogroup","68f1da4f90ad734984f7c828","68f1da5e90ad734984f80cfc","escooccupation","2025-10-17T05:55:46.512Z","2025-10-17T05:55:46.512Z"
"iscogroup","68f1da4f90ad734984f7c828","68f1da5e90ad734984f80cfd","escooccupation","2025-10-17T05:55:46.512Z","2025-10-17T05:55:46.512Z"
"escooccupation","68f1da5e90ad734984f80cfd","68f1da5e90ad734984f80cfe","escooccupation","2025-10-17T05:55:46.512Z","2025-10-17T05:55:46.512Z"
"escooccupation","68f1da5e90ad734984f80cfd","68f1da5e90ad734984f80cff","escooccupation","2025-10-17T05:55:46.512Z","2025-10-17T05:55:46.512Z"
"escooccupation","68f1da5e90ad734984f80cfd","68f1da5e90ad734984f80d00","escooccupation","2025-10-17T05:55:46.512Z","2025-10-17T05:55:46.512Z"
"iscogroup","68f1da4f90ad734984f7c828","68f1da5e90ad734984f80d01","escooccupation","2025-10-17T05:55:46.512Z","2025-10-17T05:55:46.512Z"
"escooccupation","68f1da5e90ad734984f80d01","68f1da5e90ad734984f80d02","escooccupation","2025-10-17T05:55:46.512Z","2025-10-17T05:55:46.512Z"
"escooccupation","68f1da5e90ad734984f80d01","68f1da5e90ad734984f80d03","escooccupation","2025-10-17T05:55:46.512Z","2025-10-17T05:55:46.512Z"
"escooccupation","68f1da5e90ad734984f80d01","68f1da5e90ad734984f80d04","escooccupation","2025-10-17T05:55:46.512Z","2025-10-17T05:55:46.512Z"
"escooccupation","68f1da5e90ad734984f80d01","68f1da5e90ad734984f80d05","escooccupation","2025-10-17T05:55:46.512Z","2025-10-17T05:55:46.512Z"
"escooccupation","68f1da5e90ad734984f80d01","68f1da5e90ad734984f80d06","escooccupation","2025-10-17T05:55:46.512Z","2025-10-17T05:55:46.512Z"
"escooccupation","68f1da5e90ad734984f80d01","68f1da5e90ad734984f80d07","escooccupation","2025-10-17T05:55:46.512Z","2025-10-17T05:55:46.512Z"
"iscogroup","68f1da4f90ad734984f7c828","68f1da5e90ad734984f80d08","escooccupation","2025-10-17T05:55:46.512Z","2025-10-17T05:55:46.512Z"
"iscogroup","68f1da4f90ad734984f7c828","68f1da5e90ad734984f80d09","escooccupation","2025-10-17T05:55:46.512Z","2025-10-17T05:55:46.512Z"
"iscogroup","68f1da4f90ad734984f7c85b","68f1da5e90ad734984f80d0a","escooccupation","2025-10-17T05:55:46.512Z","2025-10-17T05:55:46.512Z"
"iscogroup","68f1da4f90ad734984f7c85b","68f1da5e90ad734984f80d0b","escooccupation","2025-10-17T05:55:46.512Z","2025-10-17T05:55:46.512Z"
"iscogroup","68f1da4f90ad734984f7c85b","68f1da5e90ad734984f80d0c","escooccupation","2025-10-17T05:55:46.512Z","2025-10-17T05:55:46.512Z"
"iscogroup","68f1da4f90ad734984f7c85b","68f1da5e90ad734984f80d0d","escooccupation","2025-10-17T05:55:46.512Z","2025-10-17T05:55:46.512Z"
"iscogroup","68f1da4f90ad734984f7c85b","68f1da5e90ad734984f80d0e","escooccupation","2025-10-17T05:55:46.512Z","2025-10-17T05:55:46.512Z"
"iscogroup","68f1da4f90ad734984f7c87a","68f1da5e90ad734984f80d0f","escooccupation","2025-10-17T05:55:46.515Z","2025-10-17T05:55:46.515Z"
"iscogroup","68f1da4f90ad734984f7c87a","68f1da5e90ad734984f80d10","escooccupation","2025-10-17T05:55:46.515Z","2025-10-17T05:55:46.515Z"
"iscogroup","68f1da4f90ad734984f7c87b","68f1da5e90ad734984f80d11","escooccupation","2025-10-17T05:55:46.515Z","2025-10-17T05:55:46.515Z"
"iscogroup","68f1da4f90ad734984f7c87c","68f1da5e90ad734984f80d12","escooccupation","2025-10-17T05:55:46.515Z","2025-10-17T05:55:46.515Z"
"iscogroup","68f1da4f90ad734984f7c87c","68f1da5e90ad734984f80d13","escooccupation","2025-10-17T05:55:46.515Z","2025-10-17T05:55:46.515Z"
"iscogroup","68f1da4f90ad734984f7c87d","68f1da5e90ad734984f80d14","escooccupation","2025-10-17T05:55:46.515Z","2025-10-17T05:55:46.515Z"
"iscogroup","68f1da4f90ad734984f7c87e","68f1da5e90ad734984f80d15","escooccupation","2025-10-17T05:55:46.515Z","2025-10-17T05:55:46.515Z"
"iscogroup","68f1da4f90ad734984f7c87e","68f1da5e90ad734984f80d16","escooccupation","2025-10-17T05:55:46.515Z","2025-10-17T05:55:46.515Z"
"iscogroup","68f1da4f90ad734984f7c87e","68f1da5e90ad734984f80d17","escooccupation","2025-10-17T05:55:46.515Z","2025-10-17T05:55:46.515Z"
"iscogroup","68f1da4f90ad734984f7c87e","68f1da5e90ad734984f80d18","escooccupation","2025-10-17T05:55:46.515Z","2025-10-17T05:55:46.515Z"
"iscogroup","68f1da4f90ad734984f7c881","68f1da5e90ad734984f80d19","escooccupation","2025-10-17T05:55:46.515Z","2025-10-17T05:55:46.515Z"
"iscogroup","68f1da4f90ad734984f7c882","68f1da5e90ad734984f80d1a","escooccupation","2025-10-17T05:55:46.515Z","2025-10-17T05:55:46.515Z"
"escooccupation","68f1da5e90ad734984f80d1a","68f1da5e90ad734984f80d1b","escooccupation","2025-10-17T05:55:46.515Z","2025-10-17T05:55:46.515Z"
"escooccupation","68f1da5e90ad734984f80d1a","68f1da5e90ad734984f80d1c","escooccupation","2025-10-17T05:55:46.515Z","2025-10-17T05:55:46.515Z"
"escooccupation","68f1da5e90ad734984f80d1a","68f1da5e90ad734984f80d1d","escooccupation","2025-10-17T05:55:46.515Z","2025-10-17T05:55:46.515Z"
"escooccupation","68f1da5e90ad734984f80d1a","68f1da5e90ad734984f80d1e","escooccupation","2025-10-17T05:55:46.515Z","2025-10-17T05:55:46.515Z"
"escooccupation","68f1da5e90ad734984f80d1a","68f1da5e90ad734984f80d1f","escooccupation","2025-10-17T05:55:46.515Z","2025-10-17T05:55:46.515Z"
"escooccupation","68f1da5e90ad734984f80d1a","68f1da5e90ad734984f80d20","escooccupation","2025-10-17T05:55:46.515Z","2025-10-17T05:55:46.515Z"
"iscogroup","68f1da4f90ad734984f7c883","68f1da5e90ad734984f80d21","escooccupation","2025-10-17T05:55:46.515Z","2025-10-17T05:55:46.515Z"
"iscogroup","68f1da4f90ad734984f7c885","68f1da5e90ad734984f80d22","escooccupation","2025-10-17T05:55:46.515Z","2025-10-17T05:55:46.515Z"
"iscogroup","68f1da4f90ad734984f7c885","68f1da5e90ad734984f80d23","escooccupation","2025-10-17T05:55:46.515Z","2025-10-17T05:55:46.515Z"
"iscogroup","68f1da4f90ad734984f7c886","68f1da5e90ad734984f80d24","escooccupation","2025-10-17T05:55:46.515Z","2025-10-17T05:55:46.515Z"
"iscogroup","68f1da4f90ad734984f7c886","68f1da5e90ad734984f80d25","escooccupation","2025-10-17T05:55:46.515Z","2025-10-17T05:55:46.515Z"
"iscogroup","68f1da4f90ad734984f7c888","68f1da5e90ad734984f80d26","escooccupation","2025-10-17T05:55:46.515Z","2025-10-17T05:55:46.515Z"
"iscogroup","68f1da4f90ad734984f7c889","68f1da5e90ad734984f80d27","escooccupation","2025-10-17T05:55:46.515Z","2025-10-17T05:55:46.515Z"
"iscogroup","68f1da4f90ad734984f7c88a","68f1da5e90ad734984f80d28","escooccupation","2025-10-17T05:55:46.515Z","2025-10-17T05:55:46.515Z"
"iscogroup","68f1da4f90ad734984f7c88a","68f1da5e90ad734984f80d29","escooccupation","2025-10-17T05:55:46.515Z","2025-10-17T05:55:46.515Z"
"iscogroup","68f1da4f90ad734984f7c88a","68f1da5e90ad734984f80d2a","escooccupation","2025-10-17T05:55:46.515Z","2025-10-17T05:55:46.515Z"
"iscogroup","68f1da4f90ad734984f7c88a","68f1da5e90ad734984f80d2b","escooccupation","2025-10-17T05:55:46.515Z","2025-10-17T05:55:46.515Z"
"iscogroup","68f1da4f90ad734984f7c88a","68f1da5e90ad734984f80d2c","escooccupation","2025-10-17T05:55:46.515Z","2025-10-17T05:55:46.515Z"
"iscogroup","68f1da4f90ad734984f7c88a","68f1da5e90ad734984f80d2d","escooccupation","2025-10-17T05:55:46.515Z","2025-10-17T05:55:46.515Z"
"iscogroup","68f1da4f90ad734984f7c88a","68f1da5e90ad734984f80d2e","escooccupation","2025-10-17T05:55:46.515Z","2025-10-17T05:55:46.515Z"
"iscogroup","68f1da4f90ad734984f7c88a","68f1da5e90ad734984f80d2f","escooccupation","2025-10-17T05:55:46.515Z","2025-10-17T05:55:46.515Z"
"escooccupation","68f1da5e90ad734984f80d2f","68f1da5e90ad734984f80d30","escooccupation","2025-10-17T05:55:46.516Z","2025-10-17T05:55:46.516Z"
"iscogroup","68f1da4f90ad734984f7c88b","68f1da5e90ad734984f80d31","escooccupation","2025-10-17T05:55:46.516Z","2025-10-17T05:55:46.516Z"
"iscogroup","68f1da4f90ad734984f7c8a4","68f1da5e90ad734984f80d32","escooccupation","2025-10-17T05:55:46.516Z","2025-10-17T05:55:46.516Z"
"iscogroup","68f1da4f90ad734984f7c8a4","68f1da5e90ad734984f80d33","escooccupation","2025-10-17T05:55:46.516Z","2025-10-17T05:55:46.516Z"
"iscogroup","68f1da4f90ad734984f7c8a5","68f1da5e90ad734984f80d34","escooccupation","2025-10-17T05:55:46.516Z","2025-10-17T05:55:46.516Z"
"iscogroup","68f1da4f90ad734984f7c8a5","68f1da5e90ad734984f80d35","escooccupation","2025-10-17T05:55:46.516Z","2025-10-17T05:55:46.516Z"
"iscogroup","68f1da4f90ad734984f7c8a8","68f1da5e90ad734984f80d36","escooccupation","2025-10-17T05:55:46.516Z","2025-10-17T05:55:46.516Z"
"iscogroup","68f1da4f90ad734984f7c8aa","68f1da5e90ad734984f80d37","escooccupation","2025-10-17T05:55:46.516Z","2025-10-17T05:55:46.516Z"
"iscogroup","68f1da4f90ad734984f7c8ad","68f1da5e90ad734984f80d38","escooccupation","2025-10-17T05:55:46.516Z","2025-10-17T05:55:46.516Z"
"iscogroup","68f1da4f90ad734984f7c8ae","68f1da5e90ad734984f80d39","escooccupation","2025-10-17T05:55:46.516Z","2025-10-17T05:55:46.516Z"
"iscogroup","68f1da4f90ad734984f7c8ae","68f1da5e90ad734984f80d3a","escooccupation","2025-10-17T05:55:46.516Z","2025-10-17T05:55:46.516Z"
"iscogroup","68f1da4f90ad734984f7c8af","68f1da5e90ad734984f80d3b","escooccupation","2025-10-17T05:55:46.516Z","2025-10-17T05:55:46.516Z"
"iscogroup","68f1da4f90ad734984f7c8b1","68f1da5e90ad734984f80d3c","escooccupation","2025-10-17T05:55:46.516Z","2025-10-17T05:55:46.516Z"
"iscogroup","68f1da4f90ad734984f7c8b1","68f1da5e90ad734984f80d3d","escooccupation","2025-10-17T05:55:46.516Z","2025-10-17T05:55:46.516Z"
"iscogroup","68f1da4f90ad734984f7c8b2","68f1da5e90ad734984f80d3e","escooccupation","2025-10-17T05:55:46.516Z","2025-10-17T05:55:46.516Z"
"iscogroup","68f1da4f90ad734984f7c8b3","68f1da5e90ad734984f80d3f","escooccupation","2025-10-17T05:55:46.516Z","2025-10-17T05:55:46.516Z"
"iscogroup","68f1da4f90ad734984f7c8b3","68f1da5e90ad734984f80d40","escooccupation","2025-10-17T05:55:46.516Z","2025-10-17T05:55:46.516Z"
"iscogroup","68f1da4f90ad734984f7c8b5","68f1da5e90ad734984f80d41","escooccupation","2025-10-17T05:55:46.516Z","2025-10-17T05:55:46.516Z"
"iscogroup","68f1da4f90ad734984f7c8b5","68f1da5e90ad734984f80d42","escooccupation","2025-10-17T05:55:46.516Z","2025-10-17T05:55:46.516Z"
"iscogroup","68f1da4f90ad734984f7c8b5","68f1da5e90ad734984f80d43","escooccupation","2025-10-17T05:55:46.516Z","2025-10-17T05:55:46.516Z"
"iscogroup","68f1da4f90ad734984f7c8b5","68f1da5e90ad734984f80d44","escooccupation","2025-10-17T05:55:46.516Z","2025-10-17T05:55:46.516Z"
"iscogroup","68f1da4f90ad734984f7c8b5","68f1da5e90ad734984f80d45","escooccupation","2025-10-17T05:55:46.516Z","2025-10-17T05:55:46.516Z"
"iscogroup","68f1da4f90ad734984f7c8b5","68f1da5e90ad734984f80d46","escooccupation","2025-10-17T05:55:46.516Z","2025-10-17T05:55:46.516Z"
"iscogroup","68f1da4f90ad734984f7c8b5","68f1da5e90ad734984f80d47","escooccupation","2025-10-17T05:55:46.516Z","2025-10-17T05:55:46.516Z"
"iscogroup","68f1da4f90ad734984f7c7a2","68f1da5e90ad734984f80d48","localoccupation","2025-10-17T05:55:46.472Z","2025-10-17T05:55:46.472Z"
"localgroup","68f1da4f90ad734984f7c8b7","68f1da5e90ad734984f80d49","localoccupation","2025-10-17T05:55:46.516Z","2025-10-17T05:55:46.516Z"
"localoccupation","68f1da5e90ad734984f80d49","68f1da5e90ad734984f80d4a","localoccupation","2025-10-17T05:55:46.516Z","2025-10-17T05:55:46.516Z"
"localoccupation","68f1da5e90ad734984f80d49","68f1da5e90ad734984f80d4b","localoccupation","2025-10-17T05:55:46.516Z","2025-10-17T05:55:46.516Z"
"localoccupation","68f1da5e90ad734984f80d49","68f1da5e90ad734984f80d4c","localoccupation","2025-10-17T05:55:46.516Z","2025-10-17T05:55:46.516Z"
"localoccupation","68f1da5e90ad734984f80d49","68f1da5e90ad734984f80d4d","localoccupation","2025-10-17T05:55:46.516Z","2025-10-17T05:55:46.516Z"
"localgroup","68f1da4f90ad734984f7c8b8","68f1da5e90ad734984f80d4e","localoccupation","2025-10-17T05:55:46.516Z","2025-10-17T05:55:46.516Z"
"localoccupation","68f1da5e90ad734984f80d4e","68f1da5e90ad734984f80d4f","localoccupation","2025-10-17T05:55:46.516Z","2025-10-17T05:55:46.516Z"
"localoccupation","68f1da5e90ad734984f80d4e","68f1da5e90ad734984f80d50","localoccupation","2025-10-17T05:55:46.516Z","2025-10-17T05:55:46.516Z"
"localoccupation","68f1da5e90ad734984f80d4e","68f1da5e90ad734984f80d51","localoccupation","2025-10-17T05:55:46.516Z","2025-10-17T05:55:46.516Z"
"localoccupation","68f1da5e90ad734984f80d4e","68f1da5e90ad734984f80d52","localoccupation","2025-10-17T05:55:46.516Z","2025-10-17T05:55:46.516Z"
"localoccupation","68f1da5e90ad734984f80d4e","68f1da5e90ad734984f80d53","localoccupation","2025-10-17T05:55:46.516Z","2025-10-17T05:55:46.516Z"
"localgroup","68f1da4f90ad734984f7c8b9","68f1da5e90ad734984f80d54","localoccupation","2025-10-17T05:55:46.516Z","2025-10-17T05:55:46.516Z"
"localoccupation","68f1da5e90ad734984f80d54","68f1da5e90ad734984f80d55","localoccupation","2025-10-17T05:55:46.517Z","2025-10-17T05:55:46.517Z"
"localoccupation","68f1da5e90ad734984f80d54","68f1da5e90ad734984f80d56","localoccupation","2025-10-17T05:55:46.517Z","2025-10-17T05:55:46.517Z"
"localoccupation","68f1da5e90ad734984f80d54","68f1da5e90ad734984f80d57","localoccupation","2025-10-17T05:55:46.517Z","2025-10-17T05:55:46.517Z"
"localgroup","68f1da4f90ad734984f7c8ba","68f1da5e90ad734984f80d58","localoccupation","2025-10-17T05:55:46.517Z","2025-10-17T05:55:46.517Z"
"localoccupation","68f1da5e90ad734984f80d58","68f1da5e90ad734984f80d59","localoccupation","2025-10-17T05:55:46.517Z","2025-10-17T05:55:46.517Z"
"localoccupation","68f1da5e90ad734984f80d86","68f1da5e90ad734984f80d5a","localoccupation","2025-10-17T05:55:46.517Z","2025-10-17T05:55:46.517Z"
"localoccupation","68f1da5e90ad734984f80d86","68f1da5e90ad734984f80d5b","localoccupation","2025-10-17T05:55:46.517Z","2025-10-17T05:55:46.517Z"
"localgroup","68f1da4f90ad734984f7c892","68f1da5e90ad734984f80d5c","localoccupation","2025-10-17T05:55:46.517Z","2025-10-17T05:55:46.517Z"
"localoccupation","68f1da5e90ad734984f80d5c","68f1da5e90ad734984f80d5d","localoccupation","2025-10-17T05:55:46.517Z","2025-10-17T05:55:46.517Z"
"localoccupation","68f1da5e90ad734984f80d5c","68f1da5e90ad734984f80d5e","localoccupation","2025-10-17T05:55:46.517Z","2025-10-17T05:55:46.517Z"
"localgroup","68f1da4f90ad734984f7c893","68f1da5e90ad734984f80d5f","localoccupation","2025-10-17T05:55:46.518Z","2025-10-17T05:55:46.518Z"
"localoccupation","68f1da5e90ad734984f80d5f","68f1da5e90ad734984f80d60","localoccupation","2025-10-17T05:55:46.518Z","2025-10-17T05:55:46.518Z"
"localoccupation","68f1da5e90ad734984f80d5f","68f1da5e90ad734984f80d61","localoccupation","2025-10-17T05:55:46.518Z","2025-10-17T05:55:46.518Z"
"localgroup","68f1da4f90ad734984f7c897","68f1da5e90ad734984f80d62","localoccupation","2025-10-17T05:55:46.518Z","2025-10-17T05:55:46.518Z"
"localgroup","68f1da4f90ad734984f7c898","68f1da5e90ad734984f80d63","localoccupation","2025-10-17T05:55:46.518Z","2025-10-17T05:55:46.518Z"
"localgroup","68f1da4f90ad734984f7c899","68f1da5e90ad734984f80d64","localoccupation","2025-10-17T05:55:46.518Z","2025-10-17T05:55:46.518Z"
"localgroup","68f1da4f90ad734984f7c89a","68f1da5e90ad734984f80d65","localoccupation","2025-10-17T05:55:46.518Z","2025-10-17T05:55:46.518Z"
"localgroup","68f1da4f90ad734984f7c89b","68f1da5e90ad734984f80d66","localoccupation","2025-10-17T05:55:46.518Z","2025-10-17T05:55:46.518Z"
"localgroup","68f1da4f90ad734984f7c89c","68f1da5e90ad734984f80d67","localoccupation","2025-10-17T05:55:46.518Z","2025-10-17T05:55:46.518Z"
"localgroup","68f1da4f90ad734984f7c89d","68f1da5e90ad734984f80d68","localoccupation","2025-10-17T05:55:46.518Z","2025-10-17T05:55:46.518Z"
"localgroup","68f1da4f90ad734984f7c89f","68f1da5e90ad734984f80d69","localoccupation","2025-10-17T05:55:46.518Z","2025-10-17T05:55:46.518Z"
"localgroup","68f1da4f90ad734984f7c8a0","68f1da5e90ad734984f80d6a","localoccupation","2025-10-17T05:55:46.518Z","2025-10-17T05:55:46.518Z"
"localgroup","68f1da4f90ad734984f7c8a1","68f1da5e90ad734984f80d6b","localoccupation","2025-10-17T05:55:46.518Z","2025-10-17T05:55:46.518Z"
"localgroup","68f1da4f90ad734984f7c895","68f1da5e90ad734984f80d6c","localoccupation","2025-10-17T05:55:46.518Z","2025-10-17T05:55:46.518Z"
"localgroup","68f1da4f90ad734984f7c8a2","68f1da5e90ad734984f80d6d","localoccupation","2025-10-17T05:55:46.518Z","2025-10-17T05:55:46.518Z"
"localgroup","68f1da4f90ad734984f7c8a2","68f1da5e90ad734984f80d6e","localoccupation","2025-10-17T05:55:46.518Z","2025-10-17T05:55:46.518Z"
"localgroup","68f1da4f90ad734984f7c8a2","68f1da5e90ad734984f80d6f","localoccupation","2025-10-17T05:55:46.518Z","2025-10-17T05:55:46.518Z"
"localgroup","68f1da4f90ad734984f7c8a2","68f1da5e90ad734984f80d70","localoccupation","2025-10-17T05:55:46.518Z","2025-10-17T05:55:46.518Z"
"localgroup","68f1da4f90ad734984f7c8a2","68f1da5e90ad734984f80d71","localoccupation","2025-10-17T05:55:46.518Z","2025-10-17T05:55:46.518Z"
"localoccupation","68f1da5e90ad734984f80d58","68f1da5e90ad734984f80d72","localoccupation","2025-10-17T05:55:46.517Z","2025-10-17T05:55:46.517Z"
"localoccupation","68f1da5e90ad734984f80d58","68f1da5e90ad734984f80d73","localoccupation","2025-10-17T05:55:46.517Z","2025-10-17T05:55:46.517Z"
"localoccupation","68f1da5e90ad734984f80d58","68f1da5e90ad734984f80d74","localoccupation","2025-10-17T05:55:46.517Z","2025-10-17T05:55:46.517Z"
"localgroup","68f1da4f90ad734984f7c8bb","68f1da5e90ad734984f80d75","localoccupation","2025-10-17T05:55:46.517Z","2025-10-17T05:55:46.517Z"
"localoccupation","68f1da5e90ad734984f80d75","68f1da5e90ad734984f80d76","localoccupation","2025-10-17T05:55:46.517Z","2025-10-17T05:55:46.517Z"
"localoccupation","68f1da5e90ad734984f80d75","68f1da5e90ad734984f80d77","localoccupation","2025-10-17T05:55:46.517Z","2025-10-17T05:55:46.517Z"
"localgroup","68f1da4f90ad734984f7c88d","68f1da5e90ad734984f80d78","localoccupation","2025-10-17T05:55:46.517Z","2025-10-17T05:55:46.517Z"
"localoccupation","68f1da5e90ad734984f80d78","68f1da5e90ad734984f80d79","localoccupation","2025-10-17T05:55:46.517Z","2025-10-17T05:55:46.517Z"
"localoccupation","68f1da5e90ad734984f80d78","68f1da5e90ad734984f80d7a","localoccupation","2025-10-17T05:55:46.517Z","2025-10-17T05:55:46.517Z"
"localgroup","68f1da4f90ad734984f7c88e","68f1da5e90ad734984f80d7b","localoccupation","2025-10-17T05:55:46.517Z","2025-10-17T05:55:46.517Z"
"localoccupation","68f1da5e90ad734984f80d7b","68f1da5e90ad734984f80d7c","localoccupation","2025-10-17T05:55:46.517Z","2025-10-17T05:55:46.517Z"
"localoccupation","68f1da5e90ad734984f80d7b","68f1da5e90ad734984f80d7d","localoccupation","2025-10-17T05:55:46.517Z","2025-10-17T05:55:46.517Z"
"localgroup","68f1da4f90ad734984f7c890","68f1da5e90ad734984f80d7e","localoccupation","2025-10-17T05:55:46.517Z","2025-10-17T05:55:46.517Z"
"localoccupation","68f1da5e90ad734984f80d7e","68f1da5e90ad734984f80d7f","localoccupation","2025-10-17T05:55:46.517Z","2025-10-17T05:55:46.517Z"
"localoccupation","68f1da5e90ad734984f80d7e","68f1da5e90ad734984f80d80","localoccupation","2025-10-17T05:55:46.517Z","2025-10-17T05:55:46.517Z"
"localoccupation","68f1da5e90ad734984f80d7e","68f1da5e90ad734984f80d81","localoccupation","2025-10-17T05:55:46.517Z","2025-10-17T05:55:46.517Z"
"localoccupation","68f1da5e90ad734984f80d7e","68f1da5e90ad734984f80d82","localoccupation","2025-10-17T05:55:46.517Z","2025-10-17T05:55:46.517Z"
"localoccupation","68f1da5e90ad734984f80d7e","68f1da5e90ad734984f80d83","localoccupation","2025-10-17T05:55:46.517Z","2025-10-17T05:55:46.517Z"
"localoccupation","68f1da5e90ad734984f80d7e","68f1da5e90ad734984f80d84","localoccupation","2025-10-17T05:55:46.517Z","2025-10-17T05:55:46.517Z"
"localoccupation","68f1da5e90ad734984f80d7e","68f1da5e90ad734984f80d85","localoccupation","2025-10-17T05:55:46.517Z","2025-10-17T05:55:46.517Z"
"localgroup","68f1da4f90ad734984f7c891","68f1da5e90ad734984f80d86","localoccupation","2025-10-17T05:55:46.517Z","2025-10-17T05:55:46.517Z"
"localoccupation","68f1da5e90ad734984f80d86","68f1da5e90ad734984f80d87","localoccupation","2025-10-17T05:55:46.517Z","2025-10-17T05:55:46.517Z"
"localoccupation","68f1da5e90ad734984f80d86","68f1da5e90ad734984f80d88","localoccupation","2025-10-17T05:55:46.517Z","2025-10-17T05:55:46.517Z"
"localoccupation","68f1da5e90ad734984f80d86","68f1da5e90ad734984f80d89","localoccupation","2025-10-17T05:55:46.517Z","2025-10-17T05:55:46.517Z"
"localoccupation","68f1da5e90ad734984f80d86","68f1da5e90ad734984f80d8a","localoccupation","2025-10-17T05:55:46.517Z","2025-10-17T05:55:46.517Z"
