"REQUIRINGID","RELATIONTYPE","REQUIREDID","CREATEDAT","UPDATEDAT"
"68f1da5290ad734984f7db8c","optional","68f1da5290ad734984f7cb45","2025-10-17T05:56:01.598Z","2025-10-17T05:56:01.598Z"
"68f1da5a90ad734984f7f5d3","optional","68f1da5290ad734984f7cb45","2025-10-17T05:56:01.598Z","2025-10-17T05:56:01.598Z"
"68f1da5290ad734984f7cc3e","optional","68f1da5290ad734984f7cb45","2025-10-17T05:56:01.598Z","2025-10-17T05:56:01.598Z"
"68f1da5290ad734984f7d5fa","optional","68f1da5290ad734984f7cb45","2025-10-17T05:56:01.598Z","2025-10-17T05:56:01.598Z"
"68f1da5290ad734984f7cfc7","optional","68f1da5290ad734984f7cb45","2025-10-17T05:56:01.598Z","2025-10-17T05:56:01.598Z"
"68f1da5690ad734984f7ea07","optional","68f1da5290ad734984f7cb45","2025-10-17T05:56:01.598Z","2025-10-17T05:56:01.598Z"
"68f1da5290ad734984f7dac6","optional","68f1da5290ad734984f7cb4e","2025-10-17T05:56:01.598Z","2025-10-17T05:56:01.598Z"
"68f1da5a90ad734984f7fd5a","optional","68f1da5290ad734984f7cb4e","2025-10-17T05:56:01.598Z","2025-10-17T05:56:01.598Z"
"68f1da5690ad734984f7e2dc","optional","68f1da5290ad734984f7cb4e","2025-10-17T05:56:01.598Z","2025-10-17T05:56:01.598Z"
"68f1da5290ad734984f7de0b","optional","68f1da5290ad734984f7cb4e","2025-10-17T05:56:01.598Z","2025-10-17T05:56:01.598Z"
"68f1da5a90ad734984f7f840","optional","68f1da5290ad734984f7cb5e","2025-10-17T05:56:01.598Z","2025-10-17T05:56:01.598Z"
"68f1da5690ad734984f7e3e1","optional","68f1da5290ad734984f7cb72","2025-10-17T05:56:01.598Z","2025-10-17T05:56:01.598Z"
"68f1da5a90ad734984f7f4af","optional","68f1da5290ad734984f7cb72","2025-10-17T05:56:01.598Z","2025-10-17T05:56:01.598Z"
"68f1da5290ad734984f7d141","optional","68f1da5290ad734984f7cb89","2025-10-17T05:56:01.598Z","2025-10-17T05:56:01.598Z"
"68f1da5690ad734984f7df1e","optional","68f1da5290ad734984f7cb89","2025-10-17T05:56:01.598Z","2025-10-17T05:56:01.598Z"
"68f1da5690ad734984f7e5c6","optional","68f1da5290ad734984f7cb89","2025-10-17T05:56:01.599Z","2025-10-17T05:56:01.599Z"
"68f1da5290ad734984f7d7bb","optional","68f1da5290ad734984f7cb89","2025-10-17T05:56:01.598Z","2025-10-17T05:56:01.598Z"
"68f1da5a90ad734984f7f37a","optional","68f1da5290ad734984f7cb89","2025-10-17T05:56:01.599Z","2025-10-17T05:56:01.599Z"
"68f1da5690ad734984f7e549","optional","68f1da5290ad734984f7cb8f","2025-10-17T05:56:01.599Z","2025-10-17T05:56:01.599Z"
"68f1da5690ad734984f7e2a2","optional","68f1da5290ad734984f7cb91","2025-10-17T05:56:01.599Z","2025-10-17T05:56:01.599Z"
"68f1da5690ad734984f7e4c5","optional","68f1da5290ad734984f7cb91","2025-10-17T05:56:01.599Z","2025-10-17T05:56:01.599Z"
"68f1da5690ad734984f7e9d0","optional","68f1da5290ad734984f7cb9f","2025-10-17T05:56:01.599Z","2025-10-17T05:56:01.599Z"
"68f1da5a90ad734984f7f828","optional","68f1da5290ad734984f7cba5","2025-10-17T05:56:01.599Z","2025-10-17T05:56:01.599Z"
"68f1da5a90ad734984f7fad9","optional","68f1da5290ad734984f7cba5","2025-10-17T05:56:01.599Z","2025-10-17T05:56:01.599Z"
"68f1da5290ad734984f7d3aa","optional","68f1da5290ad734984f7cba5","2025-10-17T05:56:01.599Z","2025-10-17T05:56:01.599Z"
"68f1da5a90ad734984f7f7e2","optional","68f1da5290ad734984f7cba5","2025-10-17T05:56:01.599Z","2025-10-17T05:56:01.599Z"
"68f1da5690ad734984f7e406","optional","68f1da5290ad734984f7cbab","2025-10-17T05:56:01.599Z","2025-10-17T05:56:01.599Z"
"68f1da5690ad734984f7ea57","optional","68f1da5290ad734984f7cbab","2025-10-17T05:56:01.599Z","2025-10-17T05:56:01.599Z"
"68f1da5290ad734984f7d1b2","optional","68f1da5290ad734984f7cbab","2025-10-17T05:56:01.599Z","2025-10-17T05:56:01.599Z"
"68f1da5290ad734984f7cd38","optional","68f1da5290ad734984f7cbab","2025-10-17T05:56:01.599Z","2025-10-17T05:56:01.599Z"
"68f1da5690ad734984f7ebdf","optional","68f1da5290ad734984f7cbab","2025-10-17T05:56:01.599Z","2025-10-17T05:56:01.599Z"
"68f1da5290ad734984f7d737","optional","68f1da5290ad734984f7cbbf","2025-10-17T05:56:01.599Z","2025-10-17T05:56:01.599Z"
"68f1da5290ad734984f7dd5a","optional","68f1da5290ad734984f7cbbf","2025-10-17T05:56:01.599Z","2025-10-17T05:56:01.599Z"
"68f1da5290ad734984f7dd55","optional","68f1da5290ad734984f7cbcf","2025-10-17T05:56:01.599Z","2025-10-17T05:56:01.599Z"
"68f1da5690ad734984f7e79d","optional","68f1da5290ad734984f7cbd2","2025-10-17T05:56:01.599Z","2025-10-17T05:56:01.599Z"
"68f1da5690ad734984f7eb8f","optional","68f1da5290ad734984f7cbeb","2025-10-17T05:56:01.599Z","2025-10-17T05:56:01.599Z"
"68f1da5690ad734984f7df9f","optional","68f1da5290ad734984f7cbeb","2025-10-17T05:56:01.599Z","2025-10-17T05:56:01.599Z"
"68f1da5690ad734984f7e8e7","optional","68f1da5290ad734984f7cbfd","2025-10-17T05:56:01.599Z","2025-10-17T05:56:01.599Z"
"68f1da5a90ad734984f7f2b6","optional","68f1da5290ad734984f7cbfd","2025-10-17T05:56:01.600Z","2025-10-17T05:56:01.600Z"
"68f1da5290ad734984f7dd93","optional","68f1da5290ad734984f7cc14","2025-10-17T05:56:01.600Z","2025-10-17T05:56:01.600Z"
"68f1da5690ad734984f7e25c","optional","68f1da5290ad734984f7cc14","2025-10-17T05:56:01.600Z","2025-10-17T05:56:01.600Z"
"68f1da5290ad734984f7d300","optional","68f1da5290ad734984f7cc14","2025-10-17T05:56:01.600Z","2025-10-17T05:56:01.600Z"
"68f1da5290ad734984f7d3e1","optional","68f1da5290ad734984f7cc1a","2025-10-17T05:56:01.600Z","2025-10-17T05:56:01.600Z"
"68f1da5690ad734984f7e741","essential","68f1da5290ad734984f7cc1a","2025-10-17T05:56:01.600Z","2025-10-17T05:56:01.600Z"
"68f1da5290ad734984f7d7b4","optional","68f1da5290ad734984f7cc1a","2025-10-17T05:56:01.600Z","2025-10-17T05:56:01.600Z"
"68f1da5690ad734984f7ecf1","optional","68f1da5290ad734984f7cc1a","2025-10-17T05:56:01.600Z","2025-10-17T05:56:01.600Z"
"68f1da5690ad734984f7e11b","optional","68f1da5290ad734984f7cc1b","2025-10-17T05:56:01.600Z","2025-10-17T05:56:01.600Z"
"68f1da5290ad734984f7dbcb","optional","68f1da5290ad734984f7cc21","2025-10-17T05:56:01.599Z","2025-10-17T05:56:01.599Z"
"68f1da5a90ad734984f7f6a8","essential","68f1da5290ad734984f7cc22","2025-10-17T05:56:01.599Z","2025-10-17T05:56:01.599Z"
"68f1da5290ad734984f7cba0","optional","68f1da5290ad734984f7cc22","2025-10-17T05:56:01.599Z","2025-10-17T05:56:01.599Z"
"68f1da5a90ad734984f80103","essential","68f1da5290ad734984f7cc22","2025-10-17T05:56:01.599Z","2025-10-17T05:56:01.599Z"
"68f1da5290ad734984f7ceda","optional","68f1da5290ad734984f7cc2d","2025-10-17T05:56:01.599Z","2025-10-17T05:56:01.599Z"
"68f1da5290ad734984f7da0f","optional","68f1da5290ad734984f7cc2d","2025-10-17T05:56:01.599Z","2025-10-17T05:56:01.599Z"
"68f1da5690ad734984f7ed29","optional","68f1da5290ad734984f7cc2d","2025-10-17T05:56:01.599Z","2025-10-17T05:56:01.599Z"
"68f1da5690ad734984f7e505","optional","68f1da5290ad734984f7cc2d","2025-10-17T05:56:01.599Z","2025-10-17T05:56:01.599Z"
"68f1da5290ad734984f7d4ae","optional","68f1da5290ad734984f7cc2f","2025-10-17T05:56:01.599Z","2025-10-17T05:56:01.599Z"
"68f1da5690ad734984f7e2a4","optional","68f1da5290ad734984f7cc2f","2025-10-17T05:56:01.599Z","2025-10-17T05:56:01.599Z"
"68f1da5a90ad734984f7fd6f","optional","68f1da5290ad734984f7cc2f","2025-10-17T05:56:01.599Z","2025-10-17T05:56:01.599Z"
"68f1da5690ad734984f7df45","optional","68f1da5290ad734984f7cc30","2025-10-17T05:56:01.599Z","2025-10-17T05:56:01.599Z"
"68f1da5290ad734984f7d9ab","optional","68f1da5290ad734984f7cc30","2025-10-17T05:56:01.599Z","2025-10-17T05:56:01.599Z"
"68f1da5790ad734984f7f03b","optional","68f1da5290ad734984f7cc3b","2025-10-17T05:56:01.600Z","2025-10-17T05:56:01.600Z"
"68f1da5a90ad734984f7f941","optional","68f1da5290ad734984f7cc3b","2025-10-17T05:56:01.600Z","2025-10-17T05:56:01.600Z"
"68f1da5a90ad734984f7fafb","optional","68f1da5290ad734984f7cc3b","2025-10-17T05:56:01.600Z","2025-10-17T05:56:01.600Z"
"68f1da5a90ad734984f7f432","optional","68f1da5290ad734984f7cc3b","2025-10-17T05:56:01.600Z","2025-10-17T05:56:01.600Z"
"68f1da5a90ad734984f7fc41","optional","68f1da5290ad734984f7cc3b","2025-10-17T05:56:01.600Z","2025-10-17T05:56:01.600Z"
"68f1da5690ad734984f7ece0","optional","68f1da5290ad734984f7cc3c","2025-10-17T05:56:01.600Z","2025-10-17T05:56:01.600Z"
"68f1da5290ad734984f7cdf8","optional","68f1da5290ad734984f7cc40","2025-10-17T05:56:01.600Z","2025-10-17T05:56:01.600Z"
"68f1da5690ad734984f7e762","optional","68f1da5290ad734984f7cc40","2025-10-17T05:56:01.600Z","2025-10-17T05:56:01.600Z"
"68f1da5690ad734984f7e663","optional","68f1da5290ad734984f7cc41","2025-10-17T05:56:01.600Z","2025-10-17T05:56:01.600Z"
"68f1da5790ad734984f7f026","optional","68f1da5290ad734984f7cc4e","2025-10-17T05:56:01.601Z","2025-10-17T05:56:01.601Z"
"68f1da5a90ad734984f7ff98","optional","68f1da5290ad734984f7cc4f","2025-10-17T05:56:01.601Z","2025-10-17T05:56:01.601Z"
"68f1da5a90ad734984f7f39c","optional","68f1da5290ad734984f7cc59","2025-10-17T05:56:01.600Z","2025-10-17T05:56:01.600Z"
"68f1da5290ad734984f7d32b","optional","68f1da5290ad734984f7cc59","2025-10-17T05:56:01.600Z","2025-10-17T05:56:01.600Z"
"68f1da5290ad734984f7cc27","optional","68f1da5290ad734984f7cc59","2025-10-17T05:56:01.600Z","2025-10-17T05:56:01.600Z"
"68f1da5290ad734984f7cbf2","optional","68f1da5290ad734984f7cc59","2025-10-17T05:56:01.600Z","2025-10-17T05:56:01.600Z"
"68f1da5790ad734984f7f1a9","optional","68f1da5290ad734984f7cc59","2025-10-17T05:56:01.600Z","2025-10-17T05:56:01.600Z"
"68f1da5690ad734984f7ea67","optional","68f1da5290ad734984f7cc5a","2025-10-17T05:56:01.600Z","2025-10-17T05:56:01.600Z"
"68f1da5790ad734984f7eedc","optional","68f1da5290ad734984f7cc5a","2025-10-17T05:56:01.600Z","2025-10-17T05:56:01.600Z"
"68f1da5290ad734984f7dc6e","optional","68f1da5290ad734984f7cc5a","2025-10-17T05:56:01.600Z","2025-10-17T05:56:01.600Z"
"68f1da5a90ad734984f7f5c3","optional","68f1da5290ad734984f7cc5a","2025-10-17T05:56:01.600Z","2025-10-17T05:56:01.600Z"
"68f1da5a90ad734984f7fccb","optional","68f1da5290ad734984f7cc5a","2025-10-17T05:56:01.600Z","2025-10-17T05:56:01.600Z"
"68f1da5290ad734984f7dc9f","optional","68f1da5290ad734984f7cc65","2025-10-17T05:56:01.600Z","2025-10-17T05:56:01.600Z"
"68f1da5290ad734984f7de0b","optional","68f1da5290ad734984f7cc65","2025-10-17T05:56:01.600Z","2025-10-17T05:56:01.600Z"
"68f1da5690ad734984f7ead1","optional","68f1da5290ad734984f7cc65","2025-10-17T05:56:01.600Z","2025-10-17T05:56:01.600Z"
"68f1da5690ad734984f7e055","optional","68f1da5290ad734984f7cc65","2025-10-17T05:56:01.600Z","2025-10-17T05:56:01.600Z"
"68f1da5690ad734984f7ed1c","optional","68f1da5290ad734984f7cc65","2025-10-17T05:56:01.600Z","2025-10-17T05:56:01.600Z"
"68f1da5290ad734984f7d914","optional","68f1da5290ad734984f7cc65","2025-10-17T05:56:01.600Z","2025-10-17T05:56:01.600Z"
"68f1da5290ad734984f7dac6","optional","68f1da5290ad734984f7cc65","2025-10-17T05:56:01.600Z","2025-10-17T05:56:01.600Z"
"68f1da5290ad734984f7d8d1","optional","68f1da5290ad734984f7cc6f","2025-10-17T05:56:01.610Z","2025-10-17T05:56:01.610Z"
"68f1da5290ad734984f7d152","optional","68f1da5290ad734984f7cc82","2025-10-17T05:56:01.610Z","2025-10-17T05:56:01.610Z"
"68f1da5690ad734984f7e49b","optional","68f1da5290ad734984f7cc82","2025-10-17T05:56:01.610Z","2025-10-17T05:56:01.610Z"
"68f1da5a90ad734984f7fe39","optional","68f1da5290ad734984f7cc82","2025-10-17T05:56:01.610Z","2025-10-17T05:56:01.610Z"
"68f1da5a90ad734984f80056","optional","68f1da5290ad734984f7cc84","2025-10-17T05:56:01.601Z","2025-10-17T05:56:01.601Z"
"68f1da5a90ad734984f8011b","optional","68f1da5290ad734984f7cc84","2025-10-17T05:56:01.601Z","2025-10-17T05:56:01.601Z"
"68f1da5290ad734984f7cc86","optional","68f1da5290ad734984f7cc89","2025-10-17T05:56:01.601Z","2025-10-17T05:56:01.601Z"
"68f1da5690ad734984f7ec9d","optional","68f1da5290ad734984f7cc8b","2025-10-17T05:56:01.601Z","2025-10-17T05:56:01.601Z"
"68f1da5290ad734984f7d56e","optional","68f1da5290ad734984f7cc8b","2025-10-17T05:56:01.601Z","2025-10-17T05:56:01.601Z"
"68f1da5290ad734984f7ddcf","optional","68f1da5290ad734984f7cc8b","2025-10-17T05:56:01.601Z","2025-10-17T05:56:01.601Z"
"68f1da5290ad734984f7d3eb","optional","68f1da5290ad734984f7cc94","2025-10-17T05:56:01.601Z","2025-10-17T05:56:01.601Z"
"68f1da5690ad734984f7df3b","optional","68f1da5290ad734984f7cc96","2025-10-17T05:56:01.601Z","2025-10-17T05:56:01.601Z"
"68f1da5790ad734984f7f1f1","optional","68f1da5290ad734984f7cc9b","2025-10-17T05:56:01.601Z","2025-10-17T05:56:01.601Z"
"68f1da5290ad734984f7cf17","optional","68f1da5290ad734984f7cca1","2025-10-17T05:56:01.601Z","2025-10-17T05:56:01.601Z"
"68f1da5690ad734984f7e638","optional","68f1da5290ad734984f7cca1","2025-10-17T05:56:01.601Z","2025-10-17T05:56:01.601Z"
"68f1da5690ad734984f7e46f","optional","68f1da5290ad734984f7ccaa","2025-10-17T05:56:01.609Z","2025-10-17T05:56:01.609Z"
"68f1da5290ad734984f7daa9","optional","68f1da5290ad734984f7ccaa","2025-10-17T05:56:01.601Z","2025-10-17T05:56:01.601Z"
"68f1da5a90ad734984f7f288","optional","68f1da5290ad734984f7ccaa","2025-10-17T05:56:01.609Z","2025-10-17T05:56:01.609Z"
"68f1da5290ad734984f7da43","optional","68f1da5290ad734984f7ccaa","2025-10-17T05:56:01.601Z","2025-10-17T05:56:01.601Z"
"68f1da5690ad734984f7ecb9","optional","68f1da5290ad734984f7ccae","2025-10-17T05:56:01.609Z","2025-10-17T05:56:01.609Z"
"68f1da5690ad734984f7ed16","optional","68f1da5290ad734984f7ccb2","2025-10-17T05:56:01.609Z","2025-10-17T05:56:01.609Z"
"68f1da5690ad734984f7e0f9","optional","68f1da5290ad734984f7ccb2","2025-10-17T05:56:01.609Z","2025-10-17T05:56:01.609Z"
"68f1da5290ad734984f7d92e","optional","68f1da5290ad734984f7ccb4","2025-10-17T05:56:01.610Z","2025-10-17T05:56:01.610Z"
"68f1da5a90ad734984f7f412","optional","68f1da5290ad734984f7ccb4","2025-10-17T05:56:01.610Z","2025-10-17T05:56:01.610Z"
"68f1da5290ad734984f7cbb4","optional","68f1da5290ad734984f7ccb4","2025-10-17T05:56:01.610Z","2025-10-17T05:56:01.610Z"
"68f1da5290ad734984f7cf03","optional","68f1da5290ad734984f7ccbb","2025-10-17T05:56:01.601Z","2025-10-17T05:56:01.601Z"
"68f1da5790ad734984f7f00e","optional","68f1da5290ad734984f7ccbb","2025-10-17T05:56:01.601Z","2025-10-17T05:56:01.601Z"
"68f1da5290ad734984f7d0ce","optional","68f1da5290ad734984f7ccc8","2025-10-17T05:56:01.601Z","2025-10-17T05:56:01.601Z"
"68f1da5290ad734984f7cda6","optional","68f1da5290ad734984f7ccc8","2025-10-17T05:56:01.601Z","2025-10-17T05:56:01.601Z"
"68f1da5690ad734984f7e037","optional","68f1da5290ad734984f7ccc8","2025-10-17T05:56:01.601Z","2025-10-17T05:56:01.601Z"
"68f1da5290ad734984f7d3c1","optional","68f1da5290ad734984f7ccce","2025-10-17T05:56:01.610Z","2025-10-17T05:56:01.610Z"
"68f1da5690ad734984f7ed86","optional","68f1da5290ad734984f7ccce","2025-10-17T05:56:01.610Z","2025-10-17T05:56:01.610Z"
"68f1da5290ad734984f7d1ee","optional","68f1da5290ad734984f7ccd3","2025-10-17T05:56:01.610Z","2025-10-17T05:56:01.610Z"
"68f1da5690ad734984f7e8fe","optional","68f1da5290ad734984f7ccd3","2025-10-17T05:56:01.610Z","2025-10-17T05:56:01.610Z"
"68f1da5a90ad734984f7f34d","optional","68f1da5290ad734984f7ccd3","2025-10-17T05:56:01.610Z","2025-10-17T05:56:01.610Z"
"68f1da5290ad734984f7ccf4","optional","68f1da5290ad734984f7ccd3","2025-10-17T05:56:01.610Z","2025-10-17T05:56:01.610Z"
"68f1da5a90ad734984f7f61f","optional","68f1da5290ad734984f7ccd3","2025-10-17T05:56:01.610Z","2025-10-17T05:56:01.610Z"
"68f1da5290ad734984f7daaf","optional","68f1da5290ad734984f7ccd3","2025-10-17T05:56:01.610Z","2025-10-17T05:56:01.610Z"
"68f1da5290ad734984f7dc6d","optional","68f1da5290ad734984f7ccd3","2025-10-17T05:56:01.610Z","2025-10-17T05:56:01.610Z"
"68f1da5290ad734984f7d532","optional","68f1da5290ad734984f7ccd7","2025-10-17T05:56:01.610Z","2025-10-17T05:56:01.610Z"
"68f1da5790ad734984f7f0b5","optional","68f1da5290ad734984f7ccd7","2025-10-17T05:56:01.610Z","2025-10-17T05:56:01.610Z"
"68f1da5690ad734984f7e52b","optional","68f1da5290ad734984f7ccf2","2025-10-17T05:56:01.610Z","2025-10-17T05:56:01.610Z"
"68f1da5790ad734984f7eefd","optional","68f1da5290ad734984f7ccf2","2025-10-17T05:56:01.610Z","2025-10-17T05:56:01.610Z"
"68f1da5690ad734984f7df7f","optional","68f1da5290ad734984f7ccf2","2025-10-17T05:56:01.610Z","2025-10-17T05:56:01.610Z"
"68f1da5290ad734984f7cc51","optional","68f1da5290ad734984f7ccf2","2025-10-17T05:56:01.610Z","2025-10-17T05:56:01.610Z"
"68f1da5290ad734984f7cd5d","optional","68f1da5290ad734984f7ccf2","2025-10-17T05:56:01.610Z","2025-10-17T05:56:01.610Z"
"68f1da5690ad734984f7e08b","optional","68f1da5290ad734984f7ccf2","2025-10-17T05:56:01.610Z","2025-10-17T05:56:01.610Z"
"68f1da5690ad734984f7e599","optional","68f1da5290ad734984f7ccf2","2025-10-17T05:56:01.610Z","2025-10-17T05:56:01.610Z"
"68f1da5a90ad734984f80033","optional","68f1da5290ad734984f7ccf2","2025-10-17T05:56:01.610Z","2025-10-17T05:56:01.610Z"
"68f1da5a90ad734984f7f824","optional","68f1da5290ad734984f7ccfb","2025-10-17T05:56:01.610Z","2025-10-17T05:56:01.610Z"
"68f1da5790ad734984f7f04e","optional","68f1da5290ad734984f7ccfb","2025-10-17T05:56:01.610Z","2025-10-17T05:56:01.610Z"
"68f1da5a90ad734984f7f949","optional","68f1da5290ad734984f7ccfb","2025-10-17T05:56:01.610Z","2025-10-17T05:56:01.610Z"
"68f1da5a90ad734984f7f82e","optional","68f1da5290ad734984f7cd01","2025-10-17T05:56:01.611Z","2025-10-17T05:56:01.611Z"
"68f1da5690ad734984f7e416","optional","68f1da5290ad734984f7cd01","2025-10-17T05:56:01.610Z","2025-10-17T05:56:01.610Z"
"68f1da5290ad734984f7d2e6","optional","68f1da5290ad734984f7cd01","2025-10-17T05:56:01.610Z","2025-10-17T05:56:01.610Z"
"68f1da5690ad734984f7e272","optional","68f1da5290ad734984f7cd01","2025-10-17T05:56:01.610Z","2025-10-17T05:56:01.610Z"
"68f1da5690ad734984f7e4c6","optional","68f1da5290ad734984f7cd02","2025-10-17T05:56:01.611Z","2025-10-17T05:56:01.611Z"
"68f1da5690ad734984f7e8f9","optional","68f1da5290ad734984f7cd0c","2025-10-17T05:56:01.611Z","2025-10-17T05:56:01.611Z"
"68f1da5690ad734984f7ee86","optional","68f1da5290ad734984f7cd0e","2025-10-17T05:56:01.611Z","2025-10-17T05:56:01.611Z"
"68f1da5690ad734984f7e2c7","optional","68f1da5290ad734984f7cd0e","2025-10-17T05:56:01.611Z","2025-10-17T05:56:01.611Z"
"68f1da5290ad734984f7ccde","optional","68f1da5290ad734984f7cd14","2025-10-17T05:56:01.611Z","2025-10-17T05:56:01.611Z"
"68f1da5290ad734984f7d166","optional","68f1da5290ad734984f7cd15","2025-10-17T05:56:01.611Z","2025-10-17T05:56:01.611Z"
"68f1da5290ad734984f7d698","optional","68f1da5290ad734984f7cd16","2025-10-17T05:56:01.611Z","2025-10-17T05:56:01.611Z"
"68f1da5a90ad734984f7f3c0","optional","68f1da5290ad734984f7cd1f","2025-10-17T05:56:01.611Z","2025-10-17T05:56:01.611Z"
"68f1da5690ad734984f7eb3f","optional","68f1da5290ad734984f7cd1f","2025-10-17T05:56:01.611Z","2025-10-17T05:56:01.611Z"
"68f1da5790ad734984f7efa1","optional","68f1da5290ad734984f7cd1f","2025-10-17T05:56:01.611Z","2025-10-17T05:56:01.611Z"
"68f1da5290ad734984f7d463","optional","68f1da5290ad734984f7cd27","2025-10-17T05:56:01.611Z","2025-10-17T05:56:01.611Z"
"68f1da5290ad734984f7d812","optional","68f1da5290ad734984f7cd2b","2025-10-17T05:56:01.611Z","2025-10-17T05:56:01.611Z"
"68f1da5690ad734984f7e4da","optional","68f1da5290ad734984f7cd2b","2025-10-17T05:56:01.611Z","2025-10-17T05:56:01.611Z"
"68f1da5690ad734984f7e8e8","optional","68f1da5290ad734984f7cd2b","2025-10-17T05:56:01.611Z","2025-10-17T05:56:01.611Z"
"68f1da5290ad734984f7dbbf","optional","68f1da5290ad734984f7cd2b","2025-10-17T05:56:01.611Z","2025-10-17T05:56:01.611Z"
"68f1da5290ad734984f7d46a","optional","68f1da5290ad734984f7cd2b","2025-10-17T05:56:01.611Z","2025-10-17T05:56:01.611Z"
"68f1da5290ad734984f7d6c3","optional","68f1da5290ad734984f7cd2b","2025-10-17T05:56:01.611Z","2025-10-17T05:56:01.611Z"
"68f1da5690ad734984f7e1fd","optional","68f1da5290ad734984f7cd2b","2025-10-17T05:56:01.611Z","2025-10-17T05:56:01.611Z"
"68f1da5a90ad734984f7f87f","optional","68f1da5290ad734984f7cd2b","2025-10-17T05:56:01.611Z","2025-10-17T05:56:01.611Z"
"68f1da5290ad734984f7dc83","optional","68f1da5290ad734984f7cd2d","2025-10-17T05:56:01.611Z","2025-10-17T05:56:01.611Z"
"68f1da5690ad734984f7e872","optional","68f1da5290ad734984f7cd2d","2025-10-17T05:56:01.611Z","2025-10-17T05:56:01.611Z"
"68f1da5690ad734984f7e708","optional","68f1da5290ad734984f7cd36","2025-10-17T05:56:01.611Z","2025-10-17T05:56:01.611Z"
"68f1da5a90ad734984f7fd60","optional","68f1da5290ad734984f7cd36","2025-10-17T05:56:01.611Z","2025-10-17T05:56:01.611Z"
"68f1da5290ad734984f7db1c","optional","68f1da5290ad734984f7cd39","2025-10-17T05:56:01.611Z","2025-10-17T05:56:01.611Z"
"68f1da5a90ad734984f7f39d","optional","68f1da5290ad734984f7cd41","2025-10-17T05:56:01.611Z","2025-10-17T05:56:01.611Z"
"68f1da5290ad734984f7cf49","optional","68f1da5290ad734984f7cd41","2025-10-17T05:56:01.611Z","2025-10-17T05:56:01.611Z"
"68f1da5a90ad734984f7f481","optional","68f1da5290ad734984f7cd42","2025-10-17T05:56:01.611Z","2025-10-17T05:56:01.611Z"
"68f1da5a90ad734984f7feed","optional","68f1da5290ad734984f7cd42","2025-10-17T05:56:01.611Z","2025-10-17T05:56:01.611Z"
"68f1da5690ad734984f7ea5f","optional","68f1da5290ad734984f7cd47","2025-10-17T05:56:01.611Z","2025-10-17T05:56:01.611Z"
"68f1da5690ad734984f7e377","optional","68f1da5290ad734984f7cd4f","2025-10-17T05:56:01.611Z","2025-10-17T05:56:01.611Z"
"68f1da5290ad734984f7d421","optional","68f1da5290ad734984f7cd58","2025-10-17T05:56:01.611Z","2025-10-17T05:56:01.611Z"
"68f1da5290ad734984f7d3af","optional","68f1da5290ad734984f7cd58","2025-10-17T05:56:01.611Z","2025-10-17T05:56:01.611Z"
"68f1da5290ad734984f7d5f2","optional","68f1da5290ad734984f7cd58","2025-10-17T05:56:01.611Z","2025-10-17T05:56:01.611Z"
"68f1da5690ad734984f7e153","optional","68f1da5290ad734984f7cd63","2025-10-17T05:56:01.611Z","2025-10-17T05:56:01.611Z"
"68f1da5a90ad734984f7fd47","optional","68f1da5290ad734984f7cd63","2025-10-17T05:56:01.612Z","2025-10-17T05:56:01.612Z"
"68f1da5a90ad734984f7f943","optional","68f1da5290ad734984f7cd68","2025-10-17T05:56:01.612Z","2025-10-17T05:56:01.612Z"
"68f1da5a90ad734984f7fd2b","optional","68f1da5290ad734984f7cd68","2025-10-17T05:56:01.612Z","2025-10-17T05:56:01.612Z"
"68f1da5690ad734984f7e7ba","optional","68f1da5290ad734984f7cd6b","2025-10-17T05:56:01.612Z","2025-10-17T05:56:01.612Z"
"68f1da5a90ad734984f7f3c6","optional","68f1da5290ad734984f7cd6c","2025-10-17T05:56:01.612Z","2025-10-17T05:56:01.612Z"
"68f1da5a90ad734984f7f2c5","essential","68f1da5290ad734984f7cd6c","2025-10-17T05:56:01.612Z","2025-10-17T05:56:01.612Z"
"68f1da5290ad734984f7d244","essential","68f1da5290ad734984f7cd6c","2025-10-17T05:56:01.612Z","2025-10-17T05:56:01.612Z"
"68f1da5a90ad734984f7ff61","optional","68f1da5290ad734984f7cd6c","2025-10-17T05:56:01.612Z","2025-10-17T05:56:01.612Z"
"68f1da5a90ad734984f7fd89","optional","68f1da5290ad734984f7cd6e","2025-10-17T05:56:01.612Z","2025-10-17T05:56:01.612Z"
"68f1da5290ad734984f7ce16","optional","68f1da5290ad734984f7cd6f","2025-10-17T05:56:01.612Z","2025-10-17T05:56:01.612Z"
"68f1da5290ad734984f7ccef","optional","68f1da5290ad734984f7cd6f","2025-10-17T05:56:01.612Z","2025-10-17T05:56:01.612Z"
"68f1da5290ad734984f7d18a","optional","68f1da5290ad734984f7cd88","2025-10-17T05:56:01.612Z","2025-10-17T05:56:01.612Z"
"68f1da5290ad734984f7dd34","optional","68f1da5290ad734984f7cd88","2025-10-17T05:56:01.612Z","2025-10-17T05:56:01.612Z"
"68f1da5690ad734984f7e78f","optional","68f1da5290ad734984f7cd88","2025-10-17T05:56:01.612Z","2025-10-17T05:56:01.612Z"
"68f1da5a90ad734984f7fb45","optional","68f1da5290ad734984f7cd88","2025-10-17T05:56:01.612Z","2025-10-17T05:56:01.612Z"
"68f1da5290ad734984f7da0e","optional","68f1da5290ad734984f7cd93","2025-10-17T05:56:01.612Z","2025-10-17T05:56:01.612Z"
"68f1da5290ad734984f7deaf","optional","68f1da5290ad734984f7cd93","2025-10-17T05:56:01.612Z","2025-10-17T05:56:01.612Z"
"68f1da5690ad734984f7e343","optional","68f1da5290ad734984f7cd93","2025-10-17T05:56:01.612Z","2025-10-17T05:56:01.612Z"
"68f1da5690ad734984f7ea2a","optional","68f1da5290ad734984f7cd93","2025-10-17T05:56:01.612Z","2025-10-17T05:56:01.612Z"
"68f1da5690ad734984f7eb8b","optional","68f1da5290ad734984f7cd93","2025-10-17T05:56:01.612Z","2025-10-17T05:56:01.612Z"
"68f1da5290ad734984f7d83a","optional","68f1da5290ad734984f7cd93","2025-10-17T05:56:01.612Z","2025-10-17T05:56:01.612Z"
"68f1da5290ad734984f7ce9b","optional","68f1da5290ad734984f7cda0","2025-10-17T05:56:01.613Z","2025-10-17T05:56:01.613Z"
"68f1da5290ad734984f7de22","optional","68f1da5290ad734984f7cda0","2025-10-17T05:56:01.613Z","2025-10-17T05:56:01.613Z"
"68f1da5a90ad734984f7fdc0","optional","68f1da5290ad734984f7cda0","2025-10-17T05:56:01.613Z","2025-10-17T05:56:01.613Z"
"68f1da5690ad734984f7e8b6","optional","68f1da5290ad734984f7cdb1","2025-10-17T05:56:01.613Z","2025-10-17T05:56:01.613Z"
"68f1da5690ad734984f7e930","optional","68f1da5290ad734984f7cdb1","2025-10-17T05:56:01.613Z","2025-10-17T05:56:01.613Z"
"68f1da5a90ad734984f7f6e3","optional","68f1da5290ad734984f7cdb1","2025-10-17T05:56:01.613Z","2025-10-17T05:56:01.613Z"
"68f1da5790ad734984f7f1c2","optional","68f1da5290ad734984f7cdb3","2025-10-17T05:56:01.613Z","2025-10-17T05:56:01.613Z"
"68f1da5290ad734984f7ccde","optional","68f1da5290ad734984f7cdb4","2025-10-17T05:56:01.613Z","2025-10-17T05:56:01.613Z"
"68f1da5290ad734984f7d4e4","optional","68f1da5290ad734984f7cdb8","2025-10-17T05:56:01.613Z","2025-10-17T05:56:01.613Z"
"68f1da5290ad734984f7d57b","optional","68f1da5290ad734984f7cdb8","2025-10-17T05:56:01.613Z","2025-10-17T05:56:01.613Z"
"68f1da5690ad734984f7e718","optional","68f1da5290ad734984f7cdc0","2025-10-17T05:56:01.613Z","2025-10-17T05:56:01.613Z"
"68f1da5290ad734984f7db57","optional","68f1da5290ad734984f7cdc4","2025-10-17T05:56:01.613Z","2025-10-17T05:56:01.613Z"
"68f1da5690ad734984f7e968","optional","68f1da5290ad734984f7cdc4","2025-10-17T05:56:01.613Z","2025-10-17T05:56:01.613Z"
"68f1da5290ad734984f7dd38","optional","68f1da5290ad734984f7cdc8","2025-10-17T05:56:01.612Z","2025-10-17T05:56:01.612Z"
"68f1da5690ad734984f7eadd","optional","68f1da5290ad734984f7cdc8","2025-10-17T05:56:01.612Z","2025-10-17T05:56:01.612Z"
"68f1da5290ad734984f7ccb7","optional","68f1da5290ad734984f7cdd6","2025-10-17T05:56:01.612Z","2025-10-17T05:56:01.612Z"
"68f1da5290ad734984f7de77","optional","68f1da5290ad734984f7cdd6","2025-10-17T05:56:01.612Z","2025-10-17T05:56:01.612Z"
"68f1da5a90ad734984f7fae3","optional","68f1da5290ad734984f7cdd6","2025-10-17T05:56:01.612Z","2025-10-17T05:56:01.612Z"
"68f1da5290ad734984f7d2a9","optional","68f1da5290ad734984f7cdd6","2025-10-17T05:56:01.612Z","2025-10-17T05:56:01.612Z"
"68f1da5290ad734984f7cf3e","optional","68f1da5290ad734984f7cddd","2025-10-17T05:56:01.612Z","2025-10-17T05:56:01.612Z"
"68f1da5290ad734984f7d3d4","optional","68f1da5290ad734984f7cddd","2025-10-17T05:56:01.612Z","2025-10-17T05:56:01.612Z"
"68f1da5290ad734984f7d986","optional","68f1da5290ad734984f7cddd","2025-10-17T05:56:01.612Z","2025-10-17T05:56:01.612Z"
"68f1da5690ad734984f7ebf7","optional","68f1da5290ad734984f7cddd","2025-10-17T05:56:01.613Z","2025-10-17T05:56:01.613Z"
"68f1da5790ad734984f7ef4b","optional","68f1da5290ad734984f7cddd","2025-10-17T05:56:01.613Z","2025-10-17T05:56:01.613Z"
"68f1da5290ad734984f7ce75","optional","68f1da5290ad734984f7cddd","2025-10-17T05:56:01.612Z","2025-10-17T05:56:01.612Z"
"68f1da5290ad734984f7d382","optional","68f1da5290ad734984f7cddd","2025-10-17T05:56:01.612Z","2025-10-17T05:56:01.612Z"
"68f1da5290ad734984f7d768","optional","68f1da5290ad734984f7cddd","2025-10-17T05:56:01.612Z","2025-10-17T05:56:01.612Z"
"68f1da5290ad734984f7dccf","optional","68f1da5290ad734984f7cddd","2025-10-17T05:56:01.613Z","2025-10-17T05:56:01.613Z"
"68f1da5a90ad734984f7feb7","optional","68f1da5290ad734984f7cddd","2025-10-17T05:56:01.613Z","2025-10-17T05:56:01.613Z"
"68f1da5690ad734984f7df5a","optional","68f1da5290ad734984f7cde6","2025-10-17T05:56:01.613Z","2025-10-17T05:56:01.613Z"
"68f1da5690ad734984f7dee4","optional","68f1da5290ad734984f7cde7","2025-10-17T05:56:01.613Z","2025-10-17T05:56:01.613Z"
"68f1da5290ad734984f7cbf2","optional","68f1da5290ad734984f7cdf1","2025-10-17T05:56:01.613Z","2025-10-17T05:56:01.613Z"
"68f1da5290ad734984f7cb41","optional","68f1da5290ad734984f7cdf1","2025-10-17T05:56:01.613Z","2025-10-17T05:56:01.613Z"
"68f1da5290ad734984f7cc27","optional","68f1da5290ad734984f7cdf1","2025-10-17T05:56:01.613Z","2025-10-17T05:56:01.613Z"
"68f1da5290ad734984f7d6c9","optional","68f1da5290ad734984f7cdf1","2025-10-17T05:56:01.613Z","2025-10-17T05:56:01.613Z"
"68f1da5290ad734984f7ddbb","optional","68f1da5290ad734984f7cdf1","2025-10-17T05:56:01.613Z","2025-10-17T05:56:01.613Z"
"68f1da5290ad734984f7d5e0","optional","68f1da5290ad734984f7cdf1","2025-10-17T05:56:01.613Z","2025-10-17T05:56:01.613Z"
"68f1da5a90ad734984f7f3c5","optional","68f1da5290ad734984f7cdf1","2025-10-17T05:56:01.613Z","2025-10-17T05:56:01.613Z"
"68f1da5690ad734984f7ed19","optional","68f1da5290ad734984f7cdf1","2025-10-17T05:56:01.613Z","2025-10-17T05:56:01.613Z"
"68f1da5290ad734984f7cf2a","optional","68f1da5290ad734984f7cdf3","2025-10-17T05:56:01.613Z","2025-10-17T05:56:01.613Z"
"68f1da5690ad734984f7ecf7","optional","68f1da5290ad734984f7cdf3","2025-10-17T05:56:01.613Z","2025-10-17T05:56:01.613Z"
"68f1da5690ad734984f7df70","optional","68f1da5290ad734984f7cdf5","2025-10-17T05:56:01.613Z","2025-10-17T05:56:01.613Z"
"68f1da5290ad734984f7d750","optional","68f1da5290ad734984f7cdf7","2025-10-17T05:56:01.614Z","2025-10-17T05:56:01.614Z"
"68f1da5690ad734984f7e7f7","optional","68f1da5290ad734984f7cdf7","2025-10-17T05:56:01.614Z","2025-10-17T05:56:01.614Z"
"68f1da5690ad734984f7e644","optional","68f1da5290ad734984f7cdf7","2025-10-17T05:56:01.614Z","2025-10-17T05:56:01.614Z"
"68f1da5290ad734984f7d05e","optional","68f1da5290ad734984f7cdf7","2025-10-17T05:56:01.613Z","2025-10-17T05:56:01.613Z"
"68f1da5a90ad734984f7f5fb","optional","68f1da5290ad734984f7cdf7","2025-10-17T05:56:01.614Z","2025-10-17T05:56:01.614Z"
"68f1da5a90ad734984f7f650","optional","68f1da5290ad734984f7cdf7","2025-10-17T05:56:01.614Z","2025-10-17T05:56:01.614Z"
"68f1da5a90ad734984f7f574","optional","68f1da5290ad734984f7ce00","2025-10-17T05:56:01.614Z","2025-10-17T05:56:01.614Z"
"68f1da5a90ad734984f7f3c6","optional","68f1da5290ad734984f7ce02","2025-10-17T05:56:01.614Z","2025-10-17T05:56:01.614Z"
"68f1da5a90ad734984f7f96a","essential","68f1da5290ad734984f7ce02","2025-10-17T05:56:01.614Z","2025-10-17T05:56:01.614Z"
"68f1da5790ad734984f7f0f0","optional","68f1da5290ad734984f7ce02","2025-10-17T05:56:01.614Z","2025-10-17T05:56:01.614Z"
"68f1da5290ad734984f7d244","optional","68f1da5290ad734984f7ce02","2025-10-17T05:56:01.614Z","2025-10-17T05:56:01.614Z"
"68f1da5a90ad734984f7f2c5","optional","68f1da5290ad734984f7ce02","2025-10-17T05:56:01.614Z","2025-10-17T05:56:01.614Z"
"68f1da5290ad734984f7ce60","optional","68f1da5290ad734984f7ce03","2025-10-17T05:56:01.614Z","2025-10-17T05:56:01.614Z"
"68f1da5290ad734984f7d124","optional","68f1da5290ad734984f7ce03","2025-10-17T05:56:01.614Z","2025-10-17T05:56:01.614Z"
"68f1da5690ad734984f7eb58","optional","68f1da5290ad734984f7ce03","2025-10-17T05:56:01.614Z","2025-10-17T05:56:01.614Z"
"68f1da5a90ad734984f7f4a4","optional","68f1da5290ad734984f7ce04","2025-10-17T05:56:01.614Z","2025-10-17T05:56:01.614Z"
"68f1da5a90ad734984f7f4ca","optional","68f1da5290ad734984f7ce04","2025-10-17T05:56:01.614Z","2025-10-17T05:56:01.614Z"
"68f1da5a90ad734984f7f840","optional","68f1da5290ad734984f7ce0f","2025-10-17T05:56:01.614Z","2025-10-17T05:56:01.614Z"
"68f1da5690ad734984f7e803","optional","68f1da5290ad734984f7ce15","2025-10-17T05:56:01.614Z","2025-10-17T05:56:01.614Z"
"68f1da5290ad734984f7d643","optional","68f1da5290ad734984f7ce15","2025-10-17T05:56:01.614Z","2025-10-17T05:56:01.614Z"
"68f1da5690ad734984f7e6f4","optional","68f1da5290ad734984f7ce15","2025-10-17T05:56:01.614Z","2025-10-17T05:56:01.614Z"
"68f1da5290ad734984f7d67e","optional","68f1da5290ad734984f7ce15","2025-10-17T05:56:01.614Z","2025-10-17T05:56:01.614Z"
"68f1da5690ad734984f7e6cd","optional","68f1da5290ad734984f7ce1e","2025-10-17T05:56:01.614Z","2025-10-17T05:56:01.614Z"
"68f1da5690ad734984f7e65f","optional","68f1da5290ad734984f7ce1e","2025-10-17T05:56:01.614Z","2025-10-17T05:56:01.614Z"
"68f1da5290ad734984f7dde6","essential","68f1da5290ad734984f7ce20","2025-10-17T05:56:01.614Z","2025-10-17T05:56:01.614Z"
"68f1da5a90ad734984f7f8fe","optional","68f1da5290ad734984f7ce2e","2025-10-17T05:56:01.615Z","2025-10-17T05:56:01.615Z"
"68f1da5690ad734984f7e815","optional","68f1da5290ad734984f7ce2e","2025-10-17T05:56:01.615Z","2025-10-17T05:56:01.615Z"
"68f1da5690ad734984f7e803","optional","68f1da5290ad734984f7ce38","2025-10-17T05:56:01.615Z","2025-10-17T05:56:01.615Z"
"68f1da5a90ad734984f7f7b0","optional","68f1da5290ad734984f7ce38","2025-10-17T05:56:01.615Z","2025-10-17T05:56:01.615Z"
"68f1da5a90ad734984f7fd91","optional","68f1da5290ad734984f7ce38","2025-10-17T05:56:01.615Z","2025-10-17T05:56:01.615Z"
"68f1da5290ad734984f7d0ef","optional","68f1da5290ad734984f7ce38","2025-10-17T05:56:01.615Z","2025-10-17T05:56:01.615Z"
"68f1da5290ad734984f7d67e","optional","68f1da5290ad734984f7ce38","2025-10-17T05:56:01.615Z","2025-10-17T05:56:01.615Z"
"68f1da5690ad734984f7eeae","optional","68f1da5290ad734984f7ce38","2025-10-17T05:56:01.615Z","2025-10-17T05:56:01.615Z"
"68f1da5290ad734984f7d424","optional","68f1da5290ad734984f7ce38","2025-10-17T05:56:01.615Z","2025-10-17T05:56:01.615Z"
"68f1da5290ad734984f7d643","optional","68f1da5290ad734984f7ce38","2025-10-17T05:56:01.615Z","2025-10-17T05:56:01.615Z"
"68f1da5a90ad734984f7fec4","optional","68f1da5290ad734984f7ce38","2025-10-17T05:56:01.616Z","2025-10-17T05:56:01.616Z"
"68f1da5290ad734984f7d36b","optional","68f1da5290ad734984f7ce3a","2025-10-17T05:56:01.616Z","2025-10-17T05:56:01.616Z"
"68f1da5290ad734984f7d946","optional","68f1da5290ad734984f7ce3a","2025-10-17T05:56:01.616Z","2025-10-17T05:56:01.616Z"
"68f1da5a90ad734984f7ffbc","optional","68f1da5290ad734984f7ce3c","2025-10-17T05:56:01.616Z","2025-10-17T05:56:01.616Z"
"68f1da5a90ad734984f7ff9a","optional","68f1da5290ad734984f7ce3c","2025-10-17T05:56:01.616Z","2025-10-17T05:56:01.616Z"
"68f1da5290ad734984f7d4b8","optional","68f1da5290ad734984f7ce40","2025-10-17T05:56:01.616Z","2025-10-17T05:56:01.616Z"
"68f1da5690ad734984f7eb26","optional","68f1da5290ad734984f7ce40","2025-10-17T05:56:01.616Z","2025-10-17T05:56:01.616Z"
"68f1da5290ad734984f7d352","optional","68f1da5290ad734984f7ce40","2025-10-17T05:56:01.616Z","2025-10-17T05:56:01.616Z"
"68f1da5690ad734984f7e5c1","optional","68f1da5290ad734984f7ce40","2025-10-17T05:56:01.616Z","2025-10-17T05:56:01.616Z"
"68f1da5790ad734984f7f0af","optional","68f1da5290ad734984f7ce40","2025-10-17T05:56:01.616Z","2025-10-17T05:56:01.616Z"
"68f1da5290ad734984f7cfa9","optional","68f1da5290ad734984f7ce49","2025-10-17T05:56:01.614Z","2025-10-17T05:56:01.614Z"
"68f1da5790ad734984f7eeca","optional","68f1da5290ad734984f7ce49","2025-10-17T05:56:01.614Z","2025-10-17T05:56:01.614Z"
"68f1da5a90ad734984f7f92c","optional","68f1da5290ad734984f7ce4a","2025-10-17T05:56:01.614Z","2025-10-17T05:56:01.614Z"
"68f1da5a90ad734984f7fadd","optional","68f1da5290ad734984f7ce4a","2025-10-17T05:56:01.614Z","2025-10-17T05:56:01.614Z"
"68f1da5a90ad734984f7ff59","optional","68f1da5290ad734984f7ce4a","2025-10-17T05:56:01.614Z","2025-10-17T05:56:01.614Z"
"68f1da5290ad734984f7cba1","optional","68f1da5290ad734984f7ce4a","2025-10-17T05:56:01.614Z","2025-10-17T05:56:01.614Z"
"68f1da5290ad734984f7d212","optional","68f1da5290ad734984f7ce53","2025-10-17T05:56:01.614Z","2025-10-17T05:56:01.614Z"
"68f1da5290ad734984f7d5fb","optional","68f1da5290ad734984f7ce53","2025-10-17T05:56:01.614Z","2025-10-17T05:56:01.614Z"
"68f1da5790ad734984f7ef55","optional","68f1da5290ad734984f7ce53","2025-10-17T05:56:01.614Z","2025-10-17T05:56:01.614Z"
"68f1da5690ad734984f7e9a5","optional","68f1da5290ad734984f7ce55","2025-10-17T05:56:01.614Z","2025-10-17T05:56:01.614Z"
"68f1da5290ad734984f7cb4a","optional","68f1da5290ad734984f7ce65","2025-10-17T05:56:01.615Z","2025-10-17T05:56:01.615Z"
"68f1da5a90ad734984f7f895","optional","68f1da5290ad734984f7ce65","2025-10-17T05:56:01.615Z","2025-10-17T05:56:01.615Z"
"68f1da5a90ad734984f7fcc3","optional","68f1da5290ad734984f7ce65","2025-10-17T05:56:01.615Z","2025-10-17T05:56:01.615Z"
"68f1da5a90ad734984f7f2aa","optional","68f1da5290ad734984f7ce65","2025-10-17T05:56:01.615Z","2025-10-17T05:56:01.615Z"
"68f1da5a90ad734984f7f6ec","optional","68f1da5290ad734984f7ce65","2025-10-17T05:56:01.615Z","2025-10-17T05:56:01.615Z"
"68f1da5a90ad734984f80161","optional","68f1da5290ad734984f7ce6b","2025-10-17T05:56:01.615Z","2025-10-17T05:56:01.615Z"
"68f1da5290ad734984f7d136","optional","68f1da5290ad734984f7ce6b","2025-10-17T05:56:01.615Z","2025-10-17T05:56:01.615Z"
"68f1da5a90ad734984f7fad0","optional","68f1da5290ad734984f7ce6b","2025-10-17T05:56:01.615Z","2025-10-17T05:56:01.615Z"
"68f1da5690ad734984f7ee23","optional","68f1da5290ad734984f7ce72","2025-10-17T05:56:01.615Z","2025-10-17T05:56:01.615Z"
"68f1da5290ad734984f7cc50","optional","68f1da5290ad734984f7ce72","2025-10-17T05:56:01.615Z","2025-10-17T05:56:01.615Z"
"68f1da5290ad734984f7dccc","optional","68f1da5290ad734984f7ce72","2025-10-17T05:56:01.615Z","2025-10-17T05:56:01.615Z"
"68f1da5690ad734984f7e68a","optional","68f1da5290ad734984f7ce77","2025-10-17T05:56:01.614Z","2025-10-17T05:56:01.614Z"
"68f1da5690ad734984f7e5ec","optional","68f1da5290ad734984f7ce7b","2025-10-17T05:56:01.615Z","2025-10-17T05:56:01.615Z"
"68f1da5690ad734984f7e863","optional","68f1da5290ad734984f7ce7b","2025-10-17T05:56:01.615Z","2025-10-17T05:56:01.615Z"
"68f1da5a90ad734984f7f2b5","optional","68f1da5290ad734984f7ce7d","2025-10-17T05:56:01.615Z","2025-10-17T05:56:01.615Z"
"68f1da5290ad734984f7ce10","optional","68f1da5290ad734984f7ce7d","2025-10-17T05:56:01.615Z","2025-10-17T05:56:01.615Z"
"68f1da5690ad734984f7e63a","optional","68f1da5290ad734984f7ce82","2025-10-17T05:56:01.615Z","2025-10-17T05:56:01.615Z"
"68f1da5290ad734984f7d8f0","optional","68f1da5290ad734984f7ce8c","2025-10-17T05:56:01.615Z","2025-10-17T05:56:01.615Z"
"68f1da5790ad734984f7f0a5","optional","68f1da5290ad734984f7ce8c","2025-10-17T05:56:01.615Z","2025-10-17T05:56:01.615Z"
"68f1da5a90ad734984f7f663","optional","68f1da5290ad734984f7ce8c","2025-10-17T05:56:01.615Z","2025-10-17T05:56:01.615Z"
"68f1da5690ad734984f7ebd1","optional","68f1da5290ad734984f7ce8c","2025-10-17T05:56:01.615Z","2025-10-17T05:56:01.615Z"
"68f1da5a90ad734984f80100","optional","68f1da5290ad734984f7ce8f","2025-10-17T05:56:01.615Z","2025-10-17T05:56:01.615Z"
"68f1da5690ad734984f7e509","optional","68f1da5290ad734984f7ce8f","2025-10-17T05:56:01.615Z","2025-10-17T05:56:01.615Z"
"68f1da5290ad734984f7d2c6","optional","68f1da5290ad734984f7ce8f","2025-10-17T05:56:01.615Z","2025-10-17T05:56:01.615Z"
"68f1da5690ad734984f7dfad","optional","68f1da5290ad734984f7ce8f","2025-10-17T05:56:01.615Z","2025-10-17T05:56:01.615Z"
"68f1da5790ad734984f7effc","optional","68f1da5290ad734984f7ce9a","2025-10-17T05:56:01.616Z","2025-10-17T05:56:01.616Z"
"68f1da5290ad734984f7d4d3","optional","68f1da5290ad734984f7ce9f","2025-10-17T05:56:01.616Z","2025-10-17T05:56:01.616Z"
"68f1da5290ad734984f7d819","optional","68f1da5290ad734984f7ce9f","2025-10-17T05:56:01.616Z","2025-10-17T05:56:01.616Z"
"68f1da5a90ad734984f7fa07","optional","68f1da5290ad734984f7cea9","2025-10-17T05:56:01.616Z","2025-10-17T05:56:01.616Z"
"68f1da5290ad734984f7cd80","optional","68f1da5290ad734984f7ced3","2025-10-17T05:56:01.616Z","2025-10-17T05:56:01.616Z"
"68f1da5290ad734984f7cf97","essential","68f1da5290ad734984f7ced3","2025-10-17T05:56:01.616Z","2025-10-17T05:56:01.616Z"
"68f1da5690ad734984f7e690","optional","68f1da5290ad734984f7ced8","2025-10-17T05:56:01.616Z","2025-10-17T05:56:01.616Z"
"68f1da5290ad734984f7cb84","optional","68f1da5290ad734984f7cee7","2025-10-17T05:56:01.616Z","2025-10-17T05:56:01.616Z"
"68f1da5290ad734984f7db20","optional","68f1da5290ad734984f7cee7","2025-10-17T05:56:01.616Z","2025-10-17T05:56:01.616Z"
"68f1da5290ad734984f7d3ef","optional","68f1da5290ad734984f7ceec","2025-10-17T05:56:01.616Z","2025-10-17T05:56:01.616Z"
"68f1da5290ad734984f7da0f","optional","68f1da5290ad734984f7ceec","2025-10-17T05:56:01.616Z","2025-10-17T05:56:01.616Z"
"68f1da5690ad734984f7ed29","optional","68f1da5290ad734984f7ceec","2025-10-17T05:56:01.616Z","2025-10-17T05:56:01.616Z"
"68f1da5290ad734984f7cd10","optional","68f1da5290ad734984f7cef2","2025-10-17T05:56:01.616Z","2025-10-17T05:56:01.616Z"
"68f1da5a90ad734984f80030","optional","68f1da5290ad734984f7cef2","2025-10-17T05:56:01.616Z","2025-10-17T05:56:01.616Z"
"68f1da5690ad734984f7e843","optional","68f1da5290ad734984f7cef2","2025-10-17T05:56:01.616Z","2025-10-17T05:56:01.616Z"
"68f1da5290ad734984f7d737","optional","68f1da5290ad734984f7cf05","2025-10-17T05:56:01.617Z","2025-10-17T05:56:01.617Z"
"68f1da5290ad734984f7dd5a","optional","68f1da5290ad734984f7cf05","2025-10-17T05:56:01.617Z","2025-10-17T05:56:01.617Z"
"68f1da5690ad734984f7dff9","optional","68f1da5290ad734984f7cf08","2025-10-17T05:56:01.617Z","2025-10-17T05:56:01.617Z"
"68f1da5a90ad734984f7fe79","optional","68f1da5290ad734984f7cf08","2025-10-17T05:56:01.629Z","2025-10-17T05:56:01.629Z"
"68f1da5290ad734984f7ce64","optional","68f1da5290ad734984f7cf08","2025-10-17T05:56:01.617Z","2025-10-17T05:56:01.617Z"
"68f1da5290ad734984f7d61b","optional","68f1da5290ad734984f7cf08","2025-10-17T05:56:01.617Z","2025-10-17T05:56:01.617Z"
"68f1da5290ad734984f7cc17","optional","68f1da5290ad734984f7cf12","2025-10-17T05:56:01.616Z","2025-10-17T05:56:01.616Z"
"68f1da5290ad734984f7db6b","optional","68f1da5290ad734984f7cf12","2025-10-17T05:56:01.616Z","2025-10-17T05:56:01.616Z"
"68f1da5290ad734984f7d0ac","optional","68f1da5290ad734984f7cf12","2025-10-17T05:56:01.616Z","2025-10-17T05:56:01.616Z"
"68f1da5690ad734984f7ec66","optional","68f1da5290ad734984f7cf14","2025-10-17T05:56:01.616Z","2025-10-17T05:56:01.616Z"
"68f1da5690ad734984f7e199","optional","68f1da5290ad734984f7cf19","2025-10-17T05:56:01.617Z","2025-10-17T05:56:01.617Z"
"68f1da5290ad734984f7d2f6","optional","68f1da5290ad734984f7cf19","2025-10-17T05:56:01.616Z","2025-10-17T05:56:01.616Z"
"68f1da5290ad734984f7d6d4","optional","68f1da5290ad734984f7cf19","2025-10-17T05:56:01.616Z","2025-10-17T05:56:01.616Z"
"68f1da5290ad734984f7d723","optional","68f1da5290ad734984f7cf19","2025-10-17T05:56:01.616Z","2025-10-17T05:56:01.616Z"
"68f1da5690ad734984f7e1dc","essential","68f1da5290ad734984f7cf19","2025-10-17T05:56:01.617Z","2025-10-17T05:56:01.617Z"
"68f1da5290ad734984f7cc4b","optional","68f1da5290ad734984f7cf19","2025-10-17T05:56:01.616Z","2025-10-17T05:56:01.616Z"
"68f1da5290ad734984f7cca7","optional","68f1da5290ad734984f7cf25","2025-10-17T05:56:01.617Z","2025-10-17T05:56:01.617Z"
"68f1da5290ad734984f7da4a","optional","68f1da5290ad734984f7cf25","2025-10-17T05:56:01.617Z","2025-10-17T05:56:01.617Z"
"68f1da5690ad734984f7e27c","optional","68f1da5290ad734984f7cf25","2025-10-17T05:56:01.617Z","2025-10-17T05:56:01.617Z"
"68f1da5690ad734984f7e9be","optional","68f1da5290ad734984f7cf25","2025-10-17T05:56:01.617Z","2025-10-17T05:56:01.617Z"
"68f1da5290ad734984f7d5f4","optional","68f1da5290ad734984f7cf25","2025-10-17T05:56:01.617Z","2025-10-17T05:56:01.617Z"
"68f1da5690ad734984f7eb50","optional","68f1da5290ad734984f7cf25","2025-10-17T05:56:01.617Z","2025-10-17T05:56:01.617Z"
"68f1da5a90ad734984f7f603","optional","68f1da5290ad734984f7cf25","2025-10-17T05:56:01.617Z","2025-10-17T05:56:01.617Z"
"68f1da5290ad734984f7cea4","optional","68f1da5290ad734984f7cf25","2025-10-17T05:56:01.617Z","2025-10-17T05:56:01.617Z"
"68f1da5a90ad734984f7f916","optional","68f1da5290ad734984f7cf25","2025-10-17T05:56:01.617Z","2025-10-17T05:56:01.617Z"
"68f1da5a90ad734984f8004d","optional","68f1da5290ad734984f7cf25","2025-10-17T05:56:01.617Z","2025-10-17T05:56:01.617Z"
"68f1da5a90ad734984f7f7d1","optional","68f1da5290ad734984f7cf25","2025-10-17T05:56:01.617Z","2025-10-17T05:56:01.617Z"
"68f1da5a90ad734984f7f65a","optional","68f1da5290ad734984f7cf3b","2025-10-17T05:56:01.629Z","2025-10-17T05:56:01.629Z"
"68f1da5690ad734984f7e8aa","optional","68f1da5290ad734984f7cf3b","2025-10-17T05:56:01.629Z","2025-10-17T05:56:01.629Z"
"68f1da5a90ad734984f7f602","optional","68f1da5290ad734984f7cf3b","2025-10-17T05:56:01.629Z","2025-10-17T05:56:01.629Z"
"68f1da5a90ad734984f7f8cf","optional","68f1da5290ad734984f7cf43","2025-10-17T05:56:01.630Z","2025-10-17T05:56:01.630Z"
"68f1da5690ad734984f7e536","optional","68f1da5290ad734984f7cf43","2025-10-17T05:56:01.630Z","2025-10-17T05:56:01.630Z"
"68f1da5690ad734984f7e932","optional","68f1da5290ad734984f7cf43","2025-10-17T05:56:01.630Z","2025-10-17T05:56:01.630Z"
"68f1da5790ad734984f7ef5a","optional","68f1da5290ad734984f7cf43","2025-10-17T05:56:01.630Z","2025-10-17T05:56:01.630Z"
"68f1da5a90ad734984f7fec8","optional","68f1da5290ad734984f7cf43","2025-10-17T05:56:01.630Z","2025-10-17T05:56:01.630Z"
"68f1da5290ad734984f7deaf","optional","68f1da5290ad734984f7cf48","2025-10-17T05:56:01.630Z","2025-10-17T05:56:01.630Z"
"68f1da5290ad734984f7da45","optional","68f1da5290ad734984f7cf48","2025-10-17T05:56:01.630Z","2025-10-17T05:56:01.630Z"
"68f1da5690ad734984f7ed7e","optional","68f1da5290ad734984f7cf51","2025-10-17T05:56:01.630Z","2025-10-17T05:56:01.630Z"
"68f1da5a90ad734984f7fca5","optional","68f1da5290ad734984f7cf51","2025-10-17T05:56:01.630Z","2025-10-17T05:56:01.630Z"
"68f1da5290ad734984f7d4e4","optional","68f1da5290ad734984f7cf51","2025-10-17T05:56:01.630Z","2025-10-17T05:56:01.630Z"
"68f1da5290ad734984f7d887","optional","68f1da5290ad734984f7cf51","2025-10-17T05:56:01.630Z","2025-10-17T05:56:01.630Z"
"68f1da5290ad734984f7d9d5","optional","68f1da5290ad734984f7cf51","2025-10-17T05:56:01.630Z","2025-10-17T05:56:01.630Z"
"68f1da5290ad734984f7cbd8","optional","68f1da5290ad734984f7cf51","2025-10-17T05:56:01.630Z","2025-10-17T05:56:01.630Z"
"68f1da5290ad734984f7d8fe","optional","68f1da5290ad734984f7cf51","2025-10-17T05:56:01.630Z","2025-10-17T05:56:01.630Z"
"68f1da5690ad734984f7ed31","optional","68f1da5290ad734984f7cf51","2025-10-17T05:56:01.630Z","2025-10-17T05:56:01.630Z"
"68f1da5690ad734984f7e6ae","optional","68f1da5290ad734984f7cf53","2025-10-17T05:56:01.630Z","2025-10-17T05:56:01.630Z"
"68f1da5290ad734984f7d19e","optional","68f1da5290ad734984f7cf54","2025-10-17T05:56:01.630Z","2025-10-17T05:56:01.630Z"
"68f1da5290ad734984f7d6d8","optional","68f1da5290ad734984f7cf54","2025-10-17T05:56:01.630Z","2025-10-17T05:56:01.630Z"
"68f1da5690ad734984f7e33e","optional","68f1da5290ad734984f7cf54","2025-10-17T05:56:01.630Z","2025-10-17T05:56:01.630Z"
"68f1da5690ad734984f7ed73","optional","68f1da5290ad734984f7cf54","2025-10-17T05:56:01.630Z","2025-10-17T05:56:01.630Z"
"68f1da5290ad734984f7cc07","optional","68f1da5290ad734984f7cf54","2025-10-17T05:56:01.630Z","2025-10-17T05:56:01.630Z"
"68f1da5290ad734984f7d45b","optional","68f1da5290ad734984f7cf54","2025-10-17T05:56:01.630Z","2025-10-17T05:56:01.630Z"
"68f1da5290ad734984f7de7f","optional","68f1da5290ad734984f7cf54","2025-10-17T05:56:01.630Z","2025-10-17T05:56:01.630Z"
"68f1da5690ad734984f7df63","optional","68f1da5290ad734984f7cf54","2025-10-17T05:56:01.630Z","2025-10-17T05:56:01.630Z"
"68f1da5690ad734984f7ec65","optional","68f1da5290ad734984f7cf54","2025-10-17T05:56:01.630Z","2025-10-17T05:56:01.630Z"
"68f1da5290ad734984f7cb55","optional","68f1da5290ad734984f7cf54","2025-10-17T05:56:01.630Z","2025-10-17T05:56:01.630Z"
"68f1da5690ad734984f7df64","optional","68f1da5290ad734984f7cf54","2025-10-17T05:56:01.630Z","2025-10-17T05:56:01.630Z"
"68f1da5a90ad734984f80164","optional","68f1da5290ad734984f7cf54","2025-10-17T05:56:01.630Z","2025-10-17T05:56:01.630Z"
"68f1da5290ad734984f7d3d7","optional","68f1da5290ad734984f7cf54","2025-10-17T05:56:01.630Z","2025-10-17T05:56:01.630Z"
"68f1da5290ad734984f7dad8","optional","68f1da5290ad734984f7cf54","2025-10-17T05:56:01.630Z","2025-10-17T05:56:01.630Z"
"68f1da5690ad734984f7e10b","optional","68f1da5290ad734984f7cf54","2025-10-17T05:56:01.630Z","2025-10-17T05:56:01.630Z"
"68f1da5690ad734984f7e285","optional","68f1da5290ad734984f7cf54","2025-10-17T05:56:01.630Z","2025-10-17T05:56:01.630Z"
"68f1da5a90ad734984f7f629","optional","68f1da5290ad734984f7cf54","2025-10-17T05:56:01.630Z","2025-10-17T05:56:01.630Z"
"68f1da5a90ad734984f7fcdf","optional","68f1da5290ad734984f7cf54","2025-10-17T05:56:01.630Z","2025-10-17T05:56:01.630Z"
"68f1da5290ad734984f7dc06","optional","68f1da5290ad734984f7cf58","2025-10-17T05:56:01.631Z","2025-10-17T05:56:01.631Z"
"68f1da5a90ad734984f7f992","optional","68f1da5290ad734984f7cf68","2025-10-17T05:56:01.631Z","2025-10-17T05:56:01.631Z"
"68f1da5290ad734984f7d82c","optional","68f1da5290ad734984f7cf68","2025-10-17T05:56:01.631Z","2025-10-17T05:56:01.631Z"
"68f1da5290ad734984f7d0d4","optional","68f1da5290ad734984f7cf71","2025-10-17T05:56:01.631Z","2025-10-17T05:56:01.631Z"
"68f1da5290ad734984f7d4a5","optional","68f1da5290ad734984f7cf71","2025-10-17T05:56:01.631Z","2025-10-17T05:56:01.631Z"
"68f1da5a90ad734984f7fcba","optional","68f1da5290ad734984f7cf71","2025-10-17T05:56:01.631Z","2025-10-17T05:56:01.631Z"
"68f1da5a90ad734984f7f849","optional","68f1da5290ad734984f7cf73","2025-10-17T05:56:01.631Z","2025-10-17T05:56:01.631Z"
"68f1da5690ad734984f7e784","optional","68f1da5290ad734984f7cf78","2025-10-17T05:56:01.631Z","2025-10-17T05:56:01.631Z"
"68f1da5690ad734984f7eaf4","optional","68f1da5290ad734984f7cf8b","2025-10-17T05:56:01.631Z","2025-10-17T05:56:01.631Z"
"68f1da5290ad734984f7dbf6","optional","68f1da5290ad734984f7cf8b","2025-10-17T05:56:01.631Z","2025-10-17T05:56:01.631Z"
"68f1da5790ad734984f7f1a4","optional","68f1da5290ad734984f7cf8b","2025-10-17T05:56:01.631Z","2025-10-17T05:56:01.631Z"
"68f1da5a90ad734984f7fb62","optional","68f1da5290ad734984f7cf8b","2025-10-17T05:56:01.631Z","2025-10-17T05:56:01.631Z"
"68f1da5a90ad734984f7fa83","optional","68f1da5290ad734984f7cf93","2025-10-17T05:56:01.631Z","2025-10-17T05:56:01.631Z"
"68f1da5a90ad734984f7fe11","optional","68f1da5290ad734984f7cf93","2025-10-17T05:56:01.631Z","2025-10-17T05:56:01.631Z"
"68f1da5290ad734984f7ce2f","optional","68f1da5290ad734984f7cf93","2025-10-17T05:56:01.631Z","2025-10-17T05:56:01.631Z"
"68f1da5290ad734984f7d04e","optional","68f1da5290ad734984f7cf93","2025-10-17T05:56:01.631Z","2025-10-17T05:56:01.631Z"
"68f1da5a90ad734984f80137","optional","68f1da5290ad734984f7cf93","2025-10-17T05:56:01.631Z","2025-10-17T05:56:01.631Z"
"68f1da5290ad734984f7da9b","optional","68f1da5290ad734984f7cf98","2025-10-17T05:56:01.632Z","2025-10-17T05:56:01.632Z"
"68f1da5290ad734984f7d131","optional","68f1da5290ad734984f7cfa1","2025-10-17T05:56:01.632Z","2025-10-17T05:56:01.632Z"
"68f1da5690ad734984f7e8a2","optional","68f1da5290ad734984f7cfa1","2025-10-17T05:56:01.632Z","2025-10-17T05:56:01.632Z"
"68f1da5690ad734984f7ec52","essential","68f1da5290ad734984f7cfa2","2025-10-17T05:56:01.632Z","2025-10-17T05:56:01.632Z"
"68f1da5290ad734984f7cd43","optional","68f1da5290ad734984f7cfa6","2025-10-17T05:56:01.631Z","2025-10-17T05:56:01.631Z"
"68f1da5290ad734984f7d96d","optional","68f1da5290ad734984f7cfa6","2025-10-17T05:56:01.631Z","2025-10-17T05:56:01.631Z"
"68f1da5a90ad734984f7f3c3","optional","68f1da5290ad734984f7cfa6","2025-10-17T05:56:01.631Z","2025-10-17T05:56:01.631Z"
"68f1da5a90ad734984f7fe0a","optional","68f1da5290ad734984f7cfa6","2025-10-17T05:56:01.631Z","2025-10-17T05:56:01.631Z"
"68f1da5290ad734984f7dac0","optional","68f1da5290ad734984f7cfa7","2025-10-17T05:56:01.631Z","2025-10-17T05:56:01.631Z"
"68f1da5290ad734984f7cdaf","optional","68f1da5290ad734984f7cfa7","2025-10-17T05:56:01.631Z","2025-10-17T05:56:01.631Z"
"68f1da5290ad734984f7d275","optional","68f1da5290ad734984f7cfa7","2025-10-17T05:56:01.631Z","2025-10-17T05:56:01.631Z"
"68f1da5690ad734984f7e7d4","optional","68f1da5290ad734984f7cfa7","2025-10-17T05:56:01.631Z","2025-10-17T05:56:01.631Z"
"68f1da5a90ad734984f7fd50","optional","68f1da5290ad734984f7cfa7","2025-10-17T05:56:01.631Z","2025-10-17T05:56:01.631Z"
"68f1da5690ad734984f7e6dd","optional","68f1da5290ad734984f7cfac","2025-10-17T05:56:01.631Z","2025-10-17T05:56:01.631Z"
"68f1da5690ad734984f7e912","optional","68f1da5290ad734984f7cfac","2025-10-17T05:56:01.631Z","2025-10-17T05:56:01.631Z"
"68f1da5290ad734984f7d05f","optional","68f1da5290ad734984f7cfad","2025-10-17T05:56:01.631Z","2025-10-17T05:56:01.631Z"
"68f1da5a90ad734984f800b9","optional","68f1da5290ad734984f7cfaf","2025-10-17T05:56:01.631Z","2025-10-17T05:56:01.631Z"
"68f1da5290ad734984f7cb78","optional","68f1da5290ad734984f7cfb6","2025-10-17T05:56:01.631Z","2025-10-17T05:56:01.631Z"
"68f1da5a90ad734984f7ff1e","optional","68f1da5290ad734984f7cfbb","2025-10-17T05:56:01.631Z","2025-10-17T05:56:01.631Z"
"68f1da5290ad734984f7d151","optional","68f1da5290ad734984f7cfbe","2025-10-17T05:56:01.632Z","2025-10-17T05:56:01.632Z"
"68f1da5a90ad734984f800af","optional","68f1da5290ad734984f7cfbe","2025-10-17T05:56:01.633Z","2025-10-17T05:56:01.633Z"
"68f1da5290ad734984f7d061","optional","68f1da5290ad734984f7cfbe","2025-10-17T05:56:01.632Z","2025-10-17T05:56:01.632Z"
"68f1da5290ad734984f7d420","optional","68f1da5290ad734984f7cfbe","2025-10-17T05:56:01.632Z","2025-10-17T05:56:01.632Z"
"68f1da5690ad734984f7e3b3","optional","68f1da5290ad734984f7cfbe","2025-10-17T05:56:01.633Z","2025-10-17T05:56:01.633Z"
"68f1da5290ad734984f7cdb5","optional","68f1da5290ad734984f7cfbe","2025-10-17T05:56:01.632Z","2025-10-17T05:56:01.632Z"
"68f1da5690ad734984f7e121","optional","68f1da5290ad734984f7cfbe","2025-10-17T05:56:01.633Z","2025-10-17T05:56:01.633Z"
"68f1da5a90ad734984f7f7c8","optional","68f1da5290ad734984f7cfbe","2025-10-17T05:56:01.633Z","2025-10-17T05:56:01.633Z"
"68f1da5290ad734984f7cc47","optional","68f1da5290ad734984f7cfc2","2025-10-17T05:56:01.633Z","2025-10-17T05:56:01.633Z"
"68f1da5690ad734984f7e19d","optional","68f1da5290ad734984f7cfc2","2025-10-17T05:56:01.633Z","2025-10-17T05:56:01.633Z"
"68f1da5690ad734984f7e35e","optional","68f1da5290ad734984f7cfc2","2025-10-17T05:56:01.633Z","2025-10-17T05:56:01.633Z"
"68f1da5290ad734984f7d96d","optional","68f1da5290ad734984f7cfc6","2025-10-17T05:56:01.633Z","2025-10-17T05:56:01.633Z"
"68f1da5690ad734984f7e273","essential","68f1da5290ad734984f7cfd0","2025-10-17T05:56:01.633Z","2025-10-17T05:56:01.633Z"
"68f1da5290ad734984f7de30","optional","68f1da5290ad734984f7cfd8","2025-10-17T05:56:01.632Z","2025-10-17T05:56:01.632Z"
"68f1da5290ad734984f7dc4f","optional","68f1da5290ad734984f7cfd8","2025-10-17T05:56:01.632Z","2025-10-17T05:56:01.632Z"
"68f1da5a90ad734984f7fde7","optional","68f1da5290ad734984f7cfd8","2025-10-17T05:56:01.632Z","2025-10-17T05:56:01.632Z"
"68f1da5a90ad734984f7fe91","optional","68f1da5290ad734984f7cfd8","2025-10-17T05:56:01.632Z","2025-10-17T05:56:01.632Z"
"68f1da5a90ad734984f7fce1","optional","68f1da5290ad734984f7cfda","2025-10-17T05:56:01.632Z","2025-10-17T05:56:01.632Z"
"68f1da5690ad734984f7e4a9","optional","68f1da5290ad734984f7cfdb","2025-10-17T05:56:01.632Z","2025-10-17T05:56:01.632Z"
"68f1da5690ad734984f7e762","optional","68f1da5290ad734984f7cfdb","2025-10-17T05:56:01.632Z","2025-10-17T05:56:01.632Z"
"68f1da5290ad734984f7ce81","optional","68f1da5290ad734984f7cfdb","2025-10-17T05:56:01.632Z","2025-10-17T05:56:01.632Z"
"68f1da5290ad734984f7d085","optional","68f1da5290ad734984f7cfdb","2025-10-17T05:56:01.632Z","2025-10-17T05:56:01.632Z"
"68f1da5690ad734984f7e8a6","optional","68f1da5290ad734984f7cfdb","2025-10-17T05:56:01.632Z","2025-10-17T05:56:01.632Z"
"68f1da5690ad734984f7e92a","optional","68f1da5290ad734984f7cfdb","2025-10-17T05:56:01.632Z","2025-10-17T05:56:01.632Z"
"68f1da5790ad734984f7f096","optional","68f1da5290ad734984f7cfdb","2025-10-17T05:56:01.632Z","2025-10-17T05:56:01.632Z"
"68f1da5790ad734984f7f116","optional","68f1da5290ad734984f7cfdb","2025-10-17T05:56:01.632Z","2025-10-17T05:56:01.632Z"
"68f1da5790ad734984f7f1fb","optional","68f1da5290ad734984f7cfdb","2025-10-17T05:56:01.632Z","2025-10-17T05:56:01.632Z"
"68f1da5690ad734984f7edaf","optional","68f1da5290ad734984f7cfdb","2025-10-17T05:56:01.632Z","2025-10-17T05:56:01.632Z"
"68f1da5a90ad734984f7f3cc","optional","68f1da5290ad734984f7cfdb","2025-10-17T05:56:01.632Z","2025-10-17T05:56:01.632Z"
"68f1da5a90ad734984f7f4ff","optional","68f1da5290ad734984f7cfdb","2025-10-17T05:56:01.632Z","2025-10-17T05:56:01.632Z"
"68f1da5290ad734984f7d1d7","optional","68f1da5290ad734984f7cfe5","2025-10-17T05:56:01.632Z","2025-10-17T05:56:01.632Z"
"68f1da5690ad734984f7e108","optional","68f1da5290ad734984f7cfe5","2025-10-17T05:56:01.632Z","2025-10-17T05:56:01.632Z"
"68f1da5290ad734984f7d511","optional","68f1da5290ad734984f7cfe5","2025-10-17T05:56:01.632Z","2025-10-17T05:56:01.632Z"
"68f1da5290ad734984f7d55d","optional","68f1da5290ad734984f7cfe5","2025-10-17T05:56:01.632Z","2025-10-17T05:56:01.632Z"
"68f1da5790ad734984f7f036","optional","68f1da5290ad734984f7cfe5","2025-10-17T05:56:01.632Z","2025-10-17T05:56:01.632Z"
"68f1da5290ad734984f7ce4b","optional","68f1da5290ad734984f7cfe5","2025-10-17T05:56:01.632Z","2025-10-17T05:56:01.632Z"
"68f1da5690ad734984f7df90","optional","68f1da5290ad734984f7cfe5","2025-10-17T05:56:01.632Z","2025-10-17T05:56:01.632Z"
"68f1da5690ad734984f7e1e0","optional","68f1da5290ad734984f7cfe5","2025-10-17T05:56:01.632Z","2025-10-17T05:56:01.632Z"
"68f1da5690ad734984f7e5c0","optional","68f1da5290ad734984f7cff0","2025-10-17T05:56:01.633Z","2025-10-17T05:56:01.633Z"
"68f1da5a90ad734984f7fd2b","optional","68f1da5290ad734984f7cff0","2025-10-17T05:56:01.633Z","2025-10-17T05:56:01.633Z"
"68f1da5690ad734984f7ea70","optional","68f1da5290ad734984f7cff4","2025-10-17T05:56:01.633Z","2025-10-17T05:56:01.633Z"
"68f1da5790ad734984f7f060","optional","68f1da5290ad734984f7cff4","2025-10-17T05:56:01.633Z","2025-10-17T05:56:01.633Z"
"68f1da5a90ad734984f7f264","optional","68f1da5290ad734984f7cff4","2025-10-17T05:56:01.633Z","2025-10-17T05:56:01.633Z"
"68f1da5790ad734984f7f054","optional","68f1da5290ad734984f7cff4","2025-10-17T05:56:01.633Z","2025-10-17T05:56:01.633Z"
"68f1da5290ad734984f7d9e8","optional","68f1da5290ad734984f7cff6","2025-10-17T05:56:01.633Z","2025-10-17T05:56:01.633Z"
"68f1da5690ad734984f7ee02","optional","68f1da5290ad734984f7cff6","2025-10-17T05:56:01.633Z","2025-10-17T05:56:01.633Z"
"68f1da5290ad734984f7dde3","optional","68f1da5290ad734984f7cff6","2025-10-17T05:56:01.633Z","2025-10-17T05:56:01.633Z"
"68f1da5690ad734984f7ecc7","optional","68f1da5290ad734984f7cff6","2025-10-17T05:56:01.633Z","2025-10-17T05:56:01.633Z"
"68f1da5690ad734984f7e70f","optional","68f1da5290ad734984f7cff6","2025-10-17T05:56:01.633Z","2025-10-17T05:56:01.633Z"
"68f1da5690ad734984f7ead8","optional","68f1da5290ad734984f7cff6","2025-10-17T05:56:01.633Z","2025-10-17T05:56:01.633Z"
"68f1da5690ad734984f7eacd","optional","68f1da5290ad734984f7cffe","2025-10-17T05:56:01.633Z","2025-10-17T05:56:01.633Z"
"68f1da5690ad734984f7ed7d","optional","68f1da5290ad734984f7d000","2025-10-17T05:56:01.633Z","2025-10-17T05:56:01.633Z"
"68f1da5690ad734984f7e974","optional","68f1da5290ad734984f7d000","2025-10-17T05:56:01.633Z","2025-10-17T05:56:01.633Z"
"68f1da5290ad734984f7d9ed","optional","68f1da5290ad734984f7d011","2025-10-17T05:56:01.633Z","2025-10-17T05:56:01.633Z"
"68f1da5690ad734984f7e7ff","optional","68f1da5290ad734984f7d011","2025-10-17T05:56:01.634Z","2025-10-17T05:56:01.634Z"
"68f1da5290ad734984f7d037","optional","68f1da5290ad734984f7d011","2025-10-17T05:56:01.633Z","2025-10-17T05:56:01.633Z"
"68f1da5690ad734984f7dfce","optional","68f1da5290ad734984f7d011","2025-10-17T05:56:01.633Z","2025-10-17T05:56:01.633Z"
"68f1da5a90ad734984f7f3ad","optional","68f1da5290ad734984f7d01d","2025-10-17T05:56:01.634Z","2025-10-17T05:56:01.634Z"
"68f1da5690ad734984f7e3e2","optional","68f1da5290ad734984f7d01d","2025-10-17T05:56:01.634Z","2025-10-17T05:56:01.634Z"
"68f1da5a90ad734984f7f29a","optional","68f1da5290ad734984f7d01d","2025-10-17T05:56:01.634Z","2025-10-17T05:56:01.634Z"
"68f1da5a90ad734984f7fdc3","optional","68f1da5290ad734984f7d01d","2025-10-17T05:56:01.634Z","2025-10-17T05:56:01.634Z"
"68f1da5690ad734984f7eddf","optional","68f1da5290ad734984f7d02f","2025-10-17T05:56:01.633Z","2025-10-17T05:56:01.633Z"
"68f1da5290ad734984f7d598","optional","68f1da5290ad734984f7d02f","2025-10-17T05:56:01.633Z","2025-10-17T05:56:01.633Z"
"68f1da5a90ad734984f7faba","optional","68f1da5290ad734984f7d031","2025-10-17T05:56:01.633Z","2025-10-17T05:56:01.633Z"
"68f1da5290ad734984f7d6a1","optional","68f1da5290ad734984f7d042","2025-10-17T05:56:01.633Z","2025-10-17T05:56:01.633Z"
"68f1da5690ad734984f7e3fa","optional","68f1da5290ad734984f7d042","2025-10-17T05:56:01.633Z","2025-10-17T05:56:01.633Z"
"68f1da5690ad734984f7eaf4","optional","68f1da5290ad734984f7d048","2025-10-17T05:56:01.633Z","2025-10-17T05:56:01.633Z"
"68f1da5290ad734984f7ce44","optional","68f1da5290ad734984f7d048","2025-10-17T05:56:01.633Z","2025-10-17T05:56:01.633Z"
"68f1da5a90ad734984f7f701","optional","68f1da5290ad734984f7d057","2025-10-17T05:56:01.634Z","2025-10-17T05:56:01.634Z"
"68f1da5290ad734984f7d0bd","optional","68f1da5290ad734984f7d057","2025-10-17T05:56:01.634Z","2025-10-17T05:56:01.634Z"
"68f1da5290ad734984f7deb8","essential","68f1da5290ad734984f7d05a","2025-10-17T05:56:01.634Z","2025-10-17T05:56:01.634Z"
"68f1da5290ad734984f7d110","optional","68f1da5290ad734984f7d077","2025-10-17T05:56:01.634Z","2025-10-17T05:56:01.634Z"
"68f1da5690ad734984f7ed8d","optional","68f1da5290ad734984f7d077","2025-10-17T05:56:01.634Z","2025-10-17T05:56:01.634Z"
"68f1da5a90ad734984f7f4ba","optional","68f1da5290ad734984f7d077","2025-10-17T05:56:01.634Z","2025-10-17T05:56:01.634Z"
"68f1da5690ad734984f7ee11","optional","68f1da5290ad734984f7d07a","2025-10-17T05:56:01.634Z","2025-10-17T05:56:01.634Z"
"68f1da5690ad734984f7ecf6","optional","68f1da5290ad734984f7d07c","2025-10-17T05:56:01.634Z","2025-10-17T05:56:01.634Z"
"68f1da5690ad734984f7e475","optional","68f1da5290ad734984f7d07c","2025-10-17T05:56:01.634Z","2025-10-17T05:56:01.634Z"
"68f1da5a90ad734984f7f4e8","optional","68f1da5290ad734984f7d07c","2025-10-17T05:56:01.634Z","2025-10-17T05:56:01.634Z"
"68f1da5a90ad734984f800ea","optional","68f1da5290ad734984f7d07c","2025-10-17T05:56:01.634Z","2025-10-17T05:56:01.634Z"
"68f1da5290ad734984f7cf2c","optional","68f1da5290ad734984f7d07c","2025-10-17T05:56:01.634Z","2025-10-17T05:56:01.634Z"
"68f1da5290ad734984f7cff1","optional","68f1da5290ad734984f7d07c","2025-10-17T05:56:01.634Z","2025-10-17T05:56:01.634Z"
"68f1da5290ad734984f7d643","optional","68f1da5290ad734984f7d07d","2025-10-17T05:56:01.634Z","2025-10-17T05:56:01.634Z"
"68f1da5690ad734984f7ec38","optional","68f1da5290ad734984f7d07d","2025-10-17T05:56:01.634Z","2025-10-17T05:56:01.634Z"
"68f1da5290ad734984f7d7c2","optional","68f1da5290ad734984f7d07e","2025-10-17T05:56:01.634Z","2025-10-17T05:56:01.634Z"
"68f1da5290ad734984f7dd98","optional","68f1da5290ad734984f7d07e","2025-10-17T05:56:01.634Z","2025-10-17T05:56:01.634Z"
"68f1da5a90ad734984f7f582","optional","68f1da5290ad734984f7d07e","2025-10-17T05:56:01.634Z","2025-10-17T05:56:01.634Z"
"68f1da5290ad734984f7d3ab","optional","68f1da5290ad734984f7d080","2025-10-17T05:56:01.634Z","2025-10-17T05:56:01.634Z"
"68f1da5690ad734984f7eddf","optional","68f1da5290ad734984f7d086","2025-10-17T05:56:01.634Z","2025-10-17T05:56:01.634Z"
"68f1da5a90ad734984f7fb73","optional","68f1da5290ad734984f7d086","2025-10-17T05:56:01.634Z","2025-10-17T05:56:01.634Z"
"68f1da5a90ad734984f7f706","optional","68f1da5290ad734984f7d086","2025-10-17T05:56:01.634Z","2025-10-17T05:56:01.634Z"
"68f1da5290ad734984f7d9d5","optional","68f1da5290ad734984f7d08e","2025-10-17T05:56:01.634Z","2025-10-17T05:56:01.634Z"
"68f1da5290ad734984f7d58f","optional","68f1da5290ad734984f7d08e","2025-10-17T05:56:01.634Z","2025-10-17T05:56:01.634Z"
"68f1da5290ad734984f7d887","optional","68f1da5290ad734984f7d08e","2025-10-17T05:56:01.634Z","2025-10-17T05:56:01.634Z"
"68f1da5690ad734984f7ed31","optional","68f1da5290ad734984f7d08e","2025-10-17T05:56:01.634Z","2025-10-17T05:56:01.634Z"
"68f1da5a90ad734984f7fca5","optional","68f1da5290ad734984f7d08e","2025-10-17T05:56:01.634Z","2025-10-17T05:56:01.634Z"
"68f1da5290ad734984f7d4e4","optional","68f1da5290ad734984f7d08e","2025-10-17T05:56:01.634Z","2025-10-17T05:56:01.634Z"
"68f1da5a90ad734984f7f2c9","optional","68f1da5290ad734984f7d092","2025-10-17T05:56:01.635Z","2025-10-17T05:56:01.635Z"
"68f1da5690ad734984f7dfba","optional","68f1da5290ad734984f7d092","2025-10-17T05:56:01.634Z","2025-10-17T05:56:01.634Z"
"68f1da5690ad734984f7def4","optional","68f1da5290ad734984f7d098","2025-10-17T05:56:01.635Z","2025-10-17T05:56:01.635Z"
"68f1da5a90ad734984f7fbc4","essential","68f1da5290ad734984f7d09c","2025-10-17T05:56:01.635Z","2025-10-17T05:56:01.635Z"
"68f1da5290ad734984f7d136","optional","68f1da5290ad734984f7d09c","2025-10-17T05:56:01.635Z","2025-10-17T05:56:01.635Z"
"68f1da5a90ad734984f7fad0","optional","68f1da5290ad734984f7d09c","2025-10-17T05:56:01.635Z","2025-10-17T05:56:01.635Z"
"68f1da5290ad734984f7cd3e","optional","68f1da5290ad734984f7d09e","2025-10-17T05:56:01.636Z","2025-10-17T05:56:01.636Z"
"68f1da5290ad734984f7d8f3","optional","68f1da5290ad734984f7d0a7","2025-10-17T05:56:01.636Z","2025-10-17T05:56:01.636Z"
"68f1da5290ad734984f7d94e","optional","68f1da5290ad734984f7d0a7","2025-10-17T05:56:01.636Z","2025-10-17T05:56:01.636Z"
"68f1da5a90ad734984f7f3b2","optional","68f1da5290ad734984f7d0a7","2025-10-17T05:56:01.636Z","2025-10-17T05:56:01.636Z"
"68f1da5690ad734984f7e697","optional","68f1da5290ad734984f7d0ab","2025-10-17T05:56:01.636Z","2025-10-17T05:56:01.636Z"
"68f1da5a90ad734984f7f82a","optional","68f1da5290ad734984f7d0b7","2025-10-17T05:56:01.635Z","2025-10-17T05:56:01.635Z"
"68f1da5290ad734984f7dc1b","optional","68f1da5290ad734984f7d0bf","2025-10-17T05:56:01.635Z","2025-10-17T05:56:01.635Z"
"68f1da5690ad734984f7dff1","optional","68f1da5290ad734984f7d0bf","2025-10-17T05:56:01.635Z","2025-10-17T05:56:01.635Z"
"68f1da5a90ad734984f7f3d6","optional","68f1da5290ad734984f7d0bf","2025-10-17T05:56:01.635Z","2025-10-17T05:56:01.635Z"
"68f1da5a90ad734984f7f8c2","optional","68f1da5290ad734984f7d0bf","2025-10-17T05:56:01.635Z","2025-10-17T05:56:01.635Z"
"68f1da5290ad734984f7dace","optional","68f1da5290ad734984f7d0bf","2025-10-17T05:56:01.635Z","2025-10-17T05:56:01.635Z"
"68f1da5290ad734984f7dab2","optional","68f1da5290ad734984f7d0bf","2025-10-17T05:56:01.635Z","2025-10-17T05:56:01.635Z"
"68f1da5690ad734984f7e5a2","optional","68f1da5290ad734984f7d0c3","2025-10-17T05:56:01.635Z","2025-10-17T05:56:01.635Z"
"68f1da5290ad734984f7d477","essential","68f1da5290ad734984f7d0c4","2025-10-17T05:56:01.635Z","2025-10-17T05:56:01.635Z"
"68f1da5690ad734984f7e84b","optional","68f1da5290ad734984f7d0c4","2025-10-17T05:56:01.636Z","2025-10-17T05:56:01.636Z"
"68f1da5290ad734984f7d41e","optional","68f1da5290ad734984f7d0c8","2025-10-17T05:56:01.636Z","2025-10-17T05:56:01.636Z"
"68f1da5a90ad734984f7fe53","optional","68f1da5290ad734984f7d0d3","2025-10-17T05:56:01.635Z","2025-10-17T05:56:01.635Z"
"68f1da5a90ad734984f7fcf8","optional","68f1da5290ad734984f7d0d3","2025-10-17T05:56:01.635Z","2025-10-17T05:56:01.635Z"
"68f1da5290ad734984f7cf85","optional","68f1da5290ad734984f7d0d3","2025-10-17T05:56:01.635Z","2025-10-17T05:56:01.635Z"
"68f1da5690ad734984f7ebda","optional","68f1da5290ad734984f7d0d5","2025-10-17T05:56:01.635Z","2025-10-17T05:56:01.635Z"
"68f1da5290ad734984f7dc9c","optional","68f1da5290ad734984f7d0d5","2025-10-17T05:56:01.635Z","2025-10-17T05:56:01.635Z"
"68f1da5690ad734984f7df5f","optional","68f1da5290ad734984f7d0d5","2025-10-17T05:56:01.635Z","2025-10-17T05:56:01.635Z"
"68f1da5a90ad734984f7f2fa","optional","68f1da5290ad734984f7d0d5","2025-10-17T05:56:01.635Z","2025-10-17T05:56:01.635Z"
"68f1da5a90ad734984f7fcb2","optional","68f1da5290ad734984f7d0d5","2025-10-17T05:56:01.635Z","2025-10-17T05:56:01.635Z"
"68f1da5290ad734984f7d28f","optional","68f1da5290ad734984f7d0d9","2025-10-17T05:56:01.635Z","2025-10-17T05:56:01.635Z"
"68f1da5290ad734984f7de0e","optional","68f1da5290ad734984f7d0dc","2025-10-17T05:56:01.635Z","2025-10-17T05:56:01.635Z"
"68f1da5290ad734984f7dd03","optional","68f1da5290ad734984f7d0dc","2025-10-17T05:56:01.635Z","2025-10-17T05:56:01.635Z"
"68f1da5a90ad734984f7f294","optional","68f1da5290ad734984f7d0dc","2025-10-17T05:56:01.635Z","2025-10-17T05:56:01.635Z"
"68f1da5690ad734984f7e4c8","optional","68f1da5290ad734984f7d0e0","2025-10-17T05:56:01.635Z","2025-10-17T05:56:01.635Z"
"68f1da5690ad734984f7e683","optional","68f1da5290ad734984f7d0e0","2025-10-17T05:56:01.635Z","2025-10-17T05:56:01.635Z"
"68f1da5790ad734984f7ef87","optional","68f1da5290ad734984f7d0e0","2025-10-17T05:56:01.635Z","2025-10-17T05:56:01.635Z"
"68f1da5290ad734984f7cd17","optional","68f1da5290ad734984f7d0e3","2025-10-17T05:56:01.635Z","2025-10-17T05:56:01.635Z"
"68f1da5290ad734984f7cb7d","optional","68f1da5290ad734984f7d0e3","2025-10-17T05:56:01.635Z","2025-10-17T05:56:01.635Z"
"68f1da5a90ad734984f7f623","optional","68f1da5290ad734984f7d0e3","2025-10-17T05:56:01.635Z","2025-10-17T05:56:01.635Z"
"68f1da5a90ad734984f7f652","optional","68f1da5290ad734984f7d0e7","2025-10-17T05:56:01.635Z","2025-10-17T05:56:01.635Z"
"68f1da5290ad734984f7dbef","optional","68f1da5290ad734984f7d0f7","2025-10-17T05:56:01.636Z","2025-10-17T05:56:01.636Z"
"68f1da5a90ad734984f7f6a8","optional","68f1da5290ad734984f7d0f7","2025-10-17T05:56:01.636Z","2025-10-17T05:56:01.636Z"
"68f1da5290ad734984f7d0d2","optional","68f1da5290ad734984f7d0f7","2025-10-17T05:56:01.636Z","2025-10-17T05:56:01.636Z"
"68f1da5690ad734984f7ebf4","optional","68f1da5290ad734984f7d0f9","2025-10-17T05:56:01.636Z","2025-10-17T05:56:01.636Z"
"68f1da5290ad734984f7d4e9","optional","68f1da5290ad734984f7d102","2025-10-17T05:56:01.636Z","2025-10-17T05:56:01.636Z"
"68f1da5a90ad734984f7fba4","optional","68f1da5290ad734984f7d102","2025-10-17T05:56:01.636Z","2025-10-17T05:56:01.636Z"
"68f1da5a90ad734984f7fd38","optional","68f1da5290ad734984f7d102","2025-10-17T05:56:01.636Z","2025-10-17T05:56:01.636Z"
"68f1da5290ad734984f7cf4f","optional","68f1da5290ad734984f7d102","2025-10-17T05:56:01.636Z","2025-10-17T05:56:01.636Z"
"68f1da5290ad734984f7cbb7","optional","68f1da5290ad734984f7d103","2025-10-17T05:56:01.636Z","2025-10-17T05:56:01.636Z"
"68f1da5290ad734984f7dd01","optional","68f1da5290ad734984f7d103","2025-10-17T05:56:01.636Z","2025-10-17T05:56:01.636Z"
"68f1da5690ad734984f7df17","optional","68f1da5290ad734984f7d103","2025-10-17T05:56:01.636Z","2025-10-17T05:56:01.636Z"
"68f1da5690ad734984f7e814","optional","68f1da5290ad734984f7d104","2025-10-17T05:56:01.636Z","2025-10-17T05:56:01.636Z"
"68f1da5290ad734984f7d41e","optional","68f1da5290ad734984f7d113","2025-10-17T05:56:01.636Z","2025-10-17T05:56:01.636Z"
"68f1da5290ad734984f7dde6","essential","68f1da5290ad734984f7d117","2025-10-17T05:56:01.636Z","2025-10-17T05:56:01.636Z"
"68f1da5a90ad734984f7fcba","optional","68f1da5290ad734984f7d121","2025-10-17T05:56:01.636Z","2025-10-17T05:56:01.636Z"
"68f1da5290ad734984f7d4a5","optional","68f1da5290ad734984f7d121","2025-10-17T05:56:01.636Z","2025-10-17T05:56:01.636Z"
"68f1da5690ad734984f7e938","optional","68f1da5290ad734984f7d121","2025-10-17T05:56:01.636Z","2025-10-17T05:56:01.636Z"
"68f1da5790ad734984f7f124","essential","68f1da5290ad734984f7d123","2025-10-17T05:56:01.636Z","2025-10-17T05:56:01.636Z"
"68f1da5290ad734984f7d107","essential","68f1da5290ad734984f7d123","2025-10-17T05:56:01.636Z","2025-10-17T05:56:01.636Z"
"68f1da5290ad734984f7d3b9","optional","68f1da5290ad734984f7d12c","2025-10-17T05:56:01.636Z","2025-10-17T05:56:01.636Z"
"68f1da5290ad734984f7d8ba","optional","68f1da5290ad734984f7d12c","2025-10-17T05:56:01.636Z","2025-10-17T05:56:01.636Z"
"68f1da5290ad734984f7cd0d","optional","68f1da5290ad734984f7d130","2025-10-17T05:56:01.636Z","2025-10-17T05:56:01.636Z"
"68f1da5690ad734984f7e643","optional","68f1da5290ad734984f7d130","2025-10-17T05:56:01.636Z","2025-10-17T05:56:01.636Z"
"68f1da5290ad734984f7d7eb","optional","68f1da5290ad734984f7d130","2025-10-17T05:56:01.636Z","2025-10-17T05:56:01.636Z"
"68f1da5a90ad734984f7f291","optional","68f1da5290ad734984f7d130","2025-10-17T05:56:01.636Z","2025-10-17T05:56:01.636Z"
"68f1da5290ad734984f7d018","optional","68f1da5290ad734984f7d130","2025-10-17T05:56:01.636Z","2025-10-17T05:56:01.636Z"
"68f1da5790ad734984f7ef85","optional","68f1da5290ad734984f7d130","2025-10-17T05:56:01.636Z","2025-10-17T05:56:01.636Z"
"68f1da5290ad734984f7de9a","optional","68f1da5290ad734984f7d134","2025-10-17T05:56:01.636Z","2025-10-17T05:56:01.636Z"
"68f1da5690ad734984f7e38e","optional","68f1da5290ad734984f7d134","2025-10-17T05:56:01.637Z","2025-10-17T05:56:01.637Z"
"68f1da5790ad734984f7f09d","optional","68f1da5290ad734984f7d135","2025-10-17T05:56:01.637Z","2025-10-17T05:56:01.637Z"
"68f1da5290ad734984f7cd21","optional","68f1da5290ad734984f7d14a","2025-10-17T05:56:01.637Z","2025-10-17T05:56:01.637Z"
"68f1da5290ad734984f7cf1d","optional","68f1da5290ad734984f7d14a","2025-10-17T05:56:01.637Z","2025-10-17T05:56:01.637Z"
"68f1da5290ad734984f7d7d2","optional","68f1da5290ad734984f7d14a","2025-10-17T05:56:01.637Z","2025-10-17T05:56:01.637Z"
"68f1da5690ad734984f7ebd7","optional","68f1da5290ad734984f7d14a","2025-10-17T05:56:01.637Z","2025-10-17T05:56:01.637Z"
"68f1da5690ad734984f7ed26","optional","68f1da5290ad734984f7d14a","2025-10-17T05:56:01.637Z","2025-10-17T05:56:01.637Z"
"68f1da5790ad734984f7f068","optional","68f1da5290ad734984f7d14a","2025-10-17T05:56:01.637Z","2025-10-17T05:56:01.637Z"
"68f1da5a90ad734984f7fb26","optional","68f1da5290ad734984f7d14a","2025-10-17T05:56:01.637Z","2025-10-17T05:56:01.637Z"
"68f1da5690ad734984f7e129","optional","68f1da5290ad734984f7d14a","2025-10-17T05:56:01.637Z","2025-10-17T05:56:01.637Z"
"68f1da5a90ad734984f7f545","optional","68f1da5290ad734984f7d14a","2025-10-17T05:56:01.637Z","2025-10-17T05:56:01.637Z"
"68f1da5a90ad734984f7fd90","optional","68f1da5290ad734984f7d14a","2025-10-17T05:56:01.637Z","2025-10-17T05:56:01.637Z"
"68f1da5290ad734984f7d25b","optional","68f1da5290ad734984f7d14a","2025-10-17T05:56:01.637Z","2025-10-17T05:56:01.637Z"
"68f1da5690ad734984f7e35f","optional","68f1da5290ad734984f7d14a","2025-10-17T05:56:01.637Z","2025-10-17T05:56:01.637Z"
"68f1da5690ad734984f7e806","optional","68f1da5290ad734984f7d14a","2025-10-17T05:56:01.637Z","2025-10-17T05:56:01.637Z"
"68f1da5a90ad734984f7f2b9","optional","68f1da5290ad734984f7d14a","2025-10-17T05:56:01.637Z","2025-10-17T05:56:01.637Z"
"68f1da5690ad734984f7eb7b","optional","68f1da5290ad734984f7d14a","2025-10-17T05:56:01.637Z","2025-10-17T05:56:01.637Z"
"68f1da5790ad734984f7f0a8","optional","68f1da5290ad734984f7d14e","2025-10-17T05:56:01.650Z","2025-10-17T05:56:01.650Z"
"68f1da5690ad734984f7e2a2","optional","68f1da5290ad734984f7d154","2025-10-17T05:56:01.650Z","2025-10-17T05:56:01.650Z"
"68f1da5690ad734984f7e4c5","optional","68f1da5290ad734984f7d154","2025-10-17T05:56:01.650Z","2025-10-17T05:56:01.650Z"
"68f1da5690ad734984f7e3ae","optional","68f1da5290ad734984f7d160","2025-10-17T05:56:01.650Z","2025-10-17T05:56:01.650Z"
"68f1da5290ad734984f7d837","optional","68f1da5290ad734984f7d160","2025-10-17T05:56:01.650Z","2025-10-17T05:56:01.650Z"
"68f1da5690ad734984f7e3cb","optional","68f1da5290ad734984f7d165","2025-10-17T05:56:01.637Z","2025-10-17T05:56:01.637Z"
"68f1da5290ad734984f7d671","optional","68f1da5290ad734984f7d165","2025-10-17T05:56:01.637Z","2025-10-17T05:56:01.637Z"
"68f1da5790ad734984f7f0d6","optional","68f1da5290ad734984f7d165","2025-10-17T05:56:01.637Z","2025-10-17T05:56:01.637Z"
"68f1da5790ad734984f7ef71","optional","68f1da5290ad734984f7d174","2025-10-17T05:56:01.649Z","2025-10-17T05:56:01.649Z"
"68f1da5290ad734984f7d511","optional","68f1da5290ad734984f7d174","2025-10-17T05:56:01.649Z","2025-10-17T05:56:01.649Z"
"68f1da5290ad734984f7cd80","optional","68f1da5290ad734984f7d176","2025-10-17T05:56:01.649Z","2025-10-17T05:56:01.649Z"
"68f1da5790ad734984f7f1ac","optional","68f1da5290ad734984f7d184","2025-10-17T05:56:01.650Z","2025-10-17T05:56:01.650Z"
"68f1da5a90ad734984f7fcea","optional","68f1da5290ad734984f7d184","2025-10-17T05:56:01.650Z","2025-10-17T05:56:01.650Z"
"68f1da5a90ad734984f7fc3e","optional","68f1da5290ad734984f7d194","2025-10-17T05:56:01.650Z","2025-10-17T05:56:01.650Z"
"68f1da5a90ad734984f7fc8a","optional","68f1da5290ad734984f7d194","2025-10-17T05:56:01.650Z","2025-10-17T05:56:01.650Z"
"68f1da5690ad734984f7e7ee","optional","68f1da5290ad734984f7d19c","2025-10-17T05:56:01.650Z","2025-10-17T05:56:01.650Z"
"68f1da5a90ad734984f7fbe8","optional","68f1da5290ad734984f7d19c","2025-10-17T05:56:01.650Z","2025-10-17T05:56:01.650Z"
"68f1da5a90ad734984f7fe70","optional","68f1da5290ad734984f7d19c","2025-10-17T05:56:01.650Z","2025-10-17T05:56:01.650Z"
"68f1da5290ad734984f7cd71","optional","68f1da5290ad734984f7d19c","2025-10-17T05:56:01.650Z","2025-10-17T05:56:01.650Z"
"68f1da5290ad734984f7d0c7","optional","68f1da5290ad734984f7d19c","2025-10-17T05:56:01.650Z","2025-10-17T05:56:01.650Z"
"68f1da5a90ad734984f7f42a","optional","68f1da5290ad734984f7d19c","2025-10-17T05:56:01.650Z","2025-10-17T05:56:01.650Z"
"68f1da5a90ad734984f7f512","optional","68f1da5290ad734984f7d19c","2025-10-17T05:56:01.650Z","2025-10-17T05:56:01.650Z"
"68f1da5a90ad734984f7f535","optional","68f1da5290ad734984f7d19c","2025-10-17T05:56:01.650Z","2025-10-17T05:56:01.650Z"
"68f1da5690ad734984f7ece0","optional","68f1da5290ad734984f7d19c","2025-10-17T05:56:01.650Z","2025-10-17T05:56:01.650Z"
"68f1da5290ad734984f7d44e","optional","68f1da5290ad734984f7d19c","2025-10-17T05:56:01.650Z","2025-10-17T05:56:01.650Z"
"68f1da5790ad734984f7ef9d","optional","68f1da5290ad734984f7d19f","2025-10-17T05:56:01.650Z","2025-10-17T05:56:01.650Z"
"68f1da5790ad734984f7f0f5","optional","68f1da5290ad734984f7d19f","2025-10-17T05:56:01.650Z","2025-10-17T05:56:01.650Z"
"68f1da5a90ad734984f7f576","optional","68f1da5290ad734984f7d19f","2025-10-17T05:56:01.650Z","2025-10-17T05:56:01.650Z"
"68f1da5a90ad734984f7f7d6","optional","68f1da5290ad734984f7d19f","2025-10-17T05:56:01.650Z","2025-10-17T05:56:01.650Z"
"68f1da5290ad734984f7d11c","optional","68f1da5290ad734984f7d19f","2025-10-17T05:56:01.650Z","2025-10-17T05:56:01.650Z"
"68f1da5690ad734984f7def2","optional","68f1da5290ad734984f7d19f","2025-10-17T05:56:01.650Z","2025-10-17T05:56:01.650Z"
"68f1da5690ad734984f7ec33","optional","68f1da5290ad734984f7d19f","2025-10-17T05:56:01.650Z","2025-10-17T05:56:01.650Z"
"68f1da5a90ad734984f7f4cd","optional","68f1da5290ad734984f7d19f","2025-10-17T05:56:01.650Z","2025-10-17T05:56:01.650Z"
"68f1da5a90ad734984f7fc8e","optional","68f1da5290ad734984f7d19f","2025-10-17T05:56:01.650Z","2025-10-17T05:56:01.650Z"
"68f1da5a90ad734984f7fdc3","optional","68f1da5290ad734984f7d1ae","2025-10-17T05:56:01.651Z","2025-10-17T05:56:01.651Z"
"68f1da5a90ad734984f7f39b","optional","68f1da5290ad734984f7d1ae","2025-10-17T05:56:01.651Z","2025-10-17T05:56:01.651Z"
"68f1da5a90ad734984f7f45c","optional","68f1da5290ad734984f7d1ae","2025-10-17T05:56:01.651Z","2025-10-17T05:56:01.651Z"
"68f1da5a90ad734984f7f958","optional","68f1da5290ad734984f7d1ae","2025-10-17T05:56:01.651Z","2025-10-17T05:56:01.651Z"
"68f1da5690ad734984f7e5ce","optional","68f1da5290ad734984f7d1ae","2025-10-17T05:56:01.650Z","2025-10-17T05:56:01.650Z"
"68f1da5a90ad734984f7f50f","optional","68f1da5290ad734984f7d1c0","2025-10-17T05:56:01.651Z","2025-10-17T05:56:01.651Z"
"68f1da5690ad734984f7e628","optional","68f1da5290ad734984f7d1c0","2025-10-17T05:56:01.651Z","2025-10-17T05:56:01.651Z"
"68f1da5690ad734984f7e574","optional","68f1da5290ad734984f7d1c2","2025-10-17T05:56:01.651Z","2025-10-17T05:56:01.651Z"
"68f1da5290ad734984f7d387","optional","68f1da5290ad734984f7d1c2","2025-10-17T05:56:01.651Z","2025-10-17T05:56:01.651Z"
"68f1da5290ad734984f7cb62","optional","68f1da5290ad734984f7d1c2","2025-10-17T05:56:01.651Z","2025-10-17T05:56:01.651Z"
"68f1da5690ad734984f7e42e","optional","68f1da5290ad734984f7d1c2","2025-10-17T05:56:01.651Z","2025-10-17T05:56:01.651Z"
"68f1da5690ad734984f7e41f","optional","68f1da5290ad734984f7d1c7","2025-10-17T05:56:01.651Z","2025-10-17T05:56:01.651Z"
"68f1da5290ad734984f7d607","optional","68f1da5290ad734984f7d1c7","2025-10-17T05:56:01.651Z","2025-10-17T05:56:01.651Z"
"68f1da5a90ad734984f7f5bd","optional","68f1da5290ad734984f7d1c7","2025-10-17T05:56:01.651Z","2025-10-17T05:56:01.651Z"
"68f1da5a90ad734984f7fe0c","optional","68f1da5290ad734984f7d1c7","2025-10-17T05:56:01.651Z","2025-10-17T05:56:01.651Z"
"68f1da5690ad734984f7e486","optional","68f1da5290ad734984f7d1cd","2025-10-17T05:56:01.651Z","2025-10-17T05:56:01.651Z"
"68f1da5a90ad734984f7f927","optional","68f1da5290ad734984f7d1d1","2025-10-17T05:56:01.651Z","2025-10-17T05:56:01.651Z"
"68f1da5290ad734984f7cd5c","optional","68f1da5290ad734984f7d1d2","2025-10-17T05:56:01.651Z","2025-10-17T05:56:01.651Z"
"68f1da5a90ad734984f7fd07","optional","68f1da5290ad734984f7d1d2","2025-10-17T05:56:01.651Z","2025-10-17T05:56:01.651Z"
"68f1da5290ad734984f7cc53","optional","68f1da5290ad734984f7d1d5","2025-10-17T05:56:01.651Z","2025-10-17T05:56:01.651Z"
"68f1da5290ad734984f7d163","optional","68f1da5290ad734984f7d1d5","2025-10-17T05:56:01.651Z","2025-10-17T05:56:01.651Z"
"68f1da5a90ad734984f7f616","optional","68f1da5290ad734984f7d1d5","2025-10-17T05:56:01.651Z","2025-10-17T05:56:01.651Z"
"68f1da5690ad734984f7e609","optional","68f1da5290ad734984f7d1d9","2025-10-17T05:56:01.651Z","2025-10-17T05:56:01.651Z"
"68f1da5690ad734984f7e9eb","optional","68f1da5290ad734984f7d1d9","2025-10-17T05:56:01.651Z","2025-10-17T05:56:01.651Z"
"68f1da5a90ad734984f7f7ba","optional","68f1da5290ad734984f7d1db","2025-10-17T05:56:01.651Z","2025-10-17T05:56:01.651Z"
"68f1da5290ad734984f7d0d4","optional","68f1da5290ad734984f7d1ec","2025-10-17T05:56:01.651Z","2025-10-17T05:56:01.651Z"
"68f1da5290ad734984f7d4a5","optional","68f1da5290ad734984f7d1ec","2025-10-17T05:56:01.651Z","2025-10-17T05:56:01.651Z"
"68f1da5690ad734984f7e938","optional","68f1da5290ad734984f7d1ec","2025-10-17T05:56:01.651Z","2025-10-17T05:56:01.651Z"
"68f1da5a90ad734984f7fcba","optional","68f1da5290ad734984f7d1ec","2025-10-17T05:56:01.651Z","2025-10-17T05:56:01.651Z"
"68f1da5790ad734984f7f22d","optional","68f1da5290ad734984f7d201","2025-10-17T05:56:01.651Z","2025-10-17T05:56:01.651Z"
"68f1da5690ad734984f7eaef","optional","68f1da5290ad734984f7d204","2025-10-17T05:56:01.651Z","2025-10-17T05:56:01.651Z"
"68f1da5290ad734984f7cd3f","optional","68f1da5290ad734984f7d206","2025-10-17T05:56:01.651Z","2025-10-17T05:56:01.651Z"
"68f1da5a90ad734984f7f930","optional","68f1da5290ad734984f7d206","2025-10-17T05:56:01.652Z","2025-10-17T05:56:01.652Z"
"68f1da5290ad734984f7cf62","optional","68f1da5290ad734984f7d206","2025-10-17T05:56:01.651Z","2025-10-17T05:56:01.651Z"
"68f1da5290ad734984f7dd0f","optional","68f1da5290ad734984f7d206","2025-10-17T05:56:01.651Z","2025-10-17T05:56:01.651Z"
"68f1da5a90ad734984f7f94c","optional","68f1da5290ad734984f7d206","2025-10-17T05:56:01.652Z","2025-10-17T05:56:01.652Z"
"68f1da5690ad734984f7e4d2","optional","68f1da5290ad734984f7d206","2025-10-17T05:56:01.651Z","2025-10-17T05:56:01.651Z"
"68f1da5a90ad734984f800cc","optional","68f1da5290ad734984f7d207","2025-10-17T05:56:01.652Z","2025-10-17T05:56:01.652Z"
"68f1da5790ad734984f7eee0","optional","68f1da5290ad734984f7d20b","2025-10-17T05:56:01.652Z","2025-10-17T05:56:01.652Z"
"68f1da5690ad734984f7def3","optional","68f1da5290ad734984f7d20e","2025-10-17T05:56:01.652Z","2025-10-17T05:56:01.652Z"
"68f1da5290ad734984f7d626","optional","68f1da5290ad734984f7d20e","2025-10-17T05:56:01.652Z","2025-10-17T05:56:01.652Z"
"68f1da5a90ad734984f7fd8f","optional","68f1da5290ad734984f7d213","2025-10-17T05:56:01.652Z","2025-10-17T05:56:01.652Z"
"68f1da5a90ad734984f7fe15","optional","68f1da5290ad734984f7d213","2025-10-17T05:56:01.652Z","2025-10-17T05:56:01.652Z"
"68f1da5690ad734984f7e96d","optional","68f1da5290ad734984f7d213","2025-10-17T05:56:01.652Z","2025-10-17T05:56:01.652Z"
"68f1da5a90ad734984f7f32d","optional","68f1da5290ad734984f7d21d","2025-10-17T05:56:01.652Z","2025-10-17T05:56:01.652Z"
"68f1da5690ad734984f7e5e4","optional","68f1da5290ad734984f7d21d","2025-10-17T05:56:01.652Z","2025-10-17T05:56:01.652Z"
"68f1da5a90ad734984f7f965","optional","68f1da5290ad734984f7d21d","2025-10-17T05:56:01.652Z","2025-10-17T05:56:01.652Z"
"68f1da5690ad734984f7eb31","optional","68f1da5290ad734984f7d224","2025-10-17T05:56:01.652Z","2025-10-17T05:56:01.652Z"
"68f1da5690ad734984f7ec16","optional","68f1da5290ad734984f7d224","2025-10-17T05:56:01.652Z","2025-10-17T05:56:01.652Z"
"68f1da5a90ad734984f7f57c","optional","68f1da5290ad734984f7d224","2025-10-17T05:56:01.652Z","2025-10-17T05:56:01.652Z"
"68f1da5a90ad734984f7fb27","optional","68f1da5290ad734984f7d224","2025-10-17T05:56:01.652Z","2025-10-17T05:56:01.652Z"
"68f1da5290ad734984f7dd7c","optional","68f1da5290ad734984f7d229","2025-10-17T05:56:01.652Z","2025-10-17T05:56:01.652Z"
"68f1da5690ad734984f7e328","optional","68f1da5290ad734984f7d229","2025-10-17T05:56:01.652Z","2025-10-17T05:56:01.652Z"
"68f1da5a90ad734984f7f31a","optional","68f1da5290ad734984f7d229","2025-10-17T05:56:01.652Z","2025-10-17T05:56:01.652Z"
"68f1da5a90ad734984f7fd04","optional","68f1da5290ad734984f7d229","2025-10-17T05:56:01.652Z","2025-10-17T05:56:01.652Z"
"68f1da5690ad734984f7edce","optional","68f1da5290ad734984f7d229","2025-10-17T05:56:01.652Z","2025-10-17T05:56:01.652Z"
"68f1da5a90ad734984f7f49a","optional","68f1da5290ad734984f7d22f","2025-10-17T05:56:01.652Z","2025-10-17T05:56:01.652Z"
"68f1da5290ad734984f7dae3","optional","68f1da5290ad734984f7d22f","2025-10-17T05:56:01.652Z","2025-10-17T05:56:01.652Z"
"68f1da5690ad734984f7eb59","optional","68f1da5290ad734984f7d22f","2025-10-17T05:56:01.652Z","2025-10-17T05:56:01.652Z"
"68f1da5a90ad734984f7f5d3","optional","68f1da5290ad734984f7d232","2025-10-17T05:56:01.652Z","2025-10-17T05:56:01.652Z"
"68f1da5a90ad734984f80150","optional","68f1da5290ad734984f7d249","2025-10-17T05:56:01.653Z","2025-10-17T05:56:01.653Z"
"68f1da5690ad734984f7e8ef","optional","68f1da5290ad734984f7d249","2025-10-17T05:56:01.653Z","2025-10-17T05:56:01.653Z"
"68f1da5790ad734984f7f070","optional","68f1da5290ad734984f7d249","2025-10-17T05:56:01.653Z","2025-10-17T05:56:01.653Z"
"68f1da5690ad734984f7e270","optional","68f1da5290ad734984f7d249","2025-10-17T05:56:01.653Z","2025-10-17T05:56:01.653Z"
"68f1da5690ad734984f7e38e","optional","68f1da5290ad734984f7d24a","2025-10-17T05:56:01.653Z","2025-10-17T05:56:01.653Z"
"68f1da5290ad734984f7d413","optional","68f1da5290ad734984f7d24b","2025-10-17T05:56:01.653Z","2025-10-17T05:56:01.653Z"
"68f1da5690ad734984f7df49","optional","68f1da5290ad734984f7d24b","2025-10-17T05:56:01.653Z","2025-10-17T05:56:01.653Z"
"68f1da5a90ad734984f7f70f","optional","68f1da5290ad734984f7d24b","2025-10-17T05:56:01.653Z","2025-10-17T05:56:01.653Z"
"68f1da5690ad734984f7e5d3","optional","68f1da5290ad734984f7d253","2025-10-17T05:56:01.653Z","2025-10-17T05:56:01.653Z"
"68f1da5290ad734984f7d024","optional","68f1da5290ad734984f7d253","2025-10-17T05:56:01.653Z","2025-10-17T05:56:01.653Z"
"68f1da5a90ad734984f7fde6","optional","68f1da5290ad734984f7d25a","2025-10-17T05:56:01.653Z","2025-10-17T05:56:01.653Z"
"68f1da5a90ad734984f7fd85","optional","68f1da5290ad734984f7d25a","2025-10-17T05:56:01.653Z","2025-10-17T05:56:01.653Z"
"68f1da5290ad734984f7cbd4","optional","68f1da5290ad734984f7d26a","2025-10-17T05:56:01.653Z","2025-10-17T05:56:01.653Z"
"68f1da5a90ad734984f7f805","optional","68f1da5290ad734984f7d26a","2025-10-17T05:56:01.653Z","2025-10-17T05:56:01.653Z"
"68f1da5a90ad734984f7f8d1","optional","68f1da5290ad734984f7d270","2025-10-17T05:56:01.653Z","2025-10-17T05:56:01.653Z"
"68f1da5690ad734984f7e86d","optional","68f1da5290ad734984f7d270","2025-10-17T05:56:01.653Z","2025-10-17T05:56:01.653Z"
"68f1da5a90ad734984f7fedf","optional","68f1da5290ad734984f7d270","2025-10-17T05:56:01.653Z","2025-10-17T05:56:01.653Z"
"68f1da5290ad734984f7d5a4","optional","68f1da5290ad734984f7d276","2025-10-17T05:56:01.653Z","2025-10-17T05:56:01.653Z"
"68f1da5690ad734984f7e3c2","optional","68f1da5290ad734984f7d276","2025-10-17T05:56:01.653Z","2025-10-17T05:56:01.653Z"
"68f1da5a90ad734984f7f2ce","optional","68f1da5290ad734984f7d276","2025-10-17T05:56:01.669Z","2025-10-17T05:56:01.669Z"
"68f1da5a90ad734984f8016b","optional","68f1da5290ad734984f7d276","2025-10-17T05:56:01.669Z","2025-10-17T05:56:01.669Z"
"68f1da5290ad734984f7da17","optional","68f1da5290ad734984f7d28c","2025-10-17T05:56:01.670Z","2025-10-17T05:56:01.670Z"
"68f1da5a90ad734984f7f9ba","optional","68f1da5290ad734984f7d28c","2025-10-17T05:56:01.670Z","2025-10-17T05:56:01.670Z"
"68f1da5290ad734984f7cc04","optional","68f1da5290ad734984f7d28c","2025-10-17T05:56:01.669Z","2025-10-17T05:56:01.669Z"
"68f1da5290ad734984f7d686","optional","68f1da5290ad734984f7d28c","2025-10-17T05:56:01.669Z","2025-10-17T05:56:01.669Z"
"68f1da5690ad734984f7e16a","optional","68f1da5290ad734984f7d28c","2025-10-17T05:56:01.670Z","2025-10-17T05:56:01.670Z"
"68f1da5a90ad734984f7f5c4","optional","68f1da5290ad734984f7d28c","2025-10-17T05:56:01.670Z","2025-10-17T05:56:01.670Z"
"68f1da5290ad734984f7d225","optional","68f1da5290ad734984f7d28c","2025-10-17T05:56:01.669Z","2025-10-17T05:56:01.669Z"
"68f1da5290ad734984f7d5f9","optional","68f1da5290ad734984f7d28c","2025-10-17T05:56:01.669Z","2025-10-17T05:56:01.669Z"
"68f1da5290ad734984f7dbb4","optional","68f1da5290ad734984f7d28c","2025-10-17T05:56:01.670Z","2025-10-17T05:56:01.670Z"
"68f1da5690ad734984f7df3b","optional","68f1da5290ad734984f7d28c","2025-10-17T05:56:01.670Z","2025-10-17T05:56:01.670Z"
"68f1da5690ad734984f7e7e6","optional","68f1da5290ad734984f7d28c","2025-10-17T05:56:01.670Z","2025-10-17T05:56:01.670Z"
"68f1da5a90ad734984f7fe55","optional","68f1da5290ad734984f7d28c","2025-10-17T05:56:01.670Z","2025-10-17T05:56:01.670Z"
"68f1da5290ad734984f7d8b4","optional","68f1da5290ad734984f7d28d","2025-10-17T05:56:01.670Z","2025-10-17T05:56:01.670Z"
"68f1da5690ad734984f7e7ba","optional","68f1da5290ad734984f7d28d","2025-10-17T05:56:01.670Z","2025-10-17T05:56:01.670Z"
"68f1da5a90ad734984f800ab","optional","68f1da5290ad734984f7d28d","2025-10-17T05:56:01.670Z","2025-10-17T05:56:01.670Z"
"68f1da5290ad734984f7d3de","optional","68f1da5290ad734984f7d297","2025-10-17T05:56:01.652Z","2025-10-17T05:56:01.652Z"
"68f1da5a90ad734984f7ff8a","optional","68f1da5290ad734984f7d297","2025-10-17T05:56:01.652Z","2025-10-17T05:56:01.652Z"
"68f1da5290ad734984f7d44e","optional","68f1da5290ad734984f7d2a4","2025-10-17T05:56:01.652Z","2025-10-17T05:56:01.652Z"
"68f1da5690ad734984f7e60b","optional","68f1da5290ad734984f7d2a8","2025-10-17T05:56:01.652Z","2025-10-17T05:56:01.652Z"
"68f1da5290ad734984f7d4bb","optional","68f1da5290ad734984f7d2a8","2025-10-17T05:56:01.652Z","2025-10-17T05:56:01.652Z"
"68f1da5690ad734984f7df5a","optional","68f1da5290ad734984f7d2a8","2025-10-17T05:56:01.652Z","2025-10-17T05:56:01.652Z"
"68f1da5a90ad734984f7f707","optional","68f1da5290ad734984f7d2a8","2025-10-17T05:56:01.652Z","2025-10-17T05:56:01.652Z"
"68f1da5690ad734984f7ea5f","optional","68f1da5290ad734984f7d2a8","2025-10-17T05:56:01.652Z","2025-10-17T05:56:01.652Z"
"68f1da5290ad734984f7d333","optional","68f1da5290ad734984f7d2a8","2025-10-17T05:56:01.652Z","2025-10-17T05:56:01.652Z"
"68f1da5690ad734984f7def4","optional","68f1da5290ad734984f7d2a8","2025-10-17T05:56:01.652Z","2025-10-17T05:56:01.652Z"
"68f1da5a90ad734984f7f840","optional","68f1da5290ad734984f7d2a8","2025-10-17T05:56:01.652Z","2025-10-17T05:56:01.652Z"
"68f1da5a90ad734984f7ff72","optional","68f1da5290ad734984f7d2ac","2025-10-17T05:56:01.670Z","2025-10-17T05:56:01.670Z"
"68f1da5a90ad734984f80095","optional","68f1da5290ad734984f7d2ac","2025-10-17T05:56:01.670Z","2025-10-17T05:56:01.670Z"
"68f1da5790ad734984f7f08f","optional","68f1da5290ad734984f7d2ac","2025-10-17T05:56:01.670Z","2025-10-17T05:56:01.670Z"
"68f1da5290ad734984f7d1ee","optional","68f1da5290ad734984f7d2b7","2025-10-17T05:56:01.670Z","2025-10-17T05:56:01.670Z"
"68f1da5690ad734984f7e8c6","optional","68f1da5290ad734984f7d2b7","2025-10-17T05:56:01.670Z","2025-10-17T05:56:01.670Z"
"68f1da5690ad734984f7eb1e","optional","68f1da5290ad734984f7d2b9","2025-10-17T05:56:01.670Z","2025-10-17T05:56:01.670Z"
"68f1da5a90ad734984f7f566","optional","68f1da5290ad734984f7d2b9","2025-10-17T05:56:01.670Z","2025-10-17T05:56:01.670Z"
"68f1da5a90ad734984f80026","optional","68f1da5290ad734984f7d2b9","2025-10-17T05:56:01.670Z","2025-10-17T05:56:01.670Z"
"68f1da5690ad734984f7e6c4","optional","68f1da5290ad734984f7d2b9","2025-10-17T05:56:01.670Z","2025-10-17T05:56:01.670Z"
"68f1da5a90ad734984f7f7b7","optional","68f1da5290ad734984f7d2b9","2025-10-17T05:56:01.670Z","2025-10-17T05:56:01.670Z"
"68f1da5790ad734984f7f14a","optional","68f1da5290ad734984f7d2cd","2025-10-17T05:56:01.670Z","2025-10-17T05:56:01.670Z"
"68f1da5290ad734984f7d4fe","optional","68f1da5290ad734984f7d2d2","2025-10-17T05:56:01.670Z","2025-10-17T05:56:01.670Z"
"68f1da5290ad734984f7d858","optional","68f1da5290ad734984f7d2d2","2025-10-17T05:56:01.670Z","2025-10-17T05:56:01.670Z"
"68f1da5690ad734984f7e219","optional","68f1da5290ad734984f7d2d2","2025-10-17T05:56:01.670Z","2025-10-17T05:56:01.670Z"
"68f1da5690ad734984f7e7d4","optional","68f1da5290ad734984f7d2d2","2025-10-17T05:56:01.670Z","2025-10-17T05:56:01.670Z"
"68f1da5a90ad734984f7f6cc","optional","68f1da5290ad734984f7d2d2","2025-10-17T05:56:01.670Z","2025-10-17T05:56:01.670Z"
"68f1da5690ad734984f7e6b8","essential","68f1da5290ad734984f7d2d2","2025-10-17T05:56:01.670Z","2025-10-17T05:56:01.670Z"
"68f1da5a90ad734984f7f58c","optional","68f1da5290ad734984f7d2d2","2025-10-17T05:56:01.670Z","2025-10-17T05:56:01.670Z"
"68f1da5290ad734984f7d272","optional","68f1da5290ad734984f7d2d2","2025-10-17T05:56:01.670Z","2025-10-17T05:56:01.670Z"
"68f1da5690ad734984f7df1e","optional","68f1da5290ad734984f7d2fc","2025-10-17T05:56:01.671Z","2025-10-17T05:56:01.671Z"
"68f1da5690ad734984f7e0cd","optional","68f1da5290ad734984f7d306","2025-10-17T05:56:01.671Z","2025-10-17T05:56:01.671Z"
"68f1da5290ad734984f7ce22","optional","68f1da5290ad734984f7d308","2025-10-17T05:56:01.671Z","2025-10-17T05:56:01.671Z"
"68f1da5a90ad734984f7fb85","optional","68f1da5290ad734984f7d308","2025-10-17T05:56:01.671Z","2025-10-17T05:56:01.671Z"
"68f1da5a90ad734984f7ff8a","optional","68f1da5290ad734984f7d315","2025-10-17T05:56:01.670Z","2025-10-17T05:56:01.670Z"
"68f1da5290ad734984f7d3de","optional","68f1da5290ad734984f7d315","2025-10-17T05:56:01.670Z","2025-10-17T05:56:01.670Z"
"68f1da5290ad734984f7d22a","optional","68f1da5290ad734984f7d319","2025-10-17T05:56:01.670Z","2025-10-17T05:56:01.670Z"
"68f1da5790ad734984f7eee0","optional","68f1da5290ad734984f7d319","2025-10-17T05:56:01.670Z","2025-10-17T05:56:01.670Z"
"68f1da5290ad734984f7cd2c","optional","68f1da5290ad734984f7d31e","2025-10-17T05:56:01.671Z","2025-10-17T05:56:01.671Z"
"68f1da5a90ad734984f800bb","optional","68f1da5290ad734984f7d31e","2025-10-17T05:56:01.671Z","2025-10-17T05:56:01.671Z"
"68f1da5690ad734984f7e7da","optional","68f1da5290ad734984f7d32a","2025-10-17T05:56:01.671Z","2025-10-17T05:56:01.671Z"
"68f1da5290ad734984f7dd49","optional","68f1da5290ad734984f7d32a","2025-10-17T05:56:01.671Z","2025-10-17T05:56:01.671Z"
"68f1da5a90ad734984f800fe","optional","68f1da5290ad734984f7d32a","2025-10-17T05:56:01.671Z","2025-10-17T05:56:01.671Z"
"68f1da5290ad734984f7d547","optional","68f1da5290ad734984f7d32a","2025-10-17T05:56:01.671Z","2025-10-17T05:56:01.671Z"
"68f1da5690ad734984f7eead","optional","68f1da5290ad734984f7d32c","2025-10-17T05:56:01.671Z","2025-10-17T05:56:01.671Z"
"68f1da5a90ad734984f7fa5e","optional","68f1da5290ad734984f7d32e","2025-10-17T05:56:01.671Z","2025-10-17T05:56:01.671Z"
"68f1da5690ad734984f7e437","optional","68f1da5290ad734984f7d32e","2025-10-17T05:56:01.671Z","2025-10-17T05:56:01.671Z"
"68f1da5690ad734984f7e258","optional","68f1da5290ad734984f7d335","2025-10-17T05:56:01.671Z","2025-10-17T05:56:01.671Z"
"68f1da5290ad734984f7d762","optional","68f1da5290ad734984f7d335","2025-10-17T05:56:01.671Z","2025-10-17T05:56:01.671Z"
"68f1da5290ad734984f7dd0c","optional","68f1da5290ad734984f7d335","2025-10-17T05:56:01.671Z","2025-10-17T05:56:01.671Z"
"68f1da5290ad734984f7cb94","optional","68f1da5290ad734984f7d338","2025-10-17T05:56:01.671Z","2025-10-17T05:56:01.671Z"
"68f1da5690ad734984f7e469","optional","68f1da5290ad734984f7d338","2025-10-17T05:56:01.671Z","2025-10-17T05:56:01.671Z"
"68f1da5690ad734984f7e9bf","optional","68f1da5290ad734984f7d338","2025-10-17T05:56:01.671Z","2025-10-17T05:56:01.671Z"
"68f1da5a90ad734984f7f2cc","optional","68f1da5290ad734984f7d338","2025-10-17T05:56:01.671Z","2025-10-17T05:56:01.671Z"
"68f1da5690ad734984f7e0fb","optional","68f1da5290ad734984f7d33d","2025-10-17T05:56:01.671Z","2025-10-17T05:56:01.671Z"
"68f1da5690ad734984f7ebf7","optional","68f1da5290ad734984f7d33d","2025-10-17T05:56:01.671Z","2025-10-17T05:56:01.671Z"
"68f1da5790ad734984f7ef5c","optional","68f1da5290ad734984f7d33d","2025-10-17T05:56:01.671Z","2025-10-17T05:56:01.671Z"
"68f1da5290ad734984f7cb9b","optional","68f1da5290ad734984f7d345","2025-10-17T05:56:01.671Z","2025-10-17T05:56:01.671Z"
"68f1da5290ad734984f7d970","optional","68f1da5290ad734984f7d345","2025-10-17T05:56:01.671Z","2025-10-17T05:56:01.671Z"
"68f1da5290ad734984f7d6bf","optional","68f1da5290ad734984f7d34e","2025-10-17T05:56:01.671Z","2025-10-17T05:56:01.671Z"
"68f1da5290ad734984f7d78f","optional","68f1da5290ad734984f7d34e","2025-10-17T05:56:01.671Z","2025-10-17T05:56:01.671Z"
"68f1da5290ad734984f7d1eb","optional","68f1da5290ad734984f7d351","2025-10-17T05:56:01.671Z","2025-10-17T05:56:01.671Z"
"68f1da5290ad734984f7ce48","optional","68f1da5290ad734984f7d351","2025-10-17T05:56:01.671Z","2025-10-17T05:56:01.671Z"
"68f1da5290ad734984f7ccc4","optional","68f1da5290ad734984f7d35e","2025-10-17T05:56:01.671Z","2025-10-17T05:56:01.671Z"
"68f1da5690ad734984f7e642","optional","68f1da5290ad734984f7d35e","2025-10-17T05:56:01.671Z","2025-10-17T05:56:01.671Z"
"68f1da5690ad734984f7e71b","optional","68f1da5290ad734984f7d35e","2025-10-17T05:56:01.671Z","2025-10-17T05:56:01.671Z"
"68f1da5290ad734984f7cfb9","optional","68f1da5290ad734984f7d35e","2025-10-17T05:56:01.671Z","2025-10-17T05:56:01.671Z"
"68f1da5a90ad734984f7f778","optional","68f1da5290ad734984f7d35e","2025-10-17T05:56:01.671Z","2025-10-17T05:56:01.671Z"
"68f1da5690ad734984f7e0ac","optional","68f1da5290ad734984f7d360","2025-10-17T05:56:01.672Z","2025-10-17T05:56:01.672Z"
"68f1da5690ad734984f7e153","optional","68f1da5290ad734984f7d365","2025-10-17T05:56:01.672Z","2025-10-17T05:56:01.672Z"
"68f1da5a90ad734984f7fd47","optional","68f1da5290ad734984f7d365","2025-10-17T05:56:01.672Z","2025-10-17T05:56:01.672Z"
"68f1da5690ad734984f7ea4a","optional","68f1da5290ad734984f7d366","2025-10-17T05:56:01.672Z","2025-10-17T05:56:01.672Z"
"68f1da5690ad734984f7e1ee","optional","68f1da5290ad734984f7d367","2025-10-17T05:56:01.672Z","2025-10-17T05:56:01.672Z"
"68f1da5690ad734984f7eabb","optional","68f1da5290ad734984f7d367","2025-10-17T05:56:01.672Z","2025-10-17T05:56:01.672Z"
"68f1da5a90ad734984f7f3a5","optional","68f1da5290ad734984f7d367","2025-10-17T05:56:01.672Z","2025-10-17T05:56:01.672Z"
"68f1da5690ad734984f7e4a4","optional","68f1da5290ad734984f7d367","2025-10-17T05:56:01.672Z","2025-10-17T05:56:01.672Z"
"68f1da5290ad734984f7de5a","optional","68f1da5290ad734984f7d36a","2025-10-17T05:56:01.672Z","2025-10-17T05:56:01.672Z"
"68f1da5a90ad734984f7f2b6","optional","68f1da5290ad734984f7d36a","2025-10-17T05:56:01.672Z","2025-10-17T05:56:01.672Z"
"68f1da5a90ad734984f7f31e","optional","68f1da5290ad734984f7d36a","2025-10-17T05:56:01.672Z","2025-10-17T05:56:01.672Z"
"68f1da5690ad734984f7e810","optional","68f1da5290ad734984f7d36a","2025-10-17T05:56:01.672Z","2025-10-17T05:56:01.672Z"
"68f1da5690ad734984f7e8e3","optional","68f1da5290ad734984f7d36e","2025-10-17T05:56:01.672Z","2025-10-17T05:56:01.672Z"
"68f1da5290ad734984f7d222","optional","68f1da5290ad734984f7d36e","2025-10-17T05:56:01.672Z","2025-10-17T05:56:01.672Z"
"68f1da5a90ad734984f7f996","optional","68f1da5290ad734984f7d380","2025-10-17T05:56:01.672Z","2025-10-17T05:56:01.672Z"
"68f1da5290ad734984f7cdcb","optional","68f1da5290ad734984f7d380","2025-10-17T05:56:01.672Z","2025-10-17T05:56:01.672Z"
"68f1da5a90ad734984f7fa42","optional","68f1da5290ad734984f7d380","2025-10-17T05:56:01.672Z","2025-10-17T05:56:01.672Z"
"68f1da5a90ad734984f7f71b","optional","68f1da5290ad734984f7d38e","2025-10-17T05:56:01.673Z","2025-10-17T05:56:01.673Z"
"68f1da5290ad734984f7d493","optional","68f1da5290ad734984f7d38e","2025-10-17T05:56:01.673Z","2025-10-17T05:56:01.673Z"
"68f1da5290ad734984f7da76","optional","68f1da5290ad734984f7d38f","2025-10-17T05:56:01.673Z","2025-10-17T05:56:01.673Z"
"68f1da5290ad734984f7deb9","optional","68f1da5290ad734984f7d38f","2025-10-17T05:56:01.673Z","2025-10-17T05:56:01.673Z"
"68f1da5a90ad734984f7fe1d","optional","68f1da5290ad734984f7d38f","2025-10-17T05:56:01.673Z","2025-10-17T05:56:01.673Z"
"68f1da5290ad734984f7d2e6","optional","68f1da5290ad734984f7d393","2025-10-17T05:56:01.673Z","2025-10-17T05:56:01.673Z"
"68f1da5a90ad734984f7f828","optional","68f1da5290ad734984f7d3aa","2025-10-17T05:56:01.672Z","2025-10-17T05:56:01.672Z"
"68f1da5a90ad734984f7fad9","optional","68f1da5290ad734984f7d3aa","2025-10-17T05:56:01.672Z","2025-10-17T05:56:01.672Z"
"68f1da5a90ad734984f7f7d6","optional","68f1da5290ad734984f7d3aa","2025-10-17T05:56:01.672Z","2025-10-17T05:56:01.672Z"
"68f1da5a90ad734984f7f7e2","optional","68f1da5290ad734984f7d3aa","2025-10-17T05:56:01.672Z","2025-10-17T05:56:01.672Z"
"68f1da5a90ad734984f7ff0e","optional","68f1da5290ad734984f7d3aa","2025-10-17T05:56:01.672Z","2025-10-17T05:56:01.672Z"
"68f1da5690ad734984f7ea9d","optional","68f1da5290ad734984f7d3aa","2025-10-17T05:56:01.672Z","2025-10-17T05:56:01.672Z"
"68f1da5290ad734984f7cd3a","optional","68f1da5290ad734984f7d3ac","2025-10-17T05:56:01.672Z","2025-10-17T05:56:01.672Z"
"68f1da5690ad734984f7e673","optional","68f1da5290ad734984f7d3ac","2025-10-17T05:56:01.672Z","2025-10-17T05:56:01.672Z"
"68f1da5a90ad734984f7f834","optional","68f1da5290ad734984f7d3ac","2025-10-17T05:56:01.672Z","2025-10-17T05:56:01.672Z"
"68f1da5290ad734984f7d11f","optional","68f1da5290ad734984f7d3c5","2025-10-17T05:56:01.672Z","2025-10-17T05:56:01.672Z"
"68f1da5690ad734984f7e9d7","optional","68f1da5290ad734984f7d3c5","2025-10-17T05:56:01.672Z","2025-10-17T05:56:01.672Z"
"68f1da5790ad734984f7efec","optional","68f1da5290ad734984f7d3c5","2025-10-17T05:56:01.672Z","2025-10-17T05:56:01.672Z"
"68f1da5290ad734984f7d203","optional","68f1da5290ad734984f7d3c5","2025-10-17T05:56:01.672Z","2025-10-17T05:56:01.672Z"
"68f1da5a90ad734984f7f40c","optional","68f1da5290ad734984f7d3c5","2025-10-17T05:56:01.672Z","2025-10-17T05:56:01.672Z"
"68f1da5a90ad734984f7fd97","optional","68f1da5290ad734984f7d3c6","2025-10-17T05:56:01.672Z","2025-10-17T05:56:01.672Z"
"68f1da5690ad734984f7e932","optional","68f1da5290ad734984f7d3cb","2025-10-17T05:56:01.672Z","2025-10-17T05:56:01.672Z"
"68f1da5290ad734984f7ce11","optional","68f1da5290ad734984f7d3cc","2025-10-17T05:56:01.672Z","2025-10-17T05:56:01.672Z"
"68f1da5690ad734984f7df78","optional","68f1da5290ad734984f7d3cc","2025-10-17T05:56:01.672Z","2025-10-17T05:56:01.672Z"
"68f1da5290ad734984f7d440","optional","68f1da5290ad734984f7d3cc","2025-10-17T05:56:01.672Z","2025-10-17T05:56:01.672Z"
"68f1da5690ad734984f7ed5b","optional","68f1da5290ad734984f7d3cc","2025-10-17T05:56:01.673Z","2025-10-17T05:56:01.673Z"
"68f1da5290ad734984f7ce7a","optional","68f1da5290ad734984f7d3e0","2025-10-17T05:56:01.673Z","2025-10-17T05:56:01.673Z"
"68f1da5290ad734984f7cd5e","optional","68f1da5290ad734984f7d3e0","2025-10-17T05:56:01.673Z","2025-10-17T05:56:01.673Z"
"68f1da5a90ad734984f7f567","optional","68f1da5290ad734984f7d3e0","2025-10-17T05:56:01.673Z","2025-10-17T05:56:01.673Z"
"68f1da5290ad734984f7cd8f","optional","68f1da5290ad734984f7d3e0","2025-10-17T05:56:01.673Z","2025-10-17T05:56:01.673Z"
"68f1da5690ad734984f7e52d","essential","68f1da5290ad734984f7d3e0","2025-10-17T05:56:01.673Z","2025-10-17T05:56:01.673Z"
"68f1da5a90ad734984f7f809","optional","68f1da5290ad734984f7d3e0","2025-10-17T05:56:01.673Z","2025-10-17T05:56:01.673Z"
"68f1da5a90ad734984f7fbaa","optional","68f1da5290ad734984f7d3e0","2025-10-17T05:56:01.673Z","2025-10-17T05:56:01.673Z"
"68f1da5690ad734984f7eb97","optional","68f1da5290ad734984f7d3f4","2025-10-17T05:56:01.673Z","2025-10-17T05:56:01.673Z"
"68f1da5a90ad734984f7f6e7","optional","68f1da5290ad734984f7d3fe","2025-10-17T05:56:01.673Z","2025-10-17T05:56:01.673Z"
"68f1da5a90ad734984f80122","optional","68f1da5290ad734984f7d3fe","2025-10-17T05:56:01.673Z","2025-10-17T05:56:01.673Z"
"68f1da5290ad734984f7d49c","optional","68f1da5290ad734984f7d41c","2025-10-17T05:56:01.673Z","2025-10-17T05:56:01.673Z"
"68f1da5690ad734984f7dfec","optional","68f1da5290ad734984f7d41c","2025-10-17T05:56:01.673Z","2025-10-17T05:56:01.673Z"
"68f1da5a90ad734984f7feac","optional","68f1da5290ad734984f7d41c","2025-10-17T05:56:01.673Z","2025-10-17T05:56:01.673Z"
"68f1da5690ad734984f7e91e","optional","68f1da5290ad734984f7d422","2025-10-17T05:56:01.673Z","2025-10-17T05:56:01.673Z"
"68f1da5290ad734984f7d4dd","optional","68f1da5290ad734984f7d422","2025-10-17T05:56:01.673Z","2025-10-17T05:56:01.673Z"
"68f1da5a90ad734984f7f757","optional","68f1da5290ad734984f7d422","2025-10-17T05:56:01.673Z","2025-10-17T05:56:01.673Z"
"68f1da5290ad734984f7cd72","optional","68f1da5290ad734984f7d422","2025-10-17T05:56:01.673Z","2025-10-17T05:56:01.673Z"
"68f1da5790ad734984f7f18f","optional","68f1da5290ad734984f7d422","2025-10-17T05:56:01.673Z","2025-10-17T05:56:01.673Z"
"68f1da5290ad734984f7d556","optional","68f1da5290ad734984f7d423","2025-10-17T05:56:01.674Z","2025-10-17T05:56:01.674Z"
"68f1da5690ad734984f7e50b","optional","68f1da5290ad734984f7d423","2025-10-17T05:56:01.674Z","2025-10-17T05:56:01.674Z"
"68f1da5a90ad734984f7ff97","optional","68f1da5290ad734984f7d423","2025-10-17T05:56:01.674Z","2025-10-17T05:56:01.674Z"
"68f1da5290ad734984f7d06e","optional","68f1da5290ad734984f7d423","2025-10-17T05:56:01.673Z","2025-10-17T05:56:01.673Z"
"68f1da5290ad734984f7d68f","optional","68f1da5290ad734984f7d423","2025-10-17T05:56:01.674Z","2025-10-17T05:56:01.674Z"
"68f1da5690ad734984f7eade","optional","68f1da5290ad734984f7d423","2025-10-17T05:56:01.674Z","2025-10-17T05:56:01.674Z"
"68f1da5690ad734984f7ed5e","optional","68f1da5290ad734984f7d423","2025-10-17T05:56:01.674Z","2025-10-17T05:56:01.674Z"
"68f1da5a90ad734984f7f434","optional","68f1da5290ad734984f7d423","2025-10-17T05:56:01.674Z","2025-10-17T05:56:01.674Z"
"68f1da5a90ad734984f7f882","optional","68f1da5290ad734984f7d423","2025-10-17T05:56:01.674Z","2025-10-17T05:56:01.674Z"
"68f1da5a90ad734984f7fd1c","optional","68f1da5290ad734984f7d423","2025-10-17T05:56:01.674Z","2025-10-17T05:56:01.674Z"
"68f1da5290ad734984f7d14c","optional","68f1da5290ad734984f7d423","2025-10-17T05:56:01.673Z","2025-10-17T05:56:01.673Z"
"68f1da5290ad734984f7d631","optional","68f1da5290ad734984f7d423","2025-10-17T05:56:01.674Z","2025-10-17T05:56:01.674Z"
"68f1da5290ad734984f7da0d","optional","68f1da5290ad734984f7d423","2025-10-17T05:56:01.674Z","2025-10-17T05:56:01.674Z"
"68f1da5290ad734984f7dd8a","optional","68f1da5290ad734984f7d423","2025-10-17T05:56:01.674Z","2025-10-17T05:56:01.674Z"
"68f1da5690ad734984f7df48","optional","68f1da5290ad734984f7d423","2025-10-17T05:56:01.674Z","2025-10-17T05:56:01.674Z"
"68f1da5690ad734984f7e245","optional","68f1da5290ad734984f7d423","2025-10-17T05:56:01.674Z","2025-10-17T05:56:01.674Z"
"68f1da5a90ad734984f7f69f","optional","68f1da5290ad734984f7d423","2025-10-17T05:56:01.674Z","2025-10-17T05:56:01.674Z"
"68f1da5a90ad734984f7fa8d","optional","68f1da5290ad734984f7d423","2025-10-17T05:56:01.674Z","2025-10-17T05:56:01.674Z"
"68f1da5290ad734984f7d59c","optional","68f1da5290ad734984f7d423","2025-10-17T05:56:01.674Z","2025-10-17T05:56:01.674Z"
"68f1da5290ad734984f7dbfc","optional","68f1da5290ad734984f7d423","2025-10-17T05:56:01.674Z","2025-10-17T05:56:01.674Z"
"68f1da5690ad734984f7e67a","optional","68f1da5290ad734984f7d423","2025-10-17T05:56:01.674Z","2025-10-17T05:56:01.674Z"
"68f1da5690ad734984f7e9f4","optional","68f1da5290ad734984f7d423","2025-10-17T05:56:01.674Z","2025-10-17T05:56:01.674Z"
"68f1da5790ad734984f7f0dc","optional","68f1da5290ad734984f7d423","2025-10-17T05:56:01.674Z","2025-10-17T05:56:01.674Z"
"68f1da5a90ad734984f7f720","optional","68f1da5290ad734984f7d423","2025-10-17T05:56:01.674Z","2025-10-17T05:56:01.674Z"
"68f1da5a90ad734984f7ff4f","optional","68f1da5290ad734984f7d423","2025-10-17T05:56:01.674Z","2025-10-17T05:56:01.674Z"
"68f1da5a90ad734984f7fefd","optional","68f1da5290ad734984f7d42d","2025-10-17T05:56:01.674Z","2025-10-17T05:56:01.674Z"
"68f1da5790ad734984f7f095","optional","68f1da5290ad734984f7d42d","2025-10-17T05:56:01.674Z","2025-10-17T05:56:01.674Z"
"68f1da5690ad734984f7e2db","optional","68f1da5290ad734984f7d435","2025-10-17T05:56:01.674Z","2025-10-17T05:56:01.674Z"
"68f1da5290ad734984f7db82","optional","68f1da5290ad734984f7d444","2025-10-17T05:56:01.673Z","2025-10-17T05:56:01.673Z"
"68f1da5790ad734984f7f03a","optional","68f1da5290ad734984f7d444","2025-10-17T05:56:01.673Z","2025-10-17T05:56:01.673Z"
"68f1da5290ad734984f7d518","optional","68f1da5290ad734984f7d444","2025-10-17T05:56:01.673Z","2025-10-17T05:56:01.673Z"
"68f1da5690ad734984f7e21d","optional","68f1da5290ad734984f7d444","2025-10-17T05:56:01.673Z","2025-10-17T05:56:01.673Z"
"68f1da5290ad734984f7d352","optional","68f1da5290ad734984f7d455","2025-10-17T05:56:01.674Z","2025-10-17T05:56:01.674Z"
"68f1da5790ad734984f7ef1e","optional","68f1da5290ad734984f7d472","2025-10-17T05:56:01.674Z","2025-10-17T05:56:01.674Z"
"68f1da5290ad734984f7d9c8","optional","68f1da5290ad734984f7d472","2025-10-17T05:56:01.674Z","2025-10-17T05:56:01.674Z"
"68f1da5a90ad734984f7f568","optional","68f1da5290ad734984f7d472","2025-10-17T05:56:01.674Z","2025-10-17T05:56:01.674Z"
"68f1da5690ad734984f7e83a","optional","68f1da5290ad734984f7d481","2025-10-17T05:56:01.674Z","2025-10-17T05:56:01.674Z"
"68f1da5690ad734984f7ee9d","optional","68f1da5290ad734984f7d481","2025-10-17T05:56:01.674Z","2025-10-17T05:56:01.674Z"
"68f1da5290ad734984f7d988","optional","68f1da5290ad734984f7d481","2025-10-17T05:56:01.674Z","2025-10-17T05:56:01.674Z"
"68f1da5290ad734984f7daa6","optional","68f1da5290ad734984f7d481","2025-10-17T05:56:01.674Z","2025-10-17T05:56:01.674Z"
"68f1da5290ad734984f7d8d3","optional","68f1da5290ad734984f7d482","2025-10-17T05:56:01.674Z","2025-10-17T05:56:01.674Z"
"68f1da5290ad734984f7dd03","optional","68f1da5290ad734984f7d482","2025-10-17T05:56:01.675Z","2025-10-17T05:56:01.675Z"
"68f1da5290ad734984f7cbf1","optional","68f1da5290ad734984f7d487","2025-10-17T05:56:01.675Z","2025-10-17T05:56:01.675Z"
"68f1da5690ad734984f7e54b","optional","68f1da5290ad734984f7d48a","2025-10-17T05:56:01.675Z","2025-10-17T05:56:01.675Z"
"68f1da5290ad734984f7de4e","optional","68f1da5290ad734984f7d48a","2025-10-17T05:56:01.675Z","2025-10-17T05:56:01.675Z"
"68f1da5690ad734984f7e9f5","optional","68f1da5290ad734984f7d48c","2025-10-17T05:56:01.675Z","2025-10-17T05:56:01.675Z"
"68f1da5a90ad734984f80134","optional","68f1da5290ad734984f7d48c","2025-10-17T05:56:01.675Z","2025-10-17T05:56:01.675Z"
"68f1da5290ad734984f7d903","optional","68f1da5290ad734984f7d48c","2025-10-17T05:56:01.675Z","2025-10-17T05:56:01.675Z"
"68f1da5690ad734984f7eb7d","optional","68f1da5290ad734984f7d48c","2025-10-17T05:56:01.675Z","2025-10-17T05:56:01.675Z"
"68f1da5690ad734984f7ea6f","optional","68f1da5290ad734984f7d48c","2025-10-17T05:56:01.675Z","2025-10-17T05:56:01.675Z"
"68f1da5290ad734984f7d325","optional","68f1da5290ad734984f7d48c","2025-10-17T05:56:01.675Z","2025-10-17T05:56:01.675Z"
"68f1da5690ad734984f7e75d","optional","68f1da5290ad734984f7d48c","2025-10-17T05:56:01.675Z","2025-10-17T05:56:01.675Z"
"68f1da5a90ad734984f7f7ad","optional","68f1da5290ad734984f7d491","2025-10-17T05:56:01.675Z","2025-10-17T05:56:01.675Z"
"68f1da5a90ad734984f7fc42","optional","68f1da5290ad734984f7d491","2025-10-17T05:56:01.675Z","2025-10-17T05:56:01.675Z"
"68f1da5690ad734984f7ebc5","optional","68f1da5290ad734984f7d491","2025-10-17T05:56:01.675Z","2025-10-17T05:56:01.675Z"
"68f1da5690ad734984f7e2ca","optional","68f1da5290ad734984f7d491","2025-10-17T05:56:01.675Z","2025-10-17T05:56:01.675Z"
"68f1da5290ad734984f7ced4","optional","68f1da5290ad734984f7d497","2025-10-17T05:56:01.675Z","2025-10-17T05:56:01.675Z"
"68f1da5a90ad734984f7f368","optional","68f1da5290ad734984f7d497","2025-10-17T05:56:01.675Z","2025-10-17T05:56:01.675Z"
"68f1da5a90ad734984f7fac5","optional","68f1da5290ad734984f7d4cb","2025-10-17T05:56:01.676Z","2025-10-17T05:56:01.676Z"
"68f1da5290ad734984f7d2c9","optional","68f1da5290ad734984f7d4cb","2025-10-17T05:56:01.676Z","2025-10-17T05:56:01.676Z"
"68f1da5a90ad734984f7fc33","optional","68f1da5290ad734984f7d4cb","2025-10-17T05:56:01.676Z","2025-10-17T05:56:01.676Z"
"68f1da5290ad734984f7dde6","essential","68f1da5290ad734984f7d4d9","2025-10-17T05:56:01.675Z","2025-10-17T05:56:01.675Z"
"68f1da5690ad734984f7e4f2","optional","68f1da5290ad734984f7d4db","2025-10-17T05:56:01.675Z","2025-10-17T05:56:01.675Z"
"68f1da5a90ad734984f7f90d","optional","68f1da5290ad734984f7d4db","2025-10-17T05:56:01.675Z","2025-10-17T05:56:01.675Z"
"68f1da5690ad734984f7e2ad","optional","68f1da5290ad734984f7d4db","2025-10-17T05:56:01.675Z","2025-10-17T05:56:01.675Z"
"68f1da5a90ad734984f7f528","optional","68f1da5290ad734984f7d4e3","2025-10-17T05:56:01.675Z","2025-10-17T05:56:01.675Z"
"68f1da5690ad734984f7e558","optional","68f1da5290ad734984f7d4e3","2025-10-17T05:56:01.675Z","2025-10-17T05:56:01.675Z"
"68f1da5690ad734984f7e569","optional","68f1da5290ad734984f7d4e3","2025-10-17T05:56:01.675Z","2025-10-17T05:56:01.675Z"
"68f1da5a90ad734984f7fac6","optional","68f1da5290ad734984f7d4e3","2025-10-17T05:56:01.675Z","2025-10-17T05:56:01.675Z"
"68f1da5290ad734984f7db63","optional","68f1da5290ad734984f7d4e3","2025-10-17T05:56:01.675Z","2025-10-17T05:56:01.675Z"
"68f1da5690ad734984f7eb76","optional","68f1da5290ad734984f7d4e3","2025-10-17T05:56:01.675Z","2025-10-17T05:56:01.675Z"
"68f1da5690ad734984f7e0f8","optional","68f1da5290ad734984f7d4ea","2025-10-17T05:56:01.675Z","2025-10-17T05:56:01.675Z"
"68f1da5290ad734984f7d4bb","optional","68f1da5290ad734984f7d4eb","2025-10-17T05:56:01.675Z","2025-10-17T05:56:01.675Z"
"68f1da5a90ad734984f7f840","optional","68f1da5290ad734984f7d4eb","2025-10-17T05:56:01.675Z","2025-10-17T05:56:01.675Z"
"68f1da5a90ad734984f7f4a2","optional","68f1da5290ad734984f7d4ee","2025-10-17T05:56:01.675Z","2025-10-17T05:56:01.675Z"
"68f1da5690ad734984f7decd","optional","68f1da5290ad734984f7d4ee","2025-10-17T05:56:01.675Z","2025-10-17T05:56:01.675Z"
"68f1da5a90ad734984f7ffab","optional","68f1da5290ad734984f7d4ee","2025-10-17T05:56:01.675Z","2025-10-17T05:56:01.675Z"
"68f1da5290ad734984f7cc3e","optional","68f1da5290ad734984f7d4f1","2025-10-17T05:56:01.676Z","2025-10-17T05:56:01.676Z"
"68f1da5a90ad734984f7feb4","optional","68f1da5290ad734984f7d4f1","2025-10-17T05:56:01.676Z","2025-10-17T05:56:01.676Z"
"68f1da5290ad734984f7db8c","optional","68f1da5290ad734984f7d4f1","2025-10-17T05:56:01.676Z","2025-10-17T05:56:01.676Z"
"68f1da5290ad734984f7d220","optional","68f1da5290ad734984f7d4f5","2025-10-17T05:56:01.676Z","2025-10-17T05:56:01.676Z"
"68f1da5a90ad734984f7ff5b","optional","68f1da5290ad734984f7d4ff","2025-10-17T05:56:01.676Z","2025-10-17T05:56:01.676Z"
"68f1da5290ad734984f7d1ca","optional","68f1da5290ad734984f7d509","2025-10-17T05:56:01.676Z","2025-10-17T05:56:01.676Z"
"68f1da5690ad734984f7ea73","optional","68f1da5290ad734984f7d509","2025-10-17T05:56:01.676Z","2025-10-17T05:56:01.676Z"
"68f1da5290ad734984f7d9ab","optional","68f1da5290ad734984f7d50a","2025-10-17T05:56:01.676Z","2025-10-17T05:56:01.676Z"
"68f1da5290ad734984f7ce97","optional","68f1da5290ad734984f7d50a","2025-10-17T05:56:01.676Z","2025-10-17T05:56:01.676Z"
"68f1da5690ad734984f7e974","optional","68f1da5290ad734984f7d50a","2025-10-17T05:56:01.676Z","2025-10-17T05:56:01.676Z"
"68f1da5690ad734984f7ed7d","optional","68f1da5290ad734984f7d50a","2025-10-17T05:56:01.676Z","2025-10-17T05:56:01.676Z"
"68f1da5a90ad734984f7f40e","optional","68f1da5290ad734984f7d50a","2025-10-17T05:56:01.676Z","2025-10-17T05:56:01.676Z"
"68f1da5290ad734984f7d893","optional","68f1da5290ad734984f7d50a","2025-10-17T05:56:01.676Z","2025-10-17T05:56:01.676Z"
"68f1da5290ad734984f7d9e9","optional","68f1da5290ad734984f7d50a","2025-10-17T05:56:01.676Z","2025-10-17T05:56:01.676Z"
"68f1da5690ad734984f7e6ae","optional","68f1da5290ad734984f7d50a","2025-10-17T05:56:01.676Z","2025-10-17T05:56:01.676Z"
"68f1da5690ad734984f7e7e9","optional","68f1da5290ad734984f7d50a","2025-10-17T05:56:01.676Z","2025-10-17T05:56:01.676Z"
"68f1da5690ad734984f7e5fe","optional","68f1da5290ad734984f7d50a","2025-10-17T05:56:01.676Z","2025-10-17T05:56:01.676Z"
"68f1da5690ad734984f7eae4","optional","68f1da5290ad734984f7d50a","2025-10-17T05:56:01.676Z","2025-10-17T05:56:01.676Z"
"68f1da5290ad734984f7cedc","optional","68f1da5290ad734984f7d50e","2025-10-17T05:56:01.676Z","2025-10-17T05:56:01.676Z"
"68f1da5a90ad734984f7f2c5","optional","68f1da5290ad734984f7d50e","2025-10-17T05:56:01.677Z","2025-10-17T05:56:01.677Z"
"68f1da5690ad734984f7e1dc","optional","68f1da5290ad734984f7d50e","2025-10-17T05:56:01.677Z","2025-10-17T05:56:01.677Z"
"68f1da5a90ad734984f8011d","optional","68f1da5290ad734984f7d50e","2025-10-17T05:56:01.677Z","2025-10-17T05:56:01.677Z"
"68f1da5290ad734984f7d34f","optional","68f1da5290ad734984f7d51e","2025-10-17T05:56:01.676Z","2025-10-17T05:56:01.676Z"
"68f1da5690ad734984f7ea24","optional","68f1da5290ad734984f7d51e","2025-10-17T05:56:01.676Z","2025-10-17T05:56:01.676Z"
"68f1da5690ad734984f7eac7","optional","68f1da5290ad734984f7d51e","2025-10-17T05:56:01.676Z","2025-10-17T05:56:01.676Z"
"68f1da5a90ad734984f7fdc2","optional","68f1da5290ad734984f7d51e","2025-10-17T05:56:01.676Z","2025-10-17T05:56:01.676Z"
"68f1da5a90ad734984f7f7e6","optional","68f1da5290ad734984f7d51e","2025-10-17T05:56:01.676Z","2025-10-17T05:56:01.676Z"
"68f1da5290ad734984f7cca7","optional","68f1da5290ad734984f7d521","2025-10-17T05:56:01.676Z","2025-10-17T05:56:01.676Z"
"68f1da5290ad734984f7d5f4","optional","68f1da5290ad734984f7d521","2025-10-17T05:56:01.676Z","2025-10-17T05:56:01.676Z"
"68f1da5a90ad734984f7f93c","optional","68f1da5290ad734984f7d521","2025-10-17T05:56:01.676Z","2025-10-17T05:56:01.676Z"
"68f1da5290ad734984f7cea4","optional","68f1da5290ad734984f7d521","2025-10-17T05:56:01.676Z","2025-10-17T05:56:01.676Z"
"68f1da5290ad734984f7cdfc","optional","68f1da5290ad734984f7d521","2025-10-17T05:56:01.676Z","2025-10-17T05:56:01.676Z"
"68f1da5690ad734984f7def5","optional","68f1da5290ad734984f7d529","2025-10-17T05:56:01.676Z","2025-10-17T05:56:01.676Z"
"68f1da5690ad734984f7e22f","optional","68f1da5290ad734984f7d529","2025-10-17T05:56:01.676Z","2025-10-17T05:56:01.676Z"
"68f1da5790ad734984f7ef47","optional","68f1da5290ad734984f7d529","2025-10-17T05:56:01.676Z","2025-10-17T05:56:01.676Z"
"68f1da5a90ad734984f7f8f9","optional","68f1da5290ad734984f7d537","2025-10-17T05:56:01.677Z","2025-10-17T05:56:01.677Z"
"68f1da5690ad734984f7e9bb","optional","68f1da5290ad734984f7d537","2025-10-17T05:56:01.677Z","2025-10-17T05:56:01.677Z"
"68f1da5290ad734984f7cefb","optional","68f1da5290ad734984f7d53e","2025-10-17T05:56:01.677Z","2025-10-17T05:56:01.677Z"
"68f1da5690ad734984f7e3f8","optional","68f1da5290ad734984f7d53e","2025-10-17T05:56:01.677Z","2025-10-17T05:56:01.677Z"
"68f1da5790ad734984f7f003","optional","68f1da5290ad734984f7d53e","2025-10-17T05:56:01.677Z","2025-10-17T05:56:01.677Z"
"68f1da5690ad734984f7e573","optional","68f1da5290ad734984f7d541","2025-10-17T05:56:01.677Z","2025-10-17T05:56:01.677Z"
"68f1da5290ad734984f7cc36","optional","68f1da5290ad734984f7d541","2025-10-17T05:56:01.677Z","2025-10-17T05:56:01.677Z"
"68f1da5690ad734984f7e833","optional","68f1da5290ad734984f7d541","2025-10-17T05:56:01.677Z","2025-10-17T05:56:01.677Z"
"68f1da5690ad734984f7eeb3","optional","68f1da5290ad734984f7d541","2025-10-17T05:56:01.677Z","2025-10-17T05:56:01.677Z"
"68f1da5690ad734984f7ecc9","optional","68f1da5290ad734984f7d546","2025-10-17T05:56:01.677Z","2025-10-17T05:56:01.677Z"
"68f1da5690ad734984f7e8d5","optional","68f1da5290ad734984f7d546","2025-10-17T05:56:01.677Z","2025-10-17T05:56:01.677Z"
"68f1da5690ad734984f7e2e9","optional","68f1da5290ad734984f7d546","2025-10-17T05:56:01.677Z","2025-10-17T05:56:01.677Z"
"68f1da5a90ad734984f7f75c","optional","68f1da5290ad734984f7d54a","2025-10-17T05:56:01.677Z","2025-10-17T05:56:01.677Z"
"68f1da5290ad734984f7cec9","optional","68f1da5290ad734984f7d557","2025-10-17T05:56:01.677Z","2025-10-17T05:56:01.677Z"
"68f1da5290ad734984f7d761","optional","68f1da5290ad734984f7d557","2025-10-17T05:56:01.677Z","2025-10-17T05:56:01.677Z"
"68f1da5790ad734984f7ef48","optional","68f1da5290ad734984f7d557","2025-10-17T05:56:01.677Z","2025-10-17T05:56:01.677Z"
"68f1da5a90ad734984f7fbdb","optional","68f1da5290ad734984f7d557","2025-10-17T05:56:01.677Z","2025-10-17T05:56:01.677Z"
"68f1da5a90ad734984f80011","optional","68f1da5290ad734984f7d55a","2025-10-17T05:56:01.678Z","2025-10-17T05:56:01.678Z"
"68f1da5790ad734984f7f13d","optional","68f1da5290ad734984f7d55a","2025-10-17T05:56:01.677Z","2025-10-17T05:56:01.677Z"
"68f1da5a90ad734984f80084","optional","68f1da5290ad734984f7d55a","2025-10-17T05:56:01.678Z","2025-10-17T05:56:01.678Z"
"68f1da5690ad734984f7e761","optional","68f1da5290ad734984f7d55a","2025-10-17T05:56:01.677Z","2025-10-17T05:56:01.677Z"
"68f1da5790ad734984f7f167","optional","68f1da5290ad734984f7d55a","2025-10-17T05:56:01.677Z","2025-10-17T05:56:01.677Z"
"68f1da5a90ad734984f7f667","optional","68f1da5290ad734984f7d55a","2025-10-17T05:56:01.677Z","2025-10-17T05:56:01.677Z"
"68f1da5a90ad734984f7fc68","optional","68f1da5290ad734984f7d55a","2025-10-17T05:56:01.677Z","2025-10-17T05:56:01.677Z"
"68f1da5a90ad734984f7f477","optional","68f1da5290ad734984f7d562","2025-10-17T05:56:01.678Z","2025-10-17T05:56:01.678Z"
"68f1da5a90ad734984f8003a","optional","68f1da5290ad734984f7d563","2025-10-17T05:56:01.678Z","2025-10-17T05:56:01.678Z"
"68f1da5290ad734984f7cb4b","optional","68f1da5290ad734984f7d56d","2025-10-17T05:56:01.677Z","2025-10-17T05:56:01.677Z"
"68f1da5290ad734984f7de01","optional","68f1da5290ad734984f7d56d","2025-10-17T05:56:01.677Z","2025-10-17T05:56:01.677Z"
"68f1da5a90ad734984f7fb8b","optional","68f1da5290ad734984f7d56d","2025-10-17T05:56:01.677Z","2025-10-17T05:56:01.677Z"
"68f1da5790ad734984f7f083","optional","68f1da5290ad734984f7d56d","2025-10-17T05:56:01.677Z","2025-10-17T05:56:01.677Z"
"68f1da5a90ad734984f7f56c","optional","68f1da5290ad734984f7d56d","2025-10-17T05:56:01.677Z","2025-10-17T05:56:01.677Z"
"68f1da5a90ad734984f7f6c4","optional","68f1da5290ad734984f7d56d","2025-10-17T05:56:01.677Z","2025-10-17T05:56:01.677Z"
"68f1da5a90ad734984f7fc89","optional","68f1da5290ad734984f7d580","2025-10-17T05:56:01.677Z","2025-10-17T05:56:01.677Z"
"68f1da5690ad734984f7e482","optional","68f1da5290ad734984f7d583","2025-10-17T05:56:01.677Z","2025-10-17T05:56:01.677Z"
"68f1da5690ad734984f7e4bf","optional","68f1da5290ad734984f7d585","2025-10-17T05:56:01.677Z","2025-10-17T05:56:01.677Z"
"68f1da5690ad734984f7e0fb","optional","68f1da5290ad734984f7d59d","2025-10-17T05:56:01.678Z","2025-10-17T05:56:01.678Z"
"68f1da5790ad734984f7f1d2","optional","68f1da5290ad734984f7d5a1","2025-10-17T05:56:01.678Z","2025-10-17T05:56:01.678Z"
"68f1da5290ad734984f7d477","essential","68f1da5290ad734984f7d5a2","2025-10-17T05:56:01.678Z","2025-10-17T05:56:01.678Z"
"68f1da5a90ad734984f7fd2e","optional","68f1da5290ad734984f7d5ab","2025-10-17T05:56:01.678Z","2025-10-17T05:56:01.678Z"
"68f1da5a90ad734984f7feba","optional","68f1da5290ad734984f7d5b0","2025-10-17T05:56:01.678Z","2025-10-17T05:56:01.678Z"
"68f1da5290ad734984f7d227","optional","68f1da5290ad734984f7d5b3","2025-10-17T05:56:01.678Z","2025-10-17T05:56:01.678Z"
"68f1da5290ad734984f7d500","optional","68f1da5290ad734984f7d5b3","2025-10-17T05:56:01.678Z","2025-10-17T05:56:01.678Z"
"68f1da5290ad734984f7d683","optional","68f1da5290ad734984f7d5b3","2025-10-17T05:56:01.678Z","2025-10-17T05:56:01.678Z"
"68f1da5290ad734984f7cbd8","optional","68f1da5290ad734984f7d5b3","2025-10-17T05:56:01.678Z","2025-10-17T05:56:01.678Z"
"68f1da5290ad734984f7d887","optional","68f1da5290ad734984f7d5b3","2025-10-17T05:56:01.678Z","2025-10-17T05:56:01.678Z"
"68f1da5690ad734984f7df42","optional","68f1da5290ad734984f7d5b9","2025-10-17T05:56:01.678Z","2025-10-17T05:56:01.678Z"
"68f1da5690ad734984f7e6dd","optional","68f1da5290ad734984f7d5b9","2025-10-17T05:56:01.678Z","2025-10-17T05:56:01.678Z"
"68f1da5290ad734984f7cd31","optional","68f1da5290ad734984f7d5b9","2025-10-17T05:56:01.678Z","2025-10-17T05:56:01.678Z"
"68f1da5290ad734984f7d424","optional","68f1da5290ad734984f7d5be","2025-10-17T05:56:01.678Z","2025-10-17T05:56:01.678Z"
"68f1da5290ad734984f7cffb","optional","68f1da5290ad734984f7d5be","2025-10-17T05:56:01.678Z","2025-10-17T05:56:01.678Z"
"68f1da5290ad734984f7d671","optional","68f1da5290ad734984f7d5bf","2025-10-17T05:56:01.678Z","2025-10-17T05:56:01.678Z"
"68f1da5690ad734984f7e3cb","optional","68f1da5290ad734984f7d5bf","2025-10-17T05:56:01.678Z","2025-10-17T05:56:01.678Z"
"68f1da5690ad734984f7e9a0","optional","68f1da5290ad734984f7d5bf","2025-10-17T05:56:01.678Z","2025-10-17T05:56:01.678Z"
"68f1da5790ad734984f7f0d6","optional","68f1da5290ad734984f7d5bf","2025-10-17T05:56:01.678Z","2025-10-17T05:56:01.678Z"
"68f1da5a90ad734984f7f7ce","optional","68f1da5290ad734984f7d5bf","2025-10-17T05:56:01.678Z","2025-10-17T05:56:01.678Z"
"68f1da5290ad734984f7d054","optional","68f1da5290ad734984f7d5c0","2025-10-17T05:56:01.678Z","2025-10-17T05:56:01.678Z"
"68f1da5690ad734984f7e112","optional","68f1da5290ad734984f7d5c0","2025-10-17T05:56:01.678Z","2025-10-17T05:56:01.678Z"
"68f1da5a90ad734984f7fb9a","optional","68f1da5290ad734984f7d5c0","2025-10-17T05:56:01.678Z","2025-10-17T05:56:01.678Z"
"68f1da5290ad734984f7d559","optional","68f1da5290ad734984f7d5c1","2025-10-17T05:56:01.678Z","2025-10-17T05:56:01.678Z"
"68f1da5690ad734984f7e843","optional","68f1da5290ad734984f7d5c9","2025-10-17T05:56:01.678Z","2025-10-17T05:56:01.678Z"
"68f1da5290ad734984f7cd10","optional","68f1da5290ad734984f7d5c9","2025-10-17T05:56:01.678Z","2025-10-17T05:56:01.678Z"
"68f1da5290ad734984f7d244","optional","68f1da5290ad734984f7d5cd","2025-10-17T05:56:01.679Z","2025-10-17T05:56:01.679Z"
"68f1da5690ad734984f7e14a","optional","68f1da5290ad734984f7d5ce","2025-10-17T05:56:01.679Z","2025-10-17T05:56:01.679Z"
"68f1da5790ad734984f7f0a7","optional","68f1da5290ad734984f7d5ce","2025-10-17T05:56:01.679Z","2025-10-17T05:56:01.679Z"
"68f1da5290ad734984f7cf0e","optional","68f1da5290ad734984f7d5ce","2025-10-17T05:56:01.679Z","2025-10-17T05:56:01.679Z"
"68f1da5a90ad734984f7fafc","optional","68f1da5290ad734984f7d5ce","2025-10-17T05:56:01.679Z","2025-10-17T05:56:01.679Z"
"68f1da5290ad734984f7cc05","optional","68f1da5290ad734984f7d5d9","2025-10-17T05:56:01.679Z","2025-10-17T05:56:01.679Z"
"68f1da5690ad734984f7e7db","essential","68f1da5290ad734984f7d5d9","2025-10-17T05:56:01.679Z","2025-10-17T05:56:01.679Z"
"68f1da5690ad734984f7e836","optional","68f1da5290ad734984f7d5d9","2025-10-17T05:56:01.679Z","2025-10-17T05:56:01.679Z"
"68f1da5690ad734984f7ec1e","essential","68f1da5290ad734984f7d5d9","2025-10-17T05:56:01.679Z","2025-10-17T05:56:01.679Z"
"68f1da5290ad734984f7d032","optional","68f1da5290ad734984f7d5dc","2025-10-17T05:56:01.680Z","2025-10-17T05:56:01.680Z"
"68f1da5290ad734984f7dc9c","optional","68f1da5290ad734984f7d5dc","2025-10-17T05:56:01.680Z","2025-10-17T05:56:01.680Z"
"68f1da5690ad734984f7ebda","optional","68f1da5290ad734984f7d5dc","2025-10-17T05:56:01.680Z","2025-10-17T05:56:01.680Z"
"68f1da5a90ad734984f7f2fa","optional","68f1da5290ad734984f7d5dc","2025-10-17T05:56:01.680Z","2025-10-17T05:56:01.680Z"
"68f1da5a90ad734984f7fcb2","optional","68f1da5290ad734984f7d5dc","2025-10-17T05:56:01.680Z","2025-10-17T05:56:01.680Z"
"68f1da5690ad734984f7df5f","optional","68f1da5290ad734984f7d5dc","2025-10-17T05:56:01.680Z","2025-10-17T05:56:01.680Z"
"68f1da5a90ad734984f80172","optional","68f1da5290ad734984f7d5e2","2025-10-17T05:56:01.680Z","2025-10-17T05:56:01.680Z"
"68f1da5290ad734984f7d9dd","optional","68f1da5290ad734984f7d5e2","2025-10-17T05:56:01.680Z","2025-10-17T05:56:01.680Z"
"68f1da5690ad734984f7eb77","optional","68f1da5290ad734984f7d5e2","2025-10-17T05:56:01.680Z","2025-10-17T05:56:01.680Z"
"68f1da5a90ad734984f800b5","optional","68f1da5290ad734984f7d5e2","2025-10-17T05:56:01.680Z","2025-10-17T05:56:01.680Z"
"68f1da5690ad734984f7e9cd","optional","68f1da5290ad734984f7d5e6","2025-10-17T05:56:01.678Z","2025-10-17T05:56:01.678Z"
"68f1da5290ad734984f7d9ea","optional","68f1da5290ad734984f7d5e8","2025-10-17T05:56:01.678Z","2025-10-17T05:56:01.678Z"
"68f1da5290ad734984f7d221","optional","68f1da5290ad734984f7d5e8","2025-10-17T05:56:01.678Z","2025-10-17T05:56:01.678Z"
"68f1da5a90ad734984f7f6da","optional","68f1da5290ad734984f7d5e8","2025-10-17T05:56:01.678Z","2025-10-17T05:56:01.678Z"
"68f1da5290ad734984f7d511","optional","68f1da5290ad734984f7d5f3","2025-10-17T05:56:01.678Z","2025-10-17T05:56:01.678Z"
"68f1da5a90ad734984f7fd8e","optional","68f1da5290ad734984f7d5f3","2025-10-17T05:56:01.679Z","2025-10-17T05:56:01.679Z"
"68f1da5790ad734984f7ef71","optional","68f1da5290ad734984f7d5f3","2025-10-17T05:56:01.679Z","2025-10-17T05:56:01.679Z"
"68f1da5290ad734984f7cc17","optional","68f1da5290ad734984f7d5f6","2025-10-17T05:56:01.679Z","2025-10-17T05:56:01.679Z"
"68f1da5690ad734984f7df97","optional","68f1da5290ad734984f7d5f6","2025-10-17T05:56:01.679Z","2025-10-17T05:56:01.679Z"
"68f1da5290ad734984f7d099","optional","68f1da5290ad734984f7d5f6","2025-10-17T05:56:01.679Z","2025-10-17T05:56:01.679Z"
"68f1da5290ad734984f7ce93","optional","68f1da5290ad734984f7d600","2025-10-17T05:56:01.679Z","2025-10-17T05:56:01.679Z"
"68f1da5290ad734984f7d6da","optional","68f1da5290ad734984f7d600","2025-10-17T05:56:01.679Z","2025-10-17T05:56:01.679Z"
"68f1da5a90ad734984f7f71b","optional","68f1da5290ad734984f7d600","2025-10-17T05:56:01.679Z","2025-10-17T05:56:01.679Z"
"68f1da5a90ad734984f80120","optional","68f1da5290ad734984f7d604","2025-10-17T05:56:01.679Z","2025-10-17T05:56:01.679Z"
"68f1da5a90ad734984f7f7ba","optional","68f1da5290ad734984f7d60b","2025-10-17T05:56:01.679Z","2025-10-17T05:56:01.679Z"
"68f1da5790ad734984f7ef74","optional","68f1da5290ad734984f7d60b","2025-10-17T05:56:01.679Z","2025-10-17T05:56:01.679Z"
"68f1da5290ad734984f7db38","optional","68f1da5290ad734984f7d60c","2025-10-17T05:56:01.679Z","2025-10-17T05:56:01.679Z"
"68f1da5a90ad734984f7fc7a","optional","68f1da5290ad734984f7d60c","2025-10-17T05:56:01.679Z","2025-10-17T05:56:01.679Z"
"68f1da5290ad734984f7dde6","optional","68f1da5290ad734984f7d60d","2025-10-17T05:56:01.679Z","2025-10-17T05:56:01.679Z"
"68f1da5690ad734984f7e0ec","optional","68f1da5290ad734984f7d614","2025-10-17T05:56:01.679Z","2025-10-17T05:56:01.679Z"
"68f1da5690ad734984f7ec38","optional","68f1da5290ad734984f7d615","2025-10-17T05:56:01.679Z","2025-10-17T05:56:01.679Z"
"68f1da5290ad734984f7d4fc","optional","68f1da5290ad734984f7d615","2025-10-17T05:56:01.679Z","2025-10-17T05:56:01.679Z"
"68f1da5290ad734984f7d07d","optional","68f1da5290ad734984f7d615","2025-10-17T05:56:01.679Z","2025-10-17T05:56:01.679Z"
"68f1da5690ad734984f7ee6e","optional","68f1da5290ad734984f7d615","2025-10-17T05:56:01.679Z","2025-10-17T05:56:01.679Z"
"68f1da5790ad734984f7f1b0","optional","68f1da5290ad734984f7d61b","2025-10-17T05:56:01.679Z","2025-10-17T05:56:01.679Z"
"68f1da5290ad734984f7deaf","optional","68f1da5290ad734984f7d627","2025-10-17T05:56:01.679Z","2025-10-17T05:56:01.679Z"
"68f1da5290ad734984f7deba","optional","68f1da5290ad734984f7d627","2025-10-17T05:56:01.679Z","2025-10-17T05:56:01.679Z"
"68f1da5690ad734984f7ea2a","optional","68f1da5290ad734984f7d627","2025-10-17T05:56:01.679Z","2025-10-17T05:56:01.679Z"
"68f1da5290ad734984f7d12f","optional","68f1da5290ad734984f7d627","2025-10-17T05:56:01.679Z","2025-10-17T05:56:01.679Z"
"68f1da5690ad734984f7ea6d","optional","68f1da5290ad734984f7d633","2025-10-17T05:56:01.680Z","2025-10-17T05:56:01.680Z"
"68f1da5790ad734984f7f107","optional","68f1da5290ad734984f7d633","2025-10-17T05:56:01.680Z","2025-10-17T05:56:01.680Z"
"68f1da5690ad734984f7ed25","optional","68f1da5290ad734984f7d633","2025-10-17T05:56:01.680Z","2025-10-17T05:56:01.680Z"
"68f1da5a90ad734984f7f4cd","optional","68f1da5290ad734984f7d633","2025-10-17T05:56:01.680Z","2025-10-17T05:56:01.680Z"
"68f1da5290ad734984f7d3c7","optional","68f1da5290ad734984f7d633","2025-10-17T05:56:01.680Z","2025-10-17T05:56:01.680Z"
"68f1da5a90ad734984f7f494","optional","68f1da5290ad734984f7d633","2025-10-17T05:56:01.680Z","2025-10-17T05:56:01.680Z"
"68f1da5690ad734984f7ea91","optional","68f1da5290ad734984f7d63a","2025-10-17T05:56:01.680Z","2025-10-17T05:56:01.680Z"
"68f1da5a90ad734984f7f979","optional","68f1da5290ad734984f7d63a","2025-10-17T05:56:01.680Z","2025-10-17T05:56:01.680Z"
"68f1da5a90ad734984f7f9ce","optional","68f1da5290ad734984f7d63a","2025-10-17T05:56:01.680Z","2025-10-17T05:56:01.680Z"
"68f1da5a90ad734984f7fae9","optional","68f1da5290ad734984f7d63a","2025-10-17T05:56:01.680Z","2025-10-17T05:56:01.680Z"
"68f1da5a90ad734984f7fb5f","optional","68f1da5290ad734984f7d63a","2025-10-17T05:56:01.680Z","2025-10-17T05:56:01.680Z"
"68f1da5690ad734984f7def8","optional","68f1da5290ad734984f7d654","2025-10-17T05:56:01.680Z","2025-10-17T05:56:01.680Z"
"68f1da5690ad734984f7e14e","optional","68f1da5290ad734984f7d654","2025-10-17T05:56:01.680Z","2025-10-17T05:56:01.680Z"
"68f1da5a90ad734984f7f747","optional","68f1da5290ad734984f7d654","2025-10-17T05:56:01.680Z","2025-10-17T05:56:01.680Z"
"68f1da5a90ad734984f7fe8c","optional","68f1da5290ad734984f7d654","2025-10-17T05:56:01.680Z","2025-10-17T05:56:01.680Z"
"68f1da5690ad734984f7df29","optional","68f1da5290ad734984f7d654","2025-10-17T05:56:01.680Z","2025-10-17T05:56:01.680Z"
"68f1da5690ad734984f7e2b7","optional","68f1da5290ad734984f7d654","2025-10-17T05:56:01.680Z","2025-10-17T05:56:01.680Z"
"68f1da5290ad734984f7d477","essential","68f1da5290ad734984f7d659","2025-10-17T05:56:01.680Z","2025-10-17T05:56:01.680Z"
"68f1da5690ad734984f7e589","essential","68f1da5290ad734984f7d659","2025-10-17T05:56:01.680Z","2025-10-17T05:56:01.680Z"
"68f1da5290ad734984f7de7d","optional","68f1da5290ad734984f7d661","2025-10-17T05:56:01.680Z","2025-10-17T05:56:01.680Z"
"68f1da5290ad734984f7d4e1","optional","68f1da5290ad734984f7d663","2025-10-17T05:56:01.680Z","2025-10-17T05:56:01.680Z"
"68f1da5a90ad734984f7fffb","optional","68f1da5290ad734984f7d663","2025-10-17T05:56:01.680Z","2025-10-17T05:56:01.680Z"
"68f1da5690ad734984f7e99f","optional","68f1da5290ad734984f7d66c","2025-10-17T05:56:01.680Z","2025-10-17T05:56:01.680Z"
"68f1da5290ad734984f7d243","optional","68f1da5290ad734984f7d67a","2025-10-17T05:56:01.681Z","2025-10-17T05:56:01.681Z"
"68f1da5290ad734984f7ccf4","optional","68f1da5290ad734984f7d67a","2025-10-17T05:56:01.680Z","2025-10-17T05:56:01.680Z"
"68f1da5690ad734984f7e497","optional","68f1da5290ad734984f7d681","2025-10-17T05:56:01.681Z","2025-10-17T05:56:01.681Z"
"68f1da5690ad734984f7e80a","optional","68f1da5290ad734984f7d681","2025-10-17T05:56:01.681Z","2025-10-17T05:56:01.681Z"
"68f1da5a90ad734984f7ffbc","optional","68f1da5290ad734984f7d681","2025-10-17T05:56:01.681Z","2025-10-17T05:56:01.681Z"
"68f1da5290ad734984f7cfb7","optional","68f1da5290ad734984f7d681","2025-10-17T05:56:01.681Z","2025-10-17T05:56:01.681Z"
"68f1da5290ad734984f7d1cb","optional","68f1da5290ad734984f7d681","2025-10-17T05:56:01.681Z","2025-10-17T05:56:01.681Z"
"68f1da5a90ad734984f7f943","optional","68f1da5290ad734984f7d682","2025-10-17T05:56:01.681Z","2025-10-17T05:56:01.681Z"
"68f1da5290ad734984f7d659","essential","68f1da5290ad734984f7d68d","2025-10-17T05:56:01.681Z","2025-10-17T05:56:01.681Z"
"68f1da5290ad734984f7db21","optional","68f1da5290ad734984f7d6aa","2025-10-17T05:56:01.681Z","2025-10-17T05:56:01.681Z"
"68f1da5690ad734984f7ee2f","optional","68f1da5290ad734984f7d6af","2025-10-17T05:56:01.681Z","2025-10-17T05:56:01.681Z"
"68f1da5a90ad734984f7f794","optional","68f1da5290ad734984f7d6b0","2025-10-17T05:56:01.681Z","2025-10-17T05:56:01.681Z"
"68f1da5a90ad734984f7f4be","optional","68f1da5290ad734984f7d6b0","2025-10-17T05:56:01.681Z","2025-10-17T05:56:01.681Z"
"68f1da5a90ad734984f7fa8a","optional","68f1da5290ad734984f7d6b0","2025-10-17T05:56:01.681Z","2025-10-17T05:56:01.681Z"
"68f1da5a90ad734984f7fe29","optional","68f1da5290ad734984f7d6b0","2025-10-17T05:56:01.681Z","2025-10-17T05:56:01.681Z"
"68f1da5a90ad734984f7fd92","optional","68f1da5290ad734984f7d6b6","2025-10-17T05:56:01.681Z","2025-10-17T05:56:01.681Z"
"68f1da5a90ad734984f7f461","optional","68f1da5290ad734984f7d6c0","2025-10-17T05:56:01.681Z","2025-10-17T05:56:01.681Z"
"68f1da5a90ad734984f7f625","optional","68f1da5290ad734984f7d6cd","2025-10-17T05:56:01.689Z","2025-10-17T05:56:01.689Z"
"68f1da5a90ad734984f7fa6c","optional","68f1da5290ad734984f7d6cd","2025-10-17T05:56:01.689Z","2025-10-17T05:56:01.689Z"
"68f1da5690ad734984f7e84e","optional","68f1da5290ad734984f7d6cd","2025-10-17T05:56:01.681Z","2025-10-17T05:56:01.681Z"
"68f1da5790ad734984f7f152","optional","68f1da5290ad734984f7d6cd","2025-10-17T05:56:01.681Z","2025-10-17T05:56:01.681Z"
"68f1da5790ad734984f7f115","optional","68f1da5290ad734984f7d6cd","2025-10-17T05:56:01.681Z","2025-10-17T05:56:01.681Z"
"68f1da5a90ad734984f7f936","optional","68f1da5290ad734984f7d6cd","2025-10-17T05:56:01.689Z","2025-10-17T05:56:01.689Z"
"68f1da5a90ad734984f7fa60","optional","68f1da5290ad734984f7d6cd","2025-10-17T05:56:01.689Z","2025-10-17T05:56:01.689Z"
"68f1da5a90ad734984f7fb53","optional","68f1da5290ad734984f7d6cd","2025-10-17T05:56:01.689Z","2025-10-17T05:56:01.689Z"
"68f1da5290ad734984f7dc1c","optional","68f1da5290ad734984f7d6d9","2025-10-17T05:56:01.690Z","2025-10-17T05:56:01.690Z"
"68f1da5690ad734984f7eb59","optional","68f1da5290ad734984f7d6d9","2025-10-17T05:56:01.690Z","2025-10-17T05:56:01.690Z"
"68f1da5790ad734984f7efa1","optional","68f1da5290ad734984f7d6d9","2025-10-17T05:56:01.690Z","2025-10-17T05:56:01.690Z"
"68f1da5a90ad734984f7f49a","optional","68f1da5290ad734984f7d6d9","2025-10-17T05:56:01.690Z","2025-10-17T05:56:01.690Z"
"68f1da5a90ad734984f7fcee","optional","68f1da5290ad734984f7d6d9","2025-10-17T05:56:01.690Z","2025-10-17T05:56:01.690Z"
"68f1da5290ad734984f7cc71","optional","68f1da5290ad734984f7d6d9","2025-10-17T05:56:01.689Z","2025-10-17T05:56:01.689Z"
"68f1da5290ad734984f7db45","optional","68f1da5290ad734984f7d6d9","2025-10-17T05:56:01.690Z","2025-10-17T05:56:01.690Z"
"68f1da5790ad734984f7f224","optional","68f1da5290ad734984f7d6d9","2025-10-17T05:56:01.690Z","2025-10-17T05:56:01.690Z"
"68f1da5a90ad734984f7f8ec","optional","68f1da5290ad734984f7d6dc","2025-10-17T05:56:01.690Z","2025-10-17T05:56:01.690Z"
"68f1da5690ad734984f7ed6d","optional","68f1da5290ad734984f7d6e0","2025-10-17T05:56:01.690Z","2025-10-17T05:56:01.690Z"
"68f1da5a90ad734984f7f282","optional","68f1da5290ad734984f7d6e0","2025-10-17T05:56:01.690Z","2025-10-17T05:56:01.690Z"
"68f1da5290ad734984f7cd2f","optional","68f1da5290ad734984f7d6e0","2025-10-17T05:56:01.690Z","2025-10-17T05:56:01.690Z"
"68f1da5290ad734984f7d136","optional","68f1da5290ad734984f7d6e2","2025-10-17T05:56:01.690Z","2025-10-17T05:56:01.690Z"
"68f1da5290ad734984f7cd80","optional","68f1da5290ad734984f7d6e2","2025-10-17T05:56:01.690Z","2025-10-17T05:56:01.690Z"
"68f1da5a90ad734984f7f99a","essential","68f1da5290ad734984f7d6e2","2025-10-17T05:56:01.690Z","2025-10-17T05:56:01.690Z"
"68f1da5290ad734984f7d203","optional","68f1da5290ad734984f7d6fc","2025-10-17T05:56:01.690Z","2025-10-17T05:56:01.690Z"
"68f1da5790ad734984f7efec","optional","68f1da5290ad734984f7d6fc","2025-10-17T05:56:01.690Z","2025-10-17T05:56:01.690Z"
"68f1da5690ad734984f7ed40","optional","68f1da5290ad734984f7d6fc","2025-10-17T05:56:01.690Z","2025-10-17T05:56:01.690Z"
"68f1da5290ad734984f7cc20","optional","68f1da5290ad734984f7d6fe","2025-10-17T05:56:01.690Z","2025-10-17T05:56:01.690Z"
"68f1da5290ad734984f7cdf6","optional","68f1da5290ad734984f7d6fe","2025-10-17T05:56:01.690Z","2025-10-17T05:56:01.690Z"
"68f1da5290ad734984f7d7da","optional","68f1da5290ad734984f7d6fe","2025-10-17T05:56:01.690Z","2025-10-17T05:56:01.690Z"
"68f1da5290ad734984f7dab1","optional","68f1da5290ad734984f7d712","2025-10-17T05:56:01.691Z","2025-10-17T05:56:01.691Z"
"68f1da5a90ad734984f7f2ae","optional","68f1da5290ad734984f7d712","2025-10-17T05:56:01.691Z","2025-10-17T05:56:01.691Z"
"68f1da5a90ad734984f7f860","optional","68f1da5290ad734984f7d712","2025-10-17T05:56:01.691Z","2025-10-17T05:56:01.691Z"
"68f1da5290ad734984f7d9bd","optional","68f1da5290ad734984f7d712","2025-10-17T05:56:01.690Z","2025-10-17T05:56:01.690Z"
"68f1da5290ad734984f7dc29","optional","68f1da5290ad734984f7d712","2025-10-17T05:56:01.691Z","2025-10-17T05:56:01.691Z"
"68f1da5790ad734984f7f01e","optional","68f1da5290ad734984f7d717","2025-10-17T05:56:01.691Z","2025-10-17T05:56:01.691Z"
"68f1da5290ad734984f7dc6e","optional","68f1da5290ad734984f7d717","2025-10-17T05:56:01.691Z","2025-10-17T05:56:01.691Z"
"68f1da5690ad734984f7e609","optional","68f1da5290ad734984f7d717","2025-10-17T05:56:01.691Z","2025-10-17T05:56:01.691Z"
"68f1da5a90ad734984f7f303","essential","68f1da5290ad734984f7d71a","2025-10-17T05:56:01.691Z","2025-10-17T05:56:01.691Z"
"68f1da5290ad734984f7cebf","optional","68f1da5290ad734984f7d71b","2025-10-17T05:56:01.691Z","2025-10-17T05:56:01.691Z"
"68f1da5290ad734984f7d70f","optional","68f1da5290ad734984f7d71b","2025-10-17T05:56:01.691Z","2025-10-17T05:56:01.691Z"
"68f1da5290ad734984f7dbac","optional","68f1da5290ad734984f7d71b","2025-10-17T05:56:01.691Z","2025-10-17T05:56:01.691Z"
"68f1da5690ad734984f7df60","optional","68f1da5290ad734984f7d71b","2025-10-17T05:56:01.691Z","2025-10-17T05:56:01.691Z"
"68f1da5a90ad734984f7f926","optional","68f1da5290ad734984f7d71b","2025-10-17T05:56:01.691Z","2025-10-17T05:56:01.691Z"
"68f1da5a90ad734984f7f67d","optional","68f1da5290ad734984f7d71b","2025-10-17T05:56:01.691Z","2025-10-17T05:56:01.691Z"
"68f1da5290ad734984f7d04d","optional","68f1da5290ad734984f7d721","2025-10-17T05:56:01.691Z","2025-10-17T05:56:01.691Z"
"68f1da5790ad734984f7f05d","optional","68f1da5290ad734984f7d733","2025-10-17T05:56:01.690Z","2025-10-17T05:56:01.690Z"
"68f1da5690ad734984f7e519","optional","68f1da5290ad734984f7d733","2025-10-17T05:56:01.690Z","2025-10-17T05:56:01.690Z"
"68f1da5a90ad734984f7feb1","optional","68f1da5290ad734984f7d739","2025-10-17T05:56:01.690Z","2025-10-17T05:56:01.690Z"
"68f1da5690ad734984f7edfb","optional","68f1da5290ad734984f7d73d","2025-10-17T05:56:01.690Z","2025-10-17T05:56:01.690Z"
"68f1da5a90ad734984f7fbb7","optional","68f1da5290ad734984f7d73d","2025-10-17T05:56:01.690Z","2025-10-17T05:56:01.690Z"
"68f1da5690ad734984f7ec7f","optional","68f1da5290ad734984f7d73d","2025-10-17T05:56:01.690Z","2025-10-17T05:56:01.690Z"
"68f1da5690ad734984f7ee2b","optional","68f1da5290ad734984f7d73d","2025-10-17T05:56:01.690Z","2025-10-17T05:56:01.690Z"
"68f1da5690ad734984f7edee","optional","68f1da5290ad734984f7d73d","2025-10-17T05:56:01.690Z","2025-10-17T05:56:01.690Z"
"68f1da5290ad734984f7d44a","optional","68f1da5290ad734984f7d73f","2025-10-17T05:56:01.690Z","2025-10-17T05:56:01.690Z"
"68f1da5690ad734984f7e500","optional","68f1da5290ad734984f7d73f","2025-10-17T05:56:01.690Z","2025-10-17T05:56:01.690Z"
"68f1da5290ad734984f7d236","optional","68f1da5290ad734984f7d73f","2025-10-17T05:56:01.690Z","2025-10-17T05:56:01.690Z"
"68f1da5690ad734984f7eaad","optional","68f1da5290ad734984f7d741","2025-10-17T05:56:01.691Z","2025-10-17T05:56:01.691Z"
"68f1da5290ad734984f7d41e","optional","68f1da5290ad734984f7d744","2025-10-17T05:56:01.691Z","2025-10-17T05:56:01.691Z"
"68f1da5290ad734984f7d920","optional","68f1da5290ad734984f7d745","2025-10-17T05:56:01.691Z","2025-10-17T05:56:01.691Z"
"68f1da5a90ad734984f7f514","optional","68f1da5290ad734984f7d745","2025-10-17T05:56:01.691Z","2025-10-17T05:56:01.691Z"
"68f1da5290ad734984f7d7e1","optional","68f1da5290ad734984f7d745","2025-10-17T05:56:01.691Z","2025-10-17T05:56:01.691Z"
"68f1da5290ad734984f7dad8","optional","68f1da5290ad734984f7d745","2025-10-17T05:56:01.691Z","2025-10-17T05:56:01.691Z"
"68f1da5690ad734984f7e285","optional","68f1da5290ad734984f7d745","2025-10-17T05:56:01.691Z","2025-10-17T05:56:01.691Z"
"68f1da5a90ad734984f7f948","optional","68f1da5290ad734984f7d747","2025-10-17T05:56:01.691Z","2025-10-17T05:56:01.691Z"
"68f1da5a90ad734984f7f462","optional","68f1da5290ad734984f7d74e","2025-10-17T05:56:01.691Z","2025-10-17T05:56:01.691Z"
"68f1da5290ad734984f7d87d","optional","68f1da5290ad734984f7d754","2025-10-17T05:56:01.691Z","2025-10-17T05:56:01.691Z"
"68f1da5290ad734984f7d17c","optional","68f1da5290ad734984f7d754","2025-10-17T05:56:01.691Z","2025-10-17T05:56:01.691Z"
"68f1da5690ad734984f7e2a1","optional","68f1da5290ad734984f7d759","2025-10-17T05:56:01.691Z","2025-10-17T05:56:01.691Z"
"68f1da5290ad734984f7cf67","optional","68f1da5290ad734984f7d759","2025-10-17T05:56:01.691Z","2025-10-17T05:56:01.691Z"
"68f1da5690ad734984f7e155","optional","68f1da5290ad734984f7d759","2025-10-17T05:56:01.691Z","2025-10-17T05:56:01.691Z"
"68f1da5290ad734984f7ceac","essential","68f1da5290ad734984f7d759","2025-10-17T05:56:01.691Z","2025-10-17T05:56:01.691Z"
"68f1da5690ad734984f7e9a9","essential","68f1da5290ad734984f7d759","2025-10-17T05:56:01.691Z","2025-10-17T05:56:01.691Z"
"68f1da5790ad734984f7ef53","optional","68f1da5290ad734984f7d760","2025-10-17T05:56:01.691Z","2025-10-17T05:56:01.691Z"
"68f1da5690ad734984f7e3a3","optional","68f1da5290ad734984f7d769","2025-10-17T05:56:01.691Z","2025-10-17T05:56:01.691Z"
"68f1da5790ad734984f7f034","optional","68f1da5290ad734984f7d769","2025-10-17T05:56:01.692Z","2025-10-17T05:56:01.692Z"
"68f1da5790ad734984f7f16a","optional","68f1da5290ad734984f7d769","2025-10-17T05:56:01.692Z","2025-10-17T05:56:01.692Z"
"68f1da5a90ad734984f7fea5","essential","68f1da5290ad734984f7d76a","2025-10-17T05:56:01.692Z","2025-10-17T05:56:01.692Z"
"68f1da5290ad734984f7cf96","optional","68f1da5290ad734984f7d770","2025-10-17T05:56:01.692Z","2025-10-17T05:56:01.692Z"
"68f1da5290ad734984f7d586","optional","68f1da5290ad734984f7d770","2025-10-17T05:56:01.692Z","2025-10-17T05:56:01.692Z"
"68f1da5690ad734984f7e416","optional","68f1da5290ad734984f7d770","2025-10-17T05:56:01.692Z","2025-10-17T05:56:01.692Z"
"68f1da5790ad734984f7f205","optional","68f1da5290ad734984f7d770","2025-10-17T05:56:01.692Z","2025-10-17T05:56:01.692Z"
"68f1da5a90ad734984f7f2de","optional","68f1da5290ad734984f7d770","2025-10-17T05:56:01.692Z","2025-10-17T05:56:01.692Z"
"68f1da5690ad734984f7e837","optional","68f1da5290ad734984f7d770","2025-10-17T05:56:01.692Z","2025-10-17T05:56:01.692Z"
"68f1da5290ad734984f7da57","optional","68f1da5290ad734984f7d770","2025-10-17T05:56:01.692Z","2025-10-17T05:56:01.692Z"
"68f1da5690ad734984f7e272","optional","68f1da5290ad734984f7d770","2025-10-17T05:56:01.692Z","2025-10-17T05:56:01.692Z"
"68f1da5a90ad734984f7f82e","optional","68f1da5290ad734984f7d770","2025-10-17T05:56:01.692Z","2025-10-17T05:56:01.692Z"
"68f1da5290ad734984f7d108","optional","68f1da5290ad734984f7d770","2025-10-17T05:56:01.692Z","2025-10-17T05:56:01.692Z"
"68f1da5690ad734984f7edef","optional","68f1da5290ad734984f7d770","2025-10-17T05:56:01.692Z","2025-10-17T05:56:01.692Z"
"68f1da5290ad734984f7d2e6","optional","68f1da5290ad734984f7d779","2025-10-17T05:56:01.692Z","2025-10-17T05:56:01.692Z"
"68f1da5790ad734984f7eef3","optional","68f1da5290ad734984f7d77c","2025-10-17T05:56:01.692Z","2025-10-17T05:56:01.692Z"
"68f1da5290ad734984f7d77a","optional","68f1da5290ad734984f7d787","2025-10-17T05:56:01.692Z","2025-10-17T05:56:01.692Z"
"68f1da5690ad734984f7eaf4","optional","68f1da5290ad734984f7d787","2025-10-17T05:56:01.692Z","2025-10-17T05:56:01.692Z"
"68f1da5790ad734984f7eee0","optional","68f1da5290ad734984f7d787","2025-10-17T05:56:01.692Z","2025-10-17T05:56:01.692Z"
"68f1da5290ad734984f7d195","optional","68f1da5290ad734984f7d787","2025-10-17T05:56:01.692Z","2025-10-17T05:56:01.692Z"
"68f1da5790ad734984f7f1bd","optional","68f1da5290ad734984f7d787","2025-10-17T05:56:01.692Z","2025-10-17T05:56:01.692Z"
"68f1da5a90ad734984f7fb62","optional","68f1da5290ad734984f7d787","2025-10-17T05:56:01.692Z","2025-10-17T05:56:01.692Z"
"68f1da5290ad734984f7d764","optional","68f1da5290ad734984f7d78c","2025-10-17T05:56:01.693Z","2025-10-17T05:56:01.693Z"
"68f1da5690ad734984f7e495","optional","68f1da5290ad734984f7d78c","2025-10-17T05:56:01.693Z","2025-10-17T05:56:01.693Z"
"68f1da5290ad734984f7dd87","optional","68f1da5290ad734984f7d797","2025-10-17T05:56:01.693Z","2025-10-17T05:56:01.693Z"
"68f1da5290ad734984f7cc76","optional","68f1da5290ad734984f7d79b","2025-10-17T05:56:01.693Z","2025-10-17T05:56:01.693Z"
"68f1da5690ad734984f7e43e","optional","68f1da5290ad734984f7d79b","2025-10-17T05:56:01.693Z","2025-10-17T05:56:01.693Z"
"68f1da5290ad734984f7d287","optional","68f1da5290ad734984f7d79b","2025-10-17T05:56:01.693Z","2025-10-17T05:56:01.693Z"
"68f1da5690ad734984f7e963","optional","68f1da5290ad734984f7d79b","2025-10-17T05:56:01.693Z","2025-10-17T05:56:01.693Z"
"68f1da5a90ad734984f7f864","optional","68f1da5290ad734984f7d79b","2025-10-17T05:56:01.693Z","2025-10-17T05:56:01.693Z"
"68f1da5290ad734984f7d5d0","optional","68f1da5290ad734984f7d79b","2025-10-17T05:56:01.693Z","2025-10-17T05:56:01.693Z"
"68f1da5290ad734984f7dd85","optional","68f1da5290ad734984f7d79b","2025-10-17T05:56:01.693Z","2025-10-17T05:56:01.693Z"
"68f1da5290ad734984f7d803","optional","68f1da5290ad734984f7d79c","2025-10-17T05:56:01.693Z","2025-10-17T05:56:01.693Z"
"68f1da5790ad734984f7f119","optional","68f1da5290ad734984f7d79c","2025-10-17T05:56:01.693Z","2025-10-17T05:56:01.693Z"
"68f1da5a90ad734984f7fd43","optional","68f1da5290ad734984f7d79c","2025-10-17T05:56:01.693Z","2025-10-17T05:56:01.693Z"
"68f1da5a90ad734984f7fd2d","optional","68f1da5290ad734984f7d79c","2025-10-17T05:56:01.693Z","2025-10-17T05:56:01.693Z"
"68f1da5290ad734984f7d114","optional","68f1da5290ad734984f7d79c","2025-10-17T05:56:01.693Z","2025-10-17T05:56:01.693Z"
"68f1da5a90ad734984f7ffd0","optional","68f1da5290ad734984f7d79c","2025-10-17T05:56:01.709Z","2025-10-17T05:56:01.709Z"
"68f1da5290ad734984f7d62c","optional","68f1da5290ad734984f7d79c","2025-10-17T05:56:01.693Z","2025-10-17T05:56:01.693Z"
"68f1da5690ad734984f7e881","optional","68f1da5290ad734984f7d7ad","2025-10-17T05:56:01.710Z","2025-10-17T05:56:01.710Z"
"68f1da5290ad734984f7d685","optional","68f1da5290ad734984f7d7ad","2025-10-17T05:56:01.710Z","2025-10-17T05:56:01.710Z"
"68f1da5690ad734984f7e6f4","optional","68f1da5290ad734984f7d7af","2025-10-17T05:56:01.710Z","2025-10-17T05:56:01.710Z"
"68f1da5a90ad734984f7f748","optional","68f1da5290ad734984f7d7af","2025-10-17T05:56:01.710Z","2025-10-17T05:56:01.710Z"
"68f1da5290ad734984f7ce9b","optional","68f1da5290ad734984f7d7b1","2025-10-17T05:56:01.710Z","2025-10-17T05:56:01.710Z"
"68f1da5690ad734984f7e507","optional","68f1da5290ad734984f7d7b1","2025-10-17T05:56:01.710Z","2025-10-17T05:56:01.710Z"
"68f1da5290ad734984f7d9b6","optional","68f1da5290ad734984f7d7b2","2025-10-17T05:56:01.710Z","2025-10-17T05:56:01.710Z"
"68f1da5690ad734984f7ec3b","optional","68f1da5290ad734984f7d7b2","2025-10-17T05:56:01.710Z","2025-10-17T05:56:01.710Z"
"68f1da5a90ad734984f7f5b3","optional","68f1da5290ad734984f7d7b2","2025-10-17T05:56:01.710Z","2025-10-17T05:56:01.710Z"
"68f1da5290ad734984f7da9c","optional","68f1da5290ad734984f7d7b2","2025-10-17T05:56:01.710Z","2025-10-17T05:56:01.710Z"
"68f1da5790ad734984f7f083","optional","68f1da5290ad734984f7d7b2","2025-10-17T05:56:01.710Z","2025-10-17T05:56:01.710Z"
"68f1da5a90ad734984f7fe89","optional","68f1da5290ad734984f7d7b2","2025-10-17T05:56:01.710Z","2025-10-17T05:56:01.710Z"
"68f1da5290ad734984f7cd86","optional","68f1da5290ad734984f7d7b2","2025-10-17T05:56:01.710Z","2025-10-17T05:56:01.710Z"
"68f1da5a90ad734984f7f39f","optional","68f1da5290ad734984f7d7b2","2025-10-17T05:56:01.710Z","2025-10-17T05:56:01.710Z"
"68f1da5290ad734984f7d48e","optional","68f1da5290ad734984f7d7bc","2025-10-17T05:56:01.710Z","2025-10-17T05:56:01.710Z"
"68f1da5a90ad734984f7f344","optional","68f1da5290ad734984f7d7bc","2025-10-17T05:56:01.710Z","2025-10-17T05:56:01.710Z"
"68f1da5290ad734984f7d2f7","optional","68f1da5290ad734984f7d7bc","2025-10-17T05:56:01.710Z","2025-10-17T05:56:01.710Z"
"68f1da5790ad734984f7f122","optional","68f1da5290ad734984f7d7bc","2025-10-17T05:56:01.710Z","2025-10-17T05:56:01.710Z"
"68f1da5690ad734984f7e65a","optional","68f1da5290ad734984f7d7bd","2025-10-17T05:56:01.710Z","2025-10-17T05:56:01.710Z"
"68f1da5290ad734984f7d28a","optional","68f1da5290ad734984f7d7bd","2025-10-17T05:56:01.710Z","2025-10-17T05:56:01.710Z"
"68f1da5790ad734984f7efea","optional","68f1da5290ad734984f7d7bd","2025-10-17T05:56:01.710Z","2025-10-17T05:56:01.710Z"
"68f1da5290ad734984f7cb4a","optional","68f1da5290ad734984f7d7c0","2025-10-17T05:56:01.692Z","2025-10-17T05:56:01.692Z"
"68f1da5290ad734984f7dcaf","optional","68f1da5290ad734984f7d7c0","2025-10-17T05:56:01.692Z","2025-10-17T05:56:01.692Z"
"68f1da5690ad734984f7ed15","optional","68f1da5290ad734984f7d7c0","2025-10-17T05:56:01.692Z","2025-10-17T05:56:01.692Z"
"68f1da5690ad734984f7e67e","optional","68f1da5290ad734984f7d7c0","2025-10-17T05:56:01.692Z","2025-10-17T05:56:01.692Z"
"68f1da5690ad734984f7e61e","optional","68f1da5290ad734984f7d7c4","2025-10-17T05:56:01.692Z","2025-10-17T05:56:01.692Z"
"68f1da5a90ad734984f7f47d","optional","68f1da5290ad734984f7d7c4","2025-10-17T05:56:01.692Z","2025-10-17T05:56:01.692Z"
"68f1da5290ad734984f7d5c7","optional","68f1da5290ad734984f7d7c5","2025-10-17T05:56:01.692Z","2025-10-17T05:56:01.692Z"
"68f1da5290ad734984f7d417","optional","68f1da5290ad734984f7d7c5","2025-10-17T05:56:01.692Z","2025-10-17T05:56:01.692Z"
"68f1da5690ad734984f7e4f9","optional","68f1da5290ad734984f7d7ca","2025-10-17T05:56:01.692Z","2025-10-17T05:56:01.692Z"
"68f1da5690ad734984f7ebc6","optional","68f1da5290ad734984f7d7ca","2025-10-17T05:56:01.692Z","2025-10-17T05:56:01.692Z"
"68f1da5690ad734984f7eb68","optional","68f1da5290ad734984f7d7d0","2025-10-17T05:56:01.693Z","2025-10-17T05:56:01.693Z"
"68f1da5290ad734984f7d9a2","optional","68f1da5290ad734984f7d7d1","2025-10-17T05:56:01.693Z","2025-10-17T05:56:01.693Z"
"68f1da5690ad734984f7e26c","optional","68f1da5290ad734984f7d7d1","2025-10-17T05:56:01.693Z","2025-10-17T05:56:01.693Z"
"68f1da5290ad734984f7d2c9","optional","68f1da5290ad734984f7d7d8","2025-10-17T05:56:01.709Z","2025-10-17T05:56:01.709Z"
"68f1da5290ad734984f7de87","optional","68f1da5290ad734984f7d7d8","2025-10-17T05:56:01.710Z","2025-10-17T05:56:01.710Z"
"68f1da5290ad734984f7ced9","optional","68f1da5290ad734984f7d7d8","2025-10-17T05:56:01.709Z","2025-10-17T05:56:01.709Z"
"68f1da5290ad734984f7d995","optional","68f1da5290ad734984f7d7d8","2025-10-17T05:56:01.709Z","2025-10-17T05:56:01.709Z"
"68f1da5690ad734984f7e69e","optional","68f1da5290ad734984f7d7d8","2025-10-17T05:56:01.710Z","2025-10-17T05:56:01.710Z"
"68f1da5790ad734984f7ef61","optional","68f1da5290ad734984f7d7d8","2025-10-17T05:56:01.710Z","2025-10-17T05:56:01.710Z"
"68f1da5790ad734984f7f112","optional","68f1da5290ad734984f7d7d8","2025-10-17T05:56:01.710Z","2025-10-17T05:56:01.710Z"
"68f1da5a90ad734984f7f775","optional","68f1da5290ad734984f7d7dd","2025-10-17T05:56:01.710Z","2025-10-17T05:56:01.710Z"
"68f1da5290ad734984f7da57","optional","68f1da5290ad734984f7d7e4","2025-10-17T05:56:01.710Z","2025-10-17T05:56:01.710Z"
"68f1da5690ad734984f7e860","optional","68f1da5290ad734984f7d7e4","2025-10-17T05:56:01.710Z","2025-10-17T05:56:01.710Z"
"68f1da5690ad734984f7e1fa","optional","68f1da5290ad734984f7d7f7","2025-10-17T05:56:01.711Z","2025-10-17T05:56:01.711Z"
"68f1da5290ad734984f7d696","optional","68f1da5290ad734984f7d7f9","2025-10-17T05:56:01.711Z","2025-10-17T05:56:01.711Z"
"68f1da5690ad734984f7e934","optional","68f1da5290ad734984f7d7f9","2025-10-17T05:56:01.711Z","2025-10-17T05:56:01.711Z"
"68f1da5a90ad734984f80181","optional","68f1da5290ad734984f7d7f9","2025-10-17T05:56:01.711Z","2025-10-17T05:56:01.711Z"
"68f1da5290ad734984f7db49","optional","68f1da5290ad734984f7d7f9","2025-10-17T05:56:01.711Z","2025-10-17T05:56:01.711Z"
"68f1da5690ad734984f7dfdc","optional","68f1da5290ad734984f7d7f9","2025-10-17T05:56:01.711Z","2025-10-17T05:56:01.711Z"
"68f1da5a90ad734984f7f29b","optional","68f1da5290ad734984f7d7f9","2025-10-17T05:56:01.711Z","2025-10-17T05:56:01.711Z"
"68f1da5290ad734984f7d8e3","optional","68f1da5290ad734984f7d7f9","2025-10-17T05:56:01.711Z","2025-10-17T05:56:01.711Z"
"68f1da5790ad734984f7f0ca","optional","68f1da5290ad734984f7d7fd","2025-10-17T05:56:01.711Z","2025-10-17T05:56:01.711Z"
"68f1da5290ad734984f7dd40","optional","68f1da5290ad734984f7d7fd","2025-10-17T05:56:01.711Z","2025-10-17T05:56:01.711Z"
"68f1da5690ad734984f7e7d6","optional","68f1da5290ad734984f7d7fe","2025-10-17T05:56:01.711Z","2025-10-17T05:56:01.711Z"
"68f1da5a90ad734984f7f86c","optional","68f1da5290ad734984f7d801","2025-10-17T05:56:01.711Z","2025-10-17T05:56:01.711Z"
"68f1da5790ad734984f7efa0","optional","68f1da5290ad734984f7d80e","2025-10-17T05:56:01.710Z","2025-10-17T05:56:01.710Z"
"68f1da5a90ad734984f7f910","optional","68f1da5290ad734984f7d80e","2025-10-17T05:56:01.710Z","2025-10-17T05:56:01.710Z"
"68f1da5a90ad734984f7fbfe","optional","68f1da5290ad734984f7d80e","2025-10-17T05:56:01.710Z","2025-10-17T05:56:01.710Z"
"68f1da5290ad734984f7ceac","optional","68f1da5290ad734984f7d818","2025-10-17T05:56:01.710Z","2025-10-17T05:56:01.710Z"
"68f1da5690ad734984f7e2b7","optional","68f1da5290ad734984f7d818","2025-10-17T05:56:01.711Z","2025-10-17T05:56:01.711Z"
"68f1da5690ad734984f7e9a9","optional","68f1da5290ad734984f7d818","2025-10-17T05:56:01.711Z","2025-10-17T05:56:01.711Z"
"68f1da5690ad734984f7e746","optional","68f1da5290ad734984f7d818","2025-10-17T05:56:01.711Z","2025-10-17T05:56:01.711Z"
"68f1da5690ad734984f7e649","optional","68f1da5290ad734984f7d81a","2025-10-17T05:56:01.711Z","2025-10-17T05:56:01.711Z"
"68f1da5a90ad734984f7faeb","optional","68f1da5290ad734984f7d826","2025-10-17T05:56:01.712Z","2025-10-17T05:56:01.712Z"
"68f1da5a90ad734984f80030","optional","68f1da5290ad734984f7d826","2025-10-17T05:56:01.712Z","2025-10-17T05:56:01.712Z"
"68f1da5290ad734984f7cd10","optional","68f1da5290ad734984f7d826","2025-10-17T05:56:01.712Z","2025-10-17T05:56:01.712Z"
"68f1da5690ad734984f7e843","optional","68f1da5290ad734984f7d826","2025-10-17T05:56:01.712Z","2025-10-17T05:56:01.712Z"
"68f1da5690ad734984f7e533","optional","68f1da5290ad734984f7d826","2025-10-17T05:56:01.712Z","2025-10-17T05:56:01.712Z"
"68f1da5690ad734984f7e706","optional","68f1da5290ad734984f7d826","2025-10-17T05:56:01.712Z","2025-10-17T05:56:01.712Z"
"68f1da5a90ad734984f7f566","optional","68f1da5290ad734984f7d827","2025-10-17T05:56:01.712Z","2025-10-17T05:56:01.712Z"
"68f1da5690ad734984f7df5a","optional","68f1da5290ad734984f7d82f","2025-10-17T05:56:01.712Z","2025-10-17T05:56:01.712Z"
"68f1da5290ad734984f7d52d","optional","68f1da5290ad734984f7d831","2025-10-17T05:56:01.712Z","2025-10-17T05:56:01.712Z"
"68f1da5a90ad734984f7f909","optional","68f1da5290ad734984f7d831","2025-10-17T05:56:01.712Z","2025-10-17T05:56:01.712Z"
"68f1da5a90ad734984f7fa52","optional","68f1da5290ad734984f7d832","2025-10-17T05:56:01.712Z","2025-10-17T05:56:01.712Z"
"68f1da5690ad734984f7e2dd","optional","68f1da5290ad734984f7d832","2025-10-17T05:56:01.712Z","2025-10-17T05:56:01.712Z"
"68f1da5a90ad734984f7ff5a","optional","68f1da5290ad734984f7d832","2025-10-17T05:56:01.712Z","2025-10-17T05:56:01.712Z"
"68f1da5a90ad734984f80092","optional","68f1da5290ad734984f7d832","2025-10-17T05:56:01.712Z","2025-10-17T05:56:01.712Z"
"68f1da5a90ad734984f7ff71","optional","68f1da5290ad734984f7d839","2025-10-17T05:56:01.712Z","2025-10-17T05:56:01.712Z"
"68f1da5290ad734984f7ce0d","optional","68f1da5290ad734984f7d849","2025-10-17T05:56:01.712Z","2025-10-17T05:56:01.712Z"
"68f1da5a90ad734984f7fc1e","optional","68f1da5290ad734984f7d849","2025-10-17T05:56:01.712Z","2025-10-17T05:56:01.712Z"
"68f1da5a90ad734984f7fdf3","optional","68f1da5290ad734984f7d849","2025-10-17T05:56:01.712Z","2025-10-17T05:56:01.712Z"
"68f1da5690ad734984f7eb50","optional","68f1da5290ad734984f7d84f","2025-10-17T05:56:01.712Z","2025-10-17T05:56:01.712Z"
"68f1da5a90ad734984f7fdb0","optional","68f1da5290ad734984f7d84f","2025-10-17T05:56:01.712Z","2025-10-17T05:56:01.712Z"
"68f1da5290ad734984f7d52c","optional","68f1da5290ad734984f7d85a","2025-10-17T05:56:01.711Z","2025-10-17T05:56:01.711Z"
"68f1da5690ad734984f7ed7c","optional","68f1da5290ad734984f7d864","2025-10-17T05:56:01.711Z","2025-10-17T05:56:01.711Z"
"68f1da5a90ad734984f7f514","optional","68f1da5290ad734984f7d864","2025-10-17T05:56:01.711Z","2025-10-17T05:56:01.711Z"
"68f1da5a90ad734984f7f8f6","optional","68f1da5290ad734984f7d864","2025-10-17T05:56:01.711Z","2025-10-17T05:56:01.711Z"
"68f1da5a90ad734984f7f74c","optional","68f1da5290ad734984f7d864","2025-10-17T05:56:01.711Z","2025-10-17T05:56:01.711Z"
"68f1da5290ad734984f7d4d1","optional","68f1da5290ad734984f7d864","2025-10-17T05:56:01.711Z","2025-10-17T05:56:01.711Z"
"68f1da5290ad734984f7d9ac","optional","68f1da5290ad734984f7d864","2025-10-17T05:56:01.711Z","2025-10-17T05:56:01.711Z"
"68f1da5690ad734984f7e502","optional","68f1da5290ad734984f7d864","2025-10-17T05:56:01.711Z","2025-10-17T05:56:01.711Z"
"68f1da5a90ad734984f7fb1d","optional","68f1da5290ad734984f7d864","2025-10-17T05:56:01.711Z","2025-10-17T05:56:01.711Z"
"68f1da5a90ad734984f7f974","optional","68f1da5290ad734984f7d867","2025-10-17T05:56:01.711Z","2025-10-17T05:56:01.711Z"
"68f1da5a90ad734984f80059","optional","68f1da5290ad734984f7d869","2025-10-17T05:56:01.711Z","2025-10-17T05:56:01.711Z"
"68f1da5690ad734984f7e377","optional","68f1da5290ad734984f7d869","2025-10-17T05:56:01.711Z","2025-10-17T05:56:01.711Z"
"68f1da5690ad734984f7e54e","optional","68f1da5290ad734984f7d869","2025-10-17T05:56:01.711Z","2025-10-17T05:56:01.711Z"
"68f1da5290ad734984f7d708","optional","68f1da5290ad734984f7d869","2025-10-17T05:56:01.711Z","2025-10-17T05:56:01.711Z"
"68f1da5a90ad734984f7f88a","optional","68f1da5290ad734984f7d869","2025-10-17T05:56:01.711Z","2025-10-17T05:56:01.711Z"
"68f1da5290ad734984f7cf76","optional","68f1da5290ad734984f7d86c","2025-10-17T05:56:01.711Z","2025-10-17T05:56:01.711Z"
"68f1da5290ad734984f7d09f","optional","68f1da5290ad734984f7d86c","2025-10-17T05:56:01.711Z","2025-10-17T05:56:01.711Z"
"68f1da5a90ad734984f7fe83","optional","68f1da5290ad734984f7d86c","2025-10-17T05:56:01.712Z","2025-10-17T05:56:01.712Z"
"68f1da5690ad734984f7e90c","optional","68f1da5290ad734984f7d86c","2025-10-17T05:56:01.712Z","2025-10-17T05:56:01.712Z"
"68f1da5a90ad734984f7f8f0","optional","68f1da5290ad734984f7d86c","2025-10-17T05:56:01.712Z","2025-10-17T05:56:01.712Z"
"68f1da5a90ad734984f7f8d1","optional","68f1da5290ad734984f7d86d","2025-10-17T05:56:01.712Z","2025-10-17T05:56:01.712Z"
"68f1da5690ad734984f7e910","optional","68f1da5290ad734984f7d86d","2025-10-17T05:56:01.712Z","2025-10-17T05:56:01.712Z"
"68f1da5690ad734984f7e86d","optional","68f1da5290ad734984f7d86d","2025-10-17T05:56:01.712Z","2025-10-17T05:56:01.712Z"
"68f1da5690ad734984f7dfb1","optional","68f1da5290ad734984f7d874","2025-10-17T05:56:01.712Z","2025-10-17T05:56:01.712Z"
"68f1da5290ad734984f7d053","optional","68f1da5290ad734984f7d874","2025-10-17T05:56:01.712Z","2025-10-17T05:56:01.712Z"
"68f1da5a90ad734984f7f742","optional","68f1da5290ad734984f7d874","2025-10-17T05:56:01.712Z","2025-10-17T05:56:01.712Z"
"68f1da5a90ad734984f7f7a9","optional","68f1da5290ad734984f7d874","2025-10-17T05:56:01.712Z","2025-10-17T05:56:01.712Z"
"68f1da5290ad734984f7d895","optional","68f1da5290ad734984f7d882","2025-10-17T05:56:01.712Z","2025-10-17T05:56:01.712Z"
"68f1da5690ad734984f7e3e8","optional","68f1da5290ad734984f7d882","2025-10-17T05:56:01.712Z","2025-10-17T05:56:01.712Z"
"68f1da5a90ad734984f7f380","essential","68f1da5290ad734984f7d88b","2025-10-17T05:56:01.712Z","2025-10-17T05:56:01.712Z"
"68f1da5a90ad734984f7fe1d","optional","68f1da5290ad734984f7d898","2025-10-17T05:56:01.712Z","2025-10-17T05:56:01.712Z"
"68f1da5290ad734984f7da76","optional","68f1da5290ad734984f7d898","2025-10-17T05:56:01.712Z","2025-10-17T05:56:01.712Z"
"68f1da5290ad734984f7deb9","optional","68f1da5290ad734984f7d898","2025-10-17T05:56:01.712Z","2025-10-17T05:56:01.712Z"
"68f1da5690ad734984f7e09e","optional","68f1da5290ad734984f7d89a","2025-10-17T05:56:01.713Z","2025-10-17T05:56:01.713Z"
"68f1da5290ad734984f7d62f","optional","68f1da5290ad734984f7d89a","2025-10-17T05:56:01.713Z","2025-10-17T05:56:01.713Z"
"68f1da5290ad734984f7d9f4","optional","68f1da5290ad734984f7d89a","2025-10-17T05:56:01.713Z","2025-10-17T05:56:01.713Z"
"68f1da5290ad734984f7dd16","optional","68f1da5290ad734984f7d89a","2025-10-17T05:56:01.713Z","2025-10-17T05:56:01.713Z"
"68f1da5690ad734984f7ebe0","optional","68f1da5290ad734984f7d8a0","2025-10-17T05:56:01.713Z","2025-10-17T05:56:01.713Z"
"68f1da5290ad734984f7ccfe","optional","68f1da5290ad734984f7d8a0","2025-10-17T05:56:01.713Z","2025-10-17T05:56:01.713Z"
"68f1da5290ad734984f7dae2","optional","68f1da5290ad734984f7d8a0","2025-10-17T05:56:01.713Z","2025-10-17T05:56:01.713Z"
"68f1da5a90ad734984f7f330","optional","68f1da5290ad734984f7d8a1","2025-10-17T05:56:01.713Z","2025-10-17T05:56:01.713Z"
"68f1da5a90ad734984f7fc09","optional","68f1da5290ad734984f7d8a1","2025-10-17T05:56:01.713Z","2025-10-17T05:56:01.713Z"
"68f1da5690ad734984f7e230","optional","68f1da5290ad734984f7d8a1","2025-10-17T05:56:01.713Z","2025-10-17T05:56:01.713Z"
"68f1da5290ad734984f7cc46","optional","68f1da5290ad734984f7d8a1","2025-10-17T05:56:01.713Z","2025-10-17T05:56:01.713Z"
"68f1da5290ad734984f7d053","optional","68f1da5290ad734984f7d8a1","2025-10-17T05:56:01.713Z","2025-10-17T05:56:01.713Z"
"68f1da5a90ad734984f7f7b5","optional","68f1da5290ad734984f7d8a2","2025-10-17T05:56:01.713Z","2025-10-17T05:56:01.713Z"
"68f1da5290ad734984f7d4c6","optional","68f1da5290ad734984f7d8a2","2025-10-17T05:56:01.713Z","2025-10-17T05:56:01.713Z"
"68f1da5690ad734984f7e939","optional","68f1da5290ad734984f7d8a2","2025-10-17T05:56:01.713Z","2025-10-17T05:56:01.713Z"
"68f1da5790ad734984f7eff8","optional","68f1da5290ad734984f7d8a7","2025-10-17T05:56:01.713Z","2025-10-17T05:56:01.713Z"
"68f1da5790ad734984f7f0ae","optional","68f1da5290ad734984f7d8a7","2025-10-17T05:56:01.713Z","2025-10-17T05:56:01.713Z"
"68f1da5a90ad734984f7fd1a","optional","68f1da5290ad734984f7d8a7","2025-10-17T05:56:01.713Z","2025-10-17T05:56:01.713Z"
"68f1da5a90ad734984f7f651","optional","68f1da5290ad734984f7d8a7","2025-10-17T05:56:01.713Z","2025-10-17T05:56:01.713Z"
"68f1da5290ad734984f7ce33","optional","68f1da5290ad734984f7d8a7","2025-10-17T05:56:01.713Z","2025-10-17T05:56:01.713Z"
"68f1da5690ad734984f7df50","optional","68f1da5290ad734984f7d8a7","2025-10-17T05:56:01.713Z","2025-10-17T05:56:01.713Z"
"68f1da5790ad734984f7f02e","optional","68f1da5290ad734984f7d8a7","2025-10-17T05:56:01.713Z","2025-10-17T05:56:01.713Z"
"68f1da5290ad734984f7cba4","optional","68f1da5290ad734984f7d8a8","2025-10-17T05:56:01.713Z","2025-10-17T05:56:01.713Z"
"68f1da5290ad734984f7d039","optional","68f1da5290ad734984f7d8a8","2025-10-17T05:56:01.713Z","2025-10-17T05:56:01.713Z"
"68f1da5290ad734984f7d817","optional","68f1da5290ad734984f7d8a8","2025-10-17T05:56:01.713Z","2025-10-17T05:56:01.713Z"
"68f1da5a90ad734984f8012e","optional","68f1da5290ad734984f7d8ab","2025-10-17T05:56:01.713Z","2025-10-17T05:56:01.713Z"
"68f1da5a90ad734984f7fc0d","optional","68f1da5290ad734984f7d8ab","2025-10-17T05:56:01.713Z","2025-10-17T05:56:01.713Z"
"68f1da5690ad734984f7e53e","optional","68f1da5290ad734984f7d8ab","2025-10-17T05:56:01.713Z","2025-10-17T05:56:01.713Z"
"68f1da5690ad734984f7e97e","optional","68f1da5290ad734984f7d8b5","2025-10-17T05:56:01.713Z","2025-10-17T05:56:01.713Z"
"68f1da5690ad734984f7e1ef","optional","68f1da5290ad734984f7d8b5","2025-10-17T05:56:01.713Z","2025-10-17T05:56:01.713Z"
"68f1da5290ad734984f7dd00","optional","68f1da5290ad734984f7d8b5","2025-10-17T05:56:01.713Z","2025-10-17T05:56:01.713Z"
"68f1da5290ad734984f7ccf0","optional","68f1da5290ad734984f7d8b8","2025-10-17T05:56:01.714Z","2025-10-17T05:56:01.714Z"
"68f1da5290ad734984f7dc59","optional","68f1da5290ad734984f7d8b8","2025-10-17T05:56:01.714Z","2025-10-17T05:56:01.714Z"
"68f1da5790ad734984f7effc","optional","68f1da5290ad734984f7d8b8","2025-10-17T05:56:01.714Z","2025-10-17T05:56:01.714Z"
"68f1da5a90ad734984f7f972","optional","68f1da5290ad734984f7d8b8","2025-10-17T05:56:01.714Z","2025-10-17T05:56:01.714Z"
"68f1da5690ad734984f7e673","optional","68f1da5290ad734984f7d8b8","2025-10-17T05:56:01.714Z","2025-10-17T05:56:01.714Z"
"68f1da5a90ad734984f7ffad","optional","68f1da5290ad734984f7d8b8","2025-10-17T05:56:01.714Z","2025-10-17T05:56:01.714Z"
"68f1da5a90ad734984f7f526","optional","68f1da5290ad734984f7d8b8","2025-10-17T05:56:01.714Z","2025-10-17T05:56:01.714Z"
"68f1da5290ad734984f7cf0d","optional","68f1da5290ad734984f7d8bb","2025-10-17T05:56:01.714Z","2025-10-17T05:56:01.714Z"
"68f1da5290ad734984f7cedc","optional","68f1da5290ad734984f7d8bc","2025-10-17T05:56:01.714Z","2025-10-17T05:56:01.714Z"
"68f1da5790ad734984f7f232","optional","68f1da5290ad734984f7d8bc","2025-10-17T05:56:01.714Z","2025-10-17T05:56:01.714Z"
"68f1da5290ad734984f7d72f","optional","68f1da5290ad734984f7d8bc","2025-10-17T05:56:01.714Z","2025-10-17T05:56:01.714Z"
"68f1da5a90ad734984f8011d","optional","68f1da5290ad734984f7d8bc","2025-10-17T05:56:01.714Z","2025-10-17T05:56:01.714Z"
"68f1da5290ad734984f7cc4b","optional","68f1da5290ad734984f7d8bc","2025-10-17T05:56:01.714Z","2025-10-17T05:56:01.714Z"
"68f1da5690ad734984f7e199","optional","68f1da5290ad734984f7d8bc","2025-10-17T05:56:01.714Z","2025-10-17T05:56:01.714Z"
"68f1da5690ad734984f7e1dc","essential","68f1da5290ad734984f7d8bc","2025-10-17T05:56:01.714Z","2025-10-17T05:56:01.714Z"
"68f1da5a90ad734984f7f38f","optional","68f1da5290ad734984f7d8be","2025-10-17T05:56:01.714Z","2025-10-17T05:56:01.714Z"
"68f1da5690ad734984f7edad","optional","68f1da5290ad734984f7d8c1","2025-10-17T05:56:01.715Z","2025-10-17T05:56:01.715Z"
"68f1da5a90ad734984f7f5aa","optional","68f1da5290ad734984f7d8c1","2025-10-17T05:56:01.715Z","2025-10-17T05:56:01.715Z"
"68f1da5690ad734984f7eacd","optional","68f1da5290ad734984f7d8c1","2025-10-17T05:56:01.714Z","2025-10-17T05:56:01.714Z"
"68f1da5290ad734984f7d936","optional","68f1da5290ad734984f7d8c3","2025-10-17T05:56:01.715Z","2025-10-17T05:56:01.715Z"
"68f1da5a90ad734984f7f6d5","optional","68f1da5290ad734984f7d8c3","2025-10-17T05:56:01.715Z","2025-10-17T05:56:01.715Z"
"68f1da5290ad734984f7d91f","optional","68f1da5290ad734984f7d8da","2025-10-17T05:56:01.714Z","2025-10-17T05:56:01.714Z"
"68f1da5290ad734984f7dc86","optional","68f1da5290ad734984f7d8da","2025-10-17T05:56:01.714Z","2025-10-17T05:56:01.714Z"
"68f1da5690ad734984f7e18b","optional","68f1da5290ad734984f7d8da","2025-10-17T05:56:01.714Z","2025-10-17T05:56:01.714Z"
"68f1da5690ad734984f7e24d","optional","68f1da5290ad734984f7d8da","2025-10-17T05:56:01.714Z","2025-10-17T05:56:01.714Z"
"68f1da5290ad734984f7cb3e","optional","68f1da5290ad734984f7d8da","2025-10-17T05:56:01.714Z","2025-10-17T05:56:01.714Z"
"68f1da5690ad734984f7e7f1","optional","68f1da5290ad734984f7d8db","2025-10-17T05:56:01.714Z","2025-10-17T05:56:01.714Z"
"68f1da5a90ad734984f80016","optional","68f1da5290ad734984f7d8df","2025-10-17T05:56:01.714Z","2025-10-17T05:56:01.714Z"
"68f1da5a90ad734984f7f5cb","optional","68f1da5290ad734984f7d8ea","2025-10-17T05:56:01.715Z","2025-10-17T05:56:01.715Z"
"68f1da5a90ad734984f7f4cd","optional","68f1da5290ad734984f7d8ea","2025-10-17T05:56:01.715Z","2025-10-17T05:56:01.715Z"
"68f1da5690ad734984f7e974","optional","68f1da5290ad734984f7d8ea","2025-10-17T05:56:01.715Z","2025-10-17T05:56:01.715Z"
"68f1da5290ad734984f7d28e","optional","68f1da5290ad734984f7d8ea","2025-10-17T05:56:01.715Z","2025-10-17T05:56:01.715Z"
"68f1da5690ad734984f7ec66","optional","68f1da5290ad734984f7d8eb","2025-10-17T05:56:01.715Z","2025-10-17T05:56:01.715Z"
"68f1da5a90ad734984f7ff09","optional","68f1da5290ad734984f7d8eb","2025-10-17T05:56:01.715Z","2025-10-17T05:56:01.715Z"
"68f1da5a90ad734984f7fd6f","optional","68f1da5290ad734984f7d8eb","2025-10-17T05:56:01.715Z","2025-10-17T05:56:01.715Z"
"68f1da5690ad734984f7e17d","optional","68f1da5290ad734984f7d8eb","2025-10-17T05:56:01.715Z","2025-10-17T05:56:01.715Z"
"68f1da5290ad734984f7d203","optional","68f1da5290ad734984f7d8fd","2025-10-17T05:56:01.715Z","2025-10-17T05:56:01.715Z"
"68f1da5690ad734984f7ed40","optional","68f1da5290ad734984f7d8fd","2025-10-17T05:56:01.715Z","2025-10-17T05:56:01.715Z"
"68f1da5290ad734984f7cedb","optional","68f1da5290ad734984f7d902","2025-10-17T05:56:01.715Z","2025-10-17T05:56:01.715Z"
"68f1da5690ad734984f7e337","optional","68f1da5290ad734984f7d902","2025-10-17T05:56:01.715Z","2025-10-17T05:56:01.715Z"
"68f1da5690ad734984f7e431","optional","68f1da5290ad734984f7d902","2025-10-17T05:56:01.715Z","2025-10-17T05:56:01.715Z"
"68f1da5290ad734984f7cecb","optional","68f1da5290ad734984f7d902","2025-10-17T05:56:01.715Z","2025-10-17T05:56:01.715Z"
"68f1da5290ad734984f7d796","optional","68f1da5290ad734984f7d902","2025-10-17T05:56:01.715Z","2025-10-17T05:56:01.715Z"
"68f1da5690ad734984f7eacf","optional","68f1da5290ad734984f7d902","2025-10-17T05:56:01.715Z","2025-10-17T05:56:01.715Z"
"68f1da5a90ad734984f7fbd0","optional","68f1da5290ad734984f7d902","2025-10-17T05:56:01.715Z","2025-10-17T05:56:01.715Z"
"68f1da5290ad734984f7d904","optional","68f1da5290ad734984f7d902","2025-10-17T05:56:01.715Z","2025-10-17T05:56:01.715Z"
"68f1da5690ad734984f7df40","optional","68f1da5290ad734984f7d902","2025-10-17T05:56:01.715Z","2025-10-17T05:56:01.715Z"
"68f1da5290ad734984f7d1bf","essential","68f1da5290ad734984f7d902","2025-10-17T05:56:01.715Z","2025-10-17T05:56:01.715Z"
"68f1da5290ad734984f7d62a","optional","68f1da5290ad734984f7d902","2025-10-17T05:56:01.715Z","2025-10-17T05:56:01.715Z"
"68f1da5290ad734984f7dc23","optional","68f1da5290ad734984f7d902","2025-10-17T05:56:01.715Z","2025-10-17T05:56:01.715Z"
"68f1da5690ad734984f7e9b1","optional","68f1da5290ad734984f7d902","2025-10-17T05:56:01.715Z","2025-10-17T05:56:01.715Z"
"68f1da5a90ad734984f7ffd3","optional","68f1da5290ad734984f7d902","2025-10-17T05:56:01.715Z","2025-10-17T05:56:01.715Z"
"68f1da5790ad734984f7f13b","optional","68f1da5290ad734984f7d90d","2025-10-17T05:56:01.715Z","2025-10-17T05:56:01.715Z"
"68f1da5a90ad734984f7f6a1","optional","68f1da5290ad734984f7d90d","2025-10-17T05:56:01.715Z","2025-10-17T05:56:01.715Z"
"68f1da5290ad734984f7da80","optional","68f1da5290ad734984f7d90d","2025-10-17T05:56:01.715Z","2025-10-17T05:56:01.715Z"
"68f1da5690ad734984f7e406","optional","68f1da5290ad734984f7d90d","2025-10-17T05:56:01.715Z","2025-10-17T05:56:01.715Z"
"68f1da5690ad734984f7e7d8","optional","68f1da5290ad734984f7d90d","2025-10-17T05:56:01.715Z","2025-10-17T05:56:01.715Z"
"68f1da5290ad734984f7d7e1","optional","68f1da5290ad734984f7d90d","2025-10-17T05:56:01.715Z","2025-10-17T05:56:01.715Z"
"68f1da5690ad734984f7e18b","optional","68f1da5290ad734984f7d90d","2025-10-17T05:56:01.715Z","2025-10-17T05:56:01.715Z"
"68f1da5290ad734984f7d1de","optional","68f1da5290ad734984f7d90e","2025-10-17T05:56:01.716Z","2025-10-17T05:56:01.716Z"
"68f1da5290ad734984f7cb56","optional","68f1da5290ad734984f7d90e","2025-10-17T05:56:01.716Z","2025-10-17T05:56:01.716Z"
"68f1da5690ad734984f7eb6e","optional","68f1da5290ad734984f7d91c","2025-10-17T05:56:01.716Z","2025-10-17T05:56:01.716Z"
"68f1da5290ad734984f7de14","optional","68f1da5290ad734984f7d91c","2025-10-17T05:56:01.716Z","2025-10-17T05:56:01.716Z"
"68f1da5a90ad734984f7fd99","optional","68f1da5290ad734984f7d92e","2025-10-17T05:56:01.716Z","2025-10-17T05:56:01.716Z"
"68f1da5a90ad734984f7f3c0","optional","68f1da5290ad734984f7d932","2025-10-17T05:56:01.716Z","2025-10-17T05:56:01.716Z"
"68f1da5690ad734984f7eb24","optional","68f1da5290ad734984f7d932","2025-10-17T05:56:01.716Z","2025-10-17T05:56:01.716Z"
"68f1da5690ad734984f7eb3f","optional","68f1da5290ad734984f7d932","2025-10-17T05:56:01.716Z","2025-10-17T05:56:01.716Z"
"68f1da5690ad734984f7e9b7","optional","68f1da5290ad734984f7d932","2025-10-17T05:56:01.716Z","2025-10-17T05:56:01.716Z"
"68f1da5290ad734984f7cbda","optional","68f1da5290ad734984f7d93a","2025-10-17T05:56:01.713Z","2025-10-17T05:56:01.713Z"
"68f1da5290ad734984f7d41e","optional","68f1da5290ad734984f7d942","2025-10-17T05:56:01.713Z","2025-10-17T05:56:01.713Z"
"68f1da5290ad734984f7d04e","optional","68f1da5290ad734984f7d945","2025-10-17T05:56:01.714Z","2025-10-17T05:56:01.714Z"
"68f1da5a90ad734984f7f978","optional","68f1da5290ad734984f7d945","2025-10-17T05:56:01.714Z","2025-10-17T05:56:01.714Z"
"68f1da5a90ad734984f7fa83","optional","68f1da5290ad734984f7d945","2025-10-17T05:56:01.714Z","2025-10-17T05:56:01.714Z"
"68f1da5a90ad734984f7fe11","optional","68f1da5290ad734984f7d945","2025-10-17T05:56:01.714Z","2025-10-17T05:56:01.714Z"
"68f1da5a90ad734984f80137","optional","68f1da5290ad734984f7d945","2025-10-17T05:56:01.714Z","2025-10-17T05:56:01.714Z"
"68f1da5290ad734984f7ce2f","optional","68f1da5290ad734984f7d945","2025-10-17T05:56:01.713Z","2025-10-17T05:56:01.713Z"
"68f1da5290ad734984f7da80","optional","68f1da5290ad734984f7d94a","2025-10-17T05:56:01.714Z","2025-10-17T05:56:01.714Z"
"68f1da5290ad734984f7dbea","optional","68f1da5290ad734984f7d94a","2025-10-17T05:56:01.714Z","2025-10-17T05:56:01.714Z"
"68f1da5290ad734984f7ddd8","optional","68f1da5290ad734984f7d94a","2025-10-17T05:56:01.714Z","2025-10-17T05:56:01.714Z"
"68f1da5690ad734984f7edd6","optional","68f1da5290ad734984f7d94a","2025-10-17T05:56:01.714Z","2025-10-17T05:56:01.714Z"
"68f1da5290ad734984f7ce97","optional","68f1da5290ad734984f7d94a","2025-10-17T05:56:01.714Z","2025-10-17T05:56:01.714Z"
"68f1da5a90ad734984f7f99a","essential","68f1da5290ad734984f7d951","2025-10-17T05:56:01.716Z","2025-10-17T05:56:01.716Z"
"68f1da5290ad734984f7cd80","optional","68f1da5290ad734984f7d951","2025-10-17T05:56:01.716Z","2025-10-17T05:56:01.716Z"
"68f1da5290ad734984f7d136","optional","68f1da5290ad734984f7d951","2025-10-17T05:56:01.716Z","2025-10-17T05:56:01.716Z"
"68f1da5a90ad734984f7fad0","optional","68f1da5290ad734984f7d951","2025-10-17T05:56:01.716Z","2025-10-17T05:56:01.716Z"
"68f1da5690ad734984f7e56d","essential","68f1da5290ad734984f7d961","2025-10-17T05:56:01.716Z","2025-10-17T05:56:01.716Z"
"68f1da5290ad734984f7d55a","optional","68f1da5290ad734984f7d961","2025-10-17T05:56:01.716Z","2025-10-17T05:56:01.716Z"
"68f1da5690ad734984f7e52d","optional","68f1da5290ad734984f7d961","2025-10-17T05:56:01.716Z","2025-10-17T05:56:01.716Z"
"68f1da5690ad734984f7e761","optional","68f1da5290ad734984f7d961","2025-10-17T05:56:01.716Z","2025-10-17T05:56:01.716Z"
"68f1da5a90ad734984f7f327","optional","68f1da5290ad734984f7d961","2025-10-17T05:56:01.716Z","2025-10-17T05:56:01.716Z"
"68f1da5290ad734984f7ddbb","optional","68f1da5290ad734984f7d963","2025-10-17T05:56:01.716Z","2025-10-17T05:56:01.716Z"
"68f1da5690ad734984f7e578","optional","68f1da5290ad734984f7d968","2025-10-17T05:56:01.716Z","2025-10-17T05:56:01.716Z"
"68f1da5790ad734984f7f1b0","optional","68f1da5290ad734984f7d968","2025-10-17T05:56:01.716Z","2025-10-17T05:56:01.716Z"
"68f1da5a90ad734984f7fce4","optional","68f1da5290ad734984f7d968","2025-10-17T05:56:01.716Z","2025-10-17T05:56:01.716Z"
"68f1da5690ad734984f7eeaa","optional","68f1da5290ad734984f7d968","2025-10-17T05:56:01.716Z","2025-10-17T05:56:01.716Z"
"68f1da5a90ad734984f7f682","optional","68f1da5290ad734984f7d968","2025-10-17T05:56:01.716Z","2025-10-17T05:56:01.716Z"
"68f1da5290ad734984f7d243","essential","68f1da5290ad734984f7d969","2025-10-17T05:56:01.716Z","2025-10-17T05:56:01.716Z"
"68f1da5290ad734984f7d86f","essential","68f1da5290ad734984f7d969","2025-10-17T05:56:01.716Z","2025-10-17T05:56:01.716Z"
"68f1da5690ad734984f7e7ae","optional","68f1da5290ad734984f7d96b","2025-10-17T05:56:01.716Z","2025-10-17T05:56:01.716Z"
"68f1da5290ad734984f7d8e1","optional","68f1da5290ad734984f7d976","2025-10-17T05:56:01.716Z","2025-10-17T05:56:01.716Z"
"68f1da5290ad734984f7d66a","optional","68f1da5290ad734984f7d97b","2025-10-17T05:56:01.716Z","2025-10-17T05:56:01.716Z"
"68f1da5290ad734984f7d2bf","optional","68f1da5290ad734984f7d983","2025-10-17T05:56:01.716Z","2025-10-17T05:56:01.716Z"
"68f1da5790ad734984f7f12a","optional","68f1da5290ad734984f7d983","2025-10-17T05:56:01.716Z","2025-10-17T05:56:01.716Z"
"68f1da5a90ad734984f7ff2d","optional","68f1da5290ad734984f7d983","2025-10-17T05:56:01.716Z","2025-10-17T05:56:01.716Z"
"68f1da5a90ad734984f7f2f1","essential","68f1da5290ad734984f7d985","2025-10-17T05:56:01.716Z","2025-10-17T05:56:01.716Z"
"68f1da5a90ad734984f7faab","optional","68f1da5290ad734984f7d98a","2025-10-17T05:56:01.717Z","2025-10-17T05:56:01.717Z"
"68f1da5790ad734984f7efa4","optional","68f1da5290ad734984f7d98a","2025-10-17T05:56:01.716Z","2025-10-17T05:56:01.716Z"
"68f1da5a90ad734984f7f4da","optional","68f1da5290ad734984f7d98a","2025-10-17T05:56:01.717Z","2025-10-17T05:56:01.717Z"
"68f1da5690ad734984f7e62c","optional","68f1da5290ad734984f7d98a","2025-10-17T05:56:01.716Z","2025-10-17T05:56:01.716Z"
"68f1da5690ad734984f7e6ad","optional","68f1da5290ad734984f7d98a","2025-10-17T05:56:01.716Z","2025-10-17T05:56:01.716Z"
"68f1da5a90ad734984f7f9e6","optional","68f1da5290ad734984f7d997","2025-10-17T05:56:01.717Z","2025-10-17T05:56:01.717Z"
"68f1da5690ad734984f7e563","optional","68f1da5290ad734984f7d997","2025-10-17T05:56:01.717Z","2025-10-17T05:56:01.717Z"
"68f1da5290ad734984f7d142","optional","68f1da5290ad734984f7d997","2025-10-17T05:56:01.717Z","2025-10-17T05:56:01.717Z"
"68f1da5290ad734984f7d616","optional","68f1da5290ad734984f7d997","2025-10-17T05:56:01.717Z","2025-10-17T05:56:01.717Z"
"68f1da5690ad734984f7e38e","optional","68f1da5290ad734984f7d997","2025-10-17T05:56:01.717Z","2025-10-17T05:56:01.717Z"
"68f1da5690ad734984f7e135","optional","68f1da5290ad734984f7d99e","2025-10-17T05:56:01.717Z","2025-10-17T05:56:01.717Z"
"68f1da5690ad734984f7e9e2","optional","68f1da5290ad734984f7d99e","2025-10-17T05:56:01.717Z","2025-10-17T05:56:01.717Z"
"68f1da5290ad734984f7d2e0","optional","68f1da5290ad734984f7d9a9","2025-10-17T05:56:01.717Z","2025-10-17T05:56:01.717Z"
"68f1da5a90ad734984f7f912","optional","68f1da5290ad734984f7d9aa","2025-10-17T05:56:01.717Z","2025-10-17T05:56:01.717Z"
"68f1da5a90ad734984f7f7d0","optional","68f1da5290ad734984f7d9aa","2025-10-17T05:56:01.717Z","2025-10-17T05:56:01.717Z"
"68f1da5690ad734984f7ed70","optional","68f1da5290ad734984f7d9aa","2025-10-17T05:56:01.717Z","2025-10-17T05:56:01.717Z"
"68f1da5a90ad734984f7f9c6","optional","68f1da5290ad734984f7d9aa","2025-10-17T05:56:01.717Z","2025-10-17T05:56:01.717Z"
"68f1da5a90ad734984f7fef7","optional","68f1da5290ad734984f7d9aa","2025-10-17T05:56:01.717Z","2025-10-17T05:56:01.717Z"
"68f1da5290ad734984f7cf07","optional","68f1da5290ad734984f7d9af","2025-10-17T05:56:01.717Z","2025-10-17T05:56:01.717Z"
"68f1da5690ad734984f7e79d","optional","68f1da5290ad734984f7d9af","2025-10-17T05:56:01.717Z","2025-10-17T05:56:01.717Z"
"68f1da5a90ad734984f7f8a8","optional","68f1da5290ad734984f7d9af","2025-10-17T05:56:01.717Z","2025-10-17T05:56:01.717Z"
"68f1da5690ad734984f7dee6","optional","68f1da5290ad734984f7d9af","2025-10-17T05:56:01.717Z","2025-10-17T05:56:01.717Z"
"68f1da5690ad734984f7ec96","optional","68f1da5290ad734984f7d9af","2025-10-17T05:56:01.717Z","2025-10-17T05:56:01.717Z"
"68f1da5690ad734984f7edab","optional","68f1da5290ad734984f7d9af","2025-10-17T05:56:01.717Z","2025-10-17T05:56:01.717Z"
"68f1da5290ad734984f7ce45","optional","68f1da5290ad734984f7d9af","2025-10-17T05:56:01.717Z","2025-10-17T05:56:01.717Z"
"68f1da5290ad734984f7d429","optional","68f1da5290ad734984f7d9af","2025-10-17T05:56:01.717Z","2025-10-17T05:56:01.717Z"
"68f1da5290ad734984f7d9d0","optional","68f1da5290ad734984f7d9af","2025-10-17T05:56:01.717Z","2025-10-17T05:56:01.717Z"
"68f1da5690ad734984f7e0e6","optional","68f1da5290ad734984f7d9af","2025-10-17T05:56:01.717Z","2025-10-17T05:56:01.717Z"
"68f1da5a90ad734984f80109","optional","68f1da5290ad734984f7d9af","2025-10-17T05:56:01.717Z","2025-10-17T05:56:01.717Z"
"68f1da5290ad734984f7cba0","optional","68f1da5290ad734984f7d9af","2025-10-17T05:56:01.717Z","2025-10-17T05:56:01.717Z"
"68f1da5690ad734984f7e690","essential","68f1da5290ad734984f7d9af","2025-10-17T05:56:01.717Z","2025-10-17T05:56:01.717Z"
"68f1da5290ad734984f7d4e0","optional","68f1da5290ad734984f7d9b2","2025-10-17T05:56:01.717Z","2025-10-17T05:56:01.717Z"
"68f1da5a90ad734984f7f9cc","optional","68f1da5290ad734984f7d9b2","2025-10-17T05:56:01.717Z","2025-10-17T05:56:01.717Z"
"68f1da5290ad734984f7d22d","optional","68f1da5290ad734984f7d9b2","2025-10-17T05:56:01.717Z","2025-10-17T05:56:01.717Z"
"68f1da5290ad734984f7db3f","optional","68f1da5290ad734984f7d9b2","2025-10-17T05:56:01.717Z","2025-10-17T05:56:01.717Z"
"68f1da5690ad734984f7e0e8","optional","68f1da5290ad734984f7d9b4","2025-10-17T05:56:01.717Z","2025-10-17T05:56:01.717Z"
"68f1da5690ad734984f7e40a","optional","68f1da5290ad734984f7d9b4","2025-10-17T05:56:01.717Z","2025-10-17T05:56:01.717Z"
"68f1da5a90ad734984f7f374","optional","68f1da5290ad734984f7d9c2","2025-10-17T05:56:01.718Z","2025-10-17T05:56:01.718Z"
"68f1da5690ad734984f7e95d","optional","68f1da5290ad734984f7d9c2","2025-10-17T05:56:01.718Z","2025-10-17T05:56:01.718Z"
"68f1da5a90ad734984f7fc13","optional","68f1da5290ad734984f7d9c2","2025-10-17T05:56:01.718Z","2025-10-17T05:56:01.718Z"
"68f1da5290ad734984f7cc43","optional","68f1da5290ad734984f7d9c2","2025-10-17T05:56:01.718Z","2025-10-17T05:56:01.718Z"
"68f1da5290ad734984f7dd9b","optional","68f1da5290ad734984f7d9c6","2025-10-17T05:56:01.718Z","2025-10-17T05:56:01.718Z"
"68f1da5690ad734984f7e32f","optional","68f1da5290ad734984f7d9c6","2025-10-17T05:56:01.718Z","2025-10-17T05:56:01.718Z"
"68f1da5a90ad734984f7ffdb","optional","68f1da5290ad734984f7d9c6","2025-10-17T05:56:01.718Z","2025-10-17T05:56:01.718Z"
"68f1da5290ad734984f7dc03","optional","68f1da5290ad734984f7d9c6","2025-10-17T05:56:01.718Z","2025-10-17T05:56:01.718Z"
"68f1da5a90ad734984f7fd2e","optional","68f1da5290ad734984f7d9d7","2025-10-17T05:56:01.718Z","2025-10-17T05:56:01.718Z"
"68f1da5790ad734984f7f246","optional","68f1da5290ad734984f7d9df","2025-10-17T05:56:01.718Z","2025-10-17T05:56:01.718Z"
"68f1da5290ad734984f7d40d","optional","68f1da5290ad734984f7d9ef","2025-10-17T05:56:01.718Z","2025-10-17T05:56:01.718Z"
"68f1da5290ad734984f7d63b","optional","68f1da5290ad734984f7d9ef","2025-10-17T05:56:01.718Z","2025-10-17T05:56:01.718Z"
"68f1da5290ad734984f7dd04","optional","68f1da5290ad734984f7d9f0","2025-10-17T05:56:01.718Z","2025-10-17T05:56:01.718Z"
"68f1da5690ad734984f7e516","optional","68f1da5290ad734984f7d9f0","2025-10-17T05:56:01.718Z","2025-10-17T05:56:01.718Z"
"68f1da5290ad734984f7d4af","optional","68f1da5290ad734984f7d9f0","2025-10-17T05:56:01.718Z","2025-10-17T05:56:01.718Z"
"68f1da5a90ad734984f7fb61","optional","68f1da5290ad734984f7d9f1","2025-10-17T05:56:01.718Z","2025-10-17T05:56:01.718Z"
"68f1da5290ad734984f7d3bf","optional","68f1da5290ad734984f7d9f1","2025-10-17T05:56:01.718Z","2025-10-17T05:56:01.718Z"
"68f1da5690ad734984f7e783","optional","68f1da5290ad734984f7d9f1","2025-10-17T05:56:01.718Z","2025-10-17T05:56:01.718Z"
"68f1da5a90ad734984f7f70a","optional","68f1da5290ad734984f7d9f1","2025-10-17T05:56:01.718Z","2025-10-17T05:56:01.718Z"
"68f1da5a90ad734984f7febb","optional","68f1da5290ad734984f7da07","2025-10-17T05:56:01.718Z","2025-10-17T05:56:01.718Z"
"68f1da5290ad734984f7d6d5","optional","68f1da5290ad734984f7da1d","2025-10-17T05:56:01.718Z","2025-10-17T05:56:01.718Z"
"68f1da5290ad734984f7dd5a","optional","68f1da5290ad734984f7da1d","2025-10-17T05:56:01.718Z","2025-10-17T05:56:01.718Z"
"68f1da5a90ad734984f7fd2e","optional","68f1da5290ad734984f7da1d","2025-10-17T05:56:01.718Z","2025-10-17T05:56:01.718Z"
"68f1da5290ad734984f7d0ef","optional","68f1da5290ad734984f7da1f","2025-10-17T05:56:01.718Z","2025-10-17T05:56:01.718Z"
"68f1da5a90ad734984f80022","optional","68f1da5290ad734984f7da24","2025-10-17T05:56:01.718Z","2025-10-17T05:56:01.718Z"
"68f1da5a90ad734984f7f3f5","optional","68f1da5290ad734984f7da24","2025-10-17T05:56:01.718Z","2025-10-17T05:56:01.718Z"
"68f1da5290ad734984f7d8a3","optional","68f1da5290ad734984f7da24","2025-10-17T05:56:01.718Z","2025-10-17T05:56:01.718Z"
"68f1da5790ad734984f7f12d","optional","68f1da5290ad734984f7da29","2025-10-17T05:56:01.718Z","2025-10-17T05:56:01.718Z"
"68f1da5290ad734984f7daf1","optional","68f1da5290ad734984f7da29","2025-10-17T05:56:01.718Z","2025-10-17T05:56:01.718Z"
"68f1da5690ad734984f7e6b4","optional","68f1da5290ad734984f7da2e","2025-10-17T05:56:01.718Z","2025-10-17T05:56:01.718Z"
"68f1da5a90ad734984f7f8ad","optional","68f1da5290ad734984f7da2e","2025-10-17T05:56:01.718Z","2025-10-17T05:56:01.718Z"
"68f1da5290ad734984f7cce9","essential","68f1da5290ad734984f7da32","2025-10-17T05:56:01.718Z","2025-10-17T05:56:01.718Z"
"68f1da5690ad734984f7e112","optional","68f1da5290ad734984f7da38","2025-10-17T05:56:01.718Z","2025-10-17T05:56:01.718Z"
"68f1da5a90ad734984f7fb9a","optional","68f1da5290ad734984f7da38","2025-10-17T05:56:01.718Z","2025-10-17T05:56:01.718Z"
"68f1da5290ad734984f7d054","optional","68f1da5290ad734984f7da38","2025-10-17T05:56:01.718Z","2025-10-17T05:56:01.718Z"
"68f1da5a90ad734984f7fc5e","optional","68f1da5290ad734984f7da38","2025-10-17T05:56:01.718Z","2025-10-17T05:56:01.718Z"
"68f1da5690ad734984f7e716","optional","68f1da5290ad734984f7da4b","2025-10-17T05:56:01.718Z","2025-10-17T05:56:01.718Z"
"68f1da5690ad734984f7e840","optional","68f1da5290ad734984f7da4b","2025-10-17T05:56:01.719Z","2025-10-17T05:56:01.719Z"
"68f1da5290ad734984f7d1a9","optional","68f1da5290ad734984f7da54","2025-10-17T05:56:01.719Z","2025-10-17T05:56:01.719Z"
"68f1da5a90ad734984f7f34b","optional","68f1da5290ad734984f7da54","2025-10-17T05:56:01.719Z","2025-10-17T05:56:01.719Z"
"68f1da5290ad734984f7d0e5","optional","68f1da5290ad734984f7da54","2025-10-17T05:56:01.719Z","2025-10-17T05:56:01.719Z"
"68f1da5a90ad734984f7f4d7","optional","68f1da5290ad734984f7da54","2025-10-17T05:56:01.719Z","2025-10-17T05:56:01.719Z"
"68f1da5a90ad734984f7fb8c","optional","68f1da5290ad734984f7da54","2025-10-17T05:56:01.719Z","2025-10-17T05:56:01.719Z"
"68f1da5a90ad734984f7fda8","optional","68f1da5290ad734984f7da54","2025-10-17T05:56:01.719Z","2025-10-17T05:56:01.719Z"
"68f1da5a90ad734984f7fd09","optional","68f1da5290ad734984f7da5f","2025-10-17T05:56:01.719Z","2025-10-17T05:56:01.719Z"
"68f1da5690ad734984f7e676","optional","68f1da5290ad734984f7da69","2025-10-17T05:56:01.719Z","2025-10-17T05:56:01.719Z"
"68f1da5690ad734984f7e773","optional","68f1da5290ad734984f7da69","2025-10-17T05:56:01.719Z","2025-10-17T05:56:01.719Z"
"68f1da5790ad734984f7f234","optional","68f1da5290ad734984f7da69","2025-10-17T05:56:01.719Z","2025-10-17T05:56:01.719Z"
"68f1da5290ad734984f7dde6","essential","68f1da5290ad734984f7da7a","2025-10-17T05:56:01.719Z","2025-10-17T05:56:01.719Z"
"68f1da5a90ad734984f7f614","optional","68f1da5290ad734984f7da7d","2025-10-17T05:56:01.719Z","2025-10-17T05:56:01.719Z"
"68f1da5690ad734984f7def3","optional","68f1da5290ad734984f7da7e","2025-10-17T05:56:01.719Z","2025-10-17T05:56:01.719Z"
"68f1da5690ad734984f7ed05","optional","68f1da5290ad734984f7da7e","2025-10-17T05:56:01.719Z","2025-10-17T05:56:01.719Z"
"68f1da5290ad734984f7dbd3","essential","68f1da5290ad734984f7da82","2025-10-17T05:56:01.719Z","2025-10-17T05:56:01.719Z"
"68f1da5a90ad734984f7fa2a","optional","68f1da5290ad734984f7da82","2025-10-17T05:56:01.719Z","2025-10-17T05:56:01.719Z"
"68f1da5a90ad734984f800ba","optional","68f1da5290ad734984f7da82","2025-10-17T05:56:01.719Z","2025-10-17T05:56:01.719Z"
"68f1da5790ad734984f7eff2","optional","68f1da5290ad734984f7da82","2025-10-17T05:56:01.719Z","2025-10-17T05:56:01.719Z"
"68f1da5a90ad734984f7f70e","essential","68f1da5290ad734984f7da82","2025-10-17T05:56:01.719Z","2025-10-17T05:56:01.719Z"
"68f1da5690ad734984f7e609","optional","68f1da5290ad734984f7da83","2025-10-17T05:56:01.719Z","2025-10-17T05:56:01.719Z"
"68f1da5690ad734984f7e93c","optional","68f1da5290ad734984f7da87","2025-10-17T05:56:01.719Z","2025-10-17T05:56:01.719Z"
"68f1da5290ad734984f7d75d","optional","68f1da5290ad734984f7da88","2025-10-17T05:56:01.719Z","2025-10-17T05:56:01.719Z"
"68f1da5690ad734984f7e256","optional","68f1da5290ad734984f7da88","2025-10-17T05:56:01.719Z","2025-10-17T05:56:01.719Z"
"68f1da5690ad734984f7ea7f","optional","68f1da5290ad734984f7da88","2025-10-17T05:56:01.719Z","2025-10-17T05:56:01.719Z"
"68f1da5690ad734984f7ec89","optional","68f1da5290ad734984f7da88","2025-10-17T05:56:01.719Z","2025-10-17T05:56:01.719Z"
"68f1da5690ad734984f7ede6","optional","68f1da5290ad734984f7da88","2025-10-17T05:56:01.719Z","2025-10-17T05:56:01.719Z"
"68f1da5690ad734984f7e413","optional","68f1da5290ad734984f7da88","2025-10-17T05:56:01.719Z","2025-10-17T05:56:01.719Z"
"68f1da5690ad734984f7e4a3","optional","68f1da5290ad734984f7da88","2025-10-17T05:56:01.719Z","2025-10-17T05:56:01.719Z"
"68f1da5690ad734984f7ee69","optional","68f1da5290ad734984f7da88","2025-10-17T05:56:01.719Z","2025-10-17T05:56:01.719Z"
"68f1da5a90ad734984f7f30a","optional","68f1da5290ad734984f7da88","2025-10-17T05:56:01.719Z","2025-10-17T05:56:01.719Z"
"68f1da5a90ad734984f7f324","optional","68f1da5290ad734984f7da88","2025-10-17T05:56:01.719Z","2025-10-17T05:56:01.719Z"
"68f1da5a90ad734984f7fc83","optional","68f1da5290ad734984f7da88","2025-10-17T05:56:01.719Z","2025-10-17T05:56:01.719Z"
"68f1da5690ad734984f7e9c5","optional","68f1da5290ad734984f7da95","2025-10-17T05:56:01.720Z","2025-10-17T05:56:01.720Z"
"68f1da5290ad734984f7d47b","optional","68f1da5290ad734984f7da95","2025-10-17T05:56:01.719Z","2025-10-17T05:56:01.719Z"
"68f1da5790ad734984f7f1b0","optional","68f1da5290ad734984f7da95","2025-10-17T05:56:01.720Z","2025-10-17T05:56:01.720Z"
"68f1da5690ad734984f7e959","optional","68f1da5290ad734984f7da99","2025-10-17T05:56:01.720Z","2025-10-17T05:56:01.720Z"
"68f1da5a90ad734984f7ff72","optional","68f1da5290ad734984f7da99","2025-10-17T05:56:01.720Z","2025-10-17T05:56:01.720Z"
"68f1da5690ad734984f7ea3d","optional","68f1da5290ad734984f7da99","2025-10-17T05:56:01.720Z","2025-10-17T05:56:01.720Z"
"68f1da5a90ad734984f7fe12","optional","68f1da5290ad734984f7da99","2025-10-17T05:56:01.720Z","2025-10-17T05:56:01.720Z"
"68f1da5790ad734984f7ef56","optional","68f1da5290ad734984f7daa4","2025-10-17T05:56:01.720Z","2025-10-17T05:56:01.720Z"
"68f1da5690ad734984f7e4c3","optional","68f1da5290ad734984f7daa4","2025-10-17T05:56:01.720Z","2025-10-17T05:56:01.720Z"
"68f1da5290ad734984f7d729","optional","68f1da5290ad734984f7daae","2025-10-17T05:56:01.720Z","2025-10-17T05:56:01.720Z"
"68f1da5290ad734984f7d92a","optional","68f1da5290ad734984f7daae","2025-10-17T05:56:01.720Z","2025-10-17T05:56:01.720Z"
"68f1da5290ad734984f7dd78","optional","68f1da5290ad734984f7daae","2025-10-17T05:56:01.720Z","2025-10-17T05:56:01.720Z"
"68f1da5690ad734984f7e14e","optional","68f1da5290ad734984f7daae","2025-10-17T05:56:01.720Z","2025-10-17T05:56:01.720Z"
"68f1da5690ad734984f7ea1f","optional","68f1da5290ad734984f7daae","2025-10-17T05:56:01.720Z","2025-10-17T05:56:01.720Z"
"68f1da5a90ad734984f7fa08","optional","68f1da5290ad734984f7daae","2025-10-17T05:56:01.721Z","2025-10-17T05:56:01.721Z"
"68f1da5a90ad734984f7f747","optional","68f1da5290ad734984f7daae","2025-10-17T05:56:01.721Z","2025-10-17T05:56:01.721Z"
"68f1da5290ad734984f7d893","optional","68f1da5290ad734984f7daae","2025-10-17T05:56:01.720Z","2025-10-17T05:56:01.720Z"
"68f1da5690ad734984f7e2a1","optional","68f1da5290ad734984f7daae","2025-10-17T05:56:01.720Z","2025-10-17T05:56:01.720Z"
"68f1da5690ad734984f7e900","optional","68f1da5290ad734984f7daae","2025-10-17T05:56:01.720Z","2025-10-17T05:56:01.720Z"
"68f1da5a90ad734984f7f41b","optional","68f1da5290ad734984f7daae","2025-10-17T05:56:01.721Z","2025-10-17T05:56:01.721Z"
"68f1da5a90ad734984f7ff96","optional","68f1da5290ad734984f7daae","2025-10-17T05:56:01.721Z","2025-10-17T05:56:01.721Z"
"68f1da5290ad734984f7d1b2","optional","68f1da5290ad734984f7daae","2025-10-17T05:56:01.720Z","2025-10-17T05:56:01.720Z"
"68f1da5690ad734984f7def8","optional","68f1da5290ad734984f7daae","2025-10-17T05:56:01.720Z","2025-10-17T05:56:01.720Z"
"68f1da5690ad734984f7e5cf","optional","68f1da5290ad734984f7daae","2025-10-17T05:56:01.720Z","2025-10-17T05:56:01.720Z"
"68f1da5690ad734984f7e667","optional","68f1da5290ad734984f7daae","2025-10-17T05:56:01.720Z","2025-10-17T05:56:01.720Z"
"68f1da5a90ad734984f7fe8c","optional","68f1da5290ad734984f7daae","2025-10-17T05:56:01.721Z","2025-10-17T05:56:01.721Z"
"68f1da5a90ad734984f7f855","optional","68f1da5290ad734984f7dab7","2025-10-17T05:56:01.721Z","2025-10-17T05:56:01.721Z"
"68f1da5a90ad734984f7ff4b","optional","68f1da5290ad734984f7daba","2025-10-17T05:56:01.721Z","2025-10-17T05:56:01.721Z"
"68f1da5a90ad734984f7f7c7","optional","68f1da5290ad734984f7daba","2025-10-17T05:56:01.721Z","2025-10-17T05:56:01.721Z"
"68f1da5a90ad734984f7fe60","optional","68f1da5290ad734984f7daba","2025-10-17T05:56:01.721Z","2025-10-17T05:56:01.721Z"
"68f1da5790ad734984f7f105","optional","68f1da5290ad734984f7daba","2025-10-17T05:56:01.721Z","2025-10-17T05:56:01.721Z"
"68f1da5a90ad734984f7f268","optional","68f1da5290ad734984f7dabd","2025-10-17T05:56:01.721Z","2025-10-17T05:56:01.721Z"
"68f1da5a90ad734984f7f4e9","optional","68f1da5290ad734984f7dabd","2025-10-17T05:56:01.721Z","2025-10-17T05:56:01.721Z"
"68f1da5a90ad734984f7fb9e","optional","68f1da5290ad734984f7dabd","2025-10-17T05:56:01.721Z","2025-10-17T05:56:01.721Z"
"68f1da5290ad734984f7d7e7","optional","68f1da5290ad734984f7dabd","2025-10-17T05:56:01.721Z","2025-10-17T05:56:01.721Z"
"68f1da5690ad734984f7ed6d","optional","68f1da5290ad734984f7dacd","2025-10-17T05:56:01.720Z","2025-10-17T05:56:01.720Z"
"68f1da5290ad734984f7d39b","optional","68f1da5290ad734984f7dacd","2025-10-17T05:56:01.720Z","2025-10-17T05:56:01.720Z"
"68f1da5690ad734984f7e555","optional","68f1da5290ad734984f7dad1","2025-10-17T05:56:01.720Z","2025-10-17T05:56:01.720Z"
"68f1da5290ad734984f7daf6","optional","68f1da5290ad734984f7dad1","2025-10-17T05:56:01.720Z","2025-10-17T05:56:01.720Z"
"68f1da5690ad734984f7e7d8","optional","68f1da5290ad734984f7dad1","2025-10-17T05:56:01.720Z","2025-10-17T05:56:01.720Z"
"68f1da5290ad734984f7d862","essential","68f1da5290ad734984f7dad4","2025-10-17T05:56:01.720Z","2025-10-17T05:56:01.720Z"
"68f1da5290ad734984f7dd50","essential","68f1da5290ad734984f7dad4","2025-10-17T05:56:01.720Z","2025-10-17T05:56:01.720Z"
"68f1da5290ad734984f7cbb4","optional","68f1da5290ad734984f7dad5","2025-10-17T05:56:01.720Z","2025-10-17T05:56:01.720Z"
"68f1da5290ad734984f7d768","optional","68f1da5290ad734984f7dad5","2025-10-17T05:56:01.720Z","2025-10-17T05:56:01.720Z"
"68f1da5a90ad734984f7f412","optional","68f1da5290ad734984f7dad5","2025-10-17T05:56:01.720Z","2025-10-17T05:56:01.720Z"
"68f1da5290ad734984f7d793","optional","68f1da5290ad734984f7dad5","2025-10-17T05:56:01.720Z","2025-10-17T05:56:01.720Z"
"68f1da5290ad734984f7d92e","optional","68f1da5290ad734984f7dad5","2025-10-17T05:56:01.720Z","2025-10-17T05:56:01.720Z"
"68f1da5290ad734984f7de5a","optional","68f1da5290ad734984f7dad6","2025-10-17T05:56:01.720Z","2025-10-17T05:56:01.720Z"
"68f1da5690ad734984f7e810","optional","68f1da5290ad734984f7dad6","2025-10-17T05:56:01.720Z","2025-10-17T05:56:01.720Z"
"68f1da5690ad734984f7eb47","optional","68f1da5290ad734984f7dad6","2025-10-17T05:56:01.720Z","2025-10-17T05:56:01.720Z"
"68f1da5290ad734984f7ce16","optional","68f1da5290ad734984f7dad9","2025-10-17T05:56:01.720Z","2025-10-17T05:56:01.720Z"
"68f1da5290ad734984f7ccef","optional","68f1da5290ad734984f7dad9","2025-10-17T05:56:01.720Z","2025-10-17T05:56:01.720Z"
"68f1da5690ad734984f7e508","optional","68f1da5290ad734984f7dae0","2025-10-17T05:56:01.721Z","2025-10-17T05:56:01.721Z"
"68f1da5a90ad734984f7f5ba","optional","68f1da5290ad734984f7dae0","2025-10-17T05:56:01.721Z","2025-10-17T05:56:01.721Z"
"68f1da5a90ad734984f7f35d","optional","68f1da5290ad734984f7dae0","2025-10-17T05:56:01.721Z","2025-10-17T05:56:01.721Z"
"68f1da5290ad734984f7cfb1","optional","68f1da5290ad734984f7dae9","2025-10-17T05:56:01.721Z","2025-10-17T05:56:01.721Z"
"68f1da5290ad734984f7d136","optional","68f1da5290ad734984f7daef","2025-10-17T05:56:01.721Z","2025-10-17T05:56:01.721Z"
"68f1da5690ad734984f7ee9e","optional","68f1da5290ad734984f7daef","2025-10-17T05:56:01.729Z","2025-10-17T05:56:01.729Z"
"68f1da5290ad734984f7d257","optional","68f1da5290ad734984f7daf3","2025-10-17T05:56:01.729Z","2025-10-17T05:56:01.729Z"
"68f1da5290ad734984f7d936","optional","68f1da5290ad734984f7daf4","2025-10-17T05:56:01.729Z","2025-10-17T05:56:01.729Z"
"68f1da5290ad734984f7db34","optional","68f1da5290ad734984f7daf4","2025-10-17T05:56:01.729Z","2025-10-17T05:56:01.729Z"
"68f1da5a90ad734984f80039","optional","68f1da5290ad734984f7daf4","2025-10-17T05:56:01.730Z","2025-10-17T05:56:01.730Z"
"68f1da5290ad734984f7cc95","optional","68f1da5290ad734984f7daf7","2025-10-17T05:56:01.730Z","2025-10-17T05:56:01.730Z"
"68f1da5290ad734984f7ddec","optional","68f1da5290ad734984f7daf7","2025-10-17T05:56:01.734Z","2025-10-17T05:56:01.734Z"
"68f1da5290ad734984f7d63c","optional","68f1da5290ad734984f7daf7","2025-10-17T05:56:01.730Z","2025-10-17T05:56:01.730Z"
"68f1da5a90ad734984f7fcb3","optional","68f1da5290ad734984f7daf7","2025-10-17T05:56:01.734Z","2025-10-17T05:56:01.734Z"
"68f1da5290ad734984f7d82c","optional","68f1da5290ad734984f7daf8","2025-10-17T05:56:01.734Z","2025-10-17T05:56:01.734Z"
"68f1da5690ad734984f7e7f0","optional","68f1da5290ad734984f7daf8","2025-10-17T05:56:01.734Z","2025-10-17T05:56:01.734Z"
"68f1da5790ad734984f7f0aa","optional","68f1da5290ad734984f7daf8","2025-10-17T05:56:01.734Z","2025-10-17T05:56:01.734Z"
"68f1da5290ad734984f7dde6","essential","68f1da5290ad734984f7dafb","2025-10-17T05:56:01.734Z","2025-10-17T05:56:01.734Z"
"68f1da5690ad734984f7df14","optional","68f1da5290ad734984f7db03","2025-10-17T05:56:01.734Z","2025-10-17T05:56:01.734Z"
"68f1da5690ad734984f7e014","optional","68f1da5290ad734984f7db03","2025-10-17T05:56:01.735Z","2025-10-17T05:56:01.735Z"
"68f1da5690ad734984f7e8b6","optional","68f1da5290ad734984f7db03","2025-10-17T05:56:01.735Z","2025-10-17T05:56:01.735Z"
"68f1da5690ad734984f7df9b","optional","68f1da5290ad734984f7db03","2025-10-17T05:56:01.735Z","2025-10-17T05:56:01.735Z"
"68f1da5690ad734984f7ed79","optional","68f1da5290ad734984f7db05","2025-10-17T05:56:01.735Z","2025-10-17T05:56:01.735Z"
"68f1da5290ad734984f7d376","optional","68f1da5290ad734984f7db05","2025-10-17T05:56:01.735Z","2025-10-17T05:56:01.735Z"
"68f1da5690ad734984f7e819","optional","68f1da5290ad734984f7db08","2025-10-17T05:56:01.735Z","2025-10-17T05:56:01.735Z"
"68f1da5690ad734984f7eb37","optional","68f1da5290ad734984f7db08","2025-10-17T05:56:01.735Z","2025-10-17T05:56:01.735Z"
"68f1da5290ad734984f7cca8","optional","68f1da5290ad734984f7db08","2025-10-17T05:56:01.735Z","2025-10-17T05:56:01.735Z"
"68f1da5290ad734984f7d7a1","optional","68f1da5290ad734984f7db08","2025-10-17T05:56:01.735Z","2025-10-17T05:56:01.735Z"
"68f1da5690ad734984f7e8c2","optional","68f1da5290ad734984f7db08","2025-10-17T05:56:01.735Z","2025-10-17T05:56:01.735Z"
"68f1da5290ad734984f7d8a6","optional","68f1da5290ad734984f7db0d","2025-10-17T05:56:01.735Z","2025-10-17T05:56:01.735Z"
"68f1da5290ad734984f7dc10","optional","68f1da5290ad734984f7db0d","2025-10-17T05:56:01.735Z","2025-10-17T05:56:01.735Z"
"68f1da5a90ad734984f7fa1e","optional","68f1da5290ad734984f7db0d","2025-10-17T05:56:01.735Z","2025-10-17T05:56:01.735Z"
"68f1da5690ad734984f7ee5d","optional","68f1da5290ad734984f7db14","2025-10-17T05:56:01.735Z","2025-10-17T05:56:01.735Z"
"68f1da5290ad734984f7d6b1","optional","68f1da5290ad734984f7db17","2025-10-17T05:56:01.735Z","2025-10-17T05:56:01.735Z"
"68f1da5290ad734984f7d6d7","optional","68f1da5290ad734984f7db17","2025-10-17T05:56:01.735Z","2025-10-17T05:56:01.735Z"
"68f1da5690ad734984f7e248","optional","68f1da5290ad734984f7db18","2025-10-17T05:56:01.735Z","2025-10-17T05:56:01.735Z"
"68f1da5a90ad734984f7f681","optional","68f1da5290ad734984f7db18","2025-10-17T05:56:01.735Z","2025-10-17T05:56:01.735Z"
"68f1da5290ad734984f7d912","optional","68f1da5290ad734984f7db18","2025-10-17T05:56:01.735Z","2025-10-17T05:56:01.735Z"
"68f1da5a90ad734984f7f6ac","optional","68f1da5290ad734984f7db18","2025-10-17T05:56:01.735Z","2025-10-17T05:56:01.735Z"
"68f1da5690ad734984f7e55e","optional","68f1da5290ad734984f7db18","2025-10-17T05:56:01.735Z","2025-10-17T05:56:01.735Z"
"68f1da5290ad734984f7d877","optional","68f1da5290ad734984f7db1d","2025-10-17T05:56:01.735Z","2025-10-17T05:56:01.735Z"
"68f1da5690ad734984f7ea3d","optional","68f1da5290ad734984f7db1d","2025-10-17T05:56:01.736Z","2025-10-17T05:56:01.736Z"
"68f1da5290ad734984f7de81","optional","68f1da5290ad734984f7db1d","2025-10-17T05:56:01.735Z","2025-10-17T05:56:01.735Z"
"68f1da5a90ad734984f7f398","optional","68f1da5290ad734984f7db1d","2025-10-17T05:56:01.736Z","2025-10-17T05:56:01.736Z"
"68f1da5290ad734984f7daa8","optional","68f1da5290ad734984f7db1d","2025-10-17T05:56:01.735Z","2025-10-17T05:56:01.735Z"
"68f1da5a90ad734984f7fd6e","optional","68f1da5290ad734984f7db1d","2025-10-17T05:56:01.736Z","2025-10-17T05:56:01.736Z"
"68f1da5290ad734984f7d946","optional","68f1da5290ad734984f7db2a","2025-10-17T05:56:01.736Z","2025-10-17T05:56:01.736Z"
"68f1da5690ad734984f7ed2f","optional","68f1da5290ad734984f7db2a","2025-10-17T05:56:01.736Z","2025-10-17T05:56:01.736Z"
"68f1da5690ad734984f7e5e6","optional","68f1da5290ad734984f7db2a","2025-10-17T05:56:01.736Z","2025-10-17T05:56:01.736Z"
"68f1da5290ad734984f7d07d","optional","68f1da5290ad734984f7db2d","2025-10-17T05:56:01.736Z","2025-10-17T05:56:01.736Z"
"68f1da5690ad734984f7ec38","optional","68f1da5290ad734984f7db2d","2025-10-17T05:56:01.736Z","2025-10-17T05:56:01.736Z"
"68f1da5690ad734984f7ee6e","optional","68f1da5290ad734984f7db2d","2025-10-17T05:56:01.736Z","2025-10-17T05:56:01.736Z"
"68f1da5a90ad734984f7ffd6","optional","68f1da5290ad734984f7db36","2025-10-17T05:56:01.736Z","2025-10-17T05:56:01.736Z"
"68f1da5790ad734984f7ef82","optional","68f1da5290ad734984f7db36","2025-10-17T05:56:01.736Z","2025-10-17T05:56:01.736Z"
"68f1da5a90ad734984f7f943","optional","68f1da5290ad734984f7db36","2025-10-17T05:56:01.736Z","2025-10-17T05:56:01.736Z"
"68f1da5690ad734984f7e1d9","optional","68f1da5290ad734984f7db3d","2025-10-17T05:56:01.736Z","2025-10-17T05:56:01.736Z"
"68f1da5a90ad734984f7f8cc","optional","68f1da5290ad734984f7db3d","2025-10-17T05:56:01.736Z","2025-10-17T05:56:01.736Z"
"68f1da5290ad734984f7cfa8","optional","68f1da5290ad734984f7db3d","2025-10-17T05:56:01.736Z","2025-10-17T05:56:01.736Z"
"68f1da5290ad734984f7d1ca","optional","68f1da5290ad734984f7db3d","2025-10-17T05:56:01.736Z","2025-10-17T05:56:01.736Z"
"68f1da5690ad734984f7ea73","optional","68f1da5290ad734984f7db3d","2025-10-17T05:56:01.736Z","2025-10-17T05:56:01.736Z"
"68f1da5690ad734984f7ed74","optional","68f1da5290ad734984f7db3d","2025-10-17T05:56:01.736Z","2025-10-17T05:56:01.736Z"
"68f1da5690ad734984f7ea4b","optional","68f1da5290ad734984f7db41","2025-10-17T05:56:01.736Z","2025-10-17T05:56:01.736Z"
"68f1da5290ad734984f7cf60","optional","68f1da5290ad734984f7db42","2025-10-17T05:56:01.735Z","2025-10-17T05:56:01.735Z"
"68f1da5a90ad734984f7fe95","optional","68f1da5290ad734984f7db42","2025-10-17T05:56:01.735Z","2025-10-17T05:56:01.735Z"
"68f1da5a90ad734984f7f8f2","optional","68f1da5290ad734984f7db42","2025-10-17T05:56:01.735Z","2025-10-17T05:56:01.735Z"
"68f1da5790ad734984f7f13c","essential","68f1da5290ad734984f7db56","2025-10-17T05:56:01.735Z","2025-10-17T05:56:01.735Z"
"68f1da5690ad734984f7e547","optional","68f1da5290ad734984f7db58","2025-10-17T05:56:01.735Z","2025-10-17T05:56:01.735Z"
"68f1da5690ad734984f7e87f","optional","68f1da5290ad734984f7db58","2025-10-17T05:56:01.735Z","2025-10-17T05:56:01.735Z"
"68f1da5a90ad734984f7f6fd","optional","68f1da5290ad734984f7db58","2025-10-17T05:56:01.735Z","2025-10-17T05:56:01.735Z"
"68f1da5690ad734984f7e829","optional","68f1da5290ad734984f7db58","2025-10-17T05:56:01.735Z","2025-10-17T05:56:01.735Z"
"68f1da5790ad734984f7f053","optional","68f1da5290ad734984f7db58","2025-10-17T05:56:01.735Z","2025-10-17T05:56:01.735Z"
"68f1da5690ad734984f7e63a","optional","68f1da5290ad734984f7db5e","2025-10-17T05:56:01.736Z","2025-10-17T05:56:01.736Z"
"68f1da5690ad734984f7e482","optional","68f1da5290ad734984f7db5e","2025-10-17T05:56:01.736Z","2025-10-17T05:56:01.736Z"
"68f1da5790ad734984f7f00a","optional","68f1da5290ad734984f7db62","2025-10-17T05:56:01.736Z","2025-10-17T05:56:01.736Z"
"68f1da5290ad734984f7d652","optional","68f1da5290ad734984f7db62","2025-10-17T05:56:01.736Z","2025-10-17T05:56:01.736Z"
"68f1da5790ad734984f7f16e","optional","68f1da5290ad734984f7db67","2025-10-17T05:56:01.736Z","2025-10-17T05:56:01.736Z"
"68f1da5a90ad734984f7faeb","optional","68f1da5290ad734984f7db67","2025-10-17T05:56:01.736Z","2025-10-17T05:56:01.736Z"
"68f1da5290ad734984f7cd10","optional","68f1da5290ad734984f7db67","2025-10-17T05:56:01.736Z","2025-10-17T05:56:01.736Z"
"68f1da5690ad734984f7ee80","optional","68f1da5290ad734984f7db67","2025-10-17T05:56:01.736Z","2025-10-17T05:56:01.736Z"
"68f1da5790ad734984f7f0fc","optional","68f1da5290ad734984f7db67","2025-10-17T05:56:01.736Z","2025-10-17T05:56:01.736Z"
"68f1da5290ad734984f7d720","optional","68f1da5290ad734984f7db69","2025-10-17T05:56:01.736Z","2025-10-17T05:56:01.736Z"
"68f1da5690ad734984f7e406","optional","68f1da5290ad734984f7db69","2025-10-17T05:56:01.736Z","2025-10-17T05:56:01.736Z"
"68f1da5690ad734984f7ed90","optional","68f1da5290ad734984f7db71","2025-10-17T05:56:01.736Z","2025-10-17T05:56:01.736Z"
"68f1da5690ad734984f7def4","optional","68f1da5290ad734984f7db73","2025-10-17T05:56:01.736Z","2025-10-17T05:56:01.736Z"
"68f1da5290ad734984f7dd90","optional","68f1da5290ad734984f7db77","2025-10-17T05:56:01.736Z","2025-10-17T05:56:01.736Z"
"68f1da5a90ad734984f7fe89","optional","68f1da5290ad734984f7db77","2025-10-17T05:56:01.736Z","2025-10-17T05:56:01.736Z"
"68f1da5790ad734984f7ef56","optional","68f1da5290ad734984f7db80","2025-10-17T05:56:01.737Z","2025-10-17T05:56:01.737Z"
"68f1da5a90ad734984f7fe23","optional","68f1da5290ad734984f7db80","2025-10-17T05:56:01.737Z","2025-10-17T05:56:01.737Z"
"68f1da5690ad734984f7e46f","optional","68f1da5290ad734984f7db86","2025-10-17T05:56:01.737Z","2025-10-17T05:56:01.737Z"
"68f1da5290ad734984f7da43","optional","68f1da5290ad734984f7db86","2025-10-17T05:56:01.737Z","2025-10-17T05:56:01.737Z"
"68f1da5a90ad734984f7f5da","optional","68f1da5290ad734984f7db88","2025-10-17T05:56:01.737Z","2025-10-17T05:56:01.737Z"
"68f1da5290ad734984f7d193","optional","68f1da5290ad734984f7db88","2025-10-17T05:56:01.737Z","2025-10-17T05:56:01.737Z"
"68f1da5690ad734984f7e15e","optional","68f1da5290ad734984f7db88","2025-10-17T05:56:01.737Z","2025-10-17T05:56:01.737Z"
"68f1da5690ad734984f7e183","optional","68f1da5290ad734984f7db8b","2025-10-17T05:56:01.737Z","2025-10-17T05:56:01.737Z"
"68f1da5290ad734984f7cc35","optional","68f1da5290ad734984f7db8b","2025-10-17T05:56:01.737Z","2025-10-17T05:56:01.737Z"
"68f1da5290ad734984f7d289","optional","68f1da5290ad734984f7db96","2025-10-17T05:56:01.737Z","2025-10-17T05:56:01.737Z"
"68f1da5790ad734984f7ef8e","optional","68f1da5290ad734984f7db96","2025-10-17T05:56:01.737Z","2025-10-17T05:56:01.737Z"
"68f1da5a90ad734984f7fa75","optional","68f1da5290ad734984f7db96","2025-10-17T05:56:01.737Z","2025-10-17T05:56:01.737Z"
"68f1da5690ad734984f7e01e","optional","68f1da5290ad734984f7db9c","2025-10-17T05:56:01.737Z","2025-10-17T05:56:01.737Z"
"68f1da5690ad734984f7e306","optional","68f1da5290ad734984f7db9c","2025-10-17T05:56:01.737Z","2025-10-17T05:56:01.737Z"
"68f1da5a90ad734984f7f250","optional","68f1da5290ad734984f7db9c","2025-10-17T05:56:01.749Z","2025-10-17T05:56:01.749Z"
"68f1da5290ad734984f7cede","optional","68f1da5290ad734984f7db9c","2025-10-17T05:56:01.737Z","2025-10-17T05:56:01.737Z"
"68f1da5690ad734984f7e069","optional","68f1da5290ad734984f7db9c","2025-10-17T05:56:01.737Z","2025-10-17T05:56:01.737Z"
"68f1da5690ad734984f7e91e","optional","68f1da5290ad734984f7db9c","2025-10-17T05:56:01.737Z","2025-10-17T05:56:01.737Z"
"68f1da5690ad734984f7e235","optional","68f1da5290ad734984f7db9c","2025-10-17T05:56:01.737Z","2025-10-17T05:56:01.737Z"
"68f1da5690ad734984f7e36b","optional","68f1da5290ad734984f7db9c","2025-10-17T05:56:01.737Z","2025-10-17T05:56:01.737Z"
"68f1da5290ad734984f7d4dd","optional","68f1da5290ad734984f7db9c","2025-10-17T05:56:01.737Z","2025-10-17T05:56:01.737Z"
"68f1da5690ad734984f7e9d8","optional","68f1da5290ad734984f7db9c","2025-10-17T05:56:01.749Z","2025-10-17T05:56:01.749Z"
"68f1da5790ad734984f7f103","optional","68f1da5290ad734984f7db9c","2025-10-17T05:56:01.749Z","2025-10-17T05:56:01.749Z"
"68f1da5690ad734984f7ee07","optional","68f1da5290ad734984f7dba6","2025-10-17T05:56:01.750Z","2025-10-17T05:56:01.750Z"
"68f1da5290ad734984f7d023","optional","68f1da5290ad734984f7dbab","2025-10-17T05:56:01.750Z","2025-10-17T05:56:01.750Z"
"68f1da5a90ad734984f8016b","optional","68f1da5290ad734984f7dbad","2025-10-17T05:56:01.750Z","2025-10-17T05:56:01.750Z"
"68f1da5290ad734984f7d5e9","optional","68f1da5290ad734984f7dbad","2025-10-17T05:56:01.750Z","2025-10-17T05:56:01.750Z"
"68f1da5690ad734984f7e3c2","optional","68f1da5290ad734984f7dbad","2025-10-17T05:56:01.750Z","2025-10-17T05:56:01.750Z"
"68f1da5290ad734984f7cc16","optional","68f1da5290ad734984f7dbaf","2025-10-17T05:56:01.750Z","2025-10-17T05:56:01.750Z"
"68f1da5690ad734984f7e168","optional","68f1da5290ad734984f7dbaf","2025-10-17T05:56:01.750Z","2025-10-17T05:56:01.750Z"
"68f1da5690ad734984f7e578","optional","68f1da5290ad734984f7dbb6","2025-10-17T05:56:01.750Z","2025-10-17T05:56:01.750Z"
"68f1da5690ad734984f7e14e","optional","68f1da5290ad734984f7dbc1","2025-10-17T05:56:01.750Z","2025-10-17T05:56:01.750Z"
"68f1da5a90ad734984f7f41b","optional","68f1da5290ad734984f7dbc1","2025-10-17T05:56:01.750Z","2025-10-17T05:56:01.750Z"
"68f1da5690ad734984f7e2a1","optional","68f1da5290ad734984f7dbc1","2025-10-17T05:56:01.750Z","2025-10-17T05:56:01.750Z"
"68f1da5690ad734984f7e667","optional","68f1da5290ad734984f7dbc1","2025-10-17T05:56:01.750Z","2025-10-17T05:56:01.750Z"
"68f1da5a90ad734984f7f747","optional","68f1da5290ad734984f7dbc1","2025-10-17T05:56:01.750Z","2025-10-17T05:56:01.750Z"
"68f1da5290ad734984f7d92a","optional","68f1da5290ad734984f7dbc1","2025-10-17T05:56:01.750Z","2025-10-17T05:56:01.750Z"
"68f1da5690ad734984f7def8","optional","68f1da5290ad734984f7dbc1","2025-10-17T05:56:01.750Z","2025-10-17T05:56:01.750Z"
"68f1da5690ad734984f7e900","optional","68f1da5290ad734984f7dbc1","2025-10-17T05:56:01.750Z","2025-10-17T05:56:01.750Z"
"68f1da5690ad734984f7ea57","optional","68f1da5290ad734984f7dbc1","2025-10-17T05:56:01.750Z","2025-10-17T05:56:01.750Z"
"68f1da5a90ad734984f7ff96","optional","68f1da5290ad734984f7dbc1","2025-10-17T05:56:01.751Z","2025-10-17T05:56:01.751Z"
"68f1da5a90ad734984f7fa08","optional","68f1da5290ad734984f7dbc1","2025-10-17T05:56:01.751Z","2025-10-17T05:56:01.751Z"
"68f1da5a90ad734984f7fe8c","optional","68f1da5290ad734984f7dbc1","2025-10-17T05:56:01.751Z","2025-10-17T05:56:01.751Z"
"68f1da5290ad734984f7d0b2","optional","68f1da5290ad734984f7dbcd","2025-10-17T05:56:01.751Z","2025-10-17T05:56:01.751Z"
"68f1da5290ad734984f7d560","optional","68f1da5290ad734984f7dbcd","2025-10-17T05:56:01.751Z","2025-10-17T05:56:01.751Z"
"68f1da5290ad734984f7d3d4","optional","68f1da5290ad734984f7dbcd","2025-10-17T05:56:01.751Z","2025-10-17T05:56:01.751Z"
"68f1da5290ad734984f7d768","optional","68f1da5290ad734984f7dbcd","2025-10-17T05:56:01.751Z","2025-10-17T05:56:01.751Z"
"68f1da5690ad734984f7e1ab","optional","68f1da5290ad734984f7dbd6","2025-10-17T05:56:01.751Z","2025-10-17T05:56:01.751Z"
"68f1da5a90ad734984f800f5","optional","68f1da5290ad734984f7dbd6","2025-10-17T05:56:01.751Z","2025-10-17T05:56:01.751Z"
"68f1da5a90ad734984f7fd6f","optional","68f1da5290ad734984f7dbd7","2025-10-17T05:56:01.751Z","2025-10-17T05:56:01.751Z"
"68f1da5690ad734984f7ec66","optional","68f1da5290ad734984f7dbd7","2025-10-17T05:56:01.751Z","2025-10-17T05:56:01.751Z"
"68f1da5a90ad734984f7f99a","optional","68f1da5290ad734984f7dbdb","2025-10-17T05:56:01.749Z","2025-10-17T05:56:01.749Z"
"68f1da5790ad734984f7f11d","optional","68f1da5290ad734984f7dbe1","2025-10-17T05:56:01.749Z","2025-10-17T05:56:01.749Z"
"68f1da5a90ad734984f7fa3b","optional","68f1da5290ad734984f7dbe9","2025-10-17T05:56:01.750Z","2025-10-17T05:56:01.750Z"
"68f1da5690ad734984f7eb3d","optional","68f1da5290ad734984f7dbe9","2025-10-17T05:56:01.750Z","2025-10-17T05:56:01.750Z"
"68f1da5690ad734984f7e409","optional","68f1da5290ad734984f7dbf8","2025-10-17T05:56:01.750Z","2025-10-17T05:56:01.750Z"
"68f1da5690ad734984f7e3d8","essential","68f1da5290ad734984f7dbfd","2025-10-17T05:56:01.750Z","2025-10-17T05:56:01.750Z"
"68f1da5690ad734984f7ea4b","essential","68f1da5290ad734984f7dbfd","2025-10-17T05:56:01.750Z","2025-10-17T05:56:01.750Z"
"68f1da5690ad734984f7ebbc","optional","68f1da5290ad734984f7dbfe","2025-10-17T05:56:01.750Z","2025-10-17T05:56:01.750Z"
"68f1da5290ad734984f7cc92","optional","68f1da5290ad734984f7dc05","2025-10-17T05:56:01.750Z","2025-10-17T05:56:01.750Z"
"68f1da5290ad734984f7dae2","optional","68f1da5290ad734984f7dc05","2025-10-17T05:56:01.750Z","2025-10-17T05:56:01.750Z"
"68f1da5790ad734984f7f20d","optional","68f1da5290ad734984f7dc05","2025-10-17T05:56:01.750Z","2025-10-17T05:56:01.750Z"
"68f1da5a90ad734984f7f470","optional","68f1da5290ad734984f7dc05","2025-10-17T05:56:01.750Z","2025-10-17T05:56:01.750Z"
"68f1da5a90ad734984f7f702","optional","68f1da5290ad734984f7dc05","2025-10-17T05:56:01.750Z","2025-10-17T05:56:01.750Z"
"68f1da5690ad734984f7e600","optional","68f1da5290ad734984f7dc05","2025-10-17T05:56:01.750Z","2025-10-17T05:56:01.750Z"
"68f1da5290ad734984f7d3b7","optional","68f1da5290ad734984f7dc05","2025-10-17T05:56:01.750Z","2025-10-17T05:56:01.750Z"
"68f1da5690ad734984f7e729","optional","68f1da5290ad734984f7dc05","2025-10-17T05:56:01.750Z","2025-10-17T05:56:01.750Z"
"68f1da5a90ad734984f80176","optional","68f1da5290ad734984f7dc05","2025-10-17T05:56:01.750Z","2025-10-17T05:56:01.750Z"
"68f1da5a90ad734984f8003f","optional","68f1da5290ad734984f7dc09","2025-10-17T05:56:01.750Z","2025-10-17T05:56:01.750Z"
"68f1da5290ad734984f7d722","optional","68f1da5290ad734984f7dc0f","2025-10-17T05:56:01.751Z","2025-10-17T05:56:01.751Z"
"68f1da5290ad734984f7d41e","optional","68f1da5290ad734984f7dc0f","2025-10-17T05:56:01.751Z","2025-10-17T05:56:01.751Z"
"68f1da5690ad734984f7e61e","optional","68f1da5290ad734984f7dc28","2025-10-17T05:56:01.751Z","2025-10-17T05:56:01.751Z"
"68f1da5290ad734984f7db41","optional","68f1da5290ad734984f7dc2a","2025-10-17T05:56:01.751Z","2025-10-17T05:56:01.751Z"
"68f1da5290ad734984f7daee","optional","68f1da5290ad734984f7dc2a","2025-10-17T05:56:01.751Z","2025-10-17T05:56:01.751Z"
"68f1da5290ad734984f7db30","essential","68f1da5290ad734984f7dc2a","2025-10-17T05:56:01.751Z","2025-10-17T05:56:01.751Z"
"68f1da5290ad734984f7cebc","optional","68f1da5290ad734984f7dc2e","2025-10-17T05:56:01.751Z","2025-10-17T05:56:01.751Z"
"68f1da5290ad734984f7cea4","optional","68f1da5290ad734984f7dc2f","2025-10-17T05:56:01.751Z","2025-10-17T05:56:01.751Z"
"68f1da5a90ad734984f7f707","optional","68f1da5290ad734984f7dc32","2025-10-17T05:56:01.751Z","2025-10-17T05:56:01.751Z"
"68f1da5290ad734984f7cfce","optional","68f1da5290ad734984f7dc32","2025-10-17T05:56:01.751Z","2025-10-17T05:56:01.751Z"
"68f1da5290ad734984f7dc27","optional","68f1da5290ad734984f7dc32","2025-10-17T05:56:01.751Z","2025-10-17T05:56:01.751Z"
"68f1da5290ad734984f7d8f8","optional","68f1da5290ad734984f7dc46","2025-10-17T05:56:01.751Z","2025-10-17T05:56:01.751Z"
"68f1da5290ad734984f7d0a5","optional","68f1da5290ad734984f7dc46","2025-10-17T05:56:01.751Z","2025-10-17T05:56:01.751Z"
"68f1da5a90ad734984f7fbe5","optional","68f1da5290ad734984f7dc4a","2025-10-17T05:56:01.751Z","2025-10-17T05:56:01.751Z"
"68f1da5690ad734984f7e0e7","optional","68f1da5290ad734984f7dc4a","2025-10-17T05:56:01.751Z","2025-10-17T05:56:01.751Z"
"68f1da5290ad734984f7ce7a","optional","68f1da5290ad734984f7dc4d","2025-10-17T05:56:01.751Z","2025-10-17T05:56:01.751Z"
"68f1da5690ad734984f7e4a4","optional","68f1da5290ad734984f7dc4d","2025-10-17T05:56:01.751Z","2025-10-17T05:56:01.751Z"
"68f1da5a90ad734984f7fca9","optional","68f1da5290ad734984f7dc4d","2025-10-17T05:56:01.752Z","2025-10-17T05:56:01.752Z"
"68f1da5690ad734984f7e8d2","optional","68f1da5290ad734984f7dc4d","2025-10-17T05:56:01.751Z","2025-10-17T05:56:01.751Z"
"68f1da5a90ad734984f7f86c","optional","68f1da5290ad734984f7dc4d","2025-10-17T05:56:01.751Z","2025-10-17T05:56:01.751Z"
"68f1da5690ad734984f7e25f","optional","68f1da5290ad734984f7dc4d","2025-10-17T05:56:01.751Z","2025-10-17T05:56:01.751Z"
"68f1da5690ad734984f7e4be","optional","68f1da5290ad734984f7dc4d","2025-10-17T05:56:01.751Z","2025-10-17T05:56:01.751Z"
"68f1da5a90ad734984f7f2ed","optional","68f1da5290ad734984f7dc4d","2025-10-17T05:56:01.751Z","2025-10-17T05:56:01.751Z"
"68f1da5a90ad734984f7f944","optional","68f1da5290ad734984f7dc4d","2025-10-17T05:56:01.751Z","2025-10-17T05:56:01.751Z"
"68f1da5690ad734984f7dfc1","optional","68f1da5290ad734984f7dc4d","2025-10-17T05:56:01.751Z","2025-10-17T05:56:01.751Z"
"68f1da5a90ad734984f7f44e","optional","68f1da5290ad734984f7dc53","2025-10-17T05:56:01.752Z","2025-10-17T05:56:01.752Z"
"68f1da5a90ad734984f7f98f","optional","68f1da5290ad734984f7dc53","2025-10-17T05:56:01.752Z","2025-10-17T05:56:01.752Z"
"68f1da5690ad734984f7ec29","optional","68f1da5290ad734984f7dc53","2025-10-17T05:56:01.752Z","2025-10-17T05:56:01.752Z"
"68f1da5a90ad734984f7ff9d","optional","68f1da5290ad734984f7dc53","2025-10-17T05:56:01.752Z","2025-10-17T05:56:01.752Z"
"68f1da5690ad734984f7eb24","optional","68f1da5290ad734984f7dc56","2025-10-17T05:56:01.752Z","2025-10-17T05:56:01.752Z"
"68f1da5290ad734984f7d2e4","optional","68f1da5290ad734984f7dc56","2025-10-17T05:56:01.752Z","2025-10-17T05:56:01.752Z"
"68f1da5a90ad734984f7f3f4","optional","68f1da5290ad734984f7dc56","2025-10-17T05:56:01.752Z","2025-10-17T05:56:01.752Z"
"68f1da5690ad734984f7eb3f","optional","68f1da5290ad734984f7dc56","2025-10-17T05:56:01.752Z","2025-10-17T05:56:01.752Z"
"68f1da5690ad734984f7e353","optional","68f1da5290ad734984f7dc67","2025-10-17T05:56:01.752Z","2025-10-17T05:56:01.752Z"
"68f1da5a90ad734984f7f2e3","optional","68f1da5290ad734984f7dc67","2025-10-17T05:56:01.752Z","2025-10-17T05:56:01.752Z"
"68f1da5290ad734984f7d841","optional","68f1da5290ad734984f7dc6a","2025-10-17T05:56:01.752Z","2025-10-17T05:56:01.752Z"
"68f1da5a90ad734984f7ff2c","optional","68f1da5290ad734984f7dc6b","2025-10-17T05:56:01.752Z","2025-10-17T05:56:01.752Z"
"68f1da5a90ad734984f7ffdb","optional","68f1da5290ad734984f7dc6b","2025-10-17T05:56:01.752Z","2025-10-17T05:56:01.752Z"
"68f1da5290ad734984f7d803","optional","68f1da5290ad734984f7dc70","2025-10-17T05:56:01.752Z","2025-10-17T05:56:01.752Z"
"68f1da5290ad734984f7de45","optional","68f1da5290ad734984f7dc71","2025-10-17T05:56:01.752Z","2025-10-17T05:56:01.752Z"
"68f1da5690ad734984f7e35b","optional","68f1da5290ad734984f7dc71","2025-10-17T05:56:01.752Z","2025-10-17T05:56:01.752Z"
"68f1da5690ad734984f7e492","optional","68f1da5290ad734984f7dc71","2025-10-17T05:56:01.752Z","2025-10-17T05:56:01.752Z"
"68f1da5690ad734984f7e624","optional","68f1da5290ad734984f7dc71","2025-10-17T05:56:01.752Z","2025-10-17T05:56:01.752Z"
"68f1da5690ad734984f7ea64","optional","68f1da5290ad734984f7dc71","2025-10-17T05:56:01.752Z","2025-10-17T05:56:01.752Z"
"68f1da5a90ad734984f7f849","optional","68f1da5290ad734984f7dc71","2025-10-17T05:56:01.752Z","2025-10-17T05:56:01.752Z"
"68f1da5a90ad734984f8008c","optional","68f1da5290ad734984f7dc71","2025-10-17T05:56:01.752Z","2025-10-17T05:56:01.752Z"
"68f1da5690ad734984f7e0e8","optional","68f1da5290ad734984f7dc72","2025-10-17T05:56:01.752Z","2025-10-17T05:56:01.752Z"
"68f1da5290ad734984f7d440","optional","68f1da5290ad734984f7dc73","2025-10-17T05:56:01.752Z","2025-10-17T05:56:01.752Z"
"68f1da5a90ad734984f7f61f","optional","68f1da5290ad734984f7dc75","2025-10-17T05:56:01.752Z","2025-10-17T05:56:01.752Z"
"68f1da5690ad734984f7dfa2","optional","68f1da5290ad734984f7dc78","2025-10-17T05:56:01.752Z","2025-10-17T05:56:01.752Z"
"68f1da5290ad734984f7cd3d","optional","68f1da5290ad734984f7dc7e","2025-10-17T05:56:01.752Z","2025-10-17T05:56:01.752Z"
"68f1da5790ad734984f7effc","optional","68f1da5290ad734984f7dc7e","2025-10-17T05:56:01.752Z","2025-10-17T05:56:01.752Z"
"68f1da5a90ad734984f7f465","optional","68f1da5290ad734984f7dc7e","2025-10-17T05:56:01.752Z","2025-10-17T05:56:01.752Z"
"68f1da5690ad734984f7e781","optional","68f1da5290ad734984f7dc8e","2025-10-17T05:56:01.752Z","2025-10-17T05:56:01.752Z"
"68f1da5a90ad734984f7f34e","optional","68f1da5290ad734984f7dc8e","2025-10-17T05:56:01.752Z","2025-10-17T05:56:01.752Z"
"68f1da5290ad734984f7d124","optional","68f1da5290ad734984f7dc91","2025-10-17T05:56:01.752Z","2025-10-17T05:56:01.752Z"
"68f1da5690ad734984f7e193","optional","68f1da5290ad734984f7dc91","2025-10-17T05:56:01.752Z","2025-10-17T05:56:01.752Z"
"68f1da5a90ad734984f7ff11","optional","68f1da5290ad734984f7dc91","2025-10-17T05:56:01.753Z","2025-10-17T05:56:01.753Z"
"68f1da5690ad734984f7e3ef","optional","68f1da5290ad734984f7dc91","2025-10-17T05:56:01.752Z","2025-10-17T05:56:01.752Z"
"68f1da5690ad734984f7e995","optional","68f1da5290ad734984f7dc91","2025-10-17T05:56:01.753Z","2025-10-17T05:56:01.753Z"
"68f1da5690ad734984f7edd5","optional","68f1da5290ad734984f7dc91","2025-10-17T05:56:01.753Z","2025-10-17T05:56:01.753Z"
"68f1da5a90ad734984f7f4a5","optional","68f1da5290ad734984f7dc91","2025-10-17T05:56:01.753Z","2025-10-17T05:56:01.753Z"
"68f1da5690ad734984f7e85b","optional","68f1da5290ad734984f7dc91","2025-10-17T05:56:01.752Z","2025-10-17T05:56:01.752Z"
"68f1da5290ad734984f7cd2c","optional","68f1da5290ad734984f7dc9a","2025-10-17T05:56:01.753Z","2025-10-17T05:56:01.753Z"
"68f1da5a90ad734984f7fa76","optional","68f1da5290ad734984f7dca2","2025-10-17T05:56:01.753Z","2025-10-17T05:56:01.753Z"
"68f1da5a90ad734984f7ffdb","optional","68f1da5290ad734984f7dca2","2025-10-17T05:56:01.753Z","2025-10-17T05:56:01.753Z"
"68f1da5290ad734984f7d13b","optional","68f1da5290ad734984f7dca4","2025-10-17T05:56:01.753Z","2025-10-17T05:56:01.753Z"
"68f1da5a90ad734984f7f832","optional","68f1da5290ad734984f7dca4","2025-10-17T05:56:01.753Z","2025-10-17T05:56:01.753Z"
"68f1da5a90ad734984f7fb9f","optional","68f1da5290ad734984f7dca4","2025-10-17T05:56:01.753Z","2025-10-17T05:56:01.753Z"
"68f1da5a90ad734984f7fc47","optional","68f1da5290ad734984f7dca4","2025-10-17T05:56:01.753Z","2025-10-17T05:56:01.753Z"
"68f1da5a90ad734984f7f80b","optional","68f1da5290ad734984f7dca4","2025-10-17T05:56:01.753Z","2025-10-17T05:56:01.753Z"
"68f1da5690ad734984f7e706","optional","68f1da5290ad734984f7dca6","2025-10-17T05:56:01.753Z","2025-10-17T05:56:01.753Z"
"68f1da5690ad734984f7e533","optional","68f1da5290ad734984f7dca6","2025-10-17T05:56:01.753Z","2025-10-17T05:56:01.753Z"
"68f1da5690ad734984f7e843","optional","68f1da5290ad734984f7dca6","2025-10-17T05:56:01.753Z","2025-10-17T05:56:01.753Z"
"68f1da5290ad734984f7cd10","optional","68f1da5290ad734984f7dca6","2025-10-17T05:56:01.753Z","2025-10-17T05:56:01.753Z"
"68f1da5a90ad734984f7fcf4","optional","68f1da5290ad734984f7dcb9","2025-10-17T05:56:01.753Z","2025-10-17T05:56:01.753Z"
"68f1da5690ad734984f7e622","optional","68f1da5290ad734984f7dcb9","2025-10-17T05:56:01.753Z","2025-10-17T05:56:01.753Z"
"68f1da5a90ad734984f8000a","optional","68f1da5290ad734984f7dcb9","2025-10-17T05:56:01.753Z","2025-10-17T05:56:01.753Z"
"68f1da5290ad734984f7d59b","optional","68f1da5290ad734984f7dcb9","2025-10-17T05:56:01.753Z","2025-10-17T05:56:01.753Z"
"68f1da5290ad734984f7d65b","optional","68f1da5290ad734984f7dcb9","2025-10-17T05:56:01.753Z","2025-10-17T05:56:01.753Z"
"68f1da5a90ad734984f80033","optional","68f1da5290ad734984f7dcbb","2025-10-17T05:56:01.753Z","2025-10-17T05:56:01.753Z"
"68f1da5690ad734984f7e066","optional","68f1da5290ad734984f7dcbd","2025-10-17T05:56:01.753Z","2025-10-17T05:56:01.753Z"
"68f1da5290ad734984f7d441","optional","68f1da5290ad734984f7dcbd","2025-10-17T05:56:01.753Z","2025-10-17T05:56:01.753Z"
"68f1da5290ad734984f7d677","optional","68f1da5290ad734984f7dcbd","2025-10-17T05:56:01.753Z","2025-10-17T05:56:01.753Z"
"68f1da5290ad734984f7d904","optional","68f1da5290ad734984f7dcbd","2025-10-17T05:56:01.753Z","2025-10-17T05:56:01.753Z"
"68f1da5290ad734984f7dcd1","optional","68f1da5290ad734984f7dcbd","2025-10-17T05:56:01.753Z","2025-10-17T05:56:01.753Z"
"68f1da5290ad734984f7d019","optional","68f1da5290ad734984f7dcbe","2025-10-17T05:56:01.753Z","2025-10-17T05:56:01.753Z"
"68f1da5790ad734984f7ef30","optional","68f1da5290ad734984f7dcbe","2025-10-17T05:56:01.753Z","2025-10-17T05:56:01.753Z"
"68f1da5690ad734984f7ebf3","optional","68f1da5290ad734984f7dcbe","2025-10-17T05:56:01.753Z","2025-10-17T05:56:01.753Z"
"68f1da5290ad734984f7d3d0","optional","68f1da5290ad734984f7dcbe","2025-10-17T05:56:01.753Z","2025-10-17T05:56:01.753Z"
"68f1da5290ad734984f7dad0","optional","68f1da5290ad734984f7dcbe","2025-10-17T05:56:01.753Z","2025-10-17T05:56:01.753Z"
"68f1da5690ad734984f7e996","optional","68f1da5290ad734984f7dcda","2025-10-17T05:56:01.754Z","2025-10-17T05:56:01.754Z"
"68f1da5690ad734984f7e5b6","optional","68f1da5290ad734984f7dcda","2025-10-17T05:56:01.754Z","2025-10-17T05:56:01.754Z"
"68f1da5a90ad734984f7fa4c","optional","68f1da5290ad734984f7dcda","2025-10-17T05:56:01.754Z","2025-10-17T05:56:01.754Z"
"68f1da5690ad734984f7df14","optional","68f1da5290ad734984f7dcea","2025-10-17T05:56:01.754Z","2025-10-17T05:56:01.754Z"
"68f1da5690ad734984f7e014","optional","68f1da5290ad734984f7dcea","2025-10-17T05:56:01.754Z","2025-10-17T05:56:01.754Z"
"68f1da5690ad734984f7e43d","optional","68f1da5290ad734984f7dcea","2025-10-17T05:56:01.754Z","2025-10-17T05:56:01.754Z"
"68f1da5290ad734984f7d5f2","optional","68f1da5290ad734984f7dcea","2025-10-17T05:56:01.754Z","2025-10-17T05:56:01.754Z"
"68f1da5290ad734984f7d63b","optional","68f1da5290ad734984f7dcea","2025-10-17T05:56:01.754Z","2025-10-17T05:56:01.754Z"
"68f1da5690ad734984f7ec7a","optional","68f1da5290ad734984f7dcea","2025-10-17T05:56:01.754Z","2025-10-17T05:56:01.754Z"
"68f1da5a90ad734984f80031","optional","68f1da5290ad734984f7dcea","2025-10-17T05:56:01.754Z","2025-10-17T05:56:01.754Z"
"68f1da5a90ad734984f7f9ff","optional","68f1da5290ad734984f7dcea","2025-10-17T05:56:01.754Z","2025-10-17T05:56:01.754Z"
"68f1da5a90ad734984f7ffc0","optional","68f1da5290ad734984f7dcea","2025-10-17T05:56:01.754Z","2025-10-17T05:56:01.754Z"
"68f1da5a90ad734984f7f614","optional","68f1da5290ad734984f7dced","2025-10-17T05:56:01.754Z","2025-10-17T05:56:01.754Z"
"68f1da5290ad734984f7d804","optional","68f1da5290ad734984f7dcfc","2025-10-17T05:56:01.754Z","2025-10-17T05:56:01.754Z"
"68f1da5690ad734984f7e081","optional","68f1da5290ad734984f7dcfc","2025-10-17T05:56:01.754Z","2025-10-17T05:56:01.754Z"
"68f1da5690ad734984f7e8b0","optional","68f1da5290ad734984f7dd14","2025-10-17T05:56:01.755Z","2025-10-17T05:56:01.755Z"
"68f1da5790ad734984f7f16b","optional","68f1da5290ad734984f7dd14","2025-10-17T05:56:01.755Z","2025-10-17T05:56:01.755Z"
"68f1da5a90ad734984f7f492","optional","68f1da5290ad734984f7dd14","2025-10-17T05:56:01.755Z","2025-10-17T05:56:01.755Z"
"68f1da5a90ad734984f7fb4d","optional","68f1da5290ad734984f7dd14","2025-10-17T05:56:01.755Z","2025-10-17T05:56:01.755Z"
"68f1da5290ad734984f7d56c","optional","68f1da5290ad734984f7dd14","2025-10-17T05:56:01.755Z","2025-10-17T05:56:01.755Z"
"68f1da5690ad734984f7e297","optional","68f1da5290ad734984f7dd14","2025-10-17T05:56:01.755Z","2025-10-17T05:56:01.755Z"
"68f1da5790ad734984f7eee6","optional","68f1da5290ad734984f7dd14","2025-10-17T05:56:01.755Z","2025-10-17T05:56:01.755Z"
"68f1da5a90ad734984f7ffe6","optional","68f1da5290ad734984f7dd1a","2025-10-17T05:56:01.755Z","2025-10-17T05:56:01.755Z"
"68f1da5290ad734984f7d1de","optional","68f1da5290ad734984f7dd1a","2025-10-17T05:56:01.755Z","2025-10-17T05:56:01.755Z"
"68f1da5a90ad734984f8003c","optional","68f1da5290ad734984f7dd1a","2025-10-17T05:56:01.755Z","2025-10-17T05:56:01.755Z"
"68f1da5a90ad734984f7f8f1","optional","68f1da5290ad734984f7dd1f","2025-10-17T05:56:01.754Z","2025-10-17T05:56:01.754Z"
"68f1da5690ad734984f7edf0","optional","68f1da5290ad734984f7dd1f","2025-10-17T05:56:01.754Z","2025-10-17T05:56:01.754Z"
"68f1da5290ad734984f7d43e","optional","68f1da5290ad734984f7dd1f","2025-10-17T05:56:01.754Z","2025-10-17T05:56:01.754Z"
"68f1da5690ad734984f7e0e8","optional","68f1da5290ad734984f7dd23","2025-10-17T05:56:01.754Z","2025-10-17T05:56:01.754Z"
"68f1da5690ad734984f7e9b2","optional","68f1da5290ad734984f7dd23","2025-10-17T05:56:01.754Z","2025-10-17T05:56:01.754Z"
"68f1da5a90ad734984f7f463","optional","68f1da5290ad734984f7dd23","2025-10-17T05:56:01.754Z","2025-10-17T05:56:01.754Z"
"68f1da5a90ad734984f7f3dc","optional","68f1da5290ad734984f7dd23","2025-10-17T05:56:01.754Z","2025-10-17T05:56:01.754Z"
"68f1da5690ad734984f7e9b8","optional","68f1da5290ad734984f7dd25","2025-10-17T05:56:01.754Z","2025-10-17T05:56:01.754Z"
"68f1da5a90ad734984f7f8d8","optional","68f1da5290ad734984f7dd25","2025-10-17T05:56:01.754Z","2025-10-17T05:56:01.754Z"
"68f1da5290ad734984f7d3d4","optional","68f1da5290ad734984f7dd25","2025-10-17T05:56:01.754Z","2025-10-17T05:56:01.754Z"
"68f1da5290ad734984f7d768","optional","68f1da5290ad734984f7dd25","2025-10-17T05:56:01.754Z","2025-10-17T05:56:01.754Z"
"68f1da5290ad734984f7d851","optional","68f1da5290ad734984f7dd25","2025-10-17T05:56:01.754Z","2025-10-17T05:56:01.754Z"
"68f1da5290ad734984f7cc0f","optional","68f1da5290ad734984f7dd25","2025-10-17T05:56:01.754Z","2025-10-17T05:56:01.754Z"
"68f1da5690ad734984f7ebf7","optional","68f1da5290ad734984f7dd25","2025-10-17T05:56:01.754Z","2025-10-17T05:56:01.754Z"
"68f1da5290ad734984f7d545","optional","68f1da5290ad734984f7dd25","2025-10-17T05:56:01.754Z","2025-10-17T05:56:01.754Z"
"68f1da5290ad734984f7d986","optional","68f1da5290ad734984f7dd25","2025-10-17T05:56:01.754Z","2025-10-17T05:56:01.754Z"
"68f1da5290ad734984f7cf15","optional","68f1da5290ad734984f7dd2b","2025-10-17T05:56:01.754Z","2025-10-17T05:56:01.754Z"
"68f1da5290ad734984f7dc0d","optional","68f1da5290ad734984f7dd2b","2025-10-17T05:56:01.754Z","2025-10-17T05:56:01.754Z"
"68f1da5a90ad734984f7f63c","optional","68f1da5290ad734984f7dd2b","2025-10-17T05:56:01.755Z","2025-10-17T05:56:01.755Z"
"68f1da5290ad734984f7d4f2","optional","68f1da5290ad734984f7dd2b","2025-10-17T05:56:01.754Z","2025-10-17T05:56:01.754Z"
"68f1da5690ad734984f7e63d","optional","68f1da5290ad734984f7dd2c","2025-10-17T05:56:01.755Z","2025-10-17T05:56:01.755Z"
"68f1da5a90ad734984f7f50b","optional","68f1da5290ad734984f7dd2c","2025-10-17T05:56:01.755Z","2025-10-17T05:56:01.755Z"
"68f1da5290ad734984f7d371","optional","68f1da5290ad734984f7dd2c","2025-10-17T05:56:01.755Z","2025-10-17T05:56:01.755Z"
"68f1da5690ad734984f7e345","optional","68f1da5290ad734984f7dd2c","2025-10-17T05:56:01.755Z","2025-10-17T05:56:01.755Z"
"68f1da5290ad734984f7ccbe","optional","68f1da5290ad734984f7dd2e","2025-10-17T05:56:01.755Z","2025-10-17T05:56:01.755Z"
"68f1da5290ad734984f7dbd5","optional","68f1da5290ad734984f7dd2e","2025-10-17T05:56:01.755Z","2025-10-17T05:56:01.755Z"
"68f1da5690ad734984f7e655","optional","68f1da5290ad734984f7dd2e","2025-10-17T05:56:01.755Z","2025-10-17T05:56:01.755Z"
"68f1da5690ad734984f7ed32","optional","68f1da5290ad734984f7dd2e","2025-10-17T05:56:01.755Z","2025-10-17T05:56:01.755Z"
"68f1da5690ad734984f7e939","optional","68f1da5290ad734984f7dd33","2025-10-17T05:56:01.755Z","2025-10-17T05:56:01.755Z"
"68f1da5290ad734984f7d8ed","optional","68f1da5290ad734984f7dd33","2025-10-17T05:56:01.755Z","2025-10-17T05:56:01.755Z"
"68f1da5a90ad734984f7f5a8","optional","68f1da5290ad734984f7dd33","2025-10-17T05:56:01.755Z","2025-10-17T05:56:01.755Z"
"68f1da5290ad734984f7dcde","optional","68f1da5290ad734984f7dd33","2025-10-17T05:56:01.755Z","2025-10-17T05:56:01.755Z"
"68f1da5a90ad734984f7fa27","optional","68f1da5290ad734984f7dd33","2025-10-17T05:56:01.755Z","2025-10-17T05:56:01.755Z"
"68f1da5290ad734984f7d598","optional","68f1da5290ad734984f7dd3a","2025-10-17T05:56:01.755Z","2025-10-17T05:56:01.755Z"
"68f1da5290ad734984f7dd02","optional","68f1da5290ad734984f7dd3a","2025-10-17T05:56:01.755Z","2025-10-17T05:56:01.755Z"
"68f1da5290ad734984f7cc8a","optional","68f1da5290ad734984f7dd3a","2025-10-17T05:56:01.755Z","2025-10-17T05:56:01.755Z"
"68f1da5690ad734984f7eddf","optional","68f1da5290ad734984f7dd3a","2025-10-17T05:56:01.755Z","2025-10-17T05:56:01.755Z"
"68f1da5690ad734984f7eeac","optional","68f1da5290ad734984f7dd3a","2025-10-17T05:56:01.755Z","2025-10-17T05:56:01.755Z"
"68f1da5290ad734984f7ddb5","optional","68f1da5290ad734984f7dd3a","2025-10-17T05:56:01.755Z","2025-10-17T05:56:01.755Z"
"68f1da5690ad734984f7e2f5","optional","68f1da5290ad734984f7dd3a","2025-10-17T05:56:01.755Z","2025-10-17T05:56:01.755Z"
"68f1da5a90ad734984f7f297","optional","68f1da5290ad734984f7dd3a","2025-10-17T05:56:01.755Z","2025-10-17T05:56:01.755Z"
"68f1da5a90ad734984f7ff3d","optional","68f1da5290ad734984f7dd42","2025-10-17T05:56:01.755Z","2025-10-17T05:56:01.755Z"
"68f1da5290ad734984f7d799","optional","68f1da5290ad734984f7dd45","2025-10-17T05:56:01.755Z","2025-10-17T05:56:01.755Z"
"68f1da5690ad734984f7e37f","optional","68f1da5290ad734984f7dd4a","2025-10-17T05:56:01.756Z","2025-10-17T05:56:01.756Z"
"68f1da5290ad734984f7ce4e","optional","68f1da5290ad734984f7dd4a","2025-10-17T05:56:01.756Z","2025-10-17T05:56:01.756Z"
"68f1da5290ad734984f7d191","optional","68f1da5290ad734984f7dd4a","2025-10-17T05:56:01.756Z","2025-10-17T05:56:01.756Z"
"68f1da5790ad734984f7f171","optional","68f1da5290ad734984f7dd4a","2025-10-17T05:56:01.756Z","2025-10-17T05:56:01.756Z"
"68f1da5290ad734984f7d4af","optional","68f1da5290ad734984f7dd4b","2025-10-17T05:56:01.756Z","2025-10-17T05:56:01.756Z"
"68f1da5a90ad734984f7f419","optional","68f1da5290ad734984f7dd4b","2025-10-17T05:56:01.756Z","2025-10-17T05:56:01.756Z"
"68f1da5790ad734984f7f069","optional","68f1da5290ad734984f7dd4b","2025-10-17T05:56:01.756Z","2025-10-17T05:56:01.756Z"
"68f1da5290ad734984f7d652","optional","68f1da5290ad734984f7dd4b","2025-10-17T05:56:01.756Z","2025-10-17T05:56:01.756Z"
"68f1da5690ad734984f7e516","optional","68f1da5290ad734984f7dd4b","2025-10-17T05:56:01.756Z","2025-10-17T05:56:01.756Z"
"68f1da5a90ad734984f7f692","optional","68f1da5290ad734984f7dd4b","2025-10-17T05:56:01.756Z","2025-10-17T05:56:01.756Z"
"68f1da5290ad734984f7dbb7","optional","68f1da5290ad734984f7dd4b","2025-10-17T05:56:01.756Z","2025-10-17T05:56:01.756Z"
"68f1da5690ad734984f7e30e","optional","68f1da5290ad734984f7dd4e","2025-10-17T05:56:01.756Z","2025-10-17T05:56:01.756Z"
"68f1da5290ad734984f7cf95","optional","68f1da5290ad734984f7dd64","2025-10-17T05:56:01.756Z","2025-10-17T05:56:01.756Z"
"68f1da5290ad734984f7d3a0","optional","68f1da5290ad734984f7dd64","2025-10-17T05:56:01.756Z","2025-10-17T05:56:01.756Z"
"68f1da5a90ad734984f7f2e2","optional","68f1da5290ad734984f7dd64","2025-10-17T05:56:01.756Z","2025-10-17T05:56:01.756Z"
"68f1da5a90ad734984f7fb04","optional","68f1da5290ad734984f7dd64","2025-10-17T05:56:01.756Z","2025-10-17T05:56:01.756Z"
"68f1da5290ad734984f7d2cb","optional","68f1da5290ad734984f7dd64","2025-10-17T05:56:01.756Z","2025-10-17T05:56:01.756Z"
"68f1da5790ad734984f7f0a8","optional","68f1da5290ad734984f7dd64","2025-10-17T05:56:01.756Z","2025-10-17T05:56:01.756Z"
"68f1da5690ad734984f7ed79","optional","68f1da5290ad734984f7dd64","2025-10-17T05:56:01.756Z","2025-10-17T05:56:01.756Z"
"68f1da5690ad734984f7e4b4","optional","68f1da5290ad734984f7dd64","2025-10-17T05:56:01.756Z","2025-10-17T05:56:01.756Z"
"68f1da5690ad734984f7e99f","optional","68f1da5290ad734984f7dd64","2025-10-17T05:56:01.756Z","2025-10-17T05:56:01.756Z"
"68f1da5a90ad734984f8009d","optional","68f1da5290ad734984f7dd64","2025-10-17T05:56:01.756Z","2025-10-17T05:56:01.756Z"
"68f1da5290ad734984f7d493","optional","68f1da5290ad734984f7dd66","2025-10-17T05:56:01.756Z","2025-10-17T05:56:01.756Z"
"68f1da5290ad734984f7ce93","optional","68f1da5290ad734984f7dd66","2025-10-17T05:56:01.756Z","2025-10-17T05:56:01.756Z"
"68f1da5a90ad734984f7f71b","optional","68f1da5290ad734984f7dd66","2025-10-17T05:56:01.756Z","2025-10-17T05:56:01.756Z"
"68f1da5290ad734984f7d6da","optional","68f1da5290ad734984f7dd66","2025-10-17T05:56:01.756Z","2025-10-17T05:56:01.756Z"
"68f1da5290ad734984f7dc77","optional","68f1da5290ad734984f7dd66","2025-10-17T05:56:01.756Z","2025-10-17T05:56:01.756Z"
"68f1da5690ad734984f7e609","optional","68f1da5290ad734984f7dd76","2025-10-17T05:56:01.757Z","2025-10-17T05:56:01.757Z"
"68f1da5290ad734984f7ce48","optional","68f1da5290ad734984f7dd9f","2025-10-17T05:56:01.757Z","2025-10-17T05:56:01.757Z"
"68f1da5290ad734984f7ccc5","optional","68f1da5290ad734984f7dda5","2025-10-17T05:56:01.757Z","2025-10-17T05:56:01.757Z"
"68f1da5690ad734984f7e8a5","optional","68f1da5290ad734984f7dda5","2025-10-17T05:56:01.757Z","2025-10-17T05:56:01.757Z"
"68f1da5790ad734984f7f194","optional","68f1da5290ad734984f7dda5","2025-10-17T05:56:01.757Z","2025-10-17T05:56:01.757Z"
"68f1da5a90ad734984f7fb12","optional","68f1da5290ad734984f7dda6","2025-10-17T05:56:01.757Z","2025-10-17T05:56:01.757Z"
"68f1da5a90ad734984f80041","optional","68f1da5290ad734984f7dda6","2025-10-17T05:56:01.757Z","2025-10-17T05:56:01.757Z"
"68f1da5690ad734984f7e92c","optional","68f1da5290ad734984f7dda8","2025-10-17T05:56:01.757Z","2025-10-17T05:56:01.757Z"
"68f1da5290ad734984f7d049","optional","68f1da5290ad734984f7ddab","2025-10-17T05:56:01.757Z","2025-10-17T05:56:01.757Z"
"68f1da5a90ad734984f7f4ba","optional","68f1da5290ad734984f7ddab","2025-10-17T05:56:01.757Z","2025-10-17T05:56:01.757Z"
"68f1da5a90ad734984f7f6c0","optional","68f1da5290ad734984f7ddab","2025-10-17T05:56:01.757Z","2025-10-17T05:56:01.757Z"
"68f1da5290ad734984f7d110","optional","68f1da5290ad734984f7ddab","2025-10-17T05:56:01.757Z","2025-10-17T05:56:01.757Z"
"68f1da5290ad734984f7ddb9","optional","68f1da5290ad734984f7ddab","2025-10-17T05:56:01.757Z","2025-10-17T05:56:01.757Z"
"68f1da5290ad734984f7cbbb","optional","68f1da5290ad734984f7ddab","2025-10-17T05:56:01.757Z","2025-10-17T05:56:01.757Z"
"68f1da5690ad734984f7ed8d","optional","68f1da5290ad734984f7ddab","2025-10-17T05:56:01.757Z","2025-10-17T05:56:01.757Z"
"68f1da5a90ad734984f7f4ec","optional","68f1da5290ad734984f7ddad","2025-10-17T05:56:01.757Z","2025-10-17T05:56:01.757Z"
"68f1da5a90ad734984f7ff3b","optional","68f1da5290ad734984f7ddb7","2025-10-17T05:56:01.756Z","2025-10-17T05:56:01.756Z"
"68f1da5a90ad734984f8002c","essential","68f1da5290ad734984f7ddb7","2025-10-17T05:56:01.756Z","2025-10-17T05:56:01.756Z"
"68f1da5290ad734984f7d978","optional","68f1da5290ad734984f7ddba","2025-10-17T05:56:01.756Z","2025-10-17T05:56:01.756Z"
"68f1da5a90ad734984f7fec7","optional","68f1da5290ad734984f7ddba","2025-10-17T05:56:01.756Z","2025-10-17T05:56:01.756Z"
"68f1da5a90ad734984f80135","optional","68f1da5290ad734984f7ddba","2025-10-17T05:56:01.756Z","2025-10-17T05:56:01.756Z"
"68f1da5290ad734984f7d88c","optional","68f1da5290ad734984f7ddba","2025-10-17T05:56:01.756Z","2025-10-17T05:56:01.756Z"
"68f1da5690ad734984f7e753","optional","68f1da5290ad734984f7ddba","2025-10-17T05:56:01.756Z","2025-10-17T05:56:01.756Z"
"68f1da5790ad734984f7f02b","optional","68f1da5290ad734984f7ddc2","2025-10-17T05:56:01.756Z","2025-10-17T05:56:01.756Z"
"68f1da5690ad734984f7e85c","optional","68f1da5290ad734984f7ddc5","2025-10-17T05:56:01.757Z","2025-10-17T05:56:01.757Z"
"68f1da5690ad734984f7e628","optional","68f1da5290ad734984f7ddc5","2025-10-17T05:56:01.757Z","2025-10-17T05:56:01.757Z"
"68f1da5a90ad734984f7f294","optional","68f1da5290ad734984f7ddc5","2025-10-17T05:56:01.757Z","2025-10-17T05:56:01.757Z"
"68f1da5290ad734984f7ced4","optional","68f1da5290ad734984f7ddc7","2025-10-17T05:56:01.757Z","2025-10-17T05:56:01.757Z"
"68f1da5a90ad734984f7f368","optional","68f1da5290ad734984f7ddc7","2025-10-17T05:56:01.757Z","2025-10-17T05:56:01.757Z"
"68f1da5790ad734984f7f1f4","optional","68f1da5290ad734984f7ddd6","2025-10-17T05:56:01.757Z","2025-10-17T05:56:01.757Z"
"68f1da5290ad734984f7d12d","optional","68f1da5290ad734984f7ddd6","2025-10-17T05:56:01.757Z","2025-10-17T05:56:01.757Z"
"68f1da5690ad734984f7ecb9","optional","68f1da5290ad734984f7dddc","2025-10-17T05:56:01.757Z","2025-10-17T05:56:01.757Z"
"68f1da5290ad734984f7ccba","essential","68f1da5290ad734984f7dde6","2025-10-17T05:56:01.757Z","2025-10-17T05:56:01.757Z"
"68f1da5a90ad734984f7fad0","optional","68f1da5290ad734984f7dde6","2025-10-17T05:56:01.757Z","2025-10-17T05:56:01.757Z"
"68f1da5290ad734984f7cd80","optional","68f1da5290ad734984f7dde6","2025-10-17T05:56:01.757Z","2025-10-17T05:56:01.757Z"
"68f1da5290ad734984f7d136","optional","68f1da5290ad734984f7dde6","2025-10-17T05:56:01.757Z","2025-10-17T05:56:01.757Z"
"68f1da5a90ad734984f7fabc","optional","68f1da5290ad734984f7ddef","2025-10-17T05:56:01.757Z","2025-10-17T05:56:01.757Z"
"68f1da5290ad734984f7cb55","optional","68f1da5290ad734984f7ddef","2025-10-17T05:56:01.757Z","2025-10-17T05:56:01.757Z"
"68f1da5690ad734984f7ed0e","optional","68f1da5290ad734984f7ddf3","2025-10-17T05:56:01.757Z","2025-10-17T05:56:01.757Z"
"68f1da5290ad734984f7cb61","optional","68f1da5290ad734984f7ddf3","2025-10-17T05:56:01.757Z","2025-10-17T05:56:01.757Z"
"68f1da5790ad734984f7f119","optional","68f1da5290ad734984f7ddf4","2025-10-17T05:56:01.758Z","2025-10-17T05:56:01.758Z"
"68f1da5290ad734984f7cbc1","optional","68f1da5290ad734984f7de05","2025-10-17T05:56:01.758Z","2025-10-17T05:56:01.758Z"
"68f1da5a90ad734984f7f595","optional","68f1da5290ad734984f7de05","2025-10-17T05:56:01.758Z","2025-10-17T05:56:01.758Z"
"68f1da5690ad734984f7e3d6","optional","68f1da5290ad734984f7de05","2025-10-17T05:56:01.758Z","2025-10-17T05:56:01.758Z"
"68f1da5a90ad734984f8007a","optional","68f1da5290ad734984f7de05","2025-10-17T05:56:01.758Z","2025-10-17T05:56:01.758Z"
"68f1da5690ad734984f7e4b2","optional","68f1da5290ad734984f7de06","2025-10-17T05:56:01.758Z","2025-10-17T05:56:01.758Z"
"68f1da5690ad734984f7dee9","optional","68f1da5290ad734984f7de10","2025-10-17T05:56:01.758Z","2025-10-17T05:56:01.758Z"
"68f1da5a90ad734984f7f28f","optional","68f1da5290ad734984f7de10","2025-10-17T05:56:01.758Z","2025-10-17T05:56:01.758Z"
"68f1da5a90ad734984f800e4","optional","68f1da5290ad734984f7de10","2025-10-17T05:56:01.758Z","2025-10-17T05:56:01.758Z"
"68f1da5290ad734984f7d120","optional","68f1da5290ad734984f7de10","2025-10-17T05:56:01.758Z","2025-10-17T05:56:01.758Z"
"68f1da5a90ad734984f80007","optional","68f1da5290ad734984f7de10","2025-10-17T05:56:01.758Z","2025-10-17T05:56:01.758Z"
"68f1da5290ad734984f7d436","essential","68f1da5290ad734984f7de17","2025-10-17T05:56:01.758Z","2025-10-17T05:56:01.758Z"
"68f1da5690ad734984f7e6c8","essential","68f1da5290ad734984f7de17","2025-10-17T05:56:01.758Z","2025-10-17T05:56:01.758Z"
"68f1da5290ad734984f7d03e","optional","68f1da5290ad734984f7de2b","2025-10-17T05:56:01.758Z","2025-10-17T05:56:01.758Z"
"68f1da5290ad734984f7dc2c","optional","68f1da5290ad734984f7de2b","2025-10-17T05:56:01.758Z","2025-10-17T05:56:01.758Z"
"68f1da5a90ad734984f7f67b","optional","68f1da5290ad734984f7de2b","2025-10-17T05:56:01.758Z","2025-10-17T05:56:01.758Z"
"68f1da5290ad734984f7d710","optional","68f1da5290ad734984f7de31","2025-10-17T05:56:01.758Z","2025-10-17T05:56:01.758Z"
"68f1da5290ad734984f7d0e6","optional","68f1da5290ad734984f7de31","2025-10-17T05:56:01.758Z","2025-10-17T05:56:01.758Z"
"68f1da5690ad734984f7e8e4","optional","68f1da5290ad734984f7de31","2025-10-17T05:56:01.758Z","2025-10-17T05:56:01.758Z"
"68f1da5690ad734984f7e962","optional","68f1da5290ad734984f7de31","2025-10-17T05:56:01.758Z","2025-10-17T05:56:01.758Z"
"68f1da5690ad734984f7e4c5","optional","68f1da5290ad734984f7de3b","2025-10-17T05:56:01.758Z","2025-10-17T05:56:01.758Z"
"68f1da5690ad734984f7e2a2","optional","68f1da5290ad734984f7de3b","2025-10-17T05:56:01.758Z","2025-10-17T05:56:01.758Z"
"68f1da5690ad734984f7e4e9","optional","68f1da5290ad734984f7de4c","2025-10-17T05:56:01.758Z","2025-10-17T05:56:01.758Z"
"68f1da5690ad734984f7e066","optional","68f1da5290ad734984f7de55","2025-10-17T05:56:01.758Z","2025-10-17T05:56:01.758Z"
"68f1da5690ad734984f7e431","optional","68f1da5290ad734984f7de55","2025-10-17T05:56:01.758Z","2025-10-17T05:56:01.758Z"
"68f1da5290ad734984f7d904","optional","68f1da5290ad734984f7de55","2025-10-17T05:56:01.758Z","2025-10-17T05:56:01.758Z"
"68f1da5a90ad734984f7f99a","essential","68f1da5290ad734984f7de5c","2025-10-17T05:56:01.758Z","2025-10-17T05:56:01.758Z"
"68f1da5a90ad734984f80169","optional","68f1da5290ad734984f7de5e","2025-10-17T05:56:01.758Z","2025-10-17T05:56:01.758Z"
"68f1da5290ad734984f7cb41","optional","68f1da5290ad734984f7de62","2025-10-17T05:56:01.758Z","2025-10-17T05:56:01.758Z"
"68f1da5290ad734984f7d5e0","optional","68f1da5290ad734984f7de62","2025-10-17T05:56:01.758Z","2025-10-17T05:56:01.758Z"
"68f1da5a90ad734984f7f3c5","optional","68f1da5290ad734984f7de62","2025-10-17T05:56:01.759Z","2025-10-17T05:56:01.759Z"
"68f1da5290ad734984f7ddbb","optional","68f1da5290ad734984f7de62","2025-10-17T05:56:01.759Z","2025-10-17T05:56:01.759Z"
"68f1da5290ad734984f7d6c9","optional","68f1da5290ad734984f7de62","2025-10-17T05:56:01.759Z","2025-10-17T05:56:01.759Z"
"68f1da5690ad734984f7ed19","optional","68f1da5290ad734984f7de62","2025-10-17T05:56:01.759Z","2025-10-17T05:56:01.759Z"
"68f1da5290ad734984f7cc27","optional","68f1da5290ad734984f7de62","2025-10-17T05:56:01.758Z","2025-10-17T05:56:01.758Z"
"68f1da5290ad734984f7cbf2","optional","68f1da5290ad734984f7de62","2025-10-17T05:56:01.758Z","2025-10-17T05:56:01.758Z"
"68f1da5a90ad734984f7f4bc","optional","68f1da5290ad734984f7de71","2025-10-17T05:56:01.759Z","2025-10-17T05:56:01.759Z"
"68f1da5a90ad734984f7fbb4","optional","68f1da5290ad734984f7de71","2025-10-17T05:56:01.759Z","2025-10-17T05:56:01.759Z"
"68f1da5a90ad734984f7feee","optional","68f1da5290ad734984f7de71","2025-10-17T05:56:01.759Z","2025-10-17T05:56:01.759Z"
"68f1da5690ad734984f7ea53","optional","68f1da5290ad734984f7de71","2025-10-17T05:56:01.759Z","2025-10-17T05:56:01.759Z"
"68f1da5a90ad734984f7f476","optional","68f1da5290ad734984f7de71","2025-10-17T05:56:01.759Z","2025-10-17T05:56:01.759Z"
"68f1da5290ad734984f7dd5d","optional","68f1da5290ad734984f7de71","2025-10-17T05:56:01.759Z","2025-10-17T05:56:01.759Z"
"68f1da5290ad734984f7cd7d","optional","68f1da5290ad734984f7de71","2025-10-17T05:56:01.759Z","2025-10-17T05:56:01.759Z"
"68f1da5a90ad734984f7f988","optional","68f1da5290ad734984f7de71","2025-10-17T05:56:01.759Z","2025-10-17T05:56:01.759Z"
"68f1da5690ad734984f7e84d","optional","68f1da5290ad734984f7de78","2025-10-17T05:56:01.759Z","2025-10-17T05:56:01.759Z"
"68f1da5790ad734984f7f0ca","optional","68f1da5290ad734984f7de78","2025-10-17T05:56:01.759Z","2025-10-17T05:56:01.759Z"
"68f1da5290ad734984f7d6b3","optional","68f1da5290ad734984f7de78","2025-10-17T05:56:01.759Z","2025-10-17T05:56:01.759Z"
"68f1da5290ad734984f7dd40","optional","68f1da5290ad734984f7de78","2025-10-17T05:56:01.759Z","2025-10-17T05:56:01.759Z"
"68f1da5a90ad734984f7f873","optional","68f1da5290ad734984f7de78","2025-10-17T05:56:01.759Z","2025-10-17T05:56:01.759Z"
"68f1da5690ad734984f7e6cc","optional","68f1da5290ad734984f7de82","2025-10-17T05:56:01.759Z","2025-10-17T05:56:01.759Z"
"68f1da5290ad734984f7dc82","optional","68f1da5290ad734984f7de83","2025-10-17T05:56:01.759Z","2025-10-17T05:56:01.759Z"
"68f1da5a90ad734984f7f503","optional","68f1da5290ad734984f7de84","2025-10-17T05:56:01.759Z","2025-10-17T05:56:01.759Z"
"68f1da5a90ad734984f7f798","optional","68f1da5290ad734984f7de8f","2025-10-17T05:56:01.759Z","2025-10-17T05:56:01.759Z"
"68f1da5690ad734984f7e5ec","optional","68f1da5290ad734984f7de92","2025-10-17T05:56:01.759Z","2025-10-17T05:56:01.759Z"
"68f1da5a90ad734984f7ffc6","optional","68f1da5290ad734984f7de96","2025-10-17T05:56:01.760Z","2025-10-17T05:56:01.760Z"
"68f1da5690ad734984f7ea1d","optional","68f1da5290ad734984f7de96","2025-10-17T05:56:01.760Z","2025-10-17T05:56:01.760Z"
"68f1da5290ad734984f7dc52","optional","68f1da5290ad734984f7de96","2025-10-17T05:56:01.760Z","2025-10-17T05:56:01.760Z"
"68f1da5290ad734984f7dcdf","optional","68f1da5290ad734984f7de9d","2025-10-17T05:56:01.760Z","2025-10-17T05:56:01.760Z"
"68f1da5690ad734984f7def4","optional","68f1da5290ad734984f7de9f","2025-10-17T05:56:01.760Z","2025-10-17T05:56:01.760Z"
"68f1da5790ad734984f7f1db","optional","68f1da5290ad734984f7deac","2025-10-17T05:56:01.760Z","2025-10-17T05:56:01.760Z"
"68f1da5690ad734984f7decd","optional","68f1da5290ad734984f7deac","2025-10-17T05:56:01.760Z","2025-10-17T05:56:01.760Z"
"68f1da5a90ad734984f7ffab","optional","68f1da5290ad734984f7deac","2025-10-17T05:56:01.760Z","2025-10-17T05:56:01.760Z"
"68f1da5a90ad734984f7f4a2","optional","68f1da5290ad734984f7deac","2025-10-17T05:56:01.760Z","2025-10-17T05:56:01.760Z"
"68f1da5a90ad734984f7f40d","essential","68f1da5290ad734984f7deb2","2025-10-17T05:56:01.760Z","2025-10-17T05:56:01.760Z"
"68f1da5290ad734984f7daec","optional","68f1da5290ad734984f7dec5","2025-10-17T05:56:01.760Z","2025-10-17T05:56:01.760Z"
"68f1da5690ad734984f7ea48","optional","68f1da5290ad734984f7dec5","2025-10-17T05:56:01.760Z","2025-10-17T05:56:01.760Z"
"68f1da5790ad734984f7f19f","optional","68f1da5290ad734984f7dec5","2025-10-17T05:56:01.760Z","2025-10-17T05:56:01.760Z"
"68f1da5290ad734984f7de1e","optional","68f1da5290ad734984f7dec5","2025-10-17T05:56:01.760Z","2025-10-17T05:56:01.760Z"
"68f1da5690ad734984f7e21c","optional","68f1da5290ad734984f7dec5","2025-10-17T05:56:01.760Z","2025-10-17T05:56:01.760Z"
"68f1da5a90ad734984f7febe","optional","68f1da5290ad734984f7dec5","2025-10-17T05:56:01.760Z","2025-10-17T05:56:01.760Z"
"68f1da5790ad734984f7f00c","optional","68f1da5290ad734984f7dec5","2025-10-17T05:56:01.760Z","2025-10-17T05:56:01.760Z"
"68f1da5a90ad734984f7f325","optional","68f1da5290ad734984f7dec5","2025-10-17T05:56:01.760Z","2025-10-17T05:56:01.760Z"
"68f1da5a90ad734984f7f86e","optional","68f1da5290ad734984f7dec5","2025-10-17T05:56:01.760Z","2025-10-17T05:56:01.760Z"
"68f1da5290ad734984f7d4f7","optional","68f1da5290ad734984f7dec5","2025-10-17T05:56:01.760Z","2025-10-17T05:56:01.760Z"
"68f1da5690ad734984f7ed15","optional","68f1da5690ad734984f7dec8","2025-10-17T05:56:01.759Z","2025-10-17T05:56:01.759Z"
"68f1da5690ad734984f7df7f","optional","68f1da5690ad734984f7dece","2025-10-17T05:56:01.759Z","2025-10-17T05:56:01.759Z"
"68f1da5790ad734984f7efec","optional","68f1da5690ad734984f7dece","2025-10-17T05:56:01.759Z","2025-10-17T05:56:01.759Z"
"68f1da5790ad734984f7eff1","optional","68f1da5690ad734984f7dece","2025-10-17T05:56:01.759Z","2025-10-17T05:56:01.759Z"
"68f1da5690ad734984f7ee34","optional","68f1da5690ad734984f7dece","2025-10-17T05:56:01.759Z","2025-10-17T05:56:01.759Z"
"68f1da5a90ad734984f7f8aa","optional","68f1da5690ad734984f7dece","2025-10-17T05:56:01.759Z","2025-10-17T05:56:01.759Z"
"68f1da5a90ad734984f7f3ae","optional","68f1da5690ad734984f7dece","2025-10-17T05:56:01.759Z","2025-10-17T05:56:01.759Z"
"68f1da5690ad734984f7e77d","optional","68f1da5690ad734984f7decf","2025-10-17T05:56:01.759Z","2025-10-17T05:56:01.759Z"
"68f1da5290ad734984f7cb8b","optional","68f1da5690ad734984f7ded1","2025-10-17T05:56:01.759Z","2025-10-17T05:56:01.759Z"
"68f1da5690ad734984f7eeb8","optional","68f1da5690ad734984f7ded4","2025-10-17T05:56:01.759Z","2025-10-17T05:56:01.759Z"
"68f1da5290ad734984f7ceb3","optional","68f1da5690ad734984f7ded8","2025-10-17T05:56:01.759Z","2025-10-17T05:56:01.759Z"
"68f1da5290ad734984f7d6d8","optional","68f1da5690ad734984f7dee0","2025-10-17T05:56:01.760Z","2025-10-17T05:56:01.760Z"
"68f1da5290ad734984f7d9be","optional","68f1da5690ad734984f7dee0","2025-10-17T05:56:01.760Z","2025-10-17T05:56:01.760Z"
"68f1da5690ad734984f7e4d0","optional","68f1da5690ad734984f7dee0","2025-10-17T05:56:01.760Z","2025-10-17T05:56:01.760Z"
"68f1da5690ad734984f7ed8d","optional","68f1da5690ad734984f7dee0","2025-10-17T05:56:01.760Z","2025-10-17T05:56:01.760Z"
"68f1da5690ad734984f7e159","optional","68f1da5690ad734984f7dee0","2025-10-17T05:56:01.760Z","2025-10-17T05:56:01.760Z"
"68f1da5690ad734984f7e806","optional","68f1da5690ad734984f7dee3","2025-10-17T05:56:01.760Z","2025-10-17T05:56:01.760Z"
"68f1da5a90ad734984f7fe4a","optional","68f1da5690ad734984f7dee3","2025-10-17T05:56:01.760Z","2025-10-17T05:56:01.760Z"
"68f1da5a90ad734984f7f4ff","optional","68f1da5690ad734984f7dee3","2025-10-17T05:56:01.760Z","2025-10-17T05:56:01.760Z"
"68f1da5690ad734984f7e129","optional","68f1da5690ad734984f7dee3","2025-10-17T05:56:01.760Z","2025-10-17T05:56:01.760Z"
"68f1da5a90ad734984f7f987","optional","68f1da5690ad734984f7dee3","2025-10-17T05:56:01.760Z","2025-10-17T05:56:01.760Z"
"68f1da5290ad734984f7d024","optional","68f1da5690ad734984f7defd","2025-10-17T05:56:01.760Z","2025-10-17T05:56:01.760Z"
"68f1da5290ad734984f7d847","optional","68f1da5690ad734984f7df05","2025-10-17T05:56:01.760Z","2025-10-17T05:56:01.760Z"
"68f1da5690ad734984f7ea9e","optional","68f1da5690ad734984f7df07","2025-10-17T05:56:01.761Z","2025-10-17T05:56:01.761Z"
"68f1da5690ad734984f7e378","optional","68f1da5690ad734984f7df07","2025-10-17T05:56:01.761Z","2025-10-17T05:56:01.761Z"
"68f1da5290ad734984f7cd80","optional","68f1da5690ad734984f7df1b","2025-10-17T05:56:01.761Z","2025-10-17T05:56:01.761Z"
"68f1da5290ad734984f7d136","optional","68f1da5690ad734984f7df1b","2025-10-17T05:56:01.761Z","2025-10-17T05:56:01.761Z"
"68f1da5290ad734984f7db10","optional","68f1da5690ad734984f7df2b","2025-10-17T05:56:01.761Z","2025-10-17T05:56:01.761Z"
"68f1da5790ad734984f7f1c2","optional","68f1da5690ad734984f7df33","2025-10-17T05:56:01.769Z","2025-10-17T05:56:01.769Z"
"68f1da5290ad734984f7d98c","optional","68f1da5690ad734984f7df33","2025-10-17T05:56:01.769Z","2025-10-17T05:56:01.769Z"
"68f1da5690ad734984f7ee19","optional","68f1da5690ad734984f7df33","2025-10-17T05:56:01.769Z","2025-10-17T05:56:01.769Z"
"68f1da5a90ad734984f7f825","optional","68f1da5690ad734984f7df33","2025-10-17T05:56:01.769Z","2025-10-17T05:56:01.769Z"
"68f1da5690ad734984f7e2f6","optional","68f1da5690ad734984f7df34","2025-10-17T05:56:01.769Z","2025-10-17T05:56:01.769Z"
"68f1da5790ad734984f7ef09","essential","68f1da5690ad734984f7df3a","2025-10-17T05:56:01.769Z","2025-10-17T05:56:01.769Z"
"68f1da5a90ad734984f7f687","optional","68f1da5690ad734984f7df4a","2025-10-17T05:56:01.770Z","2025-10-17T05:56:01.770Z"
"68f1da5290ad734984f7d2e4","optional","68f1da5690ad734984f7df4a","2025-10-17T05:56:01.770Z","2025-10-17T05:56:01.770Z"
"68f1da5a90ad734984f7fac2","optional","68f1da5690ad734984f7df4a","2025-10-17T05:56:01.770Z","2025-10-17T05:56:01.770Z"
"68f1da5290ad734984f7d581","optional","68f1da5690ad734984f7df55","2025-10-17T05:56:01.770Z","2025-10-17T05:56:01.770Z"
"68f1da5290ad734984f7cd12","optional","68f1da5690ad734984f7df55","2025-10-17T05:56:01.770Z","2025-10-17T05:56:01.770Z"
"68f1da5690ad734984f7eb8c","optional","68f1da5690ad734984f7df55","2025-10-17T05:56:01.770Z","2025-10-17T05:56:01.770Z"
"68f1da5a90ad734984f7fe36","optional","68f1da5690ad734984f7df55","2025-10-17T05:56:01.770Z","2025-10-17T05:56:01.770Z"
"68f1da5290ad734984f7cf47","optional","68f1da5690ad734984f7df55","2025-10-17T05:56:01.770Z","2025-10-17T05:56:01.770Z"
"68f1da5290ad734984f7dcfa","optional","68f1da5690ad734984f7df55","2025-10-17T05:56:01.770Z","2025-10-17T05:56:01.770Z"
"68f1da5690ad734984f7e40d","optional","68f1da5690ad734984f7df58","2025-10-17T05:56:01.770Z","2025-10-17T05:56:01.770Z"
"68f1da5a90ad734984f7f4fc","optional","68f1da5690ad734984f7df58","2025-10-17T05:56:01.770Z","2025-10-17T05:56:01.770Z"
"68f1da5a90ad734984f7f70c","optional","68f1da5690ad734984f7df58","2025-10-17T05:56:01.770Z","2025-10-17T05:56:01.770Z"
"68f1da5290ad734984f7ce46","optional","68f1da5690ad734984f7df58","2025-10-17T05:56:01.770Z","2025-10-17T05:56:01.770Z"
"68f1da5290ad734984f7cf5b","optional","68f1da5690ad734984f7df58","2025-10-17T05:56:01.770Z","2025-10-17T05:56:01.770Z"
"68f1da5690ad734984f7eeb6","optional","68f1da5690ad734984f7df58","2025-10-17T05:56:01.770Z","2025-10-17T05:56:01.770Z"
"68f1da5290ad734984f7d513","optional","68f1da5690ad734984f7df61","2025-10-17T05:56:01.761Z","2025-10-17T05:56:01.761Z"
"68f1da5290ad734984f7dd29","optional","68f1da5690ad734984f7df61","2025-10-17T05:56:01.761Z","2025-10-17T05:56:01.761Z"
"68f1da5690ad734984f7e69f","optional","68f1da5690ad734984f7df61","2025-10-17T05:56:01.761Z","2025-10-17T05:56:01.761Z"
"68f1da5290ad734984f7dbe7","optional","68f1da5690ad734984f7df61","2025-10-17T05:56:01.761Z","2025-10-17T05:56:01.761Z"
"68f1da5690ad734984f7ed0f","optional","68f1da5690ad734984f7df61","2025-10-17T05:56:01.761Z","2025-10-17T05:56:01.761Z"
"68f1da5a90ad734984f7f6be","optional","68f1da5690ad734984f7df61","2025-10-17T05:56:01.761Z","2025-10-17T05:56:01.761Z"
"68f1da5290ad734984f7d493","optional","68f1da5690ad734984f7df62","2025-10-17T05:56:01.761Z","2025-10-17T05:56:01.761Z"
"68f1da5a90ad734984f7f71b","optional","68f1da5690ad734984f7df62","2025-10-17T05:56:01.761Z","2025-10-17T05:56:01.761Z"
"68f1da5290ad734984f7ce93","optional","68f1da5690ad734984f7df62","2025-10-17T05:56:01.761Z","2025-10-17T05:56:01.761Z"
"68f1da5290ad734984f7cbb4","optional","68f1da5690ad734984f7df67","2025-10-17T05:56:01.761Z","2025-10-17T05:56:01.761Z"
"68f1da5290ad734984f7d545","optional","68f1da5690ad734984f7df67","2025-10-17T05:56:01.761Z","2025-10-17T05:56:01.761Z"
"68f1da5a90ad734984f7f412","optional","68f1da5690ad734984f7df67","2025-10-17T05:56:01.761Z","2025-10-17T05:56:01.761Z"
"68f1da5690ad734984f7e79c","optional","68f1da5690ad734984f7df75","2025-10-17T05:56:01.761Z","2025-10-17T05:56:01.761Z"
"68f1da5290ad734984f7d081","optional","68f1da5690ad734984f7df76","2025-10-17T05:56:01.761Z","2025-10-17T05:56:01.761Z"
"68f1da5290ad734984f7d028","optional","68f1da5690ad734984f7df76","2025-10-17T05:56:01.761Z","2025-10-17T05:56:01.761Z"
"68f1da5a90ad734984f7f4da","optional","68f1da5690ad734984f7dfa7","2025-10-17T05:56:01.770Z","2025-10-17T05:56:01.770Z"
"68f1da5690ad734984f7e5ef","optional","68f1da5690ad734984f7dfa7","2025-10-17T05:56:01.770Z","2025-10-17T05:56:01.770Z"
"68f1da5a90ad734984f7f7d3","optional","68f1da5690ad734984f7dfa7","2025-10-17T05:56:01.770Z","2025-10-17T05:56:01.770Z"
"68f1da5690ad734984f7e28a","optional","68f1da5690ad734984f7dfa9","2025-10-17T05:56:01.770Z","2025-10-17T05:56:01.770Z"
"68f1da5690ad734984f7e8a0","optional","68f1da5690ad734984f7dfa9","2025-10-17T05:56:01.770Z","2025-10-17T05:56:01.770Z"
"68f1da5690ad734984f7eae2","optional","68f1da5690ad734984f7dfa9","2025-10-17T05:56:01.770Z","2025-10-17T05:56:01.770Z"
"68f1da5290ad734984f7ce2b","optional","68f1da5690ad734984f7dfa9","2025-10-17T05:56:01.770Z","2025-10-17T05:56:01.770Z"
"68f1da5290ad734984f7db30","optional","68f1da5690ad734984f7dfa9","2025-10-17T05:56:01.770Z","2025-10-17T05:56:01.770Z"
"68f1da5290ad734984f7db41","optional","68f1da5690ad734984f7dfa9","2025-10-17T05:56:01.770Z","2025-10-17T05:56:01.770Z"
"68f1da5a90ad734984f7ffaa","optional","68f1da5690ad734984f7dfa9","2025-10-17T05:56:01.770Z","2025-10-17T05:56:01.770Z"
"68f1da5290ad734984f7d2c6","optional","68f1da5690ad734984f7dfac","2025-10-17T05:56:01.770Z","2025-10-17T05:56:01.770Z"
"68f1da5690ad734984f7dfad","optional","68f1da5690ad734984f7dfac","2025-10-17T05:56:01.770Z","2025-10-17T05:56:01.770Z"
"68f1da5690ad734984f7e509","optional","68f1da5690ad734984f7dfac","2025-10-17T05:56:01.770Z","2025-10-17T05:56:01.770Z"
"68f1da5290ad734984f7cb47","optional","68f1da5690ad734984f7dfb8","2025-10-17T05:56:01.770Z","2025-10-17T05:56:01.770Z"
"68f1da5290ad734984f7d4be","optional","68f1da5690ad734984f7dfb8","2025-10-17T05:56:01.770Z","2025-10-17T05:56:01.770Z"
"68f1da5790ad734984f7efe1","optional","68f1da5690ad734984f7dfbf","2025-10-17T05:56:01.770Z","2025-10-17T05:56:01.770Z"
"68f1da5a90ad734984f7fc65","optional","68f1da5690ad734984f7dfbf","2025-10-17T05:56:01.771Z","2025-10-17T05:56:01.771Z"
"68f1da5290ad734984f7cf83","optional","68f1da5690ad734984f7dfbf","2025-10-17T05:56:01.770Z","2025-10-17T05:56:01.770Z"
"68f1da5290ad734984f7d460","optional","68f1da5690ad734984f7dfbf","2025-10-17T05:56:01.770Z","2025-10-17T05:56:01.770Z"
"68f1da5790ad734984f7f1b5","optional","68f1da5690ad734984f7dfc7","2025-10-17T05:56:01.771Z","2025-10-17T05:56:01.771Z"
"68f1da5690ad734984f7e37f","optional","68f1da5690ad734984f7dfd0","2025-10-17T05:56:01.771Z","2025-10-17T05:56:01.771Z"
"68f1da5690ad734984f7e784","optional","68f1da5690ad734984f7dfd5","2025-10-17T05:56:01.771Z","2025-10-17T05:56:01.771Z"
"68f1da5790ad734984f7f199","optional","68f1da5690ad734984f7dfd5","2025-10-17T05:56:01.771Z","2025-10-17T05:56:01.771Z"
"68f1da5a90ad734984f7f6c8","optional","68f1da5690ad734984f7dfd5","2025-10-17T05:56:01.771Z","2025-10-17T05:56:01.771Z"
"68f1da5290ad734984f7d2e0","optional","68f1da5690ad734984f7dfd7","2025-10-17T05:56:01.771Z","2025-10-17T05:56:01.771Z"
"68f1da5a90ad734984f7f3c6","optional","68f1da5690ad734984f7dfd7","2025-10-17T05:56:01.771Z","2025-10-17T05:56:01.771Z"
"68f1da5290ad734984f7d138","optional","68f1da5690ad734984f7dfdd","2025-10-17T05:56:01.771Z","2025-10-17T05:56:01.771Z"
"68f1da5a90ad734984f80035","optional","68f1da5690ad734984f7dfdd","2025-10-17T05:56:01.771Z","2025-10-17T05:56:01.771Z"
"68f1da5290ad734984f7dde3","optional","68f1da5690ad734984f7dfde","2025-10-17T05:56:01.771Z","2025-10-17T05:56:01.771Z"
"68f1da5690ad734984f7e8c8","optional","68f1da5690ad734984f7dfde","2025-10-17T05:56:01.771Z","2025-10-17T05:56:01.771Z"
"68f1da5690ad734984f7ecc7","optional","68f1da5690ad734984f7dfde","2025-10-17T05:56:01.771Z","2025-10-17T05:56:01.771Z"
"68f1da5690ad734984f7e4c5","optional","68f1da5690ad734984f7dfdf","2025-10-17T05:56:01.771Z","2025-10-17T05:56:01.771Z"
"68f1da5290ad734984f7d32b","optional","68f1da5690ad734984f7dfe1","2025-10-17T05:56:01.771Z","2025-10-17T05:56:01.771Z"
"68f1da5690ad734984f7dfb5","optional","68f1da5690ad734984f7dfe1","2025-10-17T05:56:01.771Z","2025-10-17T05:56:01.771Z"
"68f1da5290ad734984f7cbf2","optional","68f1da5690ad734984f7dfe1","2025-10-17T05:56:01.771Z","2025-10-17T05:56:01.771Z"
"68f1da5290ad734984f7deb5","optional","68f1da5690ad734984f7dfe1","2025-10-17T05:56:01.771Z","2025-10-17T05:56:01.771Z"
"68f1da5790ad734984f7f215","optional","68f1da5690ad734984f7dfe4","2025-10-17T05:56:01.771Z","2025-10-17T05:56:01.771Z"
"68f1da5790ad734984f7f1b0","essential","68f1da5690ad734984f7dfe6","2025-10-17T05:56:01.771Z","2025-10-17T05:56:01.771Z"
"68f1da5690ad734984f7e30a","optional","68f1da5690ad734984f7dfeb","2025-10-17T05:56:01.771Z","2025-10-17T05:56:01.771Z"
"68f1da5290ad734984f7cfa8","optional","68f1da5690ad734984f7dfeb","2025-10-17T05:56:01.771Z","2025-10-17T05:56:01.771Z"
"68f1da5690ad734984f7e20b","optional","68f1da5690ad734984f7dfeb","2025-10-17T05:56:01.771Z","2025-10-17T05:56:01.771Z"
"68f1da5a90ad734984f7f93a","optional","68f1da5690ad734984f7dfeb","2025-10-17T05:56:01.771Z","2025-10-17T05:56:01.771Z"
"68f1da5a90ad734984f7fad4","optional","68f1da5690ad734984f7dfeb","2025-10-17T05:56:01.771Z","2025-10-17T05:56:01.771Z"
"68f1da5690ad734984f7ecb8","optional","68f1da5690ad734984f7dfeb","2025-10-17T05:56:01.771Z","2025-10-17T05:56:01.771Z"
"68f1da5790ad734984f7f18c","optional","68f1da5690ad734984f7dfeb","2025-10-17T05:56:01.771Z","2025-10-17T05:56:01.771Z"
"68f1da5690ad734984f7e456","optional","68f1da5690ad734984f7dff6","2025-10-17T05:56:01.771Z","2025-10-17T05:56:01.771Z"
"68f1da5690ad734984f7ee07","optional","68f1da5690ad734984f7dff6","2025-10-17T05:56:01.771Z","2025-10-17T05:56:01.771Z"
"68f1da5a90ad734984f7ff87","optional","68f1da5690ad734984f7dff8","2025-10-17T05:56:01.771Z","2025-10-17T05:56:01.771Z"
"68f1da5690ad734984f7e1b9","optional","68f1da5690ad734984f7dffa","2025-10-17T05:56:01.771Z","2025-10-17T05:56:01.771Z"
"68f1da5a90ad734984f7fd2e","optional","68f1da5690ad734984f7dffa","2025-10-17T05:56:01.771Z","2025-10-17T05:56:01.771Z"
"68f1da5a90ad734984f80161","optional","68f1da5690ad734984f7dffc","2025-10-17T05:56:01.771Z","2025-10-17T05:56:01.771Z"
"68f1da5290ad734984f7d136","optional","68f1da5690ad734984f7dffc","2025-10-17T05:56:01.771Z","2025-10-17T05:56:01.771Z"
"68f1da5290ad734984f7cd80","optional","68f1da5690ad734984f7dffc","2025-10-17T05:56:01.771Z","2025-10-17T05:56:01.771Z"
"68f1da5690ad734984f7ecb9","optional","68f1da5690ad734984f7e006","2025-10-17T05:56:01.772Z","2025-10-17T05:56:01.772Z"
"68f1da5a90ad734984f7fc14","optional","68f1da5690ad734984f7e007","2025-10-17T05:56:01.772Z","2025-10-17T05:56:01.772Z"
"68f1da5690ad734984f7ee9e","optional","68f1da5690ad734984f7e008","2025-10-17T05:56:01.772Z","2025-10-17T05:56:01.772Z"
"68f1da5790ad734984f7f11b","optional","68f1da5690ad734984f7e008","2025-10-17T05:56:01.772Z","2025-10-17T05:56:01.772Z"
"68f1da5290ad734984f7d136","optional","68f1da5690ad734984f7e008","2025-10-17T05:56:01.772Z","2025-10-17T05:56:01.772Z"
"68f1da5290ad734984f7d4bd","optional","68f1da5690ad734984f7e00b","2025-10-17T05:56:01.772Z","2025-10-17T05:56:01.772Z"
"68f1da5690ad734984f7edeb","optional","68f1da5690ad734984f7e00b","2025-10-17T05:56:01.772Z","2025-10-17T05:56:01.772Z"
"68f1da5690ad734984f7df96","optional","68f1da5690ad734984f7e01f","2025-10-17T05:56:01.772Z","2025-10-17T05:56:01.772Z"
"68f1da5690ad734984f7dff3","optional","68f1da5690ad734984f7e01f","2025-10-17T05:56:01.772Z","2025-10-17T05:56:01.772Z"
"68f1da5290ad734984f7d180","optional","68f1da5690ad734984f7e01f","2025-10-17T05:56:01.772Z","2025-10-17T05:56:01.772Z"
"68f1da5a90ad734984f7fae2","optional","68f1da5690ad734984f7e01f","2025-10-17T05:56:01.772Z","2025-10-17T05:56:01.772Z"
"68f1da5a90ad734984f8011b","optional","68f1da5690ad734984f7e029","2025-10-17T05:56:01.772Z","2025-10-17T05:56:01.772Z"
"68f1da5a90ad734984f7f7de","optional","68f1da5690ad734984f7e029","2025-10-17T05:56:01.772Z","2025-10-17T05:56:01.772Z"
"68f1da5a90ad734984f80056","optional","68f1da5690ad734984f7e029","2025-10-17T05:56:01.772Z","2025-10-17T05:56:01.772Z"
"68f1da5290ad734984f7db94","optional","68f1da5690ad734984f7e02a","2025-10-17T05:56:01.772Z","2025-10-17T05:56:01.772Z"
"68f1da5690ad734984f7df69","optional","68f1da5690ad734984f7e02e","2025-10-17T05:56:01.772Z","2025-10-17T05:56:01.772Z"
"68f1da5790ad734984f7f0b5","optional","68f1da5690ad734984f7e03a","2025-10-17T05:56:01.772Z","2025-10-17T05:56:01.772Z"
"68f1da5a90ad734984f7f61e","optional","68f1da5690ad734984f7e03a","2025-10-17T05:56:01.772Z","2025-10-17T05:56:01.772Z"
"68f1da5290ad734984f7d532","optional","68f1da5690ad734984f7e03a","2025-10-17T05:56:01.772Z","2025-10-17T05:56:01.772Z"
"68f1da5790ad734984f7eed5","optional","68f1da5690ad734984f7e03e","2025-10-17T05:56:01.772Z","2025-10-17T05:56:01.772Z"
"68f1da5690ad734984f7e4f2","optional","68f1da5690ad734984f7e044","2025-10-17T05:56:01.772Z","2025-10-17T05:56:01.772Z"
"68f1da5690ad734984f7e2ad","optional","68f1da5690ad734984f7e044","2025-10-17T05:56:01.772Z","2025-10-17T05:56:01.772Z"
"68f1da5a90ad734984f7f90d","optional","68f1da5690ad734984f7e044","2025-10-17T05:56:01.772Z","2025-10-17T05:56:01.772Z"
"68f1da5790ad734984f7f24a","optional","68f1da5690ad734984f7e046","2025-10-17T05:56:01.772Z","2025-10-17T05:56:01.772Z"
"68f1da5a90ad734984f7f398","optional","68f1da5690ad734984f7e047","2025-10-17T05:56:01.772Z","2025-10-17T05:56:01.772Z"
"68f1da5290ad734984f7d1eb","optional","68f1da5690ad734984f7e04e","2025-10-17T05:56:01.772Z","2025-10-17T05:56:01.772Z"
"68f1da5690ad734984f7eaa5","optional","68f1da5690ad734984f7e059","2025-10-17T05:56:01.773Z","2025-10-17T05:56:01.773Z"
"68f1da5290ad734984f7d41e","optional","68f1da5690ad734984f7e059","2025-10-17T05:56:01.773Z","2025-10-17T05:56:01.773Z"
"68f1da5690ad734984f7e578","optional","68f1da5690ad734984f7e059","2025-10-17T05:56:01.773Z","2025-10-17T05:56:01.773Z"
"68f1da5290ad734984f7d611","optional","68f1da5690ad734984f7e05a","2025-10-17T05:56:01.774Z","2025-10-17T05:56:01.774Z"
"68f1da5a90ad734984f7fa95","optional","68f1da5690ad734984f7e05a","2025-10-17T05:56:01.774Z","2025-10-17T05:56:01.774Z"
"68f1da5a90ad734984f7ffc2","optional","68f1da5690ad734984f7e05a","2025-10-17T05:56:01.774Z","2025-10-17T05:56:01.774Z"
"68f1da5a90ad734984f7f928","optional","68f1da5690ad734984f7e05a","2025-10-17T05:56:01.774Z","2025-10-17T05:56:01.774Z"
"68f1da5290ad734984f7da41","optional","68f1da5690ad734984f7e05a","2025-10-17T05:56:01.774Z","2025-10-17T05:56:01.774Z"
"68f1da5690ad734984f7e517","optional","68f1da5690ad734984f7e05a","2025-10-17T05:56:01.774Z","2025-10-17T05:56:01.774Z"
"68f1da5790ad734984f7ef90","optional","68f1da5690ad734984f7e05a","2025-10-17T05:56:01.774Z","2025-10-17T05:56:01.774Z"
"68f1da5a90ad734984f7fb8f","optional","68f1da5690ad734984f7e05a","2025-10-17T05:56:01.774Z","2025-10-17T05:56:01.774Z"
"68f1da5690ad734984f7eea3","optional","68f1da5690ad734984f7e05a","2025-10-17T05:56:01.774Z","2025-10-17T05:56:01.774Z"
"68f1da5790ad734984f7f108","optional","68f1da5690ad734984f7e05f","2025-10-17T05:56:01.774Z","2025-10-17T05:56:01.774Z"
"68f1da5290ad734984f7da03","optional","68f1da5690ad734984f7e063","2025-10-17T05:56:01.774Z","2025-10-17T05:56:01.774Z"
"68f1da5690ad734984f7ec58","optional","68f1da5690ad734984f7e078","2025-10-17T05:56:01.772Z","2025-10-17T05:56:01.772Z"
"68f1da5290ad734984f7ceeb","optional","68f1da5690ad734984f7e078","2025-10-17T05:56:01.772Z","2025-10-17T05:56:01.772Z"
"68f1da5290ad734984f7dd04","optional","68f1da5690ad734984f7e07d","2025-10-17T05:56:01.772Z","2025-10-17T05:56:01.772Z"
"68f1da5690ad734984f7e55b","optional","68f1da5690ad734984f7e080","2025-10-17T05:56:01.772Z","2025-10-17T05:56:01.772Z"
"68f1da5a90ad734984f7f4c2","optional","68f1da5690ad734984f7e080","2025-10-17T05:56:01.772Z","2025-10-17T05:56:01.772Z"
"68f1da5290ad734984f7de9a","optional","68f1da5690ad734984f7e084","2025-10-17T05:56:01.772Z","2025-10-17T05:56:01.772Z"
"68f1da5290ad734984f7d937","optional","68f1da5690ad734984f7e087","2025-10-17T05:56:01.772Z","2025-10-17T05:56:01.772Z"
"68f1da5a90ad734984f7f434","optional","68f1da5690ad734984f7e08e","2025-10-17T05:56:01.773Z","2025-10-17T05:56:01.773Z"
"68f1da5a90ad734984f7f882","optional","68f1da5690ad734984f7e08e","2025-10-17T05:56:01.773Z","2025-10-17T05:56:01.773Z"
"68f1da5290ad734984f7d556","optional","68f1da5690ad734984f7e08e","2025-10-17T05:56:01.773Z","2025-10-17T05:56:01.773Z"
"68f1da5290ad734984f7d631","optional","68f1da5690ad734984f7e08e","2025-10-17T05:56:01.773Z","2025-10-17T05:56:01.773Z"
"68f1da5790ad734984f7efda","optional","68f1da5690ad734984f7e08e","2025-10-17T05:56:01.773Z","2025-10-17T05:56:01.773Z"
"68f1da5690ad734984f7df48","optional","68f1da5690ad734984f7e08e","2025-10-17T05:56:01.773Z","2025-10-17T05:56:01.773Z"
"68f1da5a90ad734984f7f69f","optional","68f1da5690ad734984f7e08e","2025-10-17T05:56:01.773Z","2025-10-17T05:56:01.773Z"
"68f1da5a90ad734984f7f8f1","optional","68f1da5690ad734984f7e08e","2025-10-17T05:56:01.773Z","2025-10-17T05:56:01.773Z"
"68f1da5290ad734984f7d390","optional","68f1da5690ad734984f7e08f","2025-10-17T05:56:01.773Z","2025-10-17T05:56:01.773Z"
"68f1da5290ad734984f7dd7e","essential","68f1da5690ad734984f7e08f","2025-10-17T05:56:01.773Z","2025-10-17T05:56:01.773Z"
"68f1da5290ad734984f7dc66","optional","68f1da5690ad734984f7e091","2025-10-17T05:56:01.773Z","2025-10-17T05:56:01.773Z"
"68f1da5790ad734984f7f17b","optional","68f1da5690ad734984f7e092","2025-10-17T05:56:01.773Z","2025-10-17T05:56:01.773Z"
"68f1da5690ad734984f7e8b9","optional","68f1da5690ad734984f7e093","2025-10-17T05:56:01.773Z","2025-10-17T05:56:01.773Z"
"68f1da5690ad734984f7e402","optional","68f1da5690ad734984f7e093","2025-10-17T05:56:01.773Z","2025-10-17T05:56:01.773Z"
"68f1da5290ad734984f7cce9","essential","68f1da5690ad734984f7e094","2025-10-17T05:56:01.773Z","2025-10-17T05:56:01.773Z"
"68f1da5690ad734984f7e08c","optional","68f1da5690ad734984f7e0a3","2025-10-17T05:56:01.772Z","2025-10-17T05:56:01.772Z"
"68f1da5790ad734984f7f245","optional","68f1da5690ad734984f7e0a4","2025-10-17T05:56:01.773Z","2025-10-17T05:56:01.773Z"
"68f1da5290ad734984f7cd0d","optional","68f1da5690ad734984f7e0a4","2025-10-17T05:56:01.772Z","2025-10-17T05:56:01.772Z"
"68f1da5290ad734984f7cf57","optional","68f1da5690ad734984f7e0a4","2025-10-17T05:56:01.773Z","2025-10-17T05:56:01.773Z"
"68f1da5290ad734984f7dea8","optional","68f1da5690ad734984f7e0a9","2025-10-17T05:56:01.773Z","2025-10-17T05:56:01.773Z"
"68f1da5a90ad734984f800e4","optional","68f1da5690ad734984f7e0b1","2025-10-17T05:56:01.773Z","2025-10-17T05:56:01.773Z"
"68f1da5a90ad734984f80122","optional","68f1da5690ad734984f7e0b1","2025-10-17T05:56:01.773Z","2025-10-17T05:56:01.773Z"
"68f1da5290ad734984f7dc1d","optional","68f1da5690ad734984f7e0b2","2025-10-17T05:56:01.773Z","2025-10-17T05:56:01.773Z"
"68f1da5690ad734984f7e6eb","optional","68f1da5690ad734984f7e0b2","2025-10-17T05:56:01.773Z","2025-10-17T05:56:01.773Z"
"68f1da5290ad734984f7d132","optional","68f1da5690ad734984f7e0b2","2025-10-17T05:56:01.773Z","2025-10-17T05:56:01.773Z"
"68f1da5290ad734984f7d9f6","optional","68f1da5690ad734984f7e0b2","2025-10-17T05:56:01.773Z","2025-10-17T05:56:01.773Z"
"68f1da5a90ad734984f7fab4","optional","68f1da5690ad734984f7e0b2","2025-10-17T05:56:01.773Z","2025-10-17T05:56:01.773Z"
"68f1da5290ad734984f7d67f","optional","68f1da5690ad734984f7e0b2","2025-10-17T05:56:01.773Z","2025-10-17T05:56:01.773Z"
"68f1da5690ad734984f7e0e7","optional","68f1da5690ad734984f7e0b2","2025-10-17T05:56:01.773Z","2025-10-17T05:56:01.773Z"
"68f1da5290ad734984f7ce2a","optional","68f1da5690ad734984f7e0b2","2025-10-17T05:56:01.773Z","2025-10-17T05:56:01.773Z"
"68f1da5290ad734984f7cf88","optional","68f1da5690ad734984f7e0b2","2025-10-17T05:56:01.773Z","2025-10-17T05:56:01.773Z"
"68f1da5a90ad734984f7fbe5","optional","68f1da5690ad734984f7e0b2","2025-10-17T05:56:01.773Z","2025-10-17T05:56:01.773Z"
"68f1da5790ad734984f7f018","optional","68f1da5690ad734984f7e0bc","2025-10-17T05:56:01.774Z","2025-10-17T05:56:01.774Z"
"68f1da5290ad734984f7cea7","optional","68f1da5690ad734984f7e0cc","2025-10-17T05:56:01.774Z","2025-10-17T05:56:01.774Z"
"68f1da5a90ad734984f7fab7","optional","68f1da5690ad734984f7e0de","2025-10-17T05:56:01.774Z","2025-10-17T05:56:01.774Z"
"68f1da5a90ad734984f7f9b5","optional","68f1da5690ad734984f7e0de","2025-10-17T05:56:01.774Z","2025-10-17T05:56:01.774Z"
"68f1da5690ad734984f7e27b","optional","68f1da5690ad734984f7e102","2025-10-17T05:56:01.774Z","2025-10-17T05:56:01.774Z"
"68f1da5690ad734984f7ed8f","optional","68f1da5690ad734984f7e106","2025-10-17T05:56:01.774Z","2025-10-17T05:56:01.774Z"
"68f1da5690ad734984f7ebb0","optional","68f1da5690ad734984f7e106","2025-10-17T05:56:01.774Z","2025-10-17T05:56:01.774Z"
"68f1da5290ad734984f7d12d","optional","68f1da5690ad734984f7e10c","2025-10-17T05:56:01.774Z","2025-10-17T05:56:01.774Z"
"68f1da5690ad734984f7e1b9","optional","68f1da5690ad734984f7e10c","2025-10-17T05:56:01.774Z","2025-10-17T05:56:01.774Z"
"68f1da5790ad734984f7f108","optional","68f1da5690ad734984f7e113","2025-10-17T05:56:01.774Z","2025-10-17T05:56:01.774Z"
"68f1da5690ad734984f7e4cb","optional","68f1da5690ad734984f7e113","2025-10-17T05:56:01.774Z","2025-10-17T05:56:01.774Z"
"68f1da5a90ad734984f7f885","optional","68f1da5690ad734984f7e124","2025-10-17T05:56:01.774Z","2025-10-17T05:56:01.774Z"
"68f1da5a90ad734984f7fd2e","optional","68f1da5690ad734984f7e128","2025-10-17T05:56:01.774Z","2025-10-17T05:56:01.774Z"
"68f1da5a90ad734984f7f747","optional","68f1da5690ad734984f7e12e","2025-10-17T05:56:01.774Z","2025-10-17T05:56:01.774Z"
"68f1da5a90ad734984f7ff96","optional","68f1da5690ad734984f7e12e","2025-10-17T05:56:01.774Z","2025-10-17T05:56:01.774Z"
"68f1da5690ad734984f7ebdf","optional","68f1da5690ad734984f7e12e","2025-10-17T05:56:01.774Z","2025-10-17T05:56:01.774Z"
"68f1da5a90ad734984f7fcb7","optional","68f1da5690ad734984f7e136","2025-10-17T05:56:01.774Z","2025-10-17T05:56:01.774Z"
"68f1da5290ad734984f7d2af","optional","68f1da5690ad734984f7e142","2025-10-17T05:56:01.774Z","2025-10-17T05:56:01.774Z"
"68f1da5290ad734984f7dc4c","optional","68f1da5690ad734984f7e142","2025-10-17T05:56:01.774Z","2025-10-17T05:56:01.774Z"
"68f1da5690ad734984f7e070","optional","68f1da5690ad734984f7e142","2025-10-17T05:56:01.774Z","2025-10-17T05:56:01.774Z"
"68f1da5690ad734984f7e2d5","optional","68f1da5690ad734984f7e142","2025-10-17T05:56:01.774Z","2025-10-17T05:56:01.774Z"
"68f1da5690ad734984f7e166","optional","68f1da5690ad734984f7e14c","2025-10-17T05:56:01.774Z","2025-10-17T05:56:01.774Z"
"68f1da5a90ad734984f7f415","optional","68f1da5690ad734984f7e14c","2025-10-17T05:56:01.774Z","2025-10-17T05:56:01.774Z"
"68f1da5290ad734984f7d771","optional","68f1da5690ad734984f7e14c","2025-10-17T05:56:01.774Z","2025-10-17T05:56:01.774Z"
"68f1da5790ad734984f7ef38","optional","68f1da5690ad734984f7e14d","2025-10-17T05:56:01.774Z","2025-10-17T05:56:01.774Z"
"68f1da5a90ad734984f7f7d7","optional","68f1da5690ad734984f7e14d","2025-10-17T05:56:01.775Z","2025-10-17T05:56:01.775Z"
"68f1da5a90ad734984f7fa30","optional","68f1da5690ad734984f7e14d","2025-10-17T05:56:01.775Z","2025-10-17T05:56:01.775Z"
"68f1da5290ad734984f7cf9b","optional","68f1da5690ad734984f7e151","2025-10-17T05:56:01.775Z","2025-10-17T05:56:01.775Z"
"68f1da5290ad734984f7dcb0","optional","68f1da5690ad734984f7e151","2025-10-17T05:56:01.775Z","2025-10-17T05:56:01.775Z"
"68f1da5a90ad734984f7f99a","optional","68f1da5690ad734984f7e156","2025-10-17T05:56:01.775Z","2025-10-17T05:56:01.775Z"
"68f1da5690ad734984f7e5cc","optional","68f1da5690ad734984f7e164","2025-10-17T05:56:01.775Z","2025-10-17T05:56:01.775Z"
"68f1da5a90ad734984f7f267","optional","68f1da5690ad734984f7e169","2025-10-17T05:56:01.775Z","2025-10-17T05:56:01.775Z"
"68f1da5a90ad734984f7f293","optional","68f1da5690ad734984f7e169","2025-10-17T05:56:01.775Z","2025-10-17T05:56:01.775Z"
"68f1da5290ad734984f7da71","optional","68f1da5690ad734984f7e169","2025-10-17T05:56:01.775Z","2025-10-17T05:56:01.775Z"
"68f1da5690ad734984f7e806","optional","68f1da5690ad734984f7e16b","2025-10-17T05:56:01.775Z","2025-10-17T05:56:01.775Z"
"68f1da5a90ad734984f7f2b9","optional","68f1da5690ad734984f7e16b","2025-10-17T05:56:01.775Z","2025-10-17T05:56:01.775Z"
"68f1da5290ad734984f7cf1d","optional","68f1da5690ad734984f7e16b","2025-10-17T05:56:01.775Z","2025-10-17T05:56:01.775Z"
"68f1da5690ad734984f7e129","optional","68f1da5690ad734984f7e16b","2025-10-17T05:56:01.775Z","2025-10-17T05:56:01.775Z"
"68f1da5a90ad734984f7fd32","optional","68f1da5690ad734984f7e172","2025-10-17T05:56:01.775Z","2025-10-17T05:56:01.775Z"
"68f1da5290ad734984f7d6da","optional","68f1da5690ad734984f7e172","2025-10-17T05:56:01.775Z","2025-10-17T05:56:01.775Z"
"68f1da5790ad734984f7eee8","optional","68f1da5690ad734984f7e172","2025-10-17T05:56:01.775Z","2025-10-17T05:56:01.775Z"
"68f1da5690ad734984f7ec64","optional","68f1da5690ad734984f7e172","2025-10-17T05:56:01.775Z","2025-10-17T05:56:01.775Z"
"68f1da5a90ad734984f7f620","optional","68f1da5690ad734984f7e17b","2025-10-17T05:56:01.775Z","2025-10-17T05:56:01.775Z"
"68f1da5a90ad734984f7f98e","optional","68f1da5690ad734984f7e17b","2025-10-17T05:56:01.775Z","2025-10-17T05:56:01.775Z"
"68f1da5290ad734984f7dbcb","optional","68f1da5690ad734984f7e17c","2025-10-17T05:56:01.775Z","2025-10-17T05:56:01.775Z"
"68f1da5790ad734984f7ef30","optional","68f1da5690ad734984f7e17c","2025-10-17T05:56:01.775Z","2025-10-17T05:56:01.775Z"
"68f1da5690ad734984f7e98c","optional","68f1da5690ad734984f7e17c","2025-10-17T05:56:01.775Z","2025-10-17T05:56:01.775Z"
"68f1da5a90ad734984f7fbb7","optional","68f1da5690ad734984f7e17f","2025-10-17T05:56:01.775Z","2025-10-17T05:56:01.775Z"
"68f1da5690ad734984f7ea76","optional","68f1da5690ad734984f7e182","2025-10-17T05:56:01.775Z","2025-10-17T05:56:01.775Z"
"68f1da5a90ad734984f7fd96","optional","68f1da5690ad734984f7e194","2025-10-17T05:56:01.775Z","2025-10-17T05:56:01.775Z"
"68f1da5a90ad734984f7f777","optional","68f1da5690ad734984f7e194","2025-10-17T05:56:01.775Z","2025-10-17T05:56:01.775Z"
"68f1da5a90ad734984f7fe89","optional","68f1da5690ad734984f7e197","2025-10-17T05:56:01.775Z","2025-10-17T05:56:01.775Z"
"68f1da5290ad734984f7cfb3","optional","68f1da5690ad734984f7e197","2025-10-17T05:56:01.775Z","2025-10-17T05:56:01.775Z"
"68f1da5690ad734984f7ec3b","optional","68f1da5690ad734984f7e197","2025-10-17T05:56:01.775Z","2025-10-17T05:56:01.775Z"
"68f1da5a90ad734984f7f7c0","optional","68f1da5690ad734984f7e197","2025-10-17T05:56:01.775Z","2025-10-17T05:56:01.775Z"
"68f1da5290ad734984f7d3f0","optional","68f1da5690ad734984f7e198","2025-10-17T05:56:01.775Z","2025-10-17T05:56:01.775Z"
"68f1da5690ad734984f7e402","optional","68f1da5690ad734984f7e198","2025-10-17T05:56:01.775Z","2025-10-17T05:56:01.775Z"
"68f1da5690ad734984f7e8b9","optional","68f1da5690ad734984f7e198","2025-10-17T05:56:01.775Z","2025-10-17T05:56:01.775Z"
"68f1da5690ad734984f7eba8","optional","68f1da5690ad734984f7e1a1","2025-10-17T05:56:01.775Z","2025-10-17T05:56:01.775Z"
"68f1da5a90ad734984f7fe5c","optional","68f1da5690ad734984f7e1a3","2025-10-17T05:56:01.775Z","2025-10-17T05:56:01.775Z"
"68f1da5290ad734984f7cea2","optional","68f1da5690ad734984f7e1a3","2025-10-17T05:56:01.775Z","2025-10-17T05:56:01.775Z"
"68f1da5290ad734984f7d710","optional","68f1da5690ad734984f7e1a4","2025-10-17T05:56:01.776Z","2025-10-17T05:56:01.776Z"
"68f1da5690ad734984f7e587","optional","68f1da5690ad734984f7e1a4","2025-10-17T05:56:01.776Z","2025-10-17T05:56:01.776Z"
"68f1da5a90ad734984f7f6ec","optional","68f1da5690ad734984f7e1a4","2025-10-17T05:56:01.776Z","2025-10-17T05:56:01.776Z"
"68f1da5a90ad734984f7f8bc","optional","68f1da5690ad734984f7e1a4","2025-10-17T05:56:01.776Z","2025-10-17T05:56:01.776Z"
"68f1da5290ad734984f7d606","optional","68f1da5690ad734984f7e1a4","2025-10-17T05:56:01.776Z","2025-10-17T05:56:01.776Z"
"68f1da5290ad734984f7d172","optional","68f1da5690ad734984f7e1a9","2025-10-17T05:56:01.776Z","2025-10-17T05:56:01.776Z"
"68f1da5790ad734984f7f18f","optional","68f1da5690ad734984f7e1a9","2025-10-17T05:56:01.776Z","2025-10-17T05:56:01.776Z"
"68f1da5690ad734984f7df08","optional","68f1da5690ad734984f7e1a9","2025-10-17T05:56:01.776Z","2025-10-17T05:56:01.776Z"
"68f1da5290ad734984f7dc7f","optional","68f1da5690ad734984f7e1b1","2025-10-17T05:56:01.776Z","2025-10-17T05:56:01.776Z"
"68f1da5690ad734984f7eda8","optional","68f1da5690ad734984f7e1b1","2025-10-17T05:56:01.776Z","2025-10-17T05:56:01.776Z"
"68f1da5290ad734984f7d2f6","optional","68f1da5690ad734984f7e1b5","2025-10-17T05:56:01.776Z","2025-10-17T05:56:01.776Z"
"68f1da5290ad734984f7d477","optional","68f1da5690ad734984f7e1b8","2025-10-17T05:56:01.776Z","2025-10-17T05:56:01.776Z"
"68f1da5790ad734984f7ef63","essential","68f1da5690ad734984f7e1b8","2025-10-17T05:56:01.776Z","2025-10-17T05:56:01.776Z"
"68f1da5290ad734984f7d0ef","optional","68f1da5690ad734984f7e1be","2025-10-17T05:56:01.776Z","2025-10-17T05:56:01.776Z"
"68f1da5290ad734984f7d643","optional","68f1da5690ad734984f7e1be","2025-10-17T05:56:01.776Z","2025-10-17T05:56:01.776Z"
"68f1da5290ad734984f7d6e7","optional","68f1da5690ad734984f7e1c1","2025-10-17T05:56:01.776Z","2025-10-17T05:56:01.776Z"
"68f1da5690ad734984f7ece7","optional","68f1da5690ad734984f7e1c1","2025-10-17T05:56:01.777Z","2025-10-17T05:56:01.777Z"
"68f1da5290ad734984f7d697","optional","68f1da5690ad734984f7e1c3","2025-10-17T05:56:01.777Z","2025-10-17T05:56:01.777Z"
"68f1da5a90ad734984f7f301","optional","68f1da5690ad734984f7e1c3","2025-10-17T05:56:01.777Z","2025-10-17T05:56:01.777Z"
"68f1da5a90ad734984f7fffc","optional","68f1da5690ad734984f7e1c3","2025-10-17T05:56:01.777Z","2025-10-17T05:56:01.777Z"
"68f1da5290ad734984f7ccbc","optional","68f1da5690ad734984f7e1c3","2025-10-17T05:56:01.777Z","2025-10-17T05:56:01.777Z"
"68f1da5290ad734984f7dc4f","optional","68f1da5690ad734984f7e1c3","2025-10-17T05:56:01.777Z","2025-10-17T05:56:01.777Z"
"68f1da5a90ad734984f7f4b9","optional","68f1da5690ad734984f7e1c3","2025-10-17T05:56:01.777Z","2025-10-17T05:56:01.777Z"
"68f1da5a90ad734984f8005f","optional","68f1da5690ad734984f7e1c3","2025-10-17T05:56:01.777Z","2025-10-17T05:56:01.777Z"
"68f1da5690ad734984f7ed3b","optional","68f1da5690ad734984f7e1c3","2025-10-17T05:56:01.777Z","2025-10-17T05:56:01.777Z"
"68f1da5290ad734984f7de1b","optional","68f1da5690ad734984f7e1c3","2025-10-17T05:56:01.777Z","2025-10-17T05:56:01.777Z"
"68f1da5690ad734984f7e732","optional","68f1da5690ad734984f7e1c5","2025-10-17T05:56:01.777Z","2025-10-17T05:56:01.777Z"
"68f1da5790ad734984f7ef8c","optional","68f1da5690ad734984f7e1c5","2025-10-17T05:56:01.777Z","2025-10-17T05:56:01.777Z"
"68f1da5290ad734984f7cd13","optional","68f1da5690ad734984f7e1cc","2025-10-17T05:56:01.777Z","2025-10-17T05:56:01.777Z"
"68f1da5690ad734984f7dfd4","optional","68f1da5690ad734984f7e1cc","2025-10-17T05:56:01.777Z","2025-10-17T05:56:01.777Z"
"68f1da5690ad734984f7e4df","optional","68f1da5690ad734984f7e1cc","2025-10-17T05:56:01.777Z","2025-10-17T05:56:01.777Z"
"68f1da5290ad734984f7cd77","optional","68f1da5690ad734984f7e1d5","2025-10-17T05:56:01.777Z","2025-10-17T05:56:01.777Z"
"68f1da5690ad734984f7e2e9","optional","68f1da5690ad734984f7e1d6","2025-10-17T05:56:01.777Z","2025-10-17T05:56:01.777Z"
"68f1da5790ad734984f7eef9","optional","68f1da5690ad734984f7e1d6","2025-10-17T05:56:01.777Z","2025-10-17T05:56:01.777Z"
"68f1da5690ad734984f7e739","optional","68f1da5690ad734984f7e1d6","2025-10-17T05:56:01.777Z","2025-10-17T05:56:01.777Z"
"68f1da5690ad734984f7e469","optional","68f1da5690ad734984f7e1d6","2025-10-17T05:56:01.777Z","2025-10-17T05:56:01.777Z"
"68f1da5290ad734984f7d3f0","optional","68f1da5690ad734984f7e1d7","2025-10-17T05:56:01.777Z","2025-10-17T05:56:01.777Z"
"68f1da5290ad734984f7cf2c","optional","68f1da5690ad734984f7e1d8","2025-10-17T05:56:01.777Z","2025-10-17T05:56:01.777Z"
"68f1da5a90ad734984f800ea","optional","68f1da5690ad734984f7e1d8","2025-10-17T05:56:01.777Z","2025-10-17T05:56:01.777Z"
"68f1da5290ad734984f7dc8c","optional","68f1da5690ad734984f7e1d8","2025-10-17T05:56:01.777Z","2025-10-17T05:56:01.777Z"
"68f1da5690ad734984f7e475","optional","68f1da5690ad734984f7e1d8","2025-10-17T05:56:01.777Z","2025-10-17T05:56:01.777Z"
"68f1da5690ad734984f7ecf6","optional","68f1da5690ad734984f7e1d8","2025-10-17T05:56:01.777Z","2025-10-17T05:56:01.777Z"
"68f1da5a90ad734984f7f4e8","optional","68f1da5690ad734984f7e1d8","2025-10-17T05:56:01.777Z","2025-10-17T05:56:01.777Z"
"68f1da5290ad734984f7da2c","optional","68f1da5690ad734984f7e1d8","2025-10-17T05:56:01.777Z","2025-10-17T05:56:01.777Z"
"68f1da5690ad734984f7e261","optional","68f1da5690ad734984f7e1d8","2025-10-17T05:56:01.777Z","2025-10-17T05:56:01.777Z"
"68f1da5a90ad734984f7fbf2","optional","68f1da5690ad734984f7e1d8","2025-10-17T05:56:01.777Z","2025-10-17T05:56:01.777Z"
"68f1da5290ad734984f7cf4e","optional","68f1da5690ad734984f7e1db","2025-10-17T05:56:01.777Z","2025-10-17T05:56:01.777Z"
"68f1da5290ad734984f7d369","optional","68f1da5690ad734984f7e1db","2025-10-17T05:56:01.777Z","2025-10-17T05:56:01.777Z"
"68f1da5690ad734984f7e2fa","optional","68f1da5690ad734984f7e1db","2025-10-17T05:56:01.778Z","2025-10-17T05:56:01.778Z"
"68f1da5a90ad734984f7fe8f","optional","68f1da5690ad734984f7e1db","2025-10-17T05:56:01.778Z","2025-10-17T05:56:01.778Z"
"68f1da5290ad734984f7d0d7","optional","68f1da5690ad734984f7e1db","2025-10-17T05:56:01.777Z","2025-10-17T05:56:01.777Z"
"68f1da5290ad734984f7cd0b","optional","68f1da5690ad734984f7e1db","2025-10-17T05:56:01.777Z","2025-10-17T05:56:01.777Z"
"68f1da5290ad734984f7dc34","optional","68f1da5690ad734984f7e1db","2025-10-17T05:56:01.777Z","2025-10-17T05:56:01.777Z"
"68f1da5290ad734984f7dd2a","optional","68f1da5690ad734984f7e1db","2025-10-17T05:56:01.778Z","2025-10-17T05:56:01.778Z"
"68f1da5690ad734984f7edc4","optional","68f1da5690ad734984f7e1db","2025-10-17T05:56:01.778Z","2025-10-17T05:56:01.778Z"
"68f1da5a90ad734984f7f76c","optional","68f1da5690ad734984f7e1db","2025-10-17T05:56:01.778Z","2025-10-17T05:56:01.778Z"
"68f1da5a90ad734984f7fe64","optional","68f1da5690ad734984f7e1e1","2025-10-17T05:56:01.778Z","2025-10-17T05:56:01.778Z"
"68f1da5690ad734984f7e4f2","optional","68f1da5690ad734984f7e1e9","2025-10-17T05:56:01.778Z","2025-10-17T05:56:01.778Z"
"68f1da5290ad734984f7db9a","optional","68f1da5690ad734984f7e1e9","2025-10-17T05:56:01.778Z","2025-10-17T05:56:01.778Z"
"68f1da5790ad734984f7ef4b","optional","68f1da5690ad734984f7e1e9","2025-10-17T05:56:01.778Z","2025-10-17T05:56:01.778Z"
"68f1da5790ad734984f7efa3","optional","68f1da5690ad734984f7e1e9","2025-10-17T05:56:01.778Z","2025-10-17T05:56:01.778Z"
"68f1da5a90ad734984f7f7b5","optional","68f1da5690ad734984f7e1e9","2025-10-17T05:56:01.778Z","2025-10-17T05:56:01.778Z"
"68f1da5290ad734984f7d4c6","optional","68f1da5690ad734984f7e1e9","2025-10-17T05:56:01.778Z","2025-10-17T05:56:01.778Z"
"68f1da5690ad734984f7eb51","optional","68f1da5690ad734984f7e1e9","2025-10-17T05:56:01.778Z","2025-10-17T05:56:01.778Z"
"68f1da5690ad734984f7ea9b","optional","68f1da5690ad734984f7e1f0","2025-10-17T05:56:01.778Z","2025-10-17T05:56:01.778Z"
"68f1da5290ad734984f7cda1","optional","68f1da5690ad734984f7e1f0","2025-10-17T05:56:01.778Z","2025-10-17T05:56:01.778Z"
"68f1da5690ad734984f7e679","optional","68f1da5690ad734984f7e1f0","2025-10-17T05:56:01.778Z","2025-10-17T05:56:01.778Z"
"68f1da5690ad734984f7ed56","essential","68f1da5690ad734984f7e1f0","2025-10-17T05:56:01.778Z","2025-10-17T05:56:01.778Z"
"68f1da5690ad734984f7edd0","essential","68f1da5690ad734984f7e1f0","2025-10-17T05:56:01.778Z","2025-10-17T05:56:01.778Z"
"68f1da5a90ad734984f7f907","optional","68f1da5690ad734984f7e1f0","2025-10-17T05:56:01.778Z","2025-10-17T05:56:01.778Z"
"68f1da5a90ad734984f80038","optional","68f1da5690ad734984f7e1f5","2025-10-17T05:56:01.778Z","2025-10-17T05:56:01.778Z"
"68f1da5a90ad734984f7fab5","optional","68f1da5690ad734984f7e1f5","2025-10-17T05:56:01.778Z","2025-10-17T05:56:01.778Z"
"68f1da5a90ad734984f7faa0","optional","68f1da5690ad734984f7e1f5","2025-10-17T05:56:01.778Z","2025-10-17T05:56:01.778Z"
"68f1da5a90ad734984f8004a","optional","68f1da5690ad734984f7e1fb","2025-10-17T05:56:01.778Z","2025-10-17T05:56:01.778Z"
"68f1da5290ad734984f7d56f","optional","68f1da5690ad734984f7e205","2025-10-17T05:56:01.776Z","2025-10-17T05:56:01.776Z"
"68f1da5a90ad734984f8004d","optional","68f1da5690ad734984f7e205","2025-10-17T05:56:01.776Z","2025-10-17T05:56:01.776Z"
"68f1da5790ad734984f7f0f6","optional","68f1da5690ad734984f7e209","2025-10-17T05:56:01.776Z","2025-10-17T05:56:01.776Z"
"68f1da5290ad734984f7d152","optional","68f1da5690ad734984f7e209","2025-10-17T05:56:01.776Z","2025-10-17T05:56:01.776Z"
"68f1da5690ad734984f7e9bf","optional","68f1da5690ad734984f7e209","2025-10-17T05:56:01.776Z","2025-10-17T05:56:01.776Z"
"68f1da5a90ad734984f7f2cc","optional","68f1da5690ad734984f7e209","2025-10-17T05:56:01.776Z","2025-10-17T05:56:01.776Z"
"68f1da5290ad734984f7d672","optional","68f1da5690ad734984f7e209","2025-10-17T05:56:01.776Z","2025-10-17T05:56:01.776Z"
"68f1da5690ad734984f7e469","optional","68f1da5690ad734984f7e209","2025-10-17T05:56:01.776Z","2025-10-17T05:56:01.776Z"
"68f1da5690ad734984f7ea53","optional","68f1da5690ad734984f7e209","2025-10-17T05:56:01.776Z","2025-10-17T05:56:01.776Z"
"68f1da5790ad734984f7eeee","optional","68f1da5690ad734984f7e209","2025-10-17T05:56:01.776Z","2025-10-17T05:56:01.776Z"
"68f1da5290ad734984f7ce57","optional","68f1da5690ad734984f7e210","2025-10-17T05:56:01.776Z","2025-10-17T05:56:01.776Z"
"68f1da5290ad734984f7d5c3","optional","68f1da5690ad734984f7e210","2025-10-17T05:56:01.776Z","2025-10-17T05:56:01.776Z"
"68f1da5290ad734984f7d730","optional","68f1da5690ad734984f7e210","2025-10-17T05:56:01.776Z","2025-10-17T05:56:01.776Z"
"68f1da5290ad734984f7d4e8","optional","68f1da5690ad734984f7e214","2025-10-17T05:56:01.776Z","2025-10-17T05:56:01.776Z"
"68f1da5a90ad734984f7f307","optional","68f1da5690ad734984f7e215","2025-10-17T05:56:01.776Z","2025-10-17T05:56:01.776Z"
"68f1da5290ad734984f7db2c","optional","68f1da5690ad734984f7e215","2025-10-17T05:56:01.776Z","2025-10-17T05:56:01.776Z"
"68f1da5a90ad734984f7f98e","optional","68f1da5690ad734984f7e215","2025-10-17T05:56:01.776Z","2025-10-17T05:56:01.776Z"
"68f1da5290ad734984f7d80f","optional","68f1da5690ad734984f7e215","2025-10-17T05:56:01.776Z","2025-10-17T05:56:01.776Z"
"68f1da5a90ad734984f80124","optional","68f1da5690ad734984f7e215","2025-10-17T05:56:01.776Z","2025-10-17T05:56:01.776Z"
"68f1da5a90ad734984f7fa63","optional","68f1da5690ad734984f7e215","2025-10-17T05:56:01.776Z","2025-10-17T05:56:01.776Z"
"68f1da5290ad734984f7de36","optional","68f1da5690ad734984f7e227","2025-10-17T05:56:01.778Z","2025-10-17T05:56:01.778Z"
"68f1da5a90ad734984f7fb5a","optional","68f1da5690ad734984f7e227","2025-10-17T05:56:01.778Z","2025-10-17T05:56:01.778Z"
"68f1da5290ad734984f7cdf6","optional","68f1da5690ad734984f7e227","2025-10-17T05:56:01.778Z","2025-10-17T05:56:01.778Z"
"68f1da5790ad734984f7ef73","optional","68f1da5690ad734984f7e227","2025-10-17T05:56:01.778Z","2025-10-17T05:56:01.778Z"
"68f1da5690ad734984f7e015","optional","68f1da5690ad734984f7e234","2025-10-17T05:56:01.778Z","2025-10-17T05:56:01.778Z"
"68f1da5290ad734984f7dca8","optional","68f1da5690ad734984f7e238","2025-10-17T05:56:01.778Z","2025-10-17T05:56:01.778Z"
"68f1da5a90ad734984f7f48e","optional","68f1da5690ad734984f7e238","2025-10-17T05:56:01.779Z","2025-10-17T05:56:01.779Z"
"68f1da5690ad734984f7e690","optional","68f1da5690ad734984f7e251","2025-10-17T05:56:01.779Z","2025-10-17T05:56:01.779Z"
"68f1da5290ad734984f7d88c","optional","68f1da5690ad734984f7e253","2025-10-17T05:56:01.779Z","2025-10-17T05:56:01.779Z"
"68f1da5a90ad734984f7fbed","optional","68f1da5690ad734984f7e253","2025-10-17T05:56:01.779Z","2025-10-17T05:56:01.779Z"
"68f1da5290ad734984f7d3b0","essential","68f1da5690ad734984f7e253","2025-10-17T05:56:01.779Z","2025-10-17T05:56:01.779Z"
"68f1da5690ad734984f7ee98","optional","68f1da5690ad734984f7e253","2025-10-17T05:56:01.779Z","2025-10-17T05:56:01.779Z"
"68f1da5290ad734984f7d22b","optional","68f1da5690ad734984f7e254","2025-10-17T05:56:01.779Z","2025-10-17T05:56:01.779Z"
"68f1da5290ad734984f7ce0e","optional","68f1da5690ad734984f7e254","2025-10-17T05:56:01.779Z","2025-10-17T05:56:01.779Z"
"68f1da5a90ad734984f7f8ea","optional","68f1da5690ad734984f7e255","2025-10-17T05:56:01.779Z","2025-10-17T05:56:01.779Z"
"68f1da5290ad734984f7ddf1","optional","68f1da5690ad734984f7e259","2025-10-17T05:56:01.779Z","2025-10-17T05:56:01.779Z"
"68f1da5a90ad734984f7feb1","optional","68f1da5690ad734984f7e259","2025-10-17T05:56:01.779Z","2025-10-17T05:56:01.779Z"
"68f1da5290ad734984f7deb3","optional","68f1da5690ad734984f7e25a","2025-10-17T05:56:01.779Z","2025-10-17T05:56:01.779Z"
"68f1da5a90ad734984f7fbdb","optional","68f1da5690ad734984f7e25a","2025-10-17T05:56:01.779Z","2025-10-17T05:56:01.779Z"
"68f1da5a90ad734984f7f8f6","optional","68f1da5690ad734984f7e25a","2025-10-17T05:56:01.779Z","2025-10-17T05:56:01.779Z"
"68f1da5a90ad734984f7fb1d","optional","68f1da5690ad734984f7e25a","2025-10-17T05:56:01.779Z","2025-10-17T05:56:01.779Z"
"68f1da5290ad734984f7d4d1","optional","68f1da5690ad734984f7e25a","2025-10-17T05:56:01.779Z","2025-10-17T05:56:01.779Z"
"68f1da5690ad734984f7e502","optional","68f1da5690ad734984f7e25a","2025-10-17T05:56:01.779Z","2025-10-17T05:56:01.779Z"
"68f1da5a90ad734984f7fe92","optional","68f1da5690ad734984f7e25a","2025-10-17T05:56:01.779Z","2025-10-17T05:56:01.779Z"
"68f1da5290ad734984f7da10","optional","68f1da5690ad734984f7e25d","2025-10-17T05:56:01.779Z","2025-10-17T05:56:01.779Z"
"68f1da5790ad734984f7f19b","optional","68f1da5690ad734984f7e25d","2025-10-17T05:56:01.779Z","2025-10-17T05:56:01.779Z"
"68f1da5690ad734984f7e332","optional","68f1da5690ad734984f7e25d","2025-10-17T05:56:01.779Z","2025-10-17T05:56:01.779Z"
"68f1da5a90ad734984f7f5ed","optional","68f1da5690ad734984f7e25d","2025-10-17T05:56:01.779Z","2025-10-17T05:56:01.779Z"
"68f1da5290ad734984f7db93","optional","68f1da5690ad734984f7e25d","2025-10-17T05:56:01.779Z","2025-10-17T05:56:01.779Z"
"68f1da5690ad734984f7e9e5","optional","68f1da5690ad734984f7e25d","2025-10-17T05:56:01.779Z","2025-10-17T05:56:01.779Z"
"68f1da5a90ad734984f7fca0","optional","68f1da5690ad734984f7e264","2025-10-17T05:56:01.778Z","2025-10-17T05:56:01.778Z"
"68f1da5290ad734984f7d191","optional","68f1da5690ad734984f7e264","2025-10-17T05:56:01.778Z","2025-10-17T05:56:01.778Z"
"68f1da5690ad734984f7ebd8","optional","68f1da5690ad734984f7e279","2025-10-17T05:56:01.778Z","2025-10-17T05:56:01.778Z"
"68f1da5a90ad734984f7f72b","optional","68f1da5690ad734984f7e279","2025-10-17T05:56:01.778Z","2025-10-17T05:56:01.778Z"
"68f1da5a90ad734984f7fae6","optional","68f1da5690ad734984f7e279","2025-10-17T05:56:01.778Z","2025-10-17T05:56:01.778Z"
"68f1da5a90ad734984f7ff30","optional","68f1da5690ad734984f7e279","2025-10-17T05:56:01.778Z","2025-10-17T05:56:01.778Z"
"68f1da5290ad734984f7d7dc","optional","68f1da5690ad734984f7e27f","2025-10-17T05:56:01.779Z","2025-10-17T05:56:01.779Z"
"68f1da5290ad734984f7d62e","optional","68f1da5690ad734984f7e27f","2025-10-17T05:56:01.779Z","2025-10-17T05:56:01.779Z"
"68f1da5690ad734984f7e54b","optional","68f1da5690ad734984f7e286","2025-10-17T05:56:01.779Z","2025-10-17T05:56:01.779Z"
"68f1da5690ad734984f7eaf4","optional","68f1da5690ad734984f7e286","2025-10-17T05:56:01.779Z","2025-10-17T05:56:01.779Z"
"68f1da5690ad734984f7e6a0","essential","68f1da5690ad734984f7e28a","2025-10-17T05:56:01.779Z","2025-10-17T05:56:01.779Z"
"68f1da5290ad734984f7db8c","optional","68f1da5690ad734984f7e28e","2025-10-17T05:56:01.779Z","2025-10-17T05:56:01.779Z"
"68f1da5290ad734984f7cf61","optional","68f1da5690ad734984f7e290","2025-10-17T05:56:01.779Z","2025-10-17T05:56:01.779Z"
"68f1da5290ad734984f7cde2","optional","68f1da5690ad734984f7e290","2025-10-17T05:56:01.779Z","2025-10-17T05:56:01.779Z"
"68f1da5290ad734984f7dbf6","optional","68f1da5690ad734984f7e290","2025-10-17T05:56:01.779Z","2025-10-17T05:56:01.779Z"
"68f1da5790ad734984f7ef0c","optional","68f1da5690ad734984f7e290","2025-10-17T05:56:01.779Z","2025-10-17T05:56:01.779Z"
"68f1da5690ad734984f7dfb6","optional","68f1da5690ad734984f7e293","2025-10-17T05:56:01.779Z","2025-10-17T05:56:01.779Z"
"68f1da5690ad734984f7eac7","optional","68f1da5690ad734984f7e293","2025-10-17T05:56:01.780Z","2025-10-17T05:56:01.780Z"
"68f1da5690ad734984f7e8ea","optional","68f1da5690ad734984f7e29b","2025-10-17T05:56:01.780Z","2025-10-17T05:56:01.780Z"
"68f1da5a90ad734984f7fbe9","optional","68f1da5690ad734984f7e29b","2025-10-17T05:56:01.780Z","2025-10-17T05:56:01.780Z"
"68f1da5790ad734984f7f0de","optional","68f1da5690ad734984f7e29c","2025-10-17T05:56:01.780Z","2025-10-17T05:56:01.780Z"
"68f1da5a90ad734984f7f492","optional","68f1da5690ad734984f7e29c","2025-10-17T05:56:01.780Z","2025-10-17T05:56:01.780Z"
"68f1da5a90ad734984f7ff34","optional","68f1da5690ad734984f7e29c","2025-10-17T05:56:01.780Z","2025-10-17T05:56:01.780Z"
"68f1da5a90ad734984f7fff0","optional","68f1da5690ad734984f7e29c","2025-10-17T05:56:01.780Z","2025-10-17T05:56:01.780Z"
"68f1da5290ad734984f7d412","optional","68f1da5690ad734984f7e29c","2025-10-17T05:56:01.780Z","2025-10-17T05:56:01.780Z"
"68f1da5690ad734984f7edf1","optional","68f1da5690ad734984f7e29c","2025-10-17T05:56:01.780Z","2025-10-17T05:56:01.780Z"
"68f1da5690ad734984f7e103","optional","68f1da5690ad734984f7e29c","2025-10-17T05:56:01.780Z","2025-10-17T05:56:01.780Z"
"68f1da5690ad734984f7e3f1","optional","68f1da5690ad734984f7e29c","2025-10-17T05:56:01.780Z","2025-10-17T05:56:01.780Z"
"68f1da5a90ad734984f7f8d7","optional","68f1da5690ad734984f7e29c","2025-10-17T05:56:01.780Z","2025-10-17T05:56:01.780Z"
"68f1da5a90ad734984f80015","optional","68f1da5690ad734984f7e29c","2025-10-17T05:56:01.780Z","2025-10-17T05:56:01.780Z"
"68f1da5290ad734984f7d242","optional","68f1da5690ad734984f7e29c","2025-10-17T05:56:01.780Z","2025-10-17T05:56:01.780Z"
"68f1da5690ad734984f7e9a5","optional","68f1da5690ad734984f7e29c","2025-10-17T05:56:01.780Z","2025-10-17T05:56:01.780Z"
"68f1da5a90ad734984f800aa","optional","68f1da5690ad734984f7e29c","2025-10-17T05:56:01.780Z","2025-10-17T05:56:01.780Z"
"68f1da5290ad734984f7ce97","optional","68f1da5690ad734984f7e2a0","2025-10-17T05:56:01.780Z","2025-10-17T05:56:01.780Z"
"68f1da5290ad734984f7d847","optional","68f1da5690ad734984f7e2a0","2025-10-17T05:56:01.780Z","2025-10-17T05:56:01.780Z"
"68f1da5690ad734984f7e1f7","optional","68f1da5690ad734984f7e2a0","2025-10-17T05:56:01.780Z","2025-10-17T05:56:01.780Z"
"68f1da5690ad734984f7ea57","optional","68f1da5690ad734984f7e2a0","2025-10-17T05:56:01.780Z","2025-10-17T05:56:01.780Z"
"68f1da5a90ad734984f7fb1d","optional","68f1da5690ad734984f7e2a0","2025-10-17T05:56:01.780Z","2025-10-17T05:56:01.780Z"
"68f1da5790ad734984f7f1ac","optional","68f1da5690ad734984f7e2a3","2025-10-17T05:56:01.780Z","2025-10-17T05:56:01.780Z"
"68f1da5a90ad734984f7f6ee","optional","68f1da5690ad734984f7e2ae","2025-10-17T05:56:01.780Z","2025-10-17T05:56:01.780Z"
"68f1da5a90ad734984f7f9cf","optional","68f1da5690ad734984f7e2b6","2025-10-17T05:56:01.781Z","2025-10-17T05:56:01.781Z"
"68f1da5290ad734984f7d0e6","optional","68f1da5690ad734984f7e2b8","2025-10-17T05:56:01.781Z","2025-10-17T05:56:01.781Z"
"68f1da5a90ad734984f80120","optional","68f1da5690ad734984f7e2b8","2025-10-17T05:56:01.781Z","2025-10-17T05:56:01.781Z"
"68f1da5a90ad734984f7fe89","optional","68f1da5690ad734984f7e2ba","2025-10-17T05:56:01.781Z","2025-10-17T05:56:01.781Z"
"68f1da5690ad734984f7ec3b","optional","68f1da5690ad734984f7e2ba","2025-10-17T05:56:01.781Z","2025-10-17T05:56:01.781Z"
"68f1da5690ad734984f7e1f3","optional","68f1da5690ad734984f7e2ba","2025-10-17T05:56:01.781Z","2025-10-17T05:56:01.781Z"
"68f1da5a90ad734984f7f993","optional","68f1da5690ad734984f7e2bd","2025-10-17T05:56:01.781Z","2025-10-17T05:56:01.781Z"
"68f1da5a90ad734984f7f2e3","optional","68f1da5690ad734984f7e2c2","2025-10-17T05:56:01.781Z","2025-10-17T05:56:01.781Z"
"68f1da5290ad734984f7d443","optional","68f1da5690ad734984f7e2c4","2025-10-17T05:56:01.781Z","2025-10-17T05:56:01.781Z"
"68f1da5690ad734984f7ed62","optional","68f1da5690ad734984f7e2c4","2025-10-17T05:56:01.781Z","2025-10-17T05:56:01.781Z"
"68f1da5a90ad734984f7f8db","optional","68f1da5690ad734984f7e2c4","2025-10-17T05:56:01.781Z","2025-10-17T05:56:01.781Z"
"68f1da5790ad734984f7efb9","optional","68f1da5690ad734984f7e2c4","2025-10-17T05:56:01.781Z","2025-10-17T05:56:01.781Z"
"68f1da5a90ad734984f7fa90","optional","68f1da5690ad734984f7e2c4","2025-10-17T05:56:01.781Z","2025-10-17T05:56:01.781Z"
"68f1da5690ad734984f7e335","optional","68f1da5690ad734984f7e2c4","2025-10-17T05:56:01.781Z","2025-10-17T05:56:01.781Z"
"68f1da5690ad734984f7ed46","optional","68f1da5690ad734984f7e2c4","2025-10-17T05:56:01.781Z","2025-10-17T05:56:01.781Z"
"68f1da5290ad734984f7d2ee","optional","68f1da5690ad734984f7e2cd","2025-10-17T05:56:01.780Z","2025-10-17T05:56:01.780Z"
"68f1da5690ad734984f7ee90","optional","68f1da5690ad734984f7e2cd","2025-10-17T05:56:01.780Z","2025-10-17T05:56:01.780Z"
"68f1da5290ad734984f7d55e","optional","68f1da5690ad734984f7e2d8","2025-10-17T05:56:01.780Z","2025-10-17T05:56:01.780Z"
"68f1da5690ad734984f7e40b","optional","68f1da5690ad734984f7e2d8","2025-10-17T05:56:01.780Z","2025-10-17T05:56:01.780Z"
"68f1da5790ad734984f7f231","optional","68f1da5690ad734984f7e2d8","2025-10-17T05:56:01.780Z","2025-10-17T05:56:01.780Z"
"68f1da5290ad734984f7db76","optional","68f1da5690ad734984f7e2d8","2025-10-17T05:56:01.780Z","2025-10-17T05:56:01.780Z"
"68f1da5690ad734984f7ebd0","optional","68f1da5690ad734984f7e2d8","2025-10-17T05:56:01.780Z","2025-10-17T05:56:01.780Z"
"68f1da5690ad734984f7ee6d","optional","68f1da5690ad734984f7e2d8","2025-10-17T05:56:01.780Z","2025-10-17T05:56:01.780Z"
"68f1da5790ad734984f7f16f","optional","68f1da5690ad734984f7e2d8","2025-10-17T05:56:01.780Z","2025-10-17T05:56:01.780Z"
"68f1da5290ad734984f7ce8e","optional","68f1da5690ad734984f7e2d9","2025-10-17T05:56:01.781Z","2025-10-17T05:56:01.781Z"
"68f1da5690ad734984f7e514","optional","68f1da5690ad734984f7e2d9","2025-10-17T05:56:01.781Z","2025-10-17T05:56:01.781Z"
"68f1da5290ad734984f7d790","optional","68f1da5690ad734984f7e2d9","2025-10-17T05:56:01.781Z","2025-10-17T05:56:01.781Z"
"68f1da5a90ad734984f7fda4","optional","68f1da5690ad734984f7e2de","2025-10-17T05:56:01.781Z","2025-10-17T05:56:01.781Z"
"68f1da5690ad734984f7ed23","optional","68f1da5690ad734984f7e2e1","2025-10-17T05:56:01.780Z","2025-10-17T05:56:01.780Z"
"68f1da5a90ad734984f7fd51","optional","68f1da5690ad734984f7e2e1","2025-10-17T05:56:01.780Z","2025-10-17T05:56:01.780Z"
"68f1da5790ad734984f7f0ff","optional","68f1da5690ad734984f7e2e1","2025-10-17T05:56:01.780Z","2025-10-17T05:56:01.780Z"
"68f1da5290ad734984f7cebc","optional","68f1da5690ad734984f7e2f9","2025-10-17T05:56:01.780Z","2025-10-17T05:56:01.780Z"
"68f1da5690ad734984f7df84","optional","68f1da5690ad734984f7e2f9","2025-10-17T05:56:01.780Z","2025-10-17T05:56:01.780Z"
"68f1da5690ad734984f7ecca","optional","68f1da5690ad734984f7e2ff","2025-10-17T05:56:01.781Z","2025-10-17T05:56:01.781Z"
"68f1da5790ad734984f7efe1","optional","68f1da5690ad734984f7e2ff","2025-10-17T05:56:01.789Z","2025-10-17T05:56:01.789Z"
"68f1da5290ad734984f7d124","optional","68f1da5690ad734984f7e317","2025-10-17T05:56:01.789Z","2025-10-17T05:56:01.789Z"
"68f1da5290ad734984f7db6b","optional","68f1da5690ad734984f7e317","2025-10-17T05:56:01.790Z","2025-10-17T05:56:01.790Z"
"68f1da5290ad734984f7dbca","optional","68f1da5690ad734984f7e317","2025-10-17T05:56:01.790Z","2025-10-17T05:56:01.790Z"
"68f1da5690ad734984f7e63c","optional","68f1da5690ad734984f7e317","2025-10-17T05:56:01.790Z","2025-10-17T05:56:01.790Z"
"68f1da5690ad734984f7eb58","optional","68f1da5690ad734984f7e317","2025-10-17T05:56:01.790Z","2025-10-17T05:56:01.790Z"
"68f1da5790ad734984f7f227","optional","68f1da5690ad734984f7e317","2025-10-17T05:56:01.790Z","2025-10-17T05:56:01.790Z"
"68f1da5a90ad734984f7f77a","optional","68f1da5690ad734984f7e317","2025-10-17T05:56:01.790Z","2025-10-17T05:56:01.790Z"
"68f1da5a90ad734984f7f8ec","optional","68f1da5690ad734984f7e317","2025-10-17T05:56:01.790Z","2025-10-17T05:56:01.790Z"
"68f1da5290ad734984f7d807","essential","68f1da5690ad734984f7e317","2025-10-17T05:56:01.790Z","2025-10-17T05:56:01.790Z"
"68f1da5690ad734984f7e1dc","optional","68f1da5690ad734984f7e317","2025-10-17T05:56:01.790Z","2025-10-17T05:56:01.790Z"
"68f1da5a90ad734984f7fa7a","optional","68f1da5690ad734984f7e317","2025-10-17T05:56:01.790Z","2025-10-17T05:56:01.790Z"
"68f1da5a90ad734984f7fb70","optional","68f1da5690ad734984f7e317","2025-10-17T05:56:01.790Z","2025-10-17T05:56:01.790Z"
"68f1da5690ad734984f7eb67","optional","68f1da5690ad734984f7e317","2025-10-17T05:56:01.790Z","2025-10-17T05:56:01.790Z"
"68f1da5690ad734984f7ee00","optional","68f1da5690ad734984f7e317","2025-10-17T05:56:01.790Z","2025-10-17T05:56:01.790Z"
"68f1da5790ad734984f7f07d","optional","68f1da5690ad734984f7e317","2025-10-17T05:56:01.790Z","2025-10-17T05:56:01.790Z"
"68f1da5a90ad734984f7fc22","optional","68f1da5690ad734984f7e317","2025-10-17T05:56:01.790Z","2025-10-17T05:56:01.790Z"
"68f1da5290ad734984f7ce60","optional","68f1da5690ad734984f7e317","2025-10-17T05:56:01.789Z","2025-10-17T05:56:01.789Z"
"68f1da5290ad734984f7cfcc","optional","68f1da5690ad734984f7e317","2025-10-17T05:56:01.789Z","2025-10-17T05:56:01.789Z"
"68f1da5290ad734984f7dad4","optional","68f1da5690ad734984f7e317","2025-10-17T05:56:01.790Z","2025-10-17T05:56:01.790Z"
"68f1da5690ad734984f7e6cc","optional","68f1da5690ad734984f7e317","2025-10-17T05:56:01.790Z","2025-10-17T05:56:01.790Z"
"68f1da5690ad734984f7e6cd","optional","68f1da5690ad734984f7e317","2025-10-17T05:56:01.790Z","2025-10-17T05:56:01.790Z"
"68f1da5690ad734984f7ebca","optional","68f1da5690ad734984f7e317","2025-10-17T05:56:01.790Z","2025-10-17T05:56:01.790Z"
"68f1da5290ad734984f7cbc9","optional","68f1da5690ad734984f7e324","2025-10-17T05:56:01.790Z","2025-10-17T05:56:01.790Z"
"68f1da5690ad734984f7e731","optional","68f1da5690ad734984f7e325","2025-10-17T05:56:01.790Z","2025-10-17T05:56:01.790Z"
"68f1da5a90ad734984f7f49d","optional","68f1da5690ad734984f7e326","2025-10-17T05:56:01.790Z","2025-10-17T05:56:01.790Z"
"68f1da5290ad734984f7d54c","optional","68f1da5690ad734984f7e326","2025-10-17T05:56:01.790Z","2025-10-17T05:56:01.790Z"
"68f1da5790ad734984f7f1d3","optional","68f1da5690ad734984f7e326","2025-10-17T05:56:01.790Z","2025-10-17T05:56:01.790Z"
"68f1da5a90ad734984f7fbd2","optional","68f1da5690ad734984f7e326","2025-10-17T05:56:01.790Z","2025-10-17T05:56:01.790Z"
"68f1da5790ad734984f7f088","optional","68f1da5690ad734984f7e326","2025-10-17T05:56:01.790Z","2025-10-17T05:56:01.790Z"
"68f1da5a90ad734984f80043","optional","68f1da5690ad734984f7e326","2025-10-17T05:56:01.790Z","2025-10-17T05:56:01.790Z"
"68f1da5290ad734984f7d659","essential","68f1da5690ad734984f7e327","2025-10-17T05:56:01.790Z","2025-10-17T05:56:01.790Z"
"68f1da5290ad734984f7ccf4","optional","68f1da5690ad734984f7e32c","2025-10-17T05:56:01.790Z","2025-10-17T05:56:01.790Z"
"68f1da5690ad734984f7e1bc","optional","68f1da5690ad734984f7e32c","2025-10-17T05:56:01.790Z","2025-10-17T05:56:01.790Z"
"68f1da5a90ad734984f7f34d","optional","68f1da5690ad734984f7e32c","2025-10-17T05:56:01.790Z","2025-10-17T05:56:01.790Z"
"68f1da5a90ad734984f7ff6c","optional","68f1da5690ad734984f7e32c","2025-10-17T05:56:01.790Z","2025-10-17T05:56:01.790Z"
"68f1da5290ad734984f7d2f6","optional","68f1da5690ad734984f7e334","2025-10-17T05:56:01.790Z","2025-10-17T05:56:01.790Z"
"68f1da5a90ad734984f7fcfa","optional","68f1da5690ad734984f7e334","2025-10-17T05:56:01.790Z","2025-10-17T05:56:01.790Z"
"68f1da5a90ad734984f7fc89","optional","68f1da5690ad734984f7e33b","2025-10-17T05:56:01.791Z","2025-10-17T05:56:01.791Z"
"68f1da5690ad734984f7ee37","optional","68f1da5690ad734984f7e33c","2025-10-17T05:56:01.791Z","2025-10-17T05:56:01.791Z"
"68f1da5290ad734984f7d48d","optional","68f1da5690ad734984f7e33c","2025-10-17T05:56:01.791Z","2025-10-17T05:56:01.791Z"
"68f1da5290ad734984f7d61a","optional","68f1da5690ad734984f7e33c","2025-10-17T05:56:01.791Z","2025-10-17T05:56:01.791Z"
"68f1da5690ad734984f7e58f","optional","68f1da5690ad734984f7e33c","2025-10-17T05:56:01.791Z","2025-10-17T05:56:01.791Z"
"68f1da5690ad734984f7e649","optional","68f1da5690ad734984f7e33c","2025-10-17T05:56:01.791Z","2025-10-17T05:56:01.791Z"
"68f1da5790ad734984f7f168","optional","68f1da5690ad734984f7e33c","2025-10-17T05:56:01.791Z","2025-10-17T05:56:01.791Z"
"68f1da5a90ad734984f7f444","optional","68f1da5690ad734984f7e33c","2025-10-17T05:56:01.791Z","2025-10-17T05:56:01.791Z"
"68f1da5a90ad734984f7f695","optional","68f1da5690ad734984f7e33c","2025-10-17T05:56:01.791Z","2025-10-17T05:56:01.791Z"
"68f1da5a90ad734984f7fd6e","optional","68f1da5690ad734984f7e33c","2025-10-17T05:56:01.791Z","2025-10-17T05:56:01.791Z"
"68f1da5290ad734984f7d3de","essential","68f1da5690ad734984f7e33c","2025-10-17T05:56:01.791Z","2025-10-17T05:56:01.791Z"
"68f1da5a90ad734984f7f9c0","optional","68f1da5690ad734984f7e33c","2025-10-17T05:56:01.791Z","2025-10-17T05:56:01.791Z"
"68f1da5290ad734984f7cce3","optional","68f1da5690ad734984f7e33c","2025-10-17T05:56:01.791Z","2025-10-17T05:56:01.791Z"
"68f1da5690ad734984f7ee3e","optional","68f1da5690ad734984f7e33c","2025-10-17T05:56:01.791Z","2025-10-17T05:56:01.791Z"
"68f1da5a90ad734984f7fc82","optional","68f1da5690ad734984f7e33c","2025-10-17T05:56:01.791Z","2025-10-17T05:56:01.791Z"
"68f1da5a90ad734984f8006e","optional","68f1da5690ad734984f7e33c","2025-10-17T05:56:01.791Z","2025-10-17T05:56:01.791Z"
"68f1da5290ad734984f7d282","optional","68f1da5690ad734984f7e349","2025-10-17T05:56:01.791Z","2025-10-17T05:56:01.791Z"
"68f1da5290ad734984f7d2d4","optional","68f1da5690ad734984f7e349","2025-10-17T05:56:01.791Z","2025-10-17T05:56:01.791Z"
"68f1da5690ad734984f7e985","optional","68f1da5690ad734984f7e349","2025-10-17T05:56:01.792Z","2025-10-17T05:56:01.792Z"
"68f1da5a90ad734984f7ff7c","optional","68f1da5690ad734984f7e349","2025-10-17T05:56:01.792Z","2025-10-17T05:56:01.792Z"
"68f1da5690ad734984f7e552","optional","68f1da5690ad734984f7e349","2025-10-17T05:56:01.792Z","2025-10-17T05:56:01.792Z"
"68f1da5290ad734984f7d6ad","optional","68f1da5690ad734984f7e349","2025-10-17T05:56:01.792Z","2025-10-17T05:56:01.792Z"
"68f1da5290ad734984f7d86f","optional","68f1da5690ad734984f7e349","2025-10-17T05:56:01.792Z","2025-10-17T05:56:01.792Z"
"68f1da5290ad734984f7d969","essential","68f1da5690ad734984f7e349","2025-10-17T05:56:01.792Z","2025-10-17T05:56:01.792Z"
"68f1da5790ad734984f7f136","optional","68f1da5690ad734984f7e349","2025-10-17T05:56:01.792Z","2025-10-17T05:56:01.792Z"
"68f1da5690ad734984f7ee07","optional","68f1da5690ad734984f7e34c","2025-10-17T05:56:01.792Z","2025-10-17T05:56:01.792Z"
"68f1da5a90ad734984f7fad5","optional","68f1da5690ad734984f7e34c","2025-10-17T05:56:01.792Z","2025-10-17T05:56:01.792Z"
"68f1da5a90ad734984f800fc","optional","68f1da5690ad734984f7e34c","2025-10-17T05:56:01.792Z","2025-10-17T05:56:01.792Z"
"68f1da5290ad734984f7d069","optional","68f1da5690ad734984f7e34c","2025-10-17T05:56:01.792Z","2025-10-17T05:56:01.792Z"
"68f1da5290ad734984f7dd9b","optional","68f1da5690ad734984f7e34c","2025-10-17T05:56:01.792Z","2025-10-17T05:56:01.792Z"
"68f1da5690ad734984f7ebf7","optional","68f1da5690ad734984f7e34c","2025-10-17T05:56:01.792Z","2025-10-17T05:56:01.792Z"
"68f1da5a90ad734984f7f25b","optional","68f1da5690ad734984f7e351","2025-10-17T05:56:01.792Z","2025-10-17T05:56:01.792Z"
"68f1da5a90ad734984f8004f","optional","68f1da5690ad734984f7e351","2025-10-17T05:56:01.792Z","2025-10-17T05:56:01.792Z"
"68f1da5290ad734984f7d553","optional","68f1da5690ad734984f7e351","2025-10-17T05:56:01.792Z","2025-10-17T05:56:01.792Z"
"68f1da5690ad734984f7ea86","optional","68f1da5690ad734984f7e351","2025-10-17T05:56:01.792Z","2025-10-17T05:56:01.792Z"
"68f1da5a90ad734984f8013e","optional","68f1da5690ad734984f7e359","2025-10-17T05:56:01.792Z","2025-10-17T05:56:01.792Z"
"68f1da5a90ad734984f80132","optional","68f1da5690ad734984f7e359","2025-10-17T05:56:01.792Z","2025-10-17T05:56:01.792Z"
"68f1da5290ad734984f7d140","optional","68f1da5690ad734984f7e359","2025-10-17T05:56:01.792Z","2025-10-17T05:56:01.792Z"
"68f1da5290ad734984f7de86","optional","68f1da5690ad734984f7e359","2025-10-17T05:56:01.792Z","2025-10-17T05:56:01.792Z"
"68f1da5a90ad734984f7feea","optional","68f1da5690ad734984f7e359","2025-10-17T05:56:01.792Z","2025-10-17T05:56:01.792Z"
"68f1da5290ad734984f7d700","optional","68f1da5690ad734984f7e359","2025-10-17T05:56:01.792Z","2025-10-17T05:56:01.792Z"
"68f1da5690ad734984f7e2b9","optional","68f1da5690ad734984f7e359","2025-10-17T05:56:01.792Z","2025-10-17T05:56:01.792Z"
"68f1da5a90ad734984f7fde3","optional","68f1da5690ad734984f7e359","2025-10-17T05:56:01.792Z","2025-10-17T05:56:01.792Z"
"68f1da5790ad734984f7eff6","optional","68f1da5690ad734984f7e35b","2025-10-17T05:56:01.792Z","2025-10-17T05:56:01.792Z"
"68f1da5690ad734984f7df6c","optional","68f1da5690ad734984f7e35c","2025-10-17T05:56:01.792Z","2025-10-17T05:56:01.792Z"
"68f1da5290ad734984f7dd03","optional","68f1da5690ad734984f7e35c","2025-10-17T05:56:01.792Z","2025-10-17T05:56:01.792Z"
"68f1da5290ad734984f7db24","optional","68f1da5690ad734984f7e363","2025-10-17T05:56:01.791Z","2025-10-17T05:56:01.791Z"
"68f1da5a90ad734984f7fd04","optional","68f1da5690ad734984f7e363","2025-10-17T05:56:01.791Z","2025-10-17T05:56:01.791Z"
"68f1da5290ad734984f7d20a","optional","68f1da5690ad734984f7e363","2025-10-17T05:56:01.791Z","2025-10-17T05:56:01.791Z"
"68f1da5290ad734984f7d3b0","essential","68f1da5690ad734984f7e363","2025-10-17T05:56:01.791Z","2025-10-17T05:56:01.791Z"
"68f1da5690ad734984f7deed","optional","68f1da5690ad734984f7e363","2025-10-17T05:56:01.791Z","2025-10-17T05:56:01.791Z"
"68f1da5690ad734984f7eddb","optional","68f1da5690ad734984f7e363","2025-10-17T05:56:01.791Z","2025-10-17T05:56:01.791Z"
"68f1da5690ad734984f7ee98","optional","68f1da5690ad734984f7e363","2025-10-17T05:56:01.791Z","2025-10-17T05:56:01.791Z"
"68f1da5790ad734984f7ef7d","optional","68f1da5690ad734984f7e363","2025-10-17T05:56:01.791Z","2025-10-17T05:56:01.791Z"
"68f1da5290ad734984f7d3c4","optional","68f1da5690ad734984f7e363","2025-10-17T05:56:01.791Z","2025-10-17T05:56:01.791Z"
"68f1da5290ad734984f7d568","optional","68f1da5690ad734984f7e363","2025-10-17T05:56:01.791Z","2025-10-17T05:56:01.791Z"
"68f1da5a90ad734984f7f662","optional","68f1da5690ad734984f7e363","2025-10-17T05:56:01.791Z","2025-10-17T05:56:01.791Z"
"68f1da5290ad734984f7d43f","optional","68f1da5690ad734984f7e370","2025-10-17T05:56:01.791Z","2025-10-17T05:56:01.791Z"
"68f1da5a90ad734984f800d2","optional","68f1da5690ad734984f7e370","2025-10-17T05:56:01.791Z","2025-10-17T05:56:01.791Z"
"68f1da5a90ad734984f7f95c","optional","68f1da5690ad734984f7e370","2025-10-17T05:56:01.791Z","2025-10-17T05:56:01.791Z"
"68f1da5a90ad734984f7f74c","optional","68f1da5690ad734984f7e37b","2025-10-17T05:56:01.793Z","2025-10-17T05:56:01.793Z"
"68f1da5a90ad734984f7fb6d","optional","68f1da5690ad734984f7e382","2025-10-17T05:56:01.793Z","2025-10-17T05:56:01.793Z"
"68f1da5290ad734984f7da9c","optional","68f1da5690ad734984f7e382","2025-10-17T05:56:01.793Z","2025-10-17T05:56:01.793Z"
"68f1da5690ad734984f7e309","optional","68f1da5690ad734984f7e382","2025-10-17T05:56:01.793Z","2025-10-17T05:56:01.793Z"
"68f1da5790ad734984f7ef76","optional","68f1da5690ad734984f7e382","2025-10-17T05:56:01.793Z","2025-10-17T05:56:01.793Z"
"68f1da5690ad734984f7ee9d","optional","68f1da5690ad734984f7e382","2025-10-17T05:56:01.793Z","2025-10-17T05:56:01.793Z"
"68f1da5a90ad734984f7fbb7","optional","68f1da5690ad734984f7e385","2025-10-17T05:56:01.793Z","2025-10-17T05:56:01.793Z"
"68f1da5690ad734984f7e748","optional","68f1da5690ad734984f7e389","2025-10-17T05:56:01.793Z","2025-10-17T05:56:01.793Z"
"68f1da5a90ad734984f7fce2","optional","68f1da5690ad734984f7e389","2025-10-17T05:56:01.793Z","2025-10-17T05:56:01.793Z"
"68f1da5290ad734984f7d69c","optional","68f1da5690ad734984f7e389","2025-10-17T05:56:01.793Z","2025-10-17T05:56:01.793Z"
"68f1da5690ad734984f7e01a","optional","68f1da5690ad734984f7e389","2025-10-17T05:56:01.793Z","2025-10-17T05:56:01.793Z"
"68f1da5690ad734984f7e9af","optional","68f1da5690ad734984f7e389","2025-10-17T05:56:01.793Z","2025-10-17T05:56:01.793Z"
"68f1da5290ad734984f7cd83","optional","68f1da5690ad734984f7e38d","2025-10-17T05:56:01.793Z","2025-10-17T05:56:01.793Z"
"68f1da5690ad734984f7ebc3","optional","68f1da5690ad734984f7e38d","2025-10-17T05:56:01.793Z","2025-10-17T05:56:01.793Z"
"68f1da5790ad734984f7f1ef","optional","68f1da5690ad734984f7e38d","2025-10-17T05:56:01.793Z","2025-10-17T05:56:01.793Z"
"68f1da5290ad734984f7d3b9","optional","68f1da5690ad734984f7e38d","2025-10-17T05:56:01.793Z","2025-10-17T05:56:01.793Z"
"68f1da5290ad734984f7daa3","optional","68f1da5690ad734984f7e38d","2025-10-17T05:56:01.793Z","2025-10-17T05:56:01.793Z"
"68f1da5a90ad734984f7fbdc","optional","68f1da5690ad734984f7e38d","2025-10-17T05:56:01.793Z","2025-10-17T05:56:01.793Z"
"68f1da5290ad734984f7d403","optional","68f1da5690ad734984f7e38d","2025-10-17T05:56:01.793Z","2025-10-17T05:56:01.793Z"
"68f1da5290ad734984f7da0e","optional","68f1da5690ad734984f7e38d","2025-10-17T05:56:01.793Z","2025-10-17T05:56:01.793Z"
"68f1da5290ad734984f7d295","optional","68f1da5690ad734984f7e395","2025-10-17T05:56:01.792Z","2025-10-17T05:56:01.792Z"
"68f1da5290ad734984f7d699","optional","68f1da5690ad734984f7e3a1","2025-10-17T05:56:01.792Z","2025-10-17T05:56:01.792Z"
"68f1da5290ad734984f7d1b5","essential","68f1da5690ad734984f7e3a8","2025-10-17T05:56:01.792Z","2025-10-17T05:56:01.792Z"
"68f1da5290ad734984f7d4fe","optional","68f1da5690ad734984f7e3a8","2025-10-17T05:56:01.792Z","2025-10-17T05:56:01.792Z"
"68f1da5a90ad734984f7f6cc","optional","68f1da5690ad734984f7e3a8","2025-10-17T05:56:01.793Z","2025-10-17T05:56:01.793Z"
"68f1da5690ad734984f7e219","optional","68f1da5690ad734984f7e3a8","2025-10-17T05:56:01.792Z","2025-10-17T05:56:01.792Z"
"68f1da5a90ad734984f7f8bc","optional","68f1da5690ad734984f7e3a8","2025-10-17T05:56:01.793Z","2025-10-17T05:56:01.793Z"
"68f1da5290ad734984f7d330","optional","68f1da5690ad734984f7e3a8","2025-10-17T05:56:01.792Z","2025-10-17T05:56:01.792Z"
"68f1da5690ad734984f7e7d4","optional","68f1da5690ad734984f7e3a8","2025-10-17T05:56:01.793Z","2025-10-17T05:56:01.793Z"
"68f1da5290ad734984f7d858","optional","68f1da5690ad734984f7e3a8","2025-10-17T05:56:01.792Z","2025-10-17T05:56:01.792Z"
"68f1da5a90ad734984f7f58c","optional","68f1da5690ad734984f7e3a8","2025-10-17T05:56:01.793Z","2025-10-17T05:56:01.793Z"
"68f1da5790ad734984f7f00a","optional","68f1da5690ad734984f7e3aa","2025-10-17T05:56:01.793Z","2025-10-17T05:56:01.793Z"
"68f1da5a90ad734984f7f886","optional","68f1da5690ad734984f7e3aa","2025-10-17T05:56:01.793Z","2025-10-17T05:56:01.793Z"
"68f1da5690ad734984f7e9e8","optional","68f1da5690ad734984f7e3b4","2025-10-17T05:56:01.793Z","2025-10-17T05:56:01.793Z"
"68f1da5690ad734984f7e11b","optional","68f1da5690ad734984f7e3b4","2025-10-17T05:56:01.793Z","2025-10-17T05:56:01.793Z"
"68f1da5790ad734984f7f003","optional","68f1da5690ad734984f7e3c4","2025-10-17T05:56:01.793Z","2025-10-17T05:56:01.793Z"
"68f1da5690ad734984f7e3f8","optional","68f1da5690ad734984f7e3c4","2025-10-17T05:56:01.793Z","2025-10-17T05:56:01.793Z"
"68f1da5290ad734984f7d071","optional","68f1da5690ad734984f7e3d2","2025-10-17T05:56:01.793Z","2025-10-17T05:56:01.793Z"
"68f1da5290ad734984f7d83d","optional","68f1da5690ad734984f7e3d2","2025-10-17T05:56:01.793Z","2025-10-17T05:56:01.793Z"
"68f1da5a90ad734984f7f377","optional","68f1da5690ad734984f7e3d2","2025-10-17T05:56:01.793Z","2025-10-17T05:56:01.793Z"
"68f1da5a90ad734984f7fc7d","optional","68f1da5690ad734984f7e3d2","2025-10-17T05:56:01.793Z","2025-10-17T05:56:01.793Z"
"68f1da5290ad734984f7d55c","optional","68f1da5690ad734984f7e3d7","2025-10-17T05:56:01.794Z","2025-10-17T05:56:01.794Z"
"68f1da5a90ad734984f7fc61","optional","68f1da5690ad734984f7e3d7","2025-10-17T05:56:01.794Z","2025-10-17T05:56:01.794Z"
"68f1da5290ad734984f7d791","optional","68f1da5690ad734984f7e3dc","2025-10-17T05:56:01.794Z","2025-10-17T05:56:01.794Z"
"68f1da5a90ad734984f8012e","optional","68f1da5690ad734984f7e3ea","2025-10-17T05:56:01.794Z","2025-10-17T05:56:01.794Z"
"68f1da5290ad734984f7ce7a","optional","68f1da5690ad734984f7e3ea","2025-10-17T05:56:01.794Z","2025-10-17T05:56:01.794Z"
"68f1da5a90ad734984f7ffee","essential","68f1da5690ad734984f7e3ec","2025-10-17T05:56:01.795Z","2025-10-17T05:56:01.795Z"
"68f1da5690ad734984f7e37d","optional","68f1da5690ad734984f7e3ed","2025-10-17T05:56:01.795Z","2025-10-17T05:56:01.795Z"
"68f1da5690ad734984f7e081","optional","68f1da5690ad734984f7e3ed","2025-10-17T05:56:01.795Z","2025-10-17T05:56:01.795Z"
"68f1da5290ad734984f7d842","optional","68f1da5690ad734984f7e3ee","2025-10-17T05:56:01.795Z","2025-10-17T05:56:01.795Z"
"68f1da5690ad734984f7e100","optional","68f1da5690ad734984f7e3ee","2025-10-17T05:56:01.795Z","2025-10-17T05:56:01.795Z"
"68f1da5290ad734984f7d74e","optional","68f1da5690ad734984f7e3f2","2025-10-17T05:56:01.795Z","2025-10-17T05:56:01.795Z"
"68f1da5a90ad734984f7f6e7","optional","68f1da5690ad734984f7e3f3","2025-10-17T05:56:01.795Z","2025-10-17T05:56:01.795Z"
"68f1da5690ad734984f7e8b1","optional","68f1da5690ad734984f7e3f6","2025-10-17T05:56:01.794Z","2025-10-17T05:56:01.794Z"
"68f1da5290ad734984f7d2c9","optional","68f1da5690ad734984f7e3f6","2025-10-17T05:56:01.794Z","2025-10-17T05:56:01.794Z"
"68f1da5290ad734984f7de8d","optional","68f1da5690ad734984f7e3f7","2025-10-17T05:56:01.794Z","2025-10-17T05:56:01.794Z"
"68f1da5a90ad734984f7ffaa","optional","68f1da5690ad734984f7e3f7","2025-10-17T05:56:01.794Z","2025-10-17T05:56:01.794Z"
"68f1da5290ad734984f7d11e","optional","68f1da5690ad734984f7e3f7","2025-10-17T05:56:01.794Z","2025-10-17T05:56:01.794Z"
"68f1da5290ad734984f7ddeb","optional","68f1da5690ad734984f7e3f7","2025-10-17T05:56:01.794Z","2025-10-17T05:56:01.794Z"
"68f1da5790ad734984f7f07d","optional","68f1da5690ad734984f7e3fd","2025-10-17T05:56:01.794Z","2025-10-17T05:56:01.794Z"
"68f1da5a90ad734984f7f993","optional","68f1da5690ad734984f7e3fd","2025-10-17T05:56:01.794Z","2025-10-17T05:56:01.794Z"
"68f1da5290ad734984f7cb8c","optional","68f1da5690ad734984f7e403","2025-10-17T05:56:01.794Z","2025-10-17T05:56:01.794Z"
"68f1da5690ad734984f7e5d4","optional","68f1da5690ad734984f7e403","2025-10-17T05:56:01.794Z","2025-10-17T05:56:01.794Z"
"68f1da5790ad734984f7f08f","essential","68f1da5690ad734984f7e408","2025-10-17T05:56:01.794Z","2025-10-17T05:56:01.794Z"
"68f1da5a90ad734984f80095","essential","68f1da5690ad734984f7e408","2025-10-17T05:56:01.794Z","2025-10-17T05:56:01.794Z"
"68f1da5690ad734984f7e95b","optional","68f1da5690ad734984f7e412","2025-10-17T05:56:01.794Z","2025-10-17T05:56:01.794Z"
"68f1da5790ad734984f7ef61","optional","68f1da5690ad734984f7e419","2025-10-17T05:56:01.794Z","2025-10-17T05:56:01.794Z"
"68f1da5a90ad734984f7fd50","optional","68f1da5690ad734984f7e426","2025-10-17T05:56:01.794Z","2025-10-17T05:56:01.794Z"
"68f1da5290ad734984f7d70b","optional","68f1da5690ad734984f7e42a","2025-10-17T05:56:01.794Z","2025-10-17T05:56:01.794Z"
"68f1da5a90ad734984f7f79f","optional","68f1da5690ad734984f7e42a","2025-10-17T05:56:01.794Z","2025-10-17T05:56:01.794Z"
"68f1da5a90ad734984f7ff74","optional","68f1da5690ad734984f7e433","2025-10-17T05:56:01.794Z","2025-10-17T05:56:01.794Z"
"68f1da5690ad734984f7e2d4","optional","68f1da5690ad734984f7e434","2025-10-17T05:56:01.794Z","2025-10-17T05:56:01.794Z"
"68f1da5690ad734984f7e1d3","optional","68f1da5690ad734984f7e434","2025-10-17T05:56:01.794Z","2025-10-17T05:56:01.794Z"
"68f1da5690ad734984f7eafd","optional","68f1da5690ad734984f7e434","2025-10-17T05:56:01.794Z","2025-10-17T05:56:01.794Z"
"68f1da5a90ad734984f8016c","optional","68f1da5690ad734984f7e434","2025-10-17T05:56:01.794Z","2025-10-17T05:56:01.794Z"
"68f1da5290ad734984f7d2f3","optional","68f1da5690ad734984f7e439","2025-10-17T05:56:01.794Z","2025-10-17T05:56:01.794Z"
"68f1da5290ad734984f7d1fb","optional","68f1da5690ad734984f7e439","2025-10-17T05:56:01.794Z","2025-10-17T05:56:01.794Z"
"68f1da5290ad734984f7d880","optional","68f1da5690ad734984f7e439","2025-10-17T05:56:01.794Z","2025-10-17T05:56:01.794Z"
"68f1da5290ad734984f7dc3e","optional","68f1da5690ad734984f7e439","2025-10-17T05:56:01.794Z","2025-10-17T05:56:01.794Z"
"68f1da5290ad734984f7cbd0","optional","68f1da5690ad734984f7e439","2025-10-17T05:56:01.794Z","2025-10-17T05:56:01.794Z"
"68f1da5290ad734984f7da39","optional","68f1da5690ad734984f7e439","2025-10-17T05:56:01.794Z","2025-10-17T05:56:01.794Z"
"68f1da5690ad734984f7e1c9","optional","68f1da5690ad734984f7e439","2025-10-17T05:56:01.794Z","2025-10-17T05:56:01.794Z"
"68f1da5a90ad734984f7ff6a","optional","68f1da5690ad734984f7e439","2025-10-17T05:56:01.794Z","2025-10-17T05:56:01.794Z"
"68f1da5790ad734984f7f074","optional","68f1da5690ad734984f7e442","2025-10-17T05:56:01.795Z","2025-10-17T05:56:01.795Z"
"68f1da5290ad734984f7d89b","optional","68f1da5690ad734984f7e442","2025-10-17T05:56:01.795Z","2025-10-17T05:56:01.795Z"
"68f1da5a90ad734984f7f905","optional","68f1da5690ad734984f7e442","2025-10-17T05:56:01.795Z","2025-10-17T05:56:01.795Z"
"68f1da5a90ad734984f7f4f1","optional","68f1da5690ad734984f7e447","2025-10-17T05:56:01.795Z","2025-10-17T05:56:01.795Z"
"68f1da5a90ad734984f7f4c3","optional","68f1da5690ad734984f7e44a","2025-10-17T05:56:01.795Z","2025-10-17T05:56:01.795Z"
"68f1da5a90ad734984f7ffd7","optional","68f1da5690ad734984f7e44a","2025-10-17T05:56:01.795Z","2025-10-17T05:56:01.795Z"
"68f1da5290ad734984f7d9f5","optional","68f1da5690ad734984f7e44a","2025-10-17T05:56:01.795Z","2025-10-17T05:56:01.795Z"
"68f1da5690ad734984f7e074","optional","68f1da5690ad734984f7e44a","2025-10-17T05:56:01.795Z","2025-10-17T05:56:01.795Z"
"68f1da5690ad734984f7ec43","optional","68f1da5690ad734984f7e44a","2025-10-17T05:56:01.795Z","2025-10-17T05:56:01.795Z"
"68f1da5a90ad734984f800b0","optional","68f1da5690ad734984f7e44a","2025-10-17T05:56:01.795Z","2025-10-17T05:56:01.795Z"
"68f1da5290ad734984f7d9fa","optional","68f1da5690ad734984f7e44c","2025-10-17T05:56:01.795Z","2025-10-17T05:56:01.795Z"
"68f1da5a90ad734984f7f61f","optional","68f1da5690ad734984f7e44c","2025-10-17T05:56:01.795Z","2025-10-17T05:56:01.795Z"
"68f1da5a90ad734984f7f2d8","optional","68f1da5690ad734984f7e44f","2025-10-17T05:56:01.795Z","2025-10-17T05:56:01.795Z"
"68f1da5690ad734984f7df66","optional","68f1da5690ad734984f7e44f","2025-10-17T05:56:01.795Z","2025-10-17T05:56:01.795Z"
"68f1da5290ad734984f7cc24","optional","68f1da5690ad734984f7e451","2025-10-17T05:56:01.795Z","2025-10-17T05:56:01.795Z"
"68f1da5290ad734984f7d720","optional","68f1da5690ad734984f7e454","2025-10-17T05:56:01.795Z","2025-10-17T05:56:01.795Z"
"68f1da5290ad734984f7dcad","optional","68f1da5690ad734984f7e454","2025-10-17T05:56:01.795Z","2025-10-17T05:56:01.795Z"
"68f1da5290ad734984f7d078","optional","68f1da5690ad734984f7e455","2025-10-17T05:56:01.795Z","2025-10-17T05:56:01.795Z"
"68f1da5290ad734984f7ccd8","optional","68f1da5690ad734984f7e463","2025-10-17T05:56:01.795Z","2025-10-17T05:56:01.795Z"
"68f1da5690ad734984f7e1eb","optional","68f1da5690ad734984f7e470","2025-10-17T05:56:01.795Z","2025-10-17T05:56:01.795Z"
"68f1da5690ad734984f7ea5f","optional","68f1da5690ad734984f7e470","2025-10-17T05:56:01.795Z","2025-10-17T05:56:01.795Z"
"68f1da5a90ad734984f7fc82","optional","68f1da5690ad734984f7e470","2025-10-17T05:56:01.795Z","2025-10-17T05:56:01.795Z"
"68f1da5690ad734984f7df5e","optional","68f1da5690ad734984f7e470","2025-10-17T05:56:01.795Z","2025-10-17T05:56:01.795Z"
"68f1da5690ad734984f7e3c7","optional","68f1da5690ad734984f7e470","2025-10-17T05:56:01.795Z","2025-10-17T05:56:01.795Z"
"68f1da5690ad734984f7e08c","optional","68f1da5690ad734984f7e49f","2025-10-17T05:56:01.796Z","2025-10-17T05:56:01.796Z"
"68f1da5690ad734984f7e318","optional","68f1da5690ad734984f7e49f","2025-10-17T05:56:01.796Z","2025-10-17T05:56:01.796Z"
"68f1da5a90ad734984f7f74d","optional","68f1da5690ad734984f7e49f","2025-10-17T05:56:01.796Z","2025-10-17T05:56:01.796Z"
"68f1da5690ad734984f7e921","optional","68f1da5690ad734984f7e4a0","2025-10-17T05:56:01.796Z","2025-10-17T05:56:01.796Z"
"68f1da5690ad734984f7ee9e","optional","68f1da5690ad734984f7e4a6","2025-10-17T05:56:01.796Z","2025-10-17T05:56:01.796Z"
"68f1da5a90ad734984f80161","optional","68f1da5690ad734984f7e4a6","2025-10-17T05:56:01.796Z","2025-10-17T05:56:01.796Z"
"68f1da5290ad734984f7dba1","optional","68f1da5690ad734984f7e4ac","2025-10-17T05:56:01.796Z","2025-10-17T05:56:01.796Z"
"68f1da5a90ad734984f80041","optional","68f1da5690ad734984f7e4ac","2025-10-17T05:56:01.796Z","2025-10-17T05:56:01.796Z"
"68f1da5690ad734984f7e26f","optional","68f1da5690ad734984f7e4ac","2025-10-17T05:56:01.796Z","2025-10-17T05:56:01.796Z"
"68f1da5290ad734984f7cd3e","optional","68f1da5690ad734984f7e4bf","2025-10-17T05:56:01.795Z","2025-10-17T05:56:01.795Z"
"68f1da5690ad734984f7ec8b","optional","68f1da5690ad734984f7e4bf","2025-10-17T05:56:01.795Z","2025-10-17T05:56:01.795Z"
"68f1da5a90ad734984f8004e","optional","68f1da5690ad734984f7e4bf","2025-10-17T05:56:01.795Z","2025-10-17T05:56:01.795Z"
"68f1da5690ad734984f7e939","optional","68f1da5690ad734984f7e4c0","2025-10-17T05:56:01.795Z","2025-10-17T05:56:01.795Z"
"68f1da5a90ad734984f7f298","optional","68f1da5690ad734984f7e4c1","2025-10-17T05:56:01.796Z","2025-10-17T05:56:01.796Z"
"68f1da5a90ad734984f80177","optional","68f1da5690ad734984f7e4c1","2025-10-17T05:56:01.796Z","2025-10-17T05:56:01.796Z"
"68f1da5690ad734984f7e1a7","optional","68f1da5690ad734984f7e4c1","2025-10-17T05:56:01.795Z","2025-10-17T05:56:01.795Z"
"68f1da5690ad734984f7e5d5","optional","68f1da5690ad734984f7e4d5","2025-10-17T05:56:01.796Z","2025-10-17T05:56:01.796Z"
"68f1da5290ad734984f7d322","optional","68f1da5690ad734984f7e4d6","2025-10-17T05:56:01.796Z","2025-10-17T05:56:01.796Z"
"68f1da5690ad734984f7e0a9","optional","68f1da5690ad734984f7e4d6","2025-10-17T05:56:01.796Z","2025-10-17T05:56:01.796Z"
"68f1da5290ad734984f7d69b","optional","68f1da5690ad734984f7e4d6","2025-10-17T05:56:01.796Z","2025-10-17T05:56:01.796Z"
"68f1da5290ad734984f7dc7f","optional","68f1da5690ad734984f7e4d6","2025-10-17T05:56:01.796Z","2025-10-17T05:56:01.796Z"
"68f1da5290ad734984f7dea8","optional","68f1da5690ad734984f7e4d6","2025-10-17T05:56:01.796Z","2025-10-17T05:56:01.796Z"
"68f1da5a90ad734984f7f4a6","optional","68f1da5690ad734984f7e4d6","2025-10-17T05:56:01.796Z","2025-10-17T05:56:01.796Z"
"68f1da5290ad734984f7d8d0","optional","68f1da5690ad734984f7e4e7","2025-10-17T05:56:01.796Z","2025-10-17T05:56:01.796Z"
"68f1da5a90ad734984f7faf8","essential","68f1da5690ad734984f7e4e7","2025-10-17T05:56:01.796Z","2025-10-17T05:56:01.796Z"
"68f1da5a90ad734984f7f7e6","optional","68f1da5690ad734984f7e4e8","2025-10-17T05:56:01.796Z","2025-10-17T05:56:01.796Z"
"68f1da5a90ad734984f7f4e9","optional","68f1da5690ad734984f7e4e8","2025-10-17T05:56:01.796Z","2025-10-17T05:56:01.796Z"
"68f1da5290ad734984f7d7e7","optional","68f1da5690ad734984f7e4e8","2025-10-17T05:56:01.796Z","2025-10-17T05:56:01.796Z"
"68f1da5a90ad734984f7fb9e","optional","68f1da5690ad734984f7e4e8","2025-10-17T05:56:01.796Z","2025-10-17T05:56:01.796Z"
"68f1da5690ad734984f7ec62","optional","68f1da5690ad734984f7e4ec","2025-10-17T05:56:01.796Z","2025-10-17T05:56:01.796Z"
"68f1da5a90ad734984f7f359","optional","68f1da5690ad734984f7e4ed","2025-10-17T05:56:01.796Z","2025-10-17T05:56:01.796Z"
"68f1da5690ad734984f7e7b2","optional","68f1da5690ad734984f7e4ed","2025-10-17T05:56:01.796Z","2025-10-17T05:56:01.796Z"
"68f1da5a90ad734984f7ff4e","optional","68f1da5690ad734984f7e4ee","2025-10-17T05:56:01.796Z","2025-10-17T05:56:01.796Z"
"68f1da5a90ad734984f7f8dd","essential","68f1da5690ad734984f7e4f0","2025-10-17T05:56:01.796Z","2025-10-17T05:56:01.796Z"
"68f1da5290ad734984f7de4a","optional","68f1da5690ad734984f7e4f1","2025-10-17T05:56:01.796Z","2025-10-17T05:56:01.796Z"
"68f1da5690ad734984f7e582","optional","68f1da5690ad734984f7e4f1","2025-10-17T05:56:01.796Z","2025-10-17T05:56:01.796Z"
"68f1da5790ad734984f7efe9","optional","68f1da5690ad734984f7e4f1","2025-10-17T05:56:01.797Z","2025-10-17T05:56:01.797Z"
"68f1da5290ad734984f7d52c","optional","68f1da5690ad734984f7e4f1","2025-10-17T05:56:01.796Z","2025-10-17T05:56:01.796Z"
"68f1da5a90ad734984f7f677","optional","68f1da5690ad734984f7e4f1","2025-10-17T05:56:01.797Z","2025-10-17T05:56:01.797Z"
"68f1da5690ad734984f7df6f","optional","68f1da5690ad734984f7e4f1","2025-10-17T05:56:01.796Z","2025-10-17T05:56:01.796Z"
"68f1da5690ad734984f7e613","optional","68f1da5690ad734984f7e4f1","2025-10-17T05:56:01.796Z","2025-10-17T05:56:01.796Z"
"68f1da5a90ad734984f7fe0e","optional","68f1da5690ad734984f7e4f1","2025-10-17T05:56:01.797Z","2025-10-17T05:56:01.797Z"
"68f1da5690ad734984f7ed72","optional","68f1da5690ad734984f7e4f5","2025-10-17T05:56:01.797Z","2025-10-17T05:56:01.797Z"
"68f1da5a90ad734984f7f259","optional","68f1da5690ad734984f7e50c","2025-10-17T05:56:01.797Z","2025-10-17T05:56:01.797Z"
"68f1da5290ad734984f7d9a5","optional","68f1da5690ad734984f7e50c","2025-10-17T05:56:01.797Z","2025-10-17T05:56:01.797Z"
"68f1da5290ad734984f7d244","optional","68f1da5690ad734984f7e521","2025-10-17T05:56:01.797Z","2025-10-17T05:56:01.797Z"
"68f1da5690ad734984f7e199","optional","68f1da5690ad734984f7e521","2025-10-17T05:56:01.797Z","2025-10-17T05:56:01.797Z"
"68f1da5290ad734984f7d436","optional","68f1da5690ad734984f7e521","2025-10-17T05:56:01.797Z","2025-10-17T05:56:01.797Z"
"68f1da5290ad734984f7d7ac","optional","68f1da5690ad734984f7e532","2025-10-17T05:56:01.797Z","2025-10-17T05:56:01.797Z"
"68f1da5290ad734984f7cbdd","optional","68f1da5690ad734984f7e537","2025-10-17T05:56:01.797Z","2025-10-17T05:56:01.797Z"
"68f1da5290ad734984f7d65b","optional","68f1da5690ad734984f7e537","2025-10-17T05:56:01.797Z","2025-10-17T05:56:01.797Z"
"68f1da5a90ad734984f7f33f","optional","68f1da5690ad734984f7e53c","2025-10-17T05:56:01.797Z","2025-10-17T05:56:01.797Z"
"68f1da5a90ad734984f7fef2","optional","68f1da5690ad734984f7e53d","2025-10-17T05:56:01.797Z","2025-10-17T05:56:01.797Z"
"68f1da5690ad734984f7edd6","optional","68f1da5690ad734984f7e53f","2025-10-17T05:56:01.797Z","2025-10-17T05:56:01.797Z"
"68f1da5690ad734984f7edfc","optional","68f1da5690ad734984f7e53f","2025-10-17T05:56:01.797Z","2025-10-17T05:56:01.797Z"
"68f1da5290ad734984f7ce97","optional","68f1da5690ad734984f7e53f","2025-10-17T05:56:01.797Z","2025-10-17T05:56:01.797Z"
"68f1da5290ad734984f7d0e5","optional","68f1da5690ad734984f7e542","2025-10-17T05:56:01.797Z","2025-10-17T05:56:01.797Z"
"68f1da5a90ad734984f7f9a8","optional","68f1da5690ad734984f7e542","2025-10-17T05:56:01.797Z","2025-10-17T05:56:01.797Z"
"68f1da5a90ad734984f7febc","optional","68f1da5690ad734984f7e542","2025-10-17T05:56:01.797Z","2025-10-17T05:56:01.797Z"
"68f1da5790ad734984f7f17d","optional","68f1da5690ad734984f7e542","2025-10-17T05:56:01.797Z","2025-10-17T05:56:01.797Z"
"68f1da5a90ad734984f7fda8","optional","68f1da5690ad734984f7e542","2025-10-17T05:56:01.797Z","2025-10-17T05:56:01.797Z"
"68f1da5290ad734984f7d1a9","optional","68f1da5690ad734984f7e542","2025-10-17T05:56:01.797Z","2025-10-17T05:56:01.797Z"
"68f1da5290ad734984f7cd80","optional","68f1da5690ad734984f7e546","2025-10-17T05:56:01.797Z","2025-10-17T05:56:01.797Z"
"68f1da5a90ad734984f7f99a","essential","68f1da5690ad734984f7e546","2025-10-17T05:56:01.797Z","2025-10-17T05:56:01.797Z"
"68f1da5790ad734984f7f11b","optional","68f1da5690ad734984f7e546","2025-10-17T05:56:01.797Z","2025-10-17T05:56:01.797Z"
"68f1da5290ad734984f7cdbf","optional","68f1da5690ad734984f7e54c","2025-10-17T05:56:01.797Z","2025-10-17T05:56:01.797Z"
"68f1da5690ad734984f7ec3b","optional","68f1da5690ad734984f7e54c","2025-10-17T05:56:01.797Z","2025-10-17T05:56:01.797Z"
"68f1da5a90ad734984f7f6f9","optional","68f1da5690ad734984f7e54c","2025-10-17T05:56:01.797Z","2025-10-17T05:56:01.797Z"
"68f1da5a90ad734984f7fe89","optional","68f1da5690ad734984f7e54c","2025-10-17T05:56:01.797Z","2025-10-17T05:56:01.797Z"
"68f1da5290ad734984f7d9c7","optional","68f1da5690ad734984f7e55f","2025-10-17T05:56:01.797Z","2025-10-17T05:56:01.797Z"
"68f1da5790ad734984f7f137","optional","68f1da5690ad734984f7e562","2025-10-17T05:56:01.797Z","2025-10-17T05:56:01.797Z"
"68f1da5290ad734984f7dbc3","optional","68f1da5690ad734984f7e56a","2025-10-17T05:56:01.797Z","2025-10-17T05:56:01.797Z"
"68f1da5690ad734984f7e08d","optional","68f1da5690ad734984f7e56a","2025-10-17T05:56:01.797Z","2025-10-17T05:56:01.797Z"
"68f1da5690ad734984f7e961","optional","68f1da5690ad734984f7e56a","2025-10-17T05:56:01.797Z","2025-10-17T05:56:01.797Z"
"68f1da5290ad734984f7cd80","optional","68f1da5690ad734984f7e56c","2025-10-17T05:56:01.798Z","2025-10-17T05:56:01.798Z"
"68f1da5a90ad734984f7f99a","essential","68f1da5690ad734984f7e56c","2025-10-17T05:56:01.798Z","2025-10-17T05:56:01.798Z"
"68f1da5290ad734984f7d96d","optional","68f1da5690ad734984f7e56f","2025-10-17T05:56:01.798Z","2025-10-17T05:56:01.798Z"
"68f1da5690ad734984f7ea95","optional","68f1da5690ad734984f7e572","2025-10-17T05:56:01.798Z","2025-10-17T05:56:01.798Z"
"68f1da5a90ad734984f7fbb7","optional","68f1da5690ad734984f7e572","2025-10-17T05:56:01.798Z","2025-10-17T05:56:01.798Z"
"68f1da5290ad734984f7d109","optional","68f1da5690ad734984f7e572","2025-10-17T05:56:01.798Z","2025-10-17T05:56:01.798Z"
"68f1da5690ad734984f7e582","optional","68f1da5690ad734984f7e572","2025-10-17T05:56:01.798Z","2025-10-17T05:56:01.798Z"
"68f1da5a90ad734984f7f664","optional","68f1da5690ad734984f7e572","2025-10-17T05:56:01.798Z","2025-10-17T05:56:01.798Z"
"68f1da5690ad734984f7ee9e","optional","68f1da5690ad734984f7e57e","2025-10-17T05:56:01.798Z","2025-10-17T05:56:01.798Z"
"68f1da5a90ad734984f7f99a","essential","68f1da5690ad734984f7e57e","2025-10-17T05:56:01.798Z","2025-10-17T05:56:01.798Z"
"68f1da5290ad734984f7d136","optional","68f1da5690ad734984f7e57e","2025-10-17T05:56:01.798Z","2025-10-17T05:56:01.798Z"
"68f1da5290ad734984f7cd80","optional","68f1da5690ad734984f7e57e","2025-10-17T05:56:01.798Z","2025-10-17T05:56:01.798Z"
"68f1da5290ad734984f7cf97","essential","68f1da5690ad734984f7e57f","2025-10-17T05:56:01.798Z","2025-10-17T05:56:01.798Z"
"68f1da5290ad734984f7cd80","optional","68f1da5690ad734984f7e57f","2025-10-17T05:56:01.798Z","2025-10-17T05:56:01.798Z"
"68f1da5290ad734984f7d136","optional","68f1da5690ad734984f7e57f","2025-10-17T05:56:01.798Z","2025-10-17T05:56:01.798Z"
"68f1da5690ad734984f7e6ab","optional","68f1da5690ad734984f7e580","2025-10-17T05:56:01.798Z","2025-10-17T05:56:01.798Z"
"68f1da5a90ad734984f7fcd3","optional","68f1da5690ad734984f7e580","2025-10-17T05:56:01.798Z","2025-10-17T05:56:01.798Z"
"68f1da5690ad734984f7e3ff","optional","68f1da5690ad734984f7e580","2025-10-17T05:56:01.798Z","2025-10-17T05:56:01.798Z"
"68f1da5690ad734984f7ea63","optional","68f1da5690ad734984f7e593","2025-10-17T05:56:01.798Z","2025-10-17T05:56:01.798Z"
"68f1da5290ad734984f7cc91","optional","68f1da5690ad734984f7e593","2025-10-17T05:56:01.798Z","2025-10-17T05:56:01.798Z"
"68f1da5290ad734984f7d4a5","optional","68f1da5690ad734984f7e59b","2025-10-17T05:56:01.798Z","2025-10-17T05:56:01.798Z"
"68f1da5690ad734984f7e05c","optional","68f1da5690ad734984f7e59b","2025-10-17T05:56:01.798Z","2025-10-17T05:56:01.798Z"
"68f1da5a90ad734984f7f6a0","optional","68f1da5690ad734984f7e59b","2025-10-17T05:56:01.798Z","2025-10-17T05:56:01.798Z"
"68f1da5290ad734984f7dc77","optional","68f1da5690ad734984f7e59b","2025-10-17T05:56:01.798Z","2025-10-17T05:56:01.798Z"
"68f1da5a90ad734984f7fb0f","optional","68f1da5690ad734984f7e59b","2025-10-17T05:56:01.798Z","2025-10-17T05:56:01.798Z"
"68f1da5690ad734984f7e881","optional","68f1da5690ad734984f7e59d","2025-10-17T05:56:01.799Z","2025-10-17T05:56:01.799Z"
"68f1da5a90ad734984f7fa5f","optional","68f1da5690ad734984f7e59d","2025-10-17T05:56:01.799Z","2025-10-17T05:56:01.799Z"
"68f1da5790ad734984f7f23a","optional","68f1da5690ad734984f7e59d","2025-10-17T05:56:01.799Z","2025-10-17T05:56:01.799Z"
"68f1da5690ad734984f7dfd4","optional","68f1da5690ad734984f7e5a1","2025-10-17T05:56:01.799Z","2025-10-17T05:56:01.799Z"
"68f1da5290ad734984f7d7aa","optional","68f1da5690ad734984f7e5a1","2025-10-17T05:56:01.799Z","2025-10-17T05:56:01.799Z"
"68f1da5290ad734984f7db07","optional","68f1da5690ad734984f7e5a1","2025-10-17T05:56:01.799Z","2025-10-17T05:56:01.799Z"
"68f1da5290ad734984f7db8a","optional","68f1da5690ad734984f7e5a1","2025-10-17T05:56:01.799Z","2025-10-17T05:56:01.799Z"
"68f1da5690ad734984f7eb26","optional","68f1da5690ad734984f7e5a1","2025-10-17T05:56:01.799Z","2025-10-17T05:56:01.799Z"
"68f1da5a90ad734984f7ffdb","optional","68f1da5690ad734984f7e5a1","2025-10-17T05:56:01.799Z","2025-10-17T05:56:01.799Z"
"68f1da5290ad734984f7cebe","optional","68f1da5690ad734984f7e5a1","2025-10-17T05:56:01.799Z","2025-10-17T05:56:01.799Z"
"68f1da5a90ad734984f7fe6e","optional","68f1da5690ad734984f7e5a3","2025-10-17T05:56:01.799Z","2025-10-17T05:56:01.799Z"
"68f1da5a90ad734984f7fc5d","optional","68f1da5690ad734984f7e5a3","2025-10-17T05:56:01.799Z","2025-10-17T05:56:01.799Z"
"68f1da5290ad734984f7d965","optional","68f1da5690ad734984f7e5a3","2025-10-17T05:56:01.799Z","2025-10-17T05:56:01.799Z"
"68f1da5790ad734984f7eebe","optional","68f1da5690ad734984f7e5a3","2025-10-17T05:56:01.799Z","2025-10-17T05:56:01.799Z"
"68f1da5290ad734984f7ccef","optional","68f1da5690ad734984f7e5a9","2025-10-17T05:56:01.799Z","2025-10-17T05:56:01.799Z"
"68f1da5a90ad734984f7fb76","optional","68f1da5690ad734984f7e5ad","2025-10-17T05:56:01.799Z","2025-10-17T05:56:01.799Z"
"68f1da5a90ad734984f7fd2e","optional","68f1da5690ad734984f7e5b2","2025-10-17T05:56:01.799Z","2025-10-17T05:56:01.799Z"
"68f1da5690ad734984f7e9d7","optional","68f1da5690ad734984f7e5b2","2025-10-17T05:56:01.799Z","2025-10-17T05:56:01.799Z"
"68f1da5790ad734984f7f029","optional","68f1da5690ad734984f7e5b2","2025-10-17T05:56:01.799Z","2025-10-17T05:56:01.799Z"
"68f1da5790ad734984f7f173","optional","68f1da5690ad734984f7e5b2","2025-10-17T05:56:01.799Z","2025-10-17T05:56:01.799Z"
"68f1da5290ad734984f7d203","optional","68f1da5690ad734984f7e5b2","2025-10-17T05:56:01.799Z","2025-10-17T05:56:01.799Z"
"68f1da5290ad734984f7ddc9","optional","68f1da5690ad734984f7e5b2","2025-10-17T05:56:01.799Z","2025-10-17T05:56:01.799Z"
"68f1da5290ad734984f7cf9f","optional","68f1da5690ad734984f7e5b2","2025-10-17T05:56:01.799Z","2025-10-17T05:56:01.799Z"
"68f1da5690ad734984f7e1b9","optional","68f1da5690ad734984f7e5b2","2025-10-17T05:56:01.799Z","2025-10-17T05:56:01.799Z"
"68f1da5690ad734984f7e6f3","optional","68f1da5690ad734984f7e5b2","2025-10-17T05:56:01.799Z","2025-10-17T05:56:01.799Z"
"68f1da5290ad734984f7d9b7","optional","68f1da5690ad734984f7e5be","2025-10-17T05:56:01.798Z","2025-10-17T05:56:01.798Z"
"68f1da5a90ad734984f80100","optional","68f1da5690ad734984f7e5be","2025-10-17T05:56:01.798Z","2025-10-17T05:56:01.798Z"
"68f1da5290ad734984f7d4bd","optional","68f1da5690ad734984f7e5be","2025-10-17T05:56:01.798Z","2025-10-17T05:56:01.798Z"
"68f1da5290ad734984f7d505","optional","68f1da5690ad734984f7e5be","2025-10-17T05:56:01.798Z","2025-10-17T05:56:01.798Z"
"68f1da5790ad734984f7f230","optional","68f1da5690ad734984f7e5c8","2025-10-17T05:56:01.798Z","2025-10-17T05:56:01.798Z"
"68f1da5690ad734984f7e7ab","optional","68f1da5690ad734984f7e5c9","2025-10-17T05:56:01.798Z","2025-10-17T05:56:01.798Z"
"68f1da5790ad734984f7f09d","optional","68f1da5690ad734984f7e5c9","2025-10-17T05:56:01.798Z","2025-10-17T05:56:01.798Z"
"68f1da5290ad734984f7db76","optional","68f1da5690ad734984f7e5ca","2025-10-17T05:56:01.798Z","2025-10-17T05:56:01.798Z"
"68f1da5690ad734984f7e3a2","optional","68f1da5690ad734984f7e5ca","2025-10-17T05:56:01.798Z","2025-10-17T05:56:01.798Z"
"68f1da5690ad734984f7ec62","optional","68f1da5690ad734984f7e5ca","2025-10-17T05:56:01.798Z","2025-10-17T05:56:01.798Z"
"68f1da5690ad734984f7ee87","optional","68f1da5690ad734984f7e5ca","2025-10-17T05:56:01.798Z","2025-10-17T05:56:01.798Z"
"68f1da5a90ad734984f7f5d1","optional","68f1da5690ad734984f7e5ca","2025-10-17T05:56:01.799Z","2025-10-17T05:56:01.799Z"
"68f1da5290ad734984f7d96c","optional","68f1da5690ad734984f7e5cd","2025-10-17T05:56:01.799Z","2025-10-17T05:56:01.799Z"
"68f1da5290ad734984f7d6ce","optional","68f1da5690ad734984f7e5cd","2025-10-17T05:56:01.799Z","2025-10-17T05:56:01.799Z"
"68f1da5690ad734984f7e76c","optional","68f1da5690ad734984f7e5cd","2025-10-17T05:56:01.799Z","2025-10-17T05:56:01.799Z"
"68f1da5290ad734984f7d65b","optional","68f1da5690ad734984f7e5da","2025-10-17T05:56:01.799Z","2025-10-17T05:56:01.799Z"
"68f1da5690ad734984f7e629","optional","68f1da5690ad734984f7e5da","2025-10-17T05:56:01.799Z","2025-10-17T05:56:01.799Z"
"68f1da5690ad734984f7dfed","optional","68f1da5690ad734984f7e5e1","2025-10-17T05:56:01.799Z","2025-10-17T05:56:01.799Z"
"68f1da5290ad734984f7cc5c","optional","68f1da5690ad734984f7e5e1","2025-10-17T05:56:01.799Z","2025-10-17T05:56:01.799Z"
"68f1da5a90ad734984f7fcff","optional","68f1da5690ad734984f7e5e1","2025-10-17T05:56:01.799Z","2025-10-17T05:56:01.799Z"
"68f1da5290ad734984f7ccd0","optional","68f1da5690ad734984f7e5e5","2025-10-17T05:56:01.800Z","2025-10-17T05:56:01.800Z"
"68f1da5690ad734984f7e578","optional","68f1da5690ad734984f7e5e5","2025-10-17T05:56:01.800Z","2025-10-17T05:56:01.800Z"
"68f1da5290ad734984f7dc6e","optional","68f1da5690ad734984f7e5e5","2025-10-17T05:56:01.800Z","2025-10-17T05:56:01.800Z"
"68f1da5690ad734984f7e081","optional","68f1da5690ad734984f7e5e5","2025-10-17T05:56:01.800Z","2025-10-17T05:56:01.800Z"
"68f1da5a90ad734984f7fce4","optional","68f1da5690ad734984f7e5e5","2025-10-17T05:56:01.800Z","2025-10-17T05:56:01.800Z"
"68f1da5290ad734984f7d438","optional","68f1da5690ad734984f7e5f6","2025-10-17T05:56:01.800Z","2025-10-17T05:56:01.800Z"
"68f1da5290ad734984f7d948","optional","68f1da5690ad734984f7e5f6","2025-10-17T05:56:01.800Z","2025-10-17T05:56:01.800Z"
"68f1da5290ad734984f7db23","optional","68f1da5690ad734984f7e5f6","2025-10-17T05:56:01.800Z","2025-10-17T05:56:01.800Z"
"68f1da5290ad734984f7ddf7","optional","68f1da5690ad734984f7e5f6","2025-10-17T05:56:01.800Z","2025-10-17T05:56:01.800Z"
"68f1da5690ad734984f7df1e","optional","68f1da5690ad734984f7e5f6","2025-10-17T05:56:01.800Z","2025-10-17T05:56:01.800Z"
"68f1da5690ad734984f7e566","optional","68f1da5690ad734984f7e5f6","2025-10-17T05:56:01.800Z","2025-10-17T05:56:01.800Z"
"68f1da5690ad734984f7e5c6","optional","68f1da5690ad734984f7e5f6","2025-10-17T05:56:01.800Z","2025-10-17T05:56:01.800Z"
"68f1da5690ad734984f7e8b5","optional","68f1da5690ad734984f7e5f6","2025-10-17T05:56:01.800Z","2025-10-17T05:56:01.800Z"
"68f1da5690ad734984f7eca3","optional","68f1da5690ad734984f7e5f6","2025-10-17T05:56:01.801Z","2025-10-17T05:56:01.801Z"
"68f1da5a90ad734984f7f37a","optional","68f1da5690ad734984f7e5f6","2025-10-17T05:56:01.801Z","2025-10-17T05:56:01.801Z"
"68f1da5690ad734984f7e811","optional","68f1da5690ad734984f7e5f7","2025-10-17T05:56:01.801Z","2025-10-17T05:56:01.801Z"
"68f1da5690ad734984f7eb97","optional","68f1da5690ad734984f7e5f7","2025-10-17T05:56:01.801Z","2025-10-17T05:56:01.801Z"
"68f1da5290ad734984f7d6d1","optional","68f1da5690ad734984f7e5f9","2025-10-17T05:56:01.801Z","2025-10-17T05:56:01.801Z"
"68f1da5290ad734984f7de19","optional","68f1da5690ad734984f7e5f9","2025-10-17T05:56:01.801Z","2025-10-17T05:56:01.801Z"
"68f1da5290ad734984f7d9ad","optional","68f1da5690ad734984f7e5ff","2025-10-17T05:56:01.801Z","2025-10-17T05:56:01.801Z"
"68f1da5690ad734984f7e393","optional","68f1da5690ad734984f7e5ff","2025-10-17T05:56:01.801Z","2025-10-17T05:56:01.801Z"
"68f1da5290ad734984f7cdfe","optional","68f1da5690ad734984f7e5ff","2025-10-17T05:56:01.801Z","2025-10-17T05:56:01.801Z"
"68f1da5290ad734984f7d170","optional","68f1da5690ad734984f7e5ff","2025-10-17T05:56:01.801Z","2025-10-17T05:56:01.801Z"
"68f1da5290ad734984f7d722","optional","68f1da5690ad734984f7e5ff","2025-10-17T05:56:01.801Z","2025-10-17T05:56:01.801Z"
"68f1da5690ad734984f7e8d1","optional","68f1da5690ad734984f7e5ff","2025-10-17T05:56:01.801Z","2025-10-17T05:56:01.801Z"
"68f1da5290ad734984f7d446","optional","68f1da5690ad734984f7e5ff","2025-10-17T05:56:01.801Z","2025-10-17T05:56:01.801Z"
"68f1da5690ad734984f7e18c","optional","68f1da5690ad734984f7e5ff","2025-10-17T05:56:01.801Z","2025-10-17T05:56:01.801Z"
"68f1da5690ad734984f7e5e2","optional","68f1da5690ad734984f7e5ff","2025-10-17T05:56:01.801Z","2025-10-17T05:56:01.801Z"
"68f1da5690ad734984f7ea49","optional","68f1da5690ad734984f7e5ff","2025-10-17T05:56:01.801Z","2025-10-17T05:56:01.801Z"
"68f1da5690ad734984f7eae7","optional","68f1da5690ad734984f7e5ff","2025-10-17T05:56:01.801Z","2025-10-17T05:56:01.801Z"
"68f1da5a90ad734984f7f4ed","optional","68f1da5690ad734984f7e5ff","2025-10-17T05:56:01.801Z","2025-10-17T05:56:01.801Z"
"68f1da5a90ad734984f7fb8e","optional","68f1da5690ad734984f7e602","2025-10-17T05:56:01.800Z","2025-10-17T05:56:01.800Z"
"68f1da5290ad734984f7de9a","optional","68f1da5690ad734984f7e603","2025-10-17T05:56:01.800Z","2025-10-17T05:56:01.800Z"
"68f1da5a90ad734984f7ffca","optional","68f1da5690ad734984f7e603","2025-10-17T05:56:01.800Z","2025-10-17T05:56:01.800Z"
"68f1da5790ad734984f7f231","optional","68f1da5690ad734984f7e60d","2025-10-17T05:56:01.800Z","2025-10-17T05:56:01.800Z"
"68f1da5790ad734984f7f16f","optional","68f1da5690ad734984f7e60d","2025-10-17T05:56:01.800Z","2025-10-17T05:56:01.800Z"
"68f1da5290ad734984f7d55e","optional","68f1da5690ad734984f7e60d","2025-10-17T05:56:01.800Z","2025-10-17T05:56:01.800Z"
"68f1da5290ad734984f7db76","optional","68f1da5690ad734984f7e60d","2025-10-17T05:56:01.800Z","2025-10-17T05:56:01.800Z"
"68f1da5690ad734984f7ebd0","optional","68f1da5690ad734984f7e60d","2025-10-17T05:56:01.800Z","2025-10-17T05:56:01.800Z"
"68f1da5690ad734984f7e40b","optional","68f1da5690ad734984f7e60d","2025-10-17T05:56:01.800Z","2025-10-17T05:56:01.800Z"
"68f1da5290ad734984f7cf23","optional","68f1da5690ad734984f7e60e","2025-10-17T05:56:01.800Z","2025-10-17T05:56:01.800Z"
"68f1da5290ad734984f7d6f5","optional","68f1da5690ad734984f7e60e","2025-10-17T05:56:01.800Z","2025-10-17T05:56:01.800Z"
"68f1da5790ad734984f7f0a4","optional","68f1da5690ad734984f7e60e","2025-10-17T05:56:01.800Z","2025-10-17T05:56:01.800Z"
"68f1da5a90ad734984f7f9a3","optional","68f1da5690ad734984f7e60e","2025-10-17T05:56:01.800Z","2025-10-17T05:56:01.800Z"
"68f1da5290ad734984f7ccd0","optional","68f1da5690ad734984f7e60e","2025-10-17T05:56:01.800Z","2025-10-17T05:56:01.800Z"
"68f1da5790ad734984f7f148","optional","68f1da5690ad734984f7e60e","2025-10-17T05:56:01.800Z","2025-10-17T05:56:01.800Z"
"68f1da5690ad734984f7e04b","optional","68f1da5690ad734984f7e614","2025-10-17T05:56:01.800Z","2025-10-17T05:56:01.800Z"
"68f1da5290ad734984f7ddd3","optional","68f1da5690ad734984f7e614","2025-10-17T05:56:01.800Z","2025-10-17T05:56:01.800Z"
"68f1da5290ad734984f7d2a6","optional","68f1da5690ad734984f7e614","2025-10-17T05:56:01.800Z","2025-10-17T05:56:01.800Z"
"68f1da5a90ad734984f7f449","optional","68f1da5690ad734984f7e614","2025-10-17T05:56:01.800Z","2025-10-17T05:56:01.800Z"
"68f1da5a90ad734984f7f61b","optional","68f1da5690ad734984f7e614","2025-10-17T05:56:01.800Z","2025-10-17T05:56:01.800Z"
"68f1da5a90ad734984f7fafe","optional","68f1da5690ad734984f7e614","2025-10-17T05:56:01.800Z","2025-10-17T05:56:01.800Z"
"68f1da5690ad734984f7ed5e","optional","68f1da5690ad734984f7e617","2025-10-17T05:56:01.800Z","2025-10-17T05:56:01.800Z"
"68f1da5a90ad734984f7f998","optional","68f1da5690ad734984f7e62d","2025-10-17T05:56:01.799Z","2025-10-17T05:56:01.799Z"
"68f1da5290ad734984f7d547","optional","68f1da5690ad734984f7e62d","2025-10-17T05:56:01.799Z","2025-10-17T05:56:01.799Z"
"68f1da5290ad734984f7d2bc","optional","68f1da5690ad734984f7e633","2025-10-17T05:56:01.810Z","2025-10-17T05:56:01.810Z"
"68f1da5290ad734984f7daa6","optional","68f1da5690ad734984f7e633","2025-10-17T05:56:01.810Z","2025-10-17T05:56:01.810Z"
"68f1da5690ad734984f7eaa5","optional","68f1da5690ad734984f7e633","2025-10-17T05:56:01.810Z","2025-10-17T05:56:01.810Z"
"68f1da5290ad734984f7d5a4","optional","68f1da5690ad734984f7e633","2025-10-17T05:56:01.810Z","2025-10-17T05:56:01.810Z"
"68f1da5290ad734984f7d74e","optional","68f1da5690ad734984f7e640","2025-10-17T05:56:01.810Z","2025-10-17T05:56:01.810Z"
"68f1da5a90ad734984f7f2bc","optional","68f1da5690ad734984f7e640","2025-10-17T05:56:01.810Z","2025-10-17T05:56:01.810Z"
"68f1da5290ad734984f7cd06","optional","68f1da5690ad734984f7e640","2025-10-17T05:56:01.810Z","2025-10-17T05:56:01.810Z"
"68f1da5a90ad734984f7f383","optional","68f1da5690ad734984f7e640","2025-10-17T05:56:01.810Z","2025-10-17T05:56:01.810Z"
"68f1da5a90ad734984f7fdc0","optional","68f1da5690ad734984f7e640","2025-10-17T05:56:01.810Z","2025-10-17T05:56:01.810Z"
"68f1da5290ad734984f7ccba","optional","68f1da5690ad734984f7e640","2025-10-17T05:56:01.810Z","2025-10-17T05:56:01.810Z"
"68f1da5290ad734984f7dc10","optional","68f1da5690ad734984f7e640","2025-10-17T05:56:01.810Z","2025-10-17T05:56:01.810Z"
"68f1da5790ad734984f7f11d","optional","68f1da5690ad734984f7e640","2025-10-17T05:56:01.810Z","2025-10-17T05:56:01.810Z"
"68f1da5a90ad734984f7f963","optional","68f1da5690ad734984f7e640","2025-10-17T05:56:01.810Z","2025-10-17T05:56:01.810Z"
"68f1da5690ad734984f7e443","optional","68f1da5690ad734984f7e646","2025-10-17T05:56:01.810Z","2025-10-17T05:56:01.810Z"
"68f1da5a90ad734984f7f647","optional","68f1da5690ad734984f7e646","2025-10-17T05:56:01.810Z","2025-10-17T05:56:01.810Z"
"68f1da5290ad734984f7d939","optional","68f1da5690ad734984f7e646","2025-10-17T05:56:01.810Z","2025-10-17T05:56:01.810Z"
"68f1da5690ad734984f7ec7f","optional","68f1da5690ad734984f7e646","2025-10-17T05:56:01.810Z","2025-10-17T05:56:01.810Z"
"68f1da5a90ad734984f7f748","optional","68f1da5690ad734984f7e64b","2025-10-17T05:56:01.810Z","2025-10-17T05:56:01.810Z"
"68f1da5a90ad734984f7f7e6","optional","68f1da5690ad734984f7e64b","2025-10-17T05:56:01.810Z","2025-10-17T05:56:01.810Z"
"68f1da5a90ad734984f7fec4","optional","68f1da5690ad734984f7e64b","2025-10-17T05:56:01.810Z","2025-10-17T05:56:01.810Z"
"68f1da5290ad734984f7d424","optional","68f1da5690ad734984f7e64b","2025-10-17T05:56:01.810Z","2025-10-17T05:56:01.810Z"
"68f1da5290ad734984f7d643","optional","68f1da5690ad734984f7e64b","2025-10-17T05:56:01.810Z","2025-10-17T05:56:01.810Z"
"68f1da5290ad734984f7d67e","optional","68f1da5690ad734984f7e64b","2025-10-17T05:56:01.810Z","2025-10-17T05:56:01.810Z"
"68f1da5690ad734984f7e803","optional","68f1da5690ad734984f7e64b","2025-10-17T05:56:01.810Z","2025-10-17T05:56:01.810Z"
"68f1da5a90ad734984f7f4d1","optional","68f1da5690ad734984f7e64b","2025-10-17T05:56:01.810Z","2025-10-17T05:56:01.810Z"
"68f1da5290ad734984f7d0ef","optional","68f1da5690ad734984f7e64b","2025-10-17T05:56:01.810Z","2025-10-17T05:56:01.810Z"
"68f1da5290ad734984f7db4d","optional","68f1da5690ad734984f7e64d","2025-10-17T05:56:01.810Z","2025-10-17T05:56:01.810Z"
"68f1da5290ad734984f7ddca","optional","68f1da5690ad734984f7e651","2025-10-17T05:56:01.810Z","2025-10-17T05:56:01.810Z"
"68f1da5290ad734984f7de59","optional","68f1da5690ad734984f7e651","2025-10-17T05:56:01.810Z","2025-10-17T05:56:01.810Z"
"68f1da5690ad734984f7eb36","optional","68f1da5690ad734984f7e651","2025-10-17T05:56:01.810Z","2025-10-17T05:56:01.810Z"
"68f1da5690ad734984f7ed1f","optional","68f1da5690ad734984f7e651","2025-10-17T05:56:01.811Z","2025-10-17T05:56:01.811Z"
"68f1da5a90ad734984f7ff45","optional","68f1da5690ad734984f7e651","2025-10-17T05:56:01.811Z","2025-10-17T05:56:01.811Z"
"68f1da5a90ad734984f8011d","optional","68f1da5690ad734984f7e651","2025-10-17T05:56:01.811Z","2025-10-17T05:56:01.811Z"
"68f1da5a90ad734984f7f333","optional","68f1da5690ad734984f7e653","2025-10-17T05:56:01.811Z","2025-10-17T05:56:01.811Z"
"68f1da5a90ad734984f7fa09","optional","68f1da5690ad734984f7e653","2025-10-17T05:56:01.811Z","2025-10-17T05:56:01.811Z"
"68f1da5a90ad734984f7f3e4","optional","68f1da5690ad734984f7e653","2025-10-17T05:56:01.811Z","2025-10-17T05:56:01.811Z"
"68f1da5290ad734984f7d6c1","optional","68f1da5690ad734984f7e65d","2025-10-17T05:56:01.811Z","2025-10-17T05:56:01.811Z"
"68f1da5690ad734984f7e835","optional","68f1da5690ad734984f7e65d","2025-10-17T05:56:01.811Z","2025-10-17T05:56:01.811Z"
"68f1da5290ad734984f7ce96","optional","68f1da5690ad734984f7e65d","2025-10-17T05:56:01.811Z","2025-10-17T05:56:01.811Z"
"68f1da5290ad734984f7d83e","optional","68f1da5690ad734984f7e65d","2025-10-17T05:56:01.811Z","2025-10-17T05:56:01.811Z"
"68f1da5a90ad734984f7f97c","optional","68f1da5690ad734984f7e65d","2025-10-17T05:56:01.811Z","2025-10-17T05:56:01.811Z"
"68f1da5290ad734984f7d5ef","optional","68f1da5690ad734984f7e65d","2025-10-17T05:56:01.811Z","2025-10-17T05:56:01.811Z"
"68f1da5290ad734984f7dc63","optional","68f1da5690ad734984f7e65d","2025-10-17T05:56:01.811Z","2025-10-17T05:56:01.811Z"
"68f1da5a90ad734984f7fa71","optional","68f1da5690ad734984f7e65d","2025-10-17T05:56:01.811Z","2025-10-17T05:56:01.811Z"
"68f1da5290ad734984f7d136","optional","68f1da5690ad734984f7e666","2025-10-17T05:56:01.801Z","2025-10-17T05:56:01.801Z"
"68f1da5790ad734984f7f11b","optional","68f1da5690ad734984f7e666","2025-10-17T05:56:01.801Z","2025-10-17T05:56:01.801Z"
"68f1da5a90ad734984f7f99a","essential","68f1da5690ad734984f7e666","2025-10-17T05:56:01.809Z","2025-10-17T05:56:01.809Z"
"68f1da5a90ad734984f7fad0","optional","68f1da5690ad734984f7e666","2025-10-17T05:56:01.809Z","2025-10-17T05:56:01.809Z"
"68f1da5290ad734984f7cd80","optional","68f1da5690ad734984f7e666","2025-10-17T05:56:01.801Z","2025-10-17T05:56:01.801Z"
"68f1da5a90ad734984f80161","optional","68f1da5690ad734984f7e666","2025-10-17T05:56:01.809Z","2025-10-17T05:56:01.809Z"
"68f1da5690ad734984f7e849","optional","68f1da5690ad734984f7e678","2025-10-17T05:56:01.809Z","2025-10-17T05:56:01.809Z"
"68f1da5690ad734984f7ecb9","optional","68f1da5690ad734984f7e678","2025-10-17T05:56:01.809Z","2025-10-17T05:56:01.809Z"
"68f1da5290ad734984f7d1b7","optional","68f1da5690ad734984f7e678","2025-10-17T05:56:01.809Z","2025-10-17T05:56:01.809Z"
"68f1da5290ad734984f7d671","optional","68f1da5690ad734984f7e678","2025-10-17T05:56:01.809Z","2025-10-17T05:56:01.809Z"
"68f1da5290ad734984f7d5b6","optional","68f1da5690ad734984f7e678","2025-10-17T05:56:01.809Z","2025-10-17T05:56:01.809Z"
"68f1da5290ad734984f7ccc9","optional","68f1da5690ad734984f7e67b","2025-10-17T05:56:01.810Z","2025-10-17T05:56:01.810Z"
"68f1da5a90ad734984f7f5f7","optional","68f1da5690ad734984f7e67b","2025-10-17T05:56:01.810Z","2025-10-17T05:56:01.810Z"
"68f1da5290ad734984f7dd3e","optional","68f1da5690ad734984f7e67b","2025-10-17T05:56:01.810Z","2025-10-17T05:56:01.810Z"
"68f1da5a90ad734984f7f355","optional","68f1da5690ad734984f7e67b","2025-10-17T05:56:01.810Z","2025-10-17T05:56:01.810Z"
"68f1da5a90ad734984f7f95a","optional","68f1da5690ad734984f7e67b","2025-10-17T05:56:01.810Z","2025-10-17T05:56:01.810Z"
"68f1da5290ad734984f7d522","optional","68f1da5690ad734984f7e69d","2025-10-17T05:56:01.811Z","2025-10-17T05:56:01.811Z"
"68f1da5690ad734984f7e699","optional","68f1da5690ad734984f7e69d","2025-10-17T05:56:01.811Z","2025-10-17T05:56:01.811Z"
"68f1da5a90ad734984f7fe29","optional","68f1da5690ad734984f7e69d","2025-10-17T05:56:01.811Z","2025-10-17T05:56:01.811Z"
"68f1da5a90ad734984f7ff40","optional","68f1da5690ad734984f7e69d","2025-10-17T05:56:01.811Z","2025-10-17T05:56:01.811Z"
"68f1da5a90ad734984f7fdce","optional","68f1da5690ad734984f7e69d","2025-10-17T05:56:01.811Z","2025-10-17T05:56:01.811Z"
"68f1da5290ad734984f7db30","essential","68f1da5690ad734984f7e6a0","2025-10-17T05:56:01.811Z","2025-10-17T05:56:01.811Z"
"68f1da5290ad734984f7db41","essential","68f1da5690ad734984f7e6a0","2025-10-17T05:56:01.811Z","2025-10-17T05:56:01.811Z"
"68f1da5a90ad734984f7ffaa","optional","68f1da5690ad734984f7e6a0","2025-10-17T05:56:01.811Z","2025-10-17T05:56:01.811Z"
"68f1da5690ad734984f7e0d8","optional","68f1da5690ad734984f7e6b0","2025-10-17T05:56:01.811Z","2025-10-17T05:56:01.811Z"
"68f1da5290ad734984f7d4e8","optional","68f1da5690ad734984f7e6bd","2025-10-17T05:56:01.811Z","2025-10-17T05:56:01.811Z"
"68f1da5290ad734984f7d436","optional","68f1da5690ad734984f7e6c8","2025-10-17T05:56:01.811Z","2025-10-17T05:56:01.811Z"
"68f1da5690ad734984f7eb5b","optional","68f1da5690ad734984f7e6de","2025-10-17T05:56:01.811Z","2025-10-17T05:56:01.811Z"
"68f1da5a90ad734984f7f470","optional","68f1da5690ad734984f7e6de","2025-10-17T05:56:01.811Z","2025-10-17T05:56:01.811Z"
"68f1da5290ad734984f7dd31","optional","68f1da5690ad734984f7e6f6","2025-10-17T05:56:01.812Z","2025-10-17T05:56:01.812Z"
"68f1da5290ad734984f7d855","optional","68f1da5690ad734984f7e6f6","2025-10-17T05:56:01.812Z","2025-10-17T05:56:01.812Z"
"68f1da5290ad734984f7dd18","optional","68f1da5690ad734984f7e6f8","2025-10-17T05:56:01.812Z","2025-10-17T05:56:01.812Z"
"68f1da5690ad734984f7ec85","optional","68f1da5690ad734984f7e6f8","2025-10-17T05:56:01.812Z","2025-10-17T05:56:01.812Z"
"68f1da5790ad734984f7eee7","optional","68f1da5690ad734984f7e6f8","2025-10-17T05:56:01.812Z","2025-10-17T05:56:01.812Z"
"68f1da5290ad734984f7d3ea","optional","68f1da5690ad734984f7e6f8","2025-10-17T05:56:01.812Z","2025-10-17T05:56:01.812Z"
"68f1da5290ad734984f7d636","optional","68f1da5690ad734984f7e6f8","2025-10-17T05:56:01.812Z","2025-10-17T05:56:01.812Z"
"68f1da5a90ad734984f7f737","optional","68f1da5690ad734984f7e6fd","2025-10-17T05:56:01.811Z","2025-10-17T05:56:01.811Z"
"68f1da5690ad734984f7e23f","optional","68f1da5690ad734984f7e6fd","2025-10-17T05:56:01.811Z","2025-10-17T05:56:01.811Z"
"68f1da5290ad734984f7d9ed","optional","68f1da5690ad734984f7e6fe","2025-10-17T05:56:01.811Z","2025-10-17T05:56:01.811Z"
"68f1da5290ad734984f7d8c6","optional","68f1da5690ad734984f7e702","2025-10-17T05:56:01.811Z","2025-10-17T05:56:01.811Z"
"68f1da5a90ad734984f7f9ff","optional","68f1da5690ad734984f7e702","2025-10-17T05:56:01.811Z","2025-10-17T05:56:01.811Z"
"68f1da5a90ad734984f7fcce","optional","68f1da5690ad734984f7e702","2025-10-17T05:56:01.812Z","2025-10-17T05:56:01.812Z"
"68f1da5690ad734984f7df14","optional","68f1da5690ad734984f7e702","2025-10-17T05:56:01.811Z","2025-10-17T05:56:01.811Z"
"68f1da5690ad734984f7e65f","optional","68f1da5690ad734984f7e702","2025-10-17T05:56:01.811Z","2025-10-17T05:56:01.811Z"
"68f1da5690ad734984f7ed6b","optional","68f1da5690ad734984f7e702","2025-10-17T05:56:01.811Z","2025-10-17T05:56:01.811Z"
"68f1da5290ad734984f7d671","optional","68f1da5690ad734984f7e703","2025-10-17T05:56:01.812Z","2025-10-17T05:56:01.812Z"
"68f1da5790ad734984f7f0d6","optional","68f1da5690ad734984f7e703","2025-10-17T05:56:01.812Z","2025-10-17T05:56:01.812Z"
"68f1da5690ad734984f7e3cb","optional","68f1da5690ad734984f7e703","2025-10-17T05:56:01.812Z","2025-10-17T05:56:01.812Z"
"68f1da5690ad734984f7e46f","optional","68f1da5690ad734984f7e703","2025-10-17T05:56:01.812Z","2025-10-17T05:56:01.812Z"
"68f1da5690ad734984f7e83a","optional","68f1da5690ad734984f7e703","2025-10-17T05:56:01.812Z","2025-10-17T05:56:01.812Z"
"68f1da5a90ad734984f7f7ce","optional","68f1da5690ad734984f7e703","2025-10-17T05:56:01.812Z","2025-10-17T05:56:01.812Z"
"68f1da5a90ad734984f7f5de","optional","68f1da5690ad734984f7e707","2025-10-17T05:56:01.812Z","2025-10-17T05:56:01.812Z"
"68f1da5a90ad734984f7fa3d","optional","68f1da5690ad734984f7e70a","2025-10-17T05:56:01.812Z","2025-10-17T05:56:01.812Z"
"68f1da5690ad734984f7eba0","optional","68f1da5690ad734984f7e713","2025-10-17T05:56:01.812Z","2025-10-17T05:56:01.812Z"
"68f1da5690ad734984f7ebee","optional","68f1da5690ad734984f7e713","2025-10-17T05:56:01.812Z","2025-10-17T05:56:01.812Z"
"68f1da5690ad734984f7e576","optional","68f1da5690ad734984f7e714","2025-10-17T05:56:01.812Z","2025-10-17T05:56:01.812Z"
"68f1da5290ad734984f7da90","optional","68f1da5690ad734984f7e727","2025-10-17T05:56:01.812Z","2025-10-17T05:56:01.812Z"
"68f1da5290ad734984f7d0cb","optional","68f1da5690ad734984f7e727","2025-10-17T05:56:01.812Z","2025-10-17T05:56:01.812Z"
"68f1da5290ad734984f7d549","optional","68f1da5690ad734984f7e727","2025-10-17T05:56:01.812Z","2025-10-17T05:56:01.812Z"
"68f1da5a90ad734984f7ffb6","optional","68f1da5690ad734984f7e72c","2025-10-17T05:56:01.812Z","2025-10-17T05:56:01.812Z"
"68f1da5290ad734984f7db9a","optional","68f1da5690ad734984f7e72c","2025-10-17T05:56:01.812Z","2025-10-17T05:56:01.812Z"
"68f1da5290ad734984f7cd97","optional","68f1da5690ad734984f7e740","2025-10-17T05:56:01.813Z","2025-10-17T05:56:01.813Z"
"68f1da5690ad734984f7e1ef","optional","68f1da5690ad734984f7e740","2025-10-17T05:56:01.813Z","2025-10-17T05:56:01.813Z"
"68f1da5a90ad734984f7f736","optional","68f1da5690ad734984f7e740","2025-10-17T05:56:01.813Z","2025-10-17T05:56:01.813Z"
"68f1da5290ad734984f7d02a","optional","68f1da5690ad734984f7e740","2025-10-17T05:56:01.813Z","2025-10-17T05:56:01.813Z"
"68f1da5690ad734984f7e7b6","optional","68f1da5690ad734984f7e740","2025-10-17T05:56:01.813Z","2025-10-17T05:56:01.813Z"
"68f1da5290ad734984f7cd21","optional","68f1da5690ad734984f7e740","2025-10-17T05:56:01.813Z","2025-10-17T05:56:01.813Z"
"68f1da5290ad734984f7d035","optional","68f1da5690ad734984f7e740","2025-10-17T05:56:01.813Z","2025-10-17T05:56:01.813Z"
"68f1da5790ad734984f7f237","optional","68f1da5690ad734984f7e740","2025-10-17T05:56:01.813Z","2025-10-17T05:56:01.813Z"
"68f1da5290ad734984f7dde6","essential","68f1da5690ad734984f7e742","2025-10-17T05:56:01.813Z","2025-10-17T05:56:01.813Z"
"68f1da5290ad734984f7d3b8","optional","68f1da5690ad734984f7e745","2025-10-17T05:56:01.813Z","2025-10-17T05:56:01.813Z"
"68f1da5290ad734984f7d06d","optional","68f1da5690ad734984f7e749","2025-10-17T05:56:01.812Z","2025-10-17T05:56:01.812Z"
"68f1da5290ad734984f7ccf6","optional","68f1da5690ad734984f7e749","2025-10-17T05:56:01.812Z","2025-10-17T05:56:01.812Z"
"68f1da5290ad734984f7d640","optional","68f1da5690ad734984f7e749","2025-10-17T05:56:01.812Z","2025-10-17T05:56:01.812Z"
"68f1da5290ad734984f7cce8","optional","68f1da5690ad734984f7e74b","2025-10-17T05:56:01.812Z","2025-10-17T05:56:01.812Z"
"68f1da5690ad734984f7e73f","optional","68f1da5690ad734984f7e74e","2025-10-17T05:56:01.812Z","2025-10-17T05:56:01.812Z"
"68f1da5290ad734984f7d986","optional","68f1da5690ad734984f7e74e","2025-10-17T05:56:01.812Z","2025-10-17T05:56:01.812Z"
"68f1da5690ad734984f7eac3","optional","68f1da5690ad734984f7e74e","2025-10-17T05:56:01.812Z","2025-10-17T05:56:01.812Z"
"68f1da5290ad734984f7cf3e","optional","68f1da5690ad734984f7e74e","2025-10-17T05:56:01.812Z","2025-10-17T05:56:01.812Z"
"68f1da5290ad734984f7cb46","optional","68f1da5690ad734984f7e754","2025-10-17T05:56:01.812Z","2025-10-17T05:56:01.812Z"
"68f1da5a90ad734984f7fd39","optional","68f1da5690ad734984f7e756","2025-10-17T05:56:01.812Z","2025-10-17T05:56:01.812Z"
"68f1da5790ad734984f7ef8c","optional","68f1da5690ad734984f7e757","2025-10-17T05:56:01.812Z","2025-10-17T05:56:01.812Z"
"68f1da5a90ad734984f7f8a7","optional","68f1da5690ad734984f7e757","2025-10-17T05:56:01.812Z","2025-10-17T05:56:01.812Z"
"68f1da5290ad734984f7cd33","optional","68f1da5690ad734984f7e757","2025-10-17T05:56:01.812Z","2025-10-17T05:56:01.812Z"
"68f1da5290ad734984f7dc0a","optional","68f1da5690ad734984f7e758","2025-10-17T05:56:01.813Z","2025-10-17T05:56:01.813Z"
"68f1da5290ad734984f7d0b2","optional","68f1da5690ad734984f7e758","2025-10-17T05:56:01.813Z","2025-10-17T05:56:01.813Z"
"68f1da5690ad734984f7ee94","optional","68f1da5690ad734984f7e758","2025-10-17T05:56:01.813Z","2025-10-17T05:56:01.813Z"
"68f1da5690ad734984f7e2b4","optional","68f1da5690ad734984f7e75e","2025-10-17T05:56:01.813Z","2025-10-17T05:56:01.813Z"
"68f1da5690ad734984f7e881","optional","68f1da5690ad734984f7e75e","2025-10-17T05:56:01.813Z","2025-10-17T05:56:01.813Z"
"68f1da5290ad734984f7d413","optional","68f1da5690ad734984f7e75e","2025-10-17T05:56:01.813Z","2025-10-17T05:56:01.813Z"
"68f1da5a90ad734984f800ab","optional","68f1da5690ad734984f7e777","2025-10-17T05:56:01.813Z","2025-10-17T05:56:01.813Z"
"68f1da5290ad734984f7d8fa","optional","68f1da5690ad734984f7e777","2025-10-17T05:56:01.813Z","2025-10-17T05:56:01.813Z"
"68f1da5690ad734984f7e9c1","optional","68f1da5690ad734984f7e77b","2025-10-17T05:56:01.814Z","2025-10-17T05:56:01.814Z"
"68f1da5290ad734984f7cdd3","optional","68f1da5690ad734984f7e780","2025-10-17T05:56:01.814Z","2025-10-17T05:56:01.814Z"
"68f1da5290ad734984f7d2e6","optional","68f1da5690ad734984f7e787","2025-10-17T05:56:01.814Z","2025-10-17T05:56:01.814Z"
"68f1da5290ad734984f7d89d","optional","68f1da5690ad734984f7e789","2025-10-17T05:56:01.814Z","2025-10-17T05:56:01.814Z"
"68f1da5290ad734984f7d1e5","optional","68f1da5690ad734984f7e78d","2025-10-17T05:56:01.814Z","2025-10-17T05:56:01.814Z"
"68f1da5290ad734984f7dc1a","optional","68f1da5690ad734984f7e78d","2025-10-17T05:56:01.814Z","2025-10-17T05:56:01.814Z"
"68f1da5a90ad734984f7ff1e","optional","68f1da5690ad734984f7e795","2025-10-17T05:56:01.814Z","2025-10-17T05:56:01.814Z"
"68f1da5290ad734984f7d92e","optional","68f1da5690ad734984f7e79b","2025-10-17T05:56:01.814Z","2025-10-17T05:56:01.814Z"
"68f1da5a90ad734984f7fe80","optional","68f1da5690ad734984f7e79b","2025-10-17T05:56:01.814Z","2025-10-17T05:56:01.814Z"
"68f1da5290ad734984f7cd80","optional","68f1da5690ad734984f7e7b8","2025-10-17T05:56:01.813Z","2025-10-17T05:56:01.813Z"
"68f1da5290ad734984f7cf97","essential","68f1da5690ad734984f7e7b8","2025-10-17T05:56:01.813Z","2025-10-17T05:56:01.813Z"
"68f1da5a90ad734984f7fad0","optional","68f1da5690ad734984f7e7b8","2025-10-17T05:56:01.813Z","2025-10-17T05:56:01.813Z"
"68f1da5290ad734984f7d136","optional","68f1da5690ad734984f7e7b8","2025-10-17T05:56:01.813Z","2025-10-17T05:56:01.813Z"
"68f1da5a90ad734984f7f99a","essential","68f1da5690ad734984f7e7b8","2025-10-17T05:56:01.813Z","2025-10-17T05:56:01.813Z"
"68f1da5290ad734984f7dc08","optional","68f1da5690ad734984f7e7bb","2025-10-17T05:56:01.813Z","2025-10-17T05:56:01.813Z"
"68f1da5290ad734984f7d106","optional","68f1da5690ad734984f7e7c0","2025-10-17T05:56:01.813Z","2025-10-17T05:56:01.813Z"
"68f1da5290ad734984f7d555","optional","68f1da5690ad734984f7e7c0","2025-10-17T05:56:01.813Z","2025-10-17T05:56:01.813Z"
"68f1da5a90ad734984f7f2bf","optional","68f1da5690ad734984f7e7c0","2025-10-17T05:56:01.813Z","2025-10-17T05:56:01.813Z"
"68f1da5a90ad734984f7f728","optional","68f1da5690ad734984f7e7c0","2025-10-17T05:56:01.813Z","2025-10-17T05:56:01.813Z"
"68f1da5690ad734984f7df35","optional","68f1da5690ad734984f7e7c0","2025-10-17T05:56:01.813Z","2025-10-17T05:56:01.813Z"
"68f1da5690ad734984f7dff4","optional","68f1da5690ad734984f7e7c0","2025-10-17T05:56:01.813Z","2025-10-17T05:56:01.813Z"
"68f1da5690ad734984f7e5c4","optional","68f1da5690ad734984f7e7c0","2025-10-17T05:56:01.813Z","2025-10-17T05:56:01.813Z"
"68f1da5290ad734984f7dd20","optional","68f1da5690ad734984f7e7c0","2025-10-17T05:56:01.813Z","2025-10-17T05:56:01.813Z"
"68f1da5690ad734984f7e1b7","optional","68f1da5690ad734984f7e7c0","2025-10-17T05:56:01.813Z","2025-10-17T05:56:01.813Z"
"68f1da5a90ad734984f7f376","optional","68f1da5690ad734984f7e7c0","2025-10-17T05:56:01.813Z","2025-10-17T05:56:01.813Z"
"68f1da5a90ad734984f7fd90","optional","68f1da5690ad734984f7e7c0","2025-10-17T05:56:01.814Z","2025-10-17T05:56:01.814Z"
"68f1da5a90ad734984f7f636","optional","68f1da5690ad734984f7e7c2","2025-10-17T05:56:01.814Z","2025-10-17T05:56:01.814Z"
"68f1da5a90ad734984f7fd6f","optional","68f1da5690ad734984f7e7c2","2025-10-17T05:56:01.814Z","2025-10-17T05:56:01.814Z"
"68f1da5290ad734984f7ce6e","optional","68f1da5690ad734984f7e7d5","2025-10-17T05:56:01.814Z","2025-10-17T05:56:01.814Z"
"68f1da5290ad734984f7d4c1","optional","68f1da5690ad734984f7e7d5","2025-10-17T05:56:01.814Z","2025-10-17T05:56:01.814Z"
"68f1da5290ad734984f7d7fb","optional","68f1da5690ad734984f7e7d5","2025-10-17T05:56:01.814Z","2025-10-17T05:56:01.814Z"
"68f1da5290ad734984f7cf3e","optional","68f1da5690ad734984f7e7d5","2025-10-17T05:56:01.814Z","2025-10-17T05:56:01.814Z"
"68f1da5290ad734984f7d192","optional","68f1da5690ad734984f7e7d5","2025-10-17T05:56:01.814Z","2025-10-17T05:56:01.814Z"
"68f1da5290ad734984f7ddf7","optional","68f1da5690ad734984f7e7d5","2025-10-17T05:56:01.814Z","2025-10-17T05:56:01.814Z"
"68f1da5690ad734984f7ed6e","optional","68f1da5690ad734984f7e7d5","2025-10-17T05:56:01.814Z","2025-10-17T05:56:01.814Z"
"68f1da5a90ad734984f7ff50","optional","68f1da5690ad734984f7e7d5","2025-10-17T05:56:01.814Z","2025-10-17T05:56:01.814Z"
"68f1da5690ad734984f7e1eb","optional","68f1da5690ad734984f7e7e3","2025-10-17T05:56:01.814Z","2025-10-17T05:56:01.814Z"
"68f1da5690ad734984f7e54a","optional","68f1da5690ad734984f7e7e3","2025-10-17T05:56:01.814Z","2025-10-17T05:56:01.814Z"
"68f1da5290ad734984f7d9d2","optional","68f1da5690ad734984f7e7e3","2025-10-17T05:56:01.814Z","2025-10-17T05:56:01.814Z"
"68f1da5a90ad734984f7fc82","essential","68f1da5690ad734984f7e7e3","2025-10-17T05:56:01.814Z","2025-10-17T05:56:01.814Z"
"68f1da5690ad734984f7e3c7","optional","68f1da5690ad734984f7e7e3","2025-10-17T05:56:01.814Z","2025-10-17T05:56:01.814Z"
"68f1da5690ad734984f7e557","optional","68f1da5690ad734984f7e7e3","2025-10-17T05:56:01.814Z","2025-10-17T05:56:01.814Z"
"68f1da5690ad734984f7ea5f","optional","68f1da5690ad734984f7e7e3","2025-10-17T05:56:01.814Z","2025-10-17T05:56:01.814Z"
"68f1da5690ad734984f7df5e","optional","68f1da5690ad734984f7e7e3","2025-10-17T05:56:01.814Z","2025-10-17T05:56:01.814Z"
"68f1da5a90ad734984f80187","optional","68f1da5690ad734984f7e7e3","2025-10-17T05:56:01.814Z","2025-10-17T05:56:01.814Z"
"68f1da5690ad734984f7df96","optional","68f1da5690ad734984f7e7ec","2025-10-17T05:56:01.814Z","2025-10-17T05:56:01.814Z"
"68f1da5290ad734984f7d180","optional","68f1da5690ad734984f7e7ec","2025-10-17T05:56:01.814Z","2025-10-17T05:56:01.814Z"
"68f1da5290ad734984f7dbdf","essential","68f1da5690ad734984f7e7f2","2025-10-17T05:56:01.814Z","2025-10-17T05:56:01.814Z"
"68f1da5290ad734984f7d1eb","optional","68f1da5690ad734984f7e805","2025-10-17T05:56:01.814Z","2025-10-17T05:56:01.814Z"
"68f1da5290ad734984f7d069","optional","68f1da5690ad734984f7e80c","2025-10-17T05:56:01.814Z","2025-10-17T05:56:01.814Z"
"68f1da5290ad734984f7d807","optional","68f1da5690ad734984f7e80f","2025-10-17T05:56:01.815Z","2025-10-17T05:56:01.815Z"
"68f1da5690ad734984f7e19f","optional","68f1da5690ad734984f7e81d","2025-10-17T05:56:01.815Z","2025-10-17T05:56:01.815Z"
"68f1da5290ad734984f7cb4c","optional","68f1da5690ad734984f7e81d","2025-10-17T05:56:01.815Z","2025-10-17T05:56:01.815Z"
"68f1da5690ad734984f7e725","optional","68f1da5690ad734984f7e81d","2025-10-17T05:56:01.815Z","2025-10-17T05:56:01.815Z"
"68f1da5290ad734984f7da4e","optional","68f1da5690ad734984f7e820","2025-10-17T05:56:01.815Z","2025-10-17T05:56:01.815Z"
"68f1da5790ad734984f7efcf","optional","68f1da5690ad734984f7e820","2025-10-17T05:56:01.815Z","2025-10-17T05:56:01.815Z"
"68f1da5a90ad734984f7f42b","optional","68f1da5690ad734984f7e820","2025-10-17T05:56:01.815Z","2025-10-17T05:56:01.815Z"
"68f1da5290ad734984f7de8b","optional","68f1da5690ad734984f7e820","2025-10-17T05:56:01.815Z","2025-10-17T05:56:01.815Z"
"68f1da5690ad734984f7e292","essential","68f1da5690ad734984f7e820","2025-10-17T05:56:01.815Z","2025-10-17T05:56:01.815Z"
"68f1da5a90ad734984f7fc34","optional","68f1da5690ad734984f7e820","2025-10-17T05:56:01.815Z","2025-10-17T05:56:01.815Z"
"68f1da5a90ad734984f800a8","optional","68f1da5690ad734984f7e820","2025-10-17T05:56:01.815Z","2025-10-17T05:56:01.815Z"
"68f1da5a90ad734984f80123","optional","68f1da5690ad734984f7e820","2025-10-17T05:56:01.815Z","2025-10-17T05:56:01.815Z"
"68f1da5290ad734984f7d35f","optional","68f1da5690ad734984f7e820","2025-10-17T05:56:01.815Z","2025-10-17T05:56:01.815Z"
"68f1da5290ad734984f7cb94","optional","68f1da5690ad734984f7e82f","2025-10-17T05:56:01.815Z","2025-10-17T05:56:01.815Z"
"68f1da5a90ad734984f7f6d0","optional","68f1da5690ad734984f7e82f","2025-10-17T05:56:01.815Z","2025-10-17T05:56:01.815Z"
"68f1da5690ad734984f7e7df","optional","68f1da5690ad734984f7e832","2025-10-17T05:56:01.815Z","2025-10-17T05:56:01.815Z"
"68f1da5290ad734984f7cb96","optional","68f1da5690ad734984f7e832","2025-10-17T05:56:01.815Z","2025-10-17T05:56:01.815Z"
"68f1da5a90ad734984f7fbd8","optional","68f1da5690ad734984f7e832","2025-10-17T05:56:01.815Z","2025-10-17T05:56:01.815Z"
"68f1da5290ad734984f7d248","optional","68f1da5690ad734984f7e832","2025-10-17T05:56:01.815Z","2025-10-17T05:56:01.815Z"
"68f1da5290ad734984f7db9a","optional","68f1da5690ad734984f7e847","2025-10-17T05:56:01.815Z","2025-10-17T05:56:01.815Z"
"68f1da5a90ad734984f7f257","optional","68f1da5690ad734984f7e847","2025-10-17T05:56:01.815Z","2025-10-17T05:56:01.815Z"
"68f1da5a90ad734984f7f570","optional","68f1da5690ad734984f7e848","2025-10-17T05:56:01.815Z","2025-10-17T05:56:01.815Z"
"68f1da5290ad734984f7cda1","optional","68f1da5690ad734984f7e848","2025-10-17T05:56:01.815Z","2025-10-17T05:56:01.815Z"
"68f1da5290ad734984f7ddc1","optional","68f1da5690ad734984f7e848","2025-10-17T05:56:01.815Z","2025-10-17T05:56:01.815Z"
"68f1da5690ad734984f7ea9b","optional","68f1da5690ad734984f7e848","2025-10-17T05:56:01.815Z","2025-10-17T05:56:01.815Z"
"68f1da5690ad734984f7edd0","essential","68f1da5690ad734984f7e848","2025-10-17T05:56:01.815Z","2025-10-17T05:56:01.815Z"
"68f1da5290ad734984f7db49","optional","68f1da5690ad734984f7e84a","2025-10-17T05:56:01.815Z","2025-10-17T05:56:01.815Z"
"68f1da5790ad734984f7f1d2","optional","68f1da5690ad734984f7e84a","2025-10-17T05:56:01.815Z","2025-10-17T05:56:01.815Z"
"68f1da5a90ad734984f7fc59","optional","68f1da5690ad734984f7e84a","2025-10-17T05:56:01.816Z","2025-10-17T05:56:01.816Z"
"68f1da5290ad734984f7de7c","essential","68f1da5690ad734984f7e84a","2025-10-17T05:56:01.815Z","2025-10-17T05:56:01.815Z"
"68f1da5a90ad734984f7f661","optional","68f1da5690ad734984f7e84a","2025-10-17T05:56:01.815Z","2025-10-17T05:56:01.815Z"
"68f1da5690ad734984f7df9d","optional","68f1da5690ad734984f7e84a","2025-10-17T05:56:01.815Z","2025-10-17T05:56:01.815Z"
"68f1da5a90ad734984f7fb32","optional","68f1da5690ad734984f7e84a","2025-10-17T05:56:01.815Z","2025-10-17T05:56:01.815Z"
"68f1da5a90ad734984f80181","optional","68f1da5690ad734984f7e84a","2025-10-17T05:56:01.816Z","2025-10-17T05:56:01.816Z"
"68f1da5290ad734984f7d536","optional","68f1da5690ad734984f7e84f","2025-10-17T05:56:01.816Z","2025-10-17T05:56:01.816Z"
"68f1da5690ad734984f7e07e","optional","68f1da5690ad734984f7e853","2025-10-17T05:56:01.816Z","2025-10-17T05:56:01.816Z"
"68f1da5690ad734984f7edd8","optional","68f1da5690ad734984f7e866","2025-10-17T05:56:01.816Z","2025-10-17T05:56:01.816Z"
"68f1da5290ad734984f7cc8a","optional","68f1da5690ad734984f7e866","2025-10-17T05:56:01.816Z","2025-10-17T05:56:01.816Z"
"68f1da5290ad734984f7cfbe","optional","68f1da5690ad734984f7e866","2025-10-17T05:56:01.816Z","2025-10-17T05:56:01.816Z"
"68f1da5290ad734984f7d3c1","optional","68f1da5690ad734984f7e866","2025-10-17T05:56:01.816Z","2025-10-17T05:56:01.816Z"
"68f1da5290ad734984f7d4a2","optional","68f1da5690ad734984f7e866","2025-10-17T05:56:01.816Z","2025-10-17T05:56:01.816Z"
"68f1da5690ad734984f7dfa2","optional","68f1da5690ad734984f7e86f","2025-10-17T05:56:01.816Z","2025-10-17T05:56:01.816Z"
"68f1da5a90ad734984f7fcf2","optional","68f1da5690ad734984f7e86f","2025-10-17T05:56:01.816Z","2025-10-17T05:56:01.816Z"
"68f1da5290ad734984f7d753","optional","68f1da5690ad734984f7e86f","2025-10-17T05:56:01.816Z","2025-10-17T05:56:01.816Z"
"68f1da5a90ad734984f7fe9b","optional","68f1da5690ad734984f7e86f","2025-10-17T05:56:01.816Z","2025-10-17T05:56:01.816Z"
"68f1da5690ad734984f7e775","optional","68f1da5690ad734984f7e86f","2025-10-17T05:56:01.816Z","2025-10-17T05:56:01.816Z"
"68f1da5690ad734984f7e2e5","optional","68f1da5690ad734984f7e871","2025-10-17T05:56:01.816Z","2025-10-17T05:56:01.816Z"
"68f1da5290ad734984f7cf1f","optional","68f1da5690ad734984f7e871","2025-10-17T05:56:01.816Z","2025-10-17T05:56:01.816Z"
"68f1da5290ad734984f7d935","optional","68f1da5690ad734984f7e871","2025-10-17T05:56:01.816Z","2025-10-17T05:56:01.816Z"
"68f1da5690ad734984f7e109","optional","68f1da5690ad734984f7e871","2025-10-17T05:56:01.816Z","2025-10-17T05:56:01.816Z"
"68f1da5690ad734984f7ea55","optional","68f1da5690ad734984f7e871","2025-10-17T05:56:01.816Z","2025-10-17T05:56:01.816Z"
"68f1da5690ad734984f7eab9","optional","68f1da5690ad734984f7e871","2025-10-17T05:56:01.816Z","2025-10-17T05:56:01.816Z"
"68f1da5690ad734984f7e055","optional","68f1da5690ad734984f7e877","2025-10-17T05:56:01.815Z","2025-10-17T05:56:01.815Z"
"68f1da5290ad734984f7d7d4","optional","68f1da5690ad734984f7e877","2025-10-17T05:56:01.814Z","2025-10-17T05:56:01.814Z"
"68f1da5a90ad734984f7febf","optional","68f1da5690ad734984f7e88b","2025-10-17T05:56:01.817Z","2025-10-17T05:56:01.817Z"
"68f1da5290ad734984f7cc3f","optional","68f1da5690ad734984f7e88b","2025-10-17T05:56:01.817Z","2025-10-17T05:56:01.817Z"
"68f1da5290ad734984f7dc62","optional","68f1da5690ad734984f7e88b","2025-10-17T05:56:01.817Z","2025-10-17T05:56:01.817Z"
"68f1da5a90ad734984f7fa1d","optional","68f1da5690ad734984f7e88b","2025-10-17T05:56:01.817Z","2025-10-17T05:56:01.817Z"
"68f1da5a90ad734984f7f74d","optional","68f1da5690ad734984f7e890","2025-10-17T05:56:01.817Z","2025-10-17T05:56:01.817Z"
"68f1da5690ad734984f7e318","optional","68f1da5690ad734984f7e890","2025-10-17T05:56:01.817Z","2025-10-17T05:56:01.817Z"
"68f1da5690ad734984f7e844","optional","68f1da5690ad734984f7e890","2025-10-17T05:56:01.817Z","2025-10-17T05:56:01.817Z"
"68f1da5a90ad734984f7fb7c","optional","68f1da5690ad734984f7e893","2025-10-17T05:56:01.817Z","2025-10-17T05:56:01.817Z"
"68f1da5290ad734984f7d079","optional","68f1da5690ad734984f7e893","2025-10-17T05:56:01.817Z","2025-10-17T05:56:01.817Z"
"68f1da5a90ad734984f7f912","optional","68f1da5690ad734984f7e89f","2025-10-17T05:56:01.817Z","2025-10-17T05:56:01.817Z"
"68f1da5690ad734984f7ed70","optional","68f1da5690ad734984f7e89f","2025-10-17T05:56:01.817Z","2025-10-17T05:56:01.817Z"
"68f1da5a90ad734984f7f463","optional","68f1da5690ad734984f7e8a8","2025-10-17T05:56:01.817Z","2025-10-17T05:56:01.817Z"
"68f1da5690ad734984f7e429","optional","68f1da5690ad734984f7e8a8","2025-10-17T05:56:01.816Z","2025-10-17T05:56:01.816Z"
"68f1da5690ad734984f7e945","optional","68f1da5690ad734984f7e8a8","2025-10-17T05:56:01.817Z","2025-10-17T05:56:01.817Z"
"68f1da5a90ad734984f7ff51","optional","68f1da5690ad734984f7e8a8","2025-10-17T05:56:01.817Z","2025-10-17T05:56:01.817Z"
"68f1da5290ad734984f7d863","optional","68f1da5690ad734984f7e8a8","2025-10-17T05:56:01.816Z","2025-10-17T05:56:01.816Z"
"68f1da5690ad734984f7e494","essential","68f1da5690ad734984f7e8ac","2025-10-17T05:56:01.817Z","2025-10-17T05:56:01.817Z"
"68f1da5290ad734984f7dd8a","optional","68f1da5690ad734984f7e8ad","2025-10-17T05:56:01.817Z","2025-10-17T05:56:01.817Z"
"68f1da5290ad734984f7d006","optional","68f1da5690ad734984f7e8b3","2025-10-17T05:56:01.817Z","2025-10-17T05:56:01.817Z"
"68f1da5790ad734984f7ef08","optional","68f1da5690ad734984f7e8bf","2025-10-17T05:56:01.816Z","2025-10-17T05:56:01.816Z"
"68f1da5290ad734984f7d24e","optional","68f1da5690ad734984f7e8c3","2025-10-17T05:56:01.816Z","2025-10-17T05:56:01.816Z"
"68f1da5690ad734984f7df7b","optional","68f1da5690ad734984f7e8c3","2025-10-17T05:56:01.816Z","2025-10-17T05:56:01.816Z"
"68f1da5690ad734984f7dfba","optional","68f1da5690ad734984f7e8c3","2025-10-17T05:56:01.816Z","2025-10-17T05:56:01.816Z"
"68f1da5690ad734984f7e6c5","optional","68f1da5690ad734984f7e8c3","2025-10-17T05:56:01.816Z","2025-10-17T05:56:01.816Z"
"68f1da5790ad734984f7ef0d","optional","68f1da5690ad734984f7e8c3","2025-10-17T05:56:01.816Z","2025-10-17T05:56:01.816Z"
"68f1da5690ad734984f7ee19","optional","68f1da5690ad734984f7e8c7","2025-10-17T05:56:01.816Z","2025-10-17T05:56:01.816Z"
"68f1da5690ad734984f7e5c0","optional","68f1da5690ad734984f7e8d6","2025-10-17T05:56:01.816Z","2025-10-17T05:56:01.816Z"
"68f1da5690ad734984f7e9be","optional","68f1da5690ad734984f7e8d6","2025-10-17T05:56:01.816Z","2025-10-17T05:56:01.816Z"
"68f1da5690ad734984f7e690","essential","68f1da5690ad734984f7e8e2","2025-10-17T05:56:01.816Z","2025-10-17T05:56:01.816Z"
"68f1da5690ad734984f7e23f","optional","68f1da5690ad734984f7e8ec","2025-10-17T05:56:01.816Z","2025-10-17T05:56:01.816Z"
"68f1da5790ad734984f7ef71","optional","68f1da5690ad734984f7e8ec","2025-10-17T05:56:01.816Z","2025-10-17T05:56:01.816Z"
"68f1da5290ad734984f7d033","optional","68f1da5690ad734984f7e8ec","2025-10-17T05:56:01.816Z","2025-10-17T05:56:01.816Z"
"68f1da5a90ad734984f7fb23","optional","68f1da5690ad734984f7e8ec","2025-10-17T05:56:01.816Z","2025-10-17T05:56:01.816Z"
"68f1da5290ad734984f7cee1","optional","68f1da5690ad734984f7e8f2","2025-10-17T05:56:01.817Z","2025-10-17T05:56:01.817Z"
"68f1da5a90ad734984f7f301","optional","68f1da5690ad734984f7e8f2","2025-10-17T05:56:01.817Z","2025-10-17T05:56:01.817Z"
"68f1da5290ad734984f7d4a5","optional","68f1da5690ad734984f7e8f8","2025-10-17T05:56:01.817Z","2025-10-17T05:56:01.817Z"
"68f1da5690ad734984f7e482","optional","68f1da5690ad734984f7e8f8","2025-10-17T05:56:01.817Z","2025-10-17T05:56:01.817Z"
"68f1da5690ad734984f7e938","optional","68f1da5690ad734984f7e8f8","2025-10-17T05:56:01.817Z","2025-10-17T05:56:01.817Z"
"68f1da5a90ad734984f7fcba","optional","68f1da5690ad734984f7e8f8","2025-10-17T05:56:01.817Z","2025-10-17T05:56:01.817Z"
"68f1da5290ad734984f7d0d4","optional","68f1da5690ad734984f7e8f8","2025-10-17T05:56:01.817Z","2025-10-17T05:56:01.817Z"
"68f1da5a90ad734984f7f465","optional","68f1da5690ad734984f7e8f8","2025-10-17T05:56:01.817Z","2025-10-17T05:56:01.817Z"
"68f1da5290ad734984f7d729","optional","68f1da5690ad734984f7e8fa","2025-10-17T05:56:01.817Z","2025-10-17T05:56:01.817Z"
"68f1da5690ad734984f7e016","optional","68f1da5690ad734984f7e903","2025-10-17T05:56:01.817Z","2025-10-17T05:56:01.817Z"
"68f1da5790ad734984f7f0fb","optional","68f1da5690ad734984f7e903","2025-10-17T05:56:01.817Z","2025-10-17T05:56:01.817Z"
"68f1da5290ad734984f7d3e8","optional","68f1da5690ad734984f7e906","2025-10-17T05:56:01.817Z","2025-10-17T05:56:01.817Z"
"68f1da5690ad734984f7e25f","optional","68f1da5690ad734984f7e906","2025-10-17T05:56:01.817Z","2025-10-17T05:56:01.817Z"
"68f1da5690ad734984f7df81","optional","68f1da5690ad734984f7e906","2025-10-17T05:56:01.817Z","2025-10-17T05:56:01.817Z"
"68f1da5290ad734984f7d929","optional","68f1da5690ad734984f7e906","2025-10-17T05:56:01.817Z","2025-10-17T05:56:01.817Z"
"68f1da5290ad734984f7d9a2","optional","68f1da5690ad734984f7e909","2025-10-17T05:56:01.817Z","2025-10-17T05:56:01.817Z"
"68f1da5a90ad734984f7f824","optional","68f1da5690ad734984f7e909","2025-10-17T05:56:01.817Z","2025-10-17T05:56:01.817Z"
"68f1da5a90ad734984f7ff40","optional","68f1da5690ad734984f7e90b","2025-10-17T05:56:01.818Z","2025-10-17T05:56:01.818Z"
"68f1da5a90ad734984f7fe29","optional","68f1da5690ad734984f7e90b","2025-10-17T05:56:01.818Z","2025-10-17T05:56:01.818Z"
"68f1da5a90ad734984f7fdce","optional","68f1da5690ad734984f7e90b","2025-10-17T05:56:01.817Z","2025-10-17T05:56:01.817Z"
"68f1da5a90ad734984f7f77d","optional","68f1da5690ad734984f7e913","2025-10-17T05:56:01.818Z","2025-10-17T05:56:01.818Z"
"68f1da5290ad734984f7cc09","optional","68f1da5690ad734984f7e916","2025-10-17T05:56:01.818Z","2025-10-17T05:56:01.818Z"
"68f1da5290ad734984f7dcad","optional","68f1da5690ad734984f7e916","2025-10-17T05:56:01.818Z","2025-10-17T05:56:01.818Z"
"68f1da5690ad734984f7dfea","optional","68f1da5690ad734984f7e91b","2025-10-17T05:56:01.818Z","2025-10-17T05:56:01.818Z"
"68f1da5a90ad734984f7fcfe","optional","68f1da5690ad734984f7e91b","2025-10-17T05:56:01.818Z","2025-10-17T05:56:01.818Z"
"68f1da5a90ad734984f8017f","optional","68f1da5690ad734984f7e91b","2025-10-17T05:56:01.818Z","2025-10-17T05:56:01.818Z"
"68f1da5690ad734984f7e568","optional","68f1da5690ad734984f7e926","2025-10-17T05:56:01.819Z","2025-10-17T05:56:01.819Z"
"68f1da5290ad734984f7de9a","optional","68f1da5690ad734984f7e927","2025-10-17T05:56:01.819Z","2025-10-17T05:56:01.819Z"
"68f1da5290ad734984f7d220","optional","68f1da5690ad734984f7e927","2025-10-17T05:56:01.819Z","2025-10-17T05:56:01.819Z"
"68f1da5690ad734984f7df69","optional","68f1da5690ad734984f7e931","2025-10-17T05:56:01.819Z","2025-10-17T05:56:01.819Z"
"68f1da5290ad734984f7d9e5","optional","68f1da5690ad734984f7e931","2025-10-17T05:56:01.819Z","2025-10-17T05:56:01.819Z"
"68f1da5690ad734984f7e83d","optional","68f1da5690ad734984f7e931","2025-10-17T05:56:01.819Z","2025-10-17T05:56:01.819Z"
"68f1da5690ad734984f7ec01","optional","68f1da5690ad734984f7e931","2025-10-17T05:56:01.819Z","2025-10-17T05:56:01.819Z"
"68f1da5690ad734984f7ee6f","optional","68f1da5690ad734984f7e931","2025-10-17T05:56:01.819Z","2025-10-17T05:56:01.819Z"
"68f1da5290ad734984f7d552","optional","68f1da5690ad734984f7e931","2025-10-17T05:56:01.819Z","2025-10-17T05:56:01.819Z"
"68f1da5290ad734984f7d8b7","optional","68f1da5690ad734984f7e931","2025-10-17T05:56:01.819Z","2025-10-17T05:56:01.819Z"
"68f1da5690ad734984f7dfd6","optional","68f1da5690ad734984f7e931","2025-10-17T05:56:01.819Z","2025-10-17T05:56:01.819Z"
"68f1da5a90ad734984f7fdb3","optional","68f1da5690ad734984f7e931","2025-10-17T05:56:01.819Z","2025-10-17T05:56:01.819Z"
"68f1da5790ad734984f7ef48","optional","68f1da5690ad734984f7e940","2025-10-17T05:56:01.819Z","2025-10-17T05:56:01.819Z"
"68f1da5690ad734984f7e26f","optional","68f1da5690ad734984f7e940","2025-10-17T05:56:01.819Z","2025-10-17T05:56:01.819Z"
"68f1da5690ad734984f7e1d4","essential","68f1da5690ad734984f7e949","2025-10-17T05:56:01.819Z","2025-10-17T05:56:01.819Z"
"68f1da5290ad734984f7cf0a","optional","68f1da5690ad734984f7e955","2025-10-17T05:56:01.818Z","2025-10-17T05:56:01.818Z"
"68f1da5290ad734984f7d410","optional","68f1da5690ad734984f7e955","2025-10-17T05:56:01.818Z","2025-10-17T05:56:01.818Z"
"68f1da5290ad734984f7dde3","optional","68f1da5690ad734984f7e955","2025-10-17T05:56:01.818Z","2025-10-17T05:56:01.818Z"
"68f1da5690ad734984f7ecc7","optional","68f1da5690ad734984f7e955","2025-10-17T05:56:01.818Z","2025-10-17T05:56:01.818Z"
"68f1da5690ad734984f7e2f5","optional","68f1da5690ad734984f7e965","2025-10-17T05:56:01.818Z","2025-10-17T05:56:01.818Z"
"68f1da5690ad734984f7eddf","optional","68f1da5690ad734984f7e965","2025-10-17T05:56:01.818Z","2025-10-17T05:56:01.818Z"
"68f1da5690ad734984f7ec1b","optional","68f1da5690ad734984f7e965","2025-10-17T05:56:01.818Z","2025-10-17T05:56:01.818Z"
"68f1da5a90ad734984f7fb6d","optional","68f1da5690ad734984f7e96a","2025-10-17T05:56:01.818Z","2025-10-17T05:56:01.818Z"
"68f1da5290ad734984f7d3b8","optional","68f1da5690ad734984f7e96a","2025-10-17T05:56:01.818Z","2025-10-17T05:56:01.818Z"
"68f1da5690ad734984f7ee9d","optional","68f1da5690ad734984f7e96a","2025-10-17T05:56:01.818Z","2025-10-17T05:56:01.818Z"
"68f1da5a90ad734984f7f40d","essential","68f1da5690ad734984f7e96b","2025-10-17T05:56:01.818Z","2025-10-17T05:56:01.818Z"
"68f1da5290ad734984f7ce2b","optional","68f1da5690ad734984f7e96e","2025-10-17T05:56:01.818Z","2025-10-17T05:56:01.818Z"
"68f1da5690ad734984f7e8a0","optional","68f1da5690ad734984f7e96e","2025-10-17T05:56:01.818Z","2025-10-17T05:56:01.818Z"
"68f1da5690ad734984f7eae2","optional","68f1da5690ad734984f7e96e","2025-10-17T05:56:01.818Z","2025-10-17T05:56:01.818Z"
"68f1da5290ad734984f7d853","optional","68f1da5690ad734984f7e96e","2025-10-17T05:56:01.818Z","2025-10-17T05:56:01.818Z"
"68f1da5290ad734984f7cbd4","optional","68f1da5690ad734984f7e973","2025-10-17T05:56:01.818Z","2025-10-17T05:56:01.818Z"
"68f1da5a90ad734984f80106","optional","68f1da5690ad734984f7e973","2025-10-17T05:56:01.818Z","2025-10-17T05:56:01.818Z"
"68f1da5a90ad734984f7f620","optional","68f1da5690ad734984f7e975","2025-10-17T05:56:01.818Z","2025-10-17T05:56:01.818Z"
"68f1da5a90ad734984f7fd22","optional","68f1da5690ad734984f7e975","2025-10-17T05:56:01.818Z","2025-10-17T05:56:01.818Z"
"68f1da5a90ad734984f8003b","optional","68f1da5690ad734984f7e975","2025-10-17T05:56:01.818Z","2025-10-17T05:56:01.818Z"
"68f1da5a90ad734984f7f9cf","optional","68f1da5690ad734984f7e975","2025-10-17T05:56:01.818Z","2025-10-17T05:56:01.818Z"
"68f1da5690ad734984f7ee65","optional","68f1da5690ad734984f7e97a","2025-10-17T05:56:01.818Z","2025-10-17T05:56:01.818Z"
"68f1da5690ad734984f7e9ce","optional","68f1da5690ad734984f7e97c","2025-10-17T05:56:01.818Z","2025-10-17T05:56:01.818Z"
"68f1da5290ad734984f7d6c9","optional","68f1da5690ad734984f7e97d","2025-10-17T05:56:01.818Z","2025-10-17T05:56:01.818Z"
"68f1da5a90ad734984f7f40b","optional","68f1da5690ad734984f7e97d","2025-10-17T05:56:01.818Z","2025-10-17T05:56:01.818Z"
"68f1da5690ad734984f7e00a","optional","68f1da5690ad734984f7e982","2025-10-17T05:56:01.818Z","2025-10-17T05:56:01.818Z"
"68f1da5290ad734984f7da0e","optional","68f1da5690ad734984f7e982","2025-10-17T05:56:01.818Z","2025-10-17T05:56:01.818Z"
"68f1da5290ad734984f7cc90","optional","68f1da5690ad734984f7e982","2025-10-17T05:56:01.818Z","2025-10-17T05:56:01.818Z"
"68f1da5a90ad734984f7f419","optional","68f1da5690ad734984f7e983","2025-10-17T05:56:01.818Z","2025-10-17T05:56:01.818Z"
"68f1da5290ad734984f7d4fc","optional","68f1da5690ad734984f7e984","2025-10-17T05:56:01.819Z","2025-10-17T05:56:01.819Z"
"68f1da5290ad734984f7d899","optional","68f1da5690ad734984f7e984","2025-10-17T05:56:01.819Z","2025-10-17T05:56:01.819Z"
"68f1da5690ad734984f7eaa1","optional","68f1da5690ad734984f7e984","2025-10-17T05:56:01.819Z","2025-10-17T05:56:01.819Z"
"68f1da5a90ad734984f7fc9e","optional","68f1da5690ad734984f7e984","2025-10-17T05:56:01.819Z","2025-10-17T05:56:01.819Z"
"68f1da5690ad734984f7eeb7","optional","68f1da5690ad734984f7e986","2025-10-17T05:56:01.820Z","2025-10-17T05:56:01.820Z"
"68f1da5790ad734984f7f081","optional","68f1da5690ad734984f7e986","2025-10-17T05:56:01.820Z","2025-10-17T05:56:01.820Z"
"68f1da5a90ad734984f7fafb","optional","68f1da5690ad734984f7e986","2025-10-17T05:56:01.820Z","2025-10-17T05:56:01.820Z"
"68f1da5290ad734984f7ccfc","optional","68f1da5690ad734984f7e986","2025-10-17T05:56:01.819Z","2025-10-17T05:56:01.819Z"
"68f1da5290ad734984f7d2ab","optional","68f1da5690ad734984f7e986","2025-10-17T05:56:01.819Z","2025-10-17T05:56:01.819Z"
"68f1da5690ad734984f7e555","optional","68f1da5690ad734984f7e986","2025-10-17T05:56:01.819Z","2025-10-17T05:56:01.819Z"
"68f1da5a90ad734984f7f941","optional","68f1da5690ad734984f7e986","2025-10-17T05:56:01.820Z","2025-10-17T05:56:01.820Z"
"68f1da5a90ad734984f7fe73","optional","68f1da5690ad734984f7e986","2025-10-17T05:56:01.820Z","2025-10-17T05:56:01.820Z"
"68f1da5290ad734984f7d295","optional","68f1da5690ad734984f7e98a","2025-10-17T05:56:01.820Z","2025-10-17T05:56:01.820Z"
"68f1da5290ad734984f7d66b","optional","68f1da5690ad734984f7e98a","2025-10-17T05:56:01.820Z","2025-10-17T05:56:01.820Z"
"68f1da5690ad734984f7e4b7","optional","68f1da5690ad734984f7e997","2025-10-17T05:56:01.820Z","2025-10-17T05:56:01.820Z"
"68f1da5690ad734984f7ee4a","optional","68f1da5690ad734984f7e997","2025-10-17T05:56:01.820Z","2025-10-17T05:56:01.820Z"
"68f1da5290ad734984f7d73e","optional","68f1da5690ad734984f7e997","2025-10-17T05:56:01.820Z","2025-10-17T05:56:01.820Z"
"68f1da5290ad734984f7d1a3","optional","68f1da5690ad734984f7e9a2","2025-10-17T05:56:01.819Z","2025-10-17T05:56:01.819Z"
"68f1da5690ad734984f7ebcb","optional","68f1da5690ad734984f7e9a2","2025-10-17T05:56:01.819Z","2025-10-17T05:56:01.819Z"
"68f1da5290ad734984f7deb6","optional","68f1da5690ad734984f7e9a2","2025-10-17T05:56:01.819Z","2025-10-17T05:56:01.819Z"
"68f1da5690ad734984f7e467","optional","68f1da5690ad734984f7e9a2","2025-10-17T05:56:01.819Z","2025-10-17T05:56:01.819Z"
"68f1da5790ad734984f7f02e","optional","68f1da5690ad734984f7e9a2","2025-10-17T05:56:01.819Z","2025-10-17T05:56:01.819Z"
"68f1da5a90ad734984f7fd1a","optional","68f1da5690ad734984f7e9a2","2025-10-17T05:56:01.819Z","2025-10-17T05:56:01.819Z"
"68f1da5290ad734984f7ce5c","optional","68f1da5690ad734984f7e9a7","2025-10-17T05:56:01.819Z","2025-10-17T05:56:01.819Z"
"68f1da5290ad734984f7ce67","optional","68f1da5690ad734984f7e9a7","2025-10-17T05:56:01.819Z","2025-10-17T05:56:01.819Z"
"68f1da5690ad734984f7dfe3","optional","68f1da5690ad734984f7e9a7","2025-10-17T05:56:01.819Z","2025-10-17T05:56:01.819Z"
"68f1da5a90ad734984f7f301","optional","68f1da5690ad734984f7e9a7","2025-10-17T05:56:01.819Z","2025-10-17T05:56:01.819Z"
"68f1da5290ad734984f7ddc0","optional","68f1da5690ad734984f7e9a7","2025-10-17T05:56:01.819Z","2025-10-17T05:56:01.819Z"
"68f1da5690ad734984f7e127","optional","68f1da5690ad734984f7e9a7","2025-10-17T05:56:01.819Z","2025-10-17T05:56:01.819Z"
"68f1da5a90ad734984f7f51d","optional","68f1da5690ad734984f7e9b3","2025-10-17T05:56:01.819Z","2025-10-17T05:56:01.819Z"
"68f1da5290ad734984f7db92","optional","68f1da5690ad734984f7e9b3","2025-10-17T05:56:01.819Z","2025-10-17T05:56:01.819Z"
"68f1da5690ad734984f7eb3f","optional","68f1da5690ad734984f7e9b7","2025-10-17T05:56:01.820Z","2025-10-17T05:56:01.820Z"
"68f1da5290ad734984f7de6e","optional","68f1da5690ad734984f7e9c8","2025-10-17T05:56:01.820Z","2025-10-17T05:56:01.820Z"
"68f1da5290ad734984f7dc1d","optional","68f1da5690ad734984f7e9c8","2025-10-17T05:56:01.820Z","2025-10-17T05:56:01.820Z"
"68f1da5a90ad734984f7fc6f","optional","68f1da5690ad734984f7e9c8","2025-10-17T05:56:01.820Z","2025-10-17T05:56:01.820Z"
"68f1da5290ad734984f7d35d","optional","68f1da5690ad734984f7e9ca","2025-10-17T05:56:01.820Z","2025-10-17T05:56:01.820Z"
"68f1da5290ad734984f7ce1c","optional","68f1da5690ad734984f7e9ca","2025-10-17T05:56:01.820Z","2025-10-17T05:56:01.820Z"
"68f1da5290ad734984f7d6df","optional","68f1da5690ad734984f7e9cc","2025-10-17T05:56:01.820Z","2025-10-17T05:56:01.820Z"
"68f1da5690ad734984f7e482","optional","68f1da5690ad734984f7e9da","2025-10-17T05:56:01.820Z","2025-10-17T05:56:01.820Z"
"68f1da5690ad734984f7e5ac","optional","68f1da5690ad734984f7e9da","2025-10-17T05:56:01.820Z","2025-10-17T05:56:01.820Z"
"68f1da5a90ad734984f7ff7b","optional","68f1da5690ad734984f7e9da","2025-10-17T05:56:01.820Z","2025-10-17T05:56:01.820Z"
"68f1da5290ad734984f7d486","optional","68f1da5690ad734984f7e9e1","2025-10-17T05:56:01.820Z","2025-10-17T05:56:01.820Z"
"68f1da5290ad734984f7d33a","optional","68f1da5690ad734984f7e9e1","2025-10-17T05:56:01.820Z","2025-10-17T05:56:01.820Z"
"68f1da5290ad734984f7dbe4","optional","68f1da5690ad734984f7e9e1","2025-10-17T05:56:01.820Z","2025-10-17T05:56:01.820Z"
"68f1da5690ad734984f7dede","optional","68f1da5690ad734984f7e9e1","2025-10-17T05:56:01.820Z","2025-10-17T05:56:01.820Z"
"68f1da5690ad734984f7ec7d","optional","68f1da5690ad734984f7e9ea","2025-10-17T05:56:01.820Z","2025-10-17T05:56:01.820Z"
"68f1da5a90ad734984f7f48c","optional","68f1da5690ad734984f7e9ea","2025-10-17T05:56:01.820Z","2025-10-17T05:56:01.820Z"
"68f1da5a90ad734984f7f4d1","optional","68f1da5690ad734984f7e9ea","2025-10-17T05:56:01.820Z","2025-10-17T05:56:01.820Z"
"68f1da5690ad734984f7ed1c","optional","68f1da5690ad734984f7e9ea","2025-10-17T05:56:01.820Z","2025-10-17T05:56:01.820Z"
"68f1da5690ad734984f7ee89","optional","68f1da5690ad734984f7e9ea","2025-10-17T05:56:01.820Z","2025-10-17T05:56:01.820Z"
"68f1da5790ad734984f7ef88","optional","68f1da5690ad734984f7e9ea","2025-10-17T05:56:01.820Z","2025-10-17T05:56:01.820Z"
"68f1da5a90ad734984f7f890","optional","68f1da5690ad734984f7e9ea","2025-10-17T05:56:01.820Z","2025-10-17T05:56:01.820Z"
"68f1da5a90ad734984f7fca1","optional","68f1da5690ad734984f7e9ee","2025-10-17T05:56:01.820Z","2025-10-17T05:56:01.820Z"
"68f1da5290ad734984f7cf4c","optional","68f1da5690ad734984f7ea03","2025-10-17T05:56:01.820Z","2025-10-17T05:56:01.820Z"
"68f1da5690ad734984f7e01e","optional","68f1da5690ad734984f7ea0a","2025-10-17T05:56:01.820Z","2025-10-17T05:56:01.820Z"
"68f1da5290ad734984f7d651","optional","68f1da5690ad734984f7ea0a","2025-10-17T05:56:01.820Z","2025-10-17T05:56:01.820Z"
"68f1da5790ad734984f7eee2","optional","68f1da5690ad734984f7ea0c","2025-10-17T05:56:01.820Z","2025-10-17T05:56:01.820Z"
"68f1da5a90ad734984f7f4c2","optional","68f1da5690ad734984f7ea0f","2025-10-17T05:56:01.821Z","2025-10-17T05:56:01.821Z"
"68f1da5290ad734984f7d4d3","optional","68f1da5690ad734984f7ea0f","2025-10-17T05:56:01.821Z","2025-10-17T05:56:01.821Z"
"68f1da5290ad734984f7d819","optional","68f1da5690ad734984f7ea0f","2025-10-17T05:56:01.821Z","2025-10-17T05:56:01.821Z"
"68f1da5290ad734984f7d47b","optional","68f1da5690ad734984f7ea15","2025-10-17T05:56:01.821Z","2025-10-17T05:56:01.821Z"
"68f1da5690ad734984f7e6af","optional","68f1da5690ad734984f7ea15","2025-10-17T05:56:01.821Z","2025-10-17T05:56:01.821Z"
"68f1da5690ad734984f7e9c5","optional","68f1da5690ad734984f7ea15","2025-10-17T05:56:01.821Z","2025-10-17T05:56:01.821Z"
"68f1da5290ad734984f7cb4a","optional","68f1da5690ad734984f7ea15","2025-10-17T05:56:01.821Z","2025-10-17T05:56:01.821Z"
"68f1da5a90ad734984f7f6dd","optional","68f1da5690ad734984f7ea15","2025-10-17T05:56:01.821Z","2025-10-17T05:56:01.821Z"
"68f1da5a90ad734984f8011d","optional","68f1da5690ad734984f7ea1a","2025-10-17T05:56:01.821Z","2025-10-17T05:56:01.821Z"
"68f1da5690ad734984f7ea18","optional","68f1da5690ad734984f7ea21","2025-10-17T05:56:01.821Z","2025-10-17T05:56:01.821Z"
"68f1da5a90ad734984f7ff5e","optional","68f1da5690ad734984f7ea21","2025-10-17T05:56:01.821Z","2025-10-17T05:56:01.821Z"
"68f1da5690ad734984f7ec93","optional","68f1da5690ad734984f7ea21","2025-10-17T05:56:01.821Z","2025-10-17T05:56:01.821Z"
"68f1da5290ad734984f7d63b","optional","68f1da5690ad734984f7ea22","2025-10-17T05:56:01.821Z","2025-10-17T05:56:01.821Z"
"68f1da5690ad734984f7e38f","optional","68f1da5690ad734984f7ea22","2025-10-17T05:56:01.821Z","2025-10-17T05:56:01.821Z"
"68f1da5a90ad734984f7fdf4","optional","68f1da5690ad734984f7ea22","2025-10-17T05:56:01.821Z","2025-10-17T05:56:01.821Z"
"68f1da5a90ad734984f7fe97","optional","68f1da5690ad734984f7ea22","2025-10-17T05:56:01.821Z","2025-10-17T05:56:01.821Z"
"68f1da5290ad734984f7d40d","optional","68f1da5690ad734984f7ea22","2025-10-17T05:56:01.821Z","2025-10-17T05:56:01.821Z"
"68f1da5290ad734984f7d287","optional","68f1da5690ad734984f7ea22","2025-10-17T05:56:01.821Z","2025-10-17T05:56:01.821Z"
"68f1da5290ad734984f7d40c","optional","68f1da5690ad734984f7ea22","2025-10-17T05:56:01.821Z","2025-10-17T05:56:01.821Z"
"68f1da5a90ad734984f7fb5d","optional","68f1da5690ad734984f7ea22","2025-10-17T05:56:01.821Z","2025-10-17T05:56:01.821Z"
"68f1da5a90ad734984f7ffc0","optional","68f1da5690ad734984f7ea22","2025-10-17T05:56:01.821Z","2025-10-17T05:56:01.821Z"
"68f1da5290ad734984f7d4e1","optional","68f1da5690ad734984f7ea41","2025-10-17T05:56:01.829Z","2025-10-17T05:56:01.829Z"
"68f1da5790ad734984f7f02b","optional","68f1da5690ad734984f7ea41","2025-10-17T05:56:01.829Z","2025-10-17T05:56:01.829Z"
"68f1da5a90ad734984f7f7c6","optional","68f1da5690ad734984f7ea47","2025-10-17T05:56:01.829Z","2025-10-17T05:56:01.829Z"
"68f1da5a90ad734984f7f4bb","optional","68f1da5690ad734984f7ea47","2025-10-17T05:56:01.829Z","2025-10-17T05:56:01.829Z"
"68f1da5290ad734984f7dbe0","optional","68f1da5690ad734984f7ea4c","2025-10-17T05:56:01.829Z","2025-10-17T05:56:01.829Z"
"68f1da5290ad734984f7dd77","optional","68f1da5690ad734984f7ea4c","2025-10-17T05:56:01.830Z","2025-10-17T05:56:01.830Z"
"68f1da5790ad734984f7ef63","essential","68f1da5690ad734984f7ea56","2025-10-17T05:56:01.830Z","2025-10-17T05:56:01.830Z"
"68f1da5290ad734984f7d477","optional","68f1da5690ad734984f7ea56","2025-10-17T05:56:01.830Z","2025-10-17T05:56:01.830Z"
"68f1da5a90ad734984f7fcb2","optional","68f1da5690ad734984f7ea5d","2025-10-17T05:56:01.830Z","2025-10-17T05:56:01.830Z"
"68f1da5690ad734984f7e59f","optional","68f1da5690ad734984f7ea65","2025-10-17T05:56:01.830Z","2025-10-17T05:56:01.830Z"
"68f1da5a90ad734984f7f467","optional","68f1da5690ad734984f7ea6a","2025-10-17T05:56:01.830Z","2025-10-17T05:56:01.830Z"
"68f1da5a90ad734984f7fcbc","optional","68f1da5690ad734984f7ea6c","2025-10-17T05:56:01.830Z","2025-10-17T05:56:01.830Z"
"68f1da5790ad734984f7f117","optional","68f1da5690ad734984f7ea6c","2025-10-17T05:56:01.830Z","2025-10-17T05:56:01.830Z"
"68f1da5790ad734984f7f1fd","optional","68f1da5690ad734984f7ea6c","2025-10-17T05:56:01.830Z","2025-10-17T05:56:01.830Z"
"68f1da5690ad734984f7e514","optional","68f1da5690ad734984f7ea6c","2025-10-17T05:56:01.830Z","2025-10-17T05:56:01.830Z"
"68f1da5690ad734984f7e825","optional","68f1da5690ad734984f7ea6e","2025-10-17T05:56:01.830Z","2025-10-17T05:56:01.830Z"
"68f1da5a90ad734984f7f973","optional","68f1da5690ad734984f7ea6e","2025-10-17T05:56:01.830Z","2025-10-17T05:56:01.830Z"
"68f1da5290ad734984f7d0a4","optional","68f1da5690ad734984f7ea74","2025-10-17T05:56:01.830Z","2025-10-17T05:56:01.830Z"
"68f1da5290ad734984f7d641","optional","68f1da5690ad734984f7ea74","2025-10-17T05:56:01.830Z","2025-10-17T05:56:01.830Z"
"68f1da5a90ad734984f7f39b","optional","68f1da5690ad734984f7ea74","2025-10-17T05:56:01.830Z","2025-10-17T05:56:01.830Z"
"68f1da5a90ad734984f7fdc3","optional","68f1da5690ad734984f7ea74","2025-10-17T05:56:01.830Z","2025-10-17T05:56:01.830Z"
"68f1da5690ad734984f7e3ac","optional","68f1da5690ad734984f7ea74","2025-10-17T05:56:01.830Z","2025-10-17T05:56:01.830Z"
"68f1da5690ad734984f7e583","optional","68f1da5690ad734984f7ea7d","2025-10-17T05:56:01.830Z","2025-10-17T05:56:01.830Z"
"68f1da5790ad734984f7efef","essential","68f1da5690ad734984f7ea7d","2025-10-17T05:56:01.830Z","2025-10-17T05:56:01.830Z"
"68f1da5290ad734984f7d3c0","optional","68f1da5690ad734984f7ea7e","2025-10-17T05:56:01.830Z","2025-10-17T05:56:01.830Z"
"68f1da5a90ad734984f7f972","optional","68f1da5690ad734984f7ea87","2025-10-17T05:56:01.830Z","2025-10-17T05:56:01.830Z"
"68f1da5290ad734984f7de86","optional","68f1da5690ad734984f7ea8d","2025-10-17T05:56:01.830Z","2025-10-17T05:56:01.830Z"
"68f1da5a90ad734984f7faec","essential","68f1da5690ad734984f7ea92","2025-10-17T05:56:01.830Z","2025-10-17T05:56:01.830Z"
"68f1da5a90ad734984f7fbed","optional","68f1da5690ad734984f7ea94","2025-10-17T05:56:01.830Z","2025-10-17T05:56:01.830Z"
"68f1da5a90ad734984f7fec7","optional","68f1da5690ad734984f7ea94","2025-10-17T05:56:01.830Z","2025-10-17T05:56:01.830Z"
"68f1da5a90ad734984f7fc9e","optional","68f1da5690ad734984f7eaa1","2025-10-17T05:56:01.830Z","2025-10-17T05:56:01.830Z"
"68f1da5290ad734984f7d899","optional","68f1da5690ad734984f7eaa1","2025-10-17T05:56:01.830Z","2025-10-17T05:56:01.830Z"
"68f1da5290ad734984f7d109","optional","68f1da5690ad734984f7eab2","2025-10-17T05:56:01.830Z","2025-10-17T05:56:01.830Z"
"68f1da5690ad734984f7ec51","optional","68f1da5690ad734984f7eab2","2025-10-17T05:56:01.830Z","2025-10-17T05:56:01.830Z"
"68f1da5a90ad734984f7fc9e","optional","68f1da5690ad734984f7eac1","2025-10-17T05:56:01.830Z","2025-10-17T05:56:01.830Z"
"68f1da5690ad734984f7eacd","optional","68f1da5690ad734984f7eac4","2025-10-17T05:56:01.830Z","2025-10-17T05:56:01.830Z"
"68f1da5a90ad734984f7f5aa","optional","68f1da5690ad734984f7eac4","2025-10-17T05:56:01.830Z","2025-10-17T05:56:01.830Z"
"68f1da5290ad734984f7d32b","optional","68f1da5690ad734984f7eac5","2025-10-17T05:56:01.830Z","2025-10-17T05:56:01.830Z"
"68f1da5790ad734984f7f1a9","optional","68f1da5690ad734984f7eac5","2025-10-17T05:56:01.830Z","2025-10-17T05:56:01.830Z"
"68f1da5a90ad734984f7f39c","optional","68f1da5690ad734984f7eac5","2025-10-17T05:56:01.831Z","2025-10-17T05:56:01.831Z"
"68f1da5a90ad734984f7feba","optional","68f1da5690ad734984f7eac6","2025-10-17T05:56:01.831Z","2025-10-17T05:56:01.831Z"
"68f1da5290ad734984f7da78","optional","68f1da5690ad734984f7eac6","2025-10-17T05:56:01.831Z","2025-10-17T05:56:01.831Z"
"68f1da5290ad734984f7d141","optional","68f1da5690ad734984f7ead9","2025-10-17T05:56:01.831Z","2025-10-17T05:56:01.831Z"
"68f1da5290ad734984f7d362","optional","68f1da5690ad734984f7ead9","2025-10-17T05:56:01.831Z","2025-10-17T05:56:01.831Z"
"68f1da5690ad734984f7ebe1","optional","68f1da5690ad734984f7ead9","2025-10-17T05:56:01.831Z","2025-10-17T05:56:01.831Z"
"68f1da5290ad734984f7d05f","optional","68f1da5690ad734984f7ead9","2025-10-17T05:56:01.831Z","2025-10-17T05:56:01.831Z"
"68f1da5290ad734984f7dd51","optional","68f1da5690ad734984f7ead9","2025-10-17T05:56:01.831Z","2025-10-17T05:56:01.831Z"
"68f1da5790ad734984f7f087","optional","68f1da5690ad734984f7eada","2025-10-17T05:56:01.831Z","2025-10-17T05:56:01.831Z"
"68f1da5690ad734984f7e89c","optional","68f1da5690ad734984f7eada","2025-10-17T05:56:01.831Z","2025-10-17T05:56:01.831Z"
"68f1da5a90ad734984f7f509","optional","68f1da5690ad734984f7eada","2025-10-17T05:56:01.831Z","2025-10-17T05:56:01.831Z"
"68f1da5290ad734984f7cfe1","optional","68f1da5690ad734984f7eadc","2025-10-17T05:56:01.831Z","2025-10-17T05:56:01.831Z"
"68f1da5690ad734984f7e0ae","optional","68f1da5690ad734984f7eadc","2025-10-17T05:56:01.831Z","2025-10-17T05:56:01.831Z"
"68f1da5a90ad734984f7ffcd","optional","68f1da5690ad734984f7eadc","2025-10-17T05:56:01.831Z","2025-10-17T05:56:01.831Z"
"68f1da5a90ad734984f7fcac","optional","68f1da5690ad734984f7eadc","2025-10-17T05:56:01.831Z","2025-10-17T05:56:01.831Z"
"68f1da5a90ad734984f7f68a","optional","68f1da5690ad734984f7eadc","2025-10-17T05:56:01.831Z","2025-10-17T05:56:01.831Z"
"68f1da5290ad734984f7d74a","optional","68f1da5690ad734984f7eadc","2025-10-17T05:56:01.831Z","2025-10-17T05:56:01.831Z"
"68f1da5790ad734984f7ef88","optional","68f1da5690ad734984f7eae0","2025-10-17T05:56:01.831Z","2025-10-17T05:56:01.831Z"
"68f1da5790ad734984f7ef2b","optional","68f1da5690ad734984f7eae0","2025-10-17T05:56:01.831Z","2025-10-17T05:56:01.831Z"
"68f1da5a90ad734984f7f6a8","essential","68f1da5690ad734984f7eae5","2025-10-17T05:56:01.831Z","2025-10-17T05:56:01.831Z"
"68f1da5290ad734984f7cd9f","optional","68f1da5690ad734984f7eaec","2025-10-17T05:56:01.831Z","2025-10-17T05:56:01.831Z"
"68f1da5690ad734984f7ed29","optional","68f1da5690ad734984f7eaec","2025-10-17T05:56:01.831Z","2025-10-17T05:56:01.831Z"
"68f1da5290ad734984f7ceda","optional","68f1da5690ad734984f7eaec","2025-10-17T05:56:01.831Z","2025-10-17T05:56:01.831Z"
"68f1da5290ad734984f7d425","optional","68f1da5690ad734984f7eaec","2025-10-17T05:56:01.831Z","2025-10-17T05:56:01.831Z"
"68f1da5290ad734984f7da0f","optional","68f1da5690ad734984f7eaec","2025-10-17T05:56:01.831Z","2025-10-17T05:56:01.831Z"
"68f1da5690ad734984f7e505","optional","68f1da5690ad734984f7eaec","2025-10-17T05:56:01.831Z","2025-10-17T05:56:01.831Z"
"68f1da5290ad734984f7d6df","optional","68f1da5690ad734984f7eaf8","2025-10-17T05:56:01.831Z","2025-10-17T05:56:01.831Z"
"68f1da5790ad734984f7f1d3","optional","68f1da5690ad734984f7eaff","2025-10-17T05:56:01.831Z","2025-10-17T05:56:01.831Z"
"68f1da5a90ad734984f7f652","optional","68f1da5690ad734984f7eaff","2025-10-17T05:56:01.831Z","2025-10-17T05:56:01.831Z"
"68f1da5290ad734984f7dd05","optional","68f1da5690ad734984f7eb00","2025-10-17T05:56:01.831Z","2025-10-17T05:56:01.831Z"
"68f1da5290ad734984f7d02a","optional","68f1da5690ad734984f7eb00","2025-10-17T05:56:01.831Z","2025-10-17T05:56:01.831Z"
"68f1da5290ad734984f7ce0e","optional","68f1da5690ad734984f7eb0a","2025-10-17T05:56:01.831Z","2025-10-17T05:56:01.831Z"
"68f1da5290ad734984f7cc91","optional","68f1da5690ad734984f7eb0a","2025-10-17T05:56:01.831Z","2025-10-17T05:56:01.831Z"
"68f1da5a90ad734984f7faf2","optional","68f1da5690ad734984f7eb0a","2025-10-17T05:56:01.832Z","2025-10-17T05:56:01.832Z"
"68f1da5290ad734984f7ce31","optional","68f1da5690ad734984f7eb11","2025-10-17T05:56:01.832Z","2025-10-17T05:56:01.832Z"
"68f1da5290ad734984f7cfec","optional","68f1da5690ad734984f7eb11","2025-10-17T05:56:01.832Z","2025-10-17T05:56:01.832Z"
"68f1da5290ad734984f7d451","essential","68f1da5690ad734984f7eb11","2025-10-17T05:56:01.832Z","2025-10-17T05:56:01.832Z"
"68f1da5690ad734984f7e222","optional","68f1da5690ad734984f7eb11","2025-10-17T05:56:01.832Z","2025-10-17T05:56:01.832Z"
"68f1da5690ad734984f7eb3b","optional","68f1da5690ad734984f7eb11","2025-10-17T05:56:01.832Z","2025-10-17T05:56:01.832Z"
"68f1da5a90ad734984f7ff85","optional","68f1da5690ad734984f7eb11","2025-10-17T05:56:01.832Z","2025-10-17T05:56:01.832Z"
"68f1da5690ad734984f7e8a0","optional","68f1da5690ad734984f7eb11","2025-10-17T05:56:01.832Z","2025-10-17T05:56:01.832Z"
"68f1da5a90ad734984f80084","optional","68f1da5690ad734984f7eb11","2025-10-17T05:56:01.832Z","2025-10-17T05:56:01.832Z"
"68f1da5a90ad734984f7f603","optional","68f1da5690ad734984f7eb13","2025-10-17T05:56:01.832Z","2025-10-17T05:56:01.832Z"
"68f1da5690ad734984f7e391","essential","68f1da5690ad734984f7eb16","2025-10-17T05:56:01.832Z","2025-10-17T05:56:01.832Z"
"68f1da5690ad734984f7ea69","optional","68f1da5690ad734984f7eb20","2025-10-17T05:56:01.832Z","2025-10-17T05:56:01.832Z"
"68f1da5290ad734984f7d06c","optional","68f1da5690ad734984f7eb20","2025-10-17T05:56:01.832Z","2025-10-17T05:56:01.832Z"
"68f1da5a90ad734984f7fd18","optional","68f1da5690ad734984f7eb20","2025-10-17T05:56:01.832Z","2025-10-17T05:56:01.832Z"
"68f1da5290ad734984f7d8cd","optional","68f1da5690ad734984f7eb28","2025-10-17T05:56:01.832Z","2025-10-17T05:56:01.832Z"
"68f1da5a90ad734984f7fdcd","optional","68f1da5690ad734984f7eb28","2025-10-17T05:56:01.832Z","2025-10-17T05:56:01.832Z"
"68f1da5290ad734984f7da71","optional","68f1da5690ad734984f7eb28","2025-10-17T05:56:01.832Z","2025-10-17T05:56:01.832Z"
"68f1da5a90ad734984f80016","optional","68f1da5690ad734984f7eb28","2025-10-17T05:56:01.832Z","2025-10-17T05:56:01.832Z"
"68f1da5290ad734984f7d858","optional","68f1da5690ad734984f7eb2a","2025-10-17T05:56:01.832Z","2025-10-17T05:56:01.832Z"
"68f1da5a90ad734984f7f393","essential","68f1da5690ad734984f7eb2a","2025-10-17T05:56:01.832Z","2025-10-17T05:56:01.832Z"
"68f1da5690ad734984f7e7ee","optional","68f1da5690ad734984f7eb30","2025-10-17T05:56:01.832Z","2025-10-17T05:56:01.832Z"
"68f1da5690ad734984f7e0d6","optional","68f1da5690ad734984f7eb30","2025-10-17T05:56:01.832Z","2025-10-17T05:56:01.832Z"
"68f1da5790ad734984f7ef2e","optional","68f1da5690ad734984f7eb33","2025-10-17T05:56:01.832Z","2025-10-17T05:56:01.832Z"
"68f1da5690ad734984f7e09a","optional","68f1da5690ad734984f7eb33","2025-10-17T05:56:01.832Z","2025-10-17T05:56:01.832Z"
"68f1da5290ad734984f7d479","optional","68f1da5690ad734984f7eb33","2025-10-17T05:56:01.832Z","2025-10-17T05:56:01.832Z"
"68f1da5290ad734984f7d511","optional","68f1da5690ad734984f7eb4d","2025-10-17T05:56:01.833Z","2025-10-17T05:56:01.833Z"
"68f1da5690ad734984f7e39d","optional","68f1da5690ad734984f7eb4d","2025-10-17T05:56:01.833Z","2025-10-17T05:56:01.833Z"
"68f1da5290ad734984f7d081","optional","68f1da5690ad734984f7eb4f","2025-10-17T05:56:01.833Z","2025-10-17T05:56:01.833Z"
"68f1da5a90ad734984f7f824","optional","68f1da5690ad734984f7eb4f","2025-10-17T05:56:01.833Z","2025-10-17T05:56:01.833Z"
"68f1da5290ad734984f7d9a2","optional","68f1da5690ad734984f7eb4f","2025-10-17T05:56:01.833Z","2025-10-17T05:56:01.833Z"
"68f1da5690ad734984f7eacd","optional","68f1da5690ad734984f7eb52","2025-10-17T05:56:01.834Z","2025-10-17T05:56:01.834Z"
"68f1da5690ad734984f7e863","optional","68f1da5690ad734984f7eb52","2025-10-17T05:56:01.834Z","2025-10-17T05:56:01.834Z"
"68f1da5290ad734984f7de9a","optional","68f1da5690ad734984f7eb54","2025-10-17T05:56:01.834Z","2025-10-17T05:56:01.834Z"
"68f1da5690ad734984f7e5e8","optional","68f1da5690ad734984f7eb5e","2025-10-17T05:56:01.834Z","2025-10-17T05:56:01.834Z"
"68f1da5790ad734984f7ef55","optional","68f1da5690ad734984f7eb5e","2025-10-17T05:56:01.834Z","2025-10-17T05:56:01.834Z"
"68f1da5290ad734984f7dd54","optional","68f1da5690ad734984f7eb5e","2025-10-17T05:56:01.834Z","2025-10-17T05:56:01.834Z"
"68f1da5290ad734984f7d212","optional","68f1da5690ad734984f7eb5e","2025-10-17T05:56:01.834Z","2025-10-17T05:56:01.834Z"
"68f1da5290ad734984f7d5fb","optional","68f1da5690ad734984f7eb5e","2025-10-17T05:56:01.834Z","2025-10-17T05:56:01.834Z"
"68f1da5690ad734984f7eb98","optional","68f1da5690ad734984f7eb5f","2025-10-17T05:56:01.834Z","2025-10-17T05:56:01.834Z"
"68f1da5290ad734984f7d16b","optional","68f1da5690ad734984f7eb60","2025-10-17T05:56:01.832Z","2025-10-17T05:56:01.832Z"
"68f1da5290ad734984f7d780","optional","68f1da5690ad734984f7eb60","2025-10-17T05:56:01.832Z","2025-10-17T05:56:01.832Z"
"68f1da5690ad734984f7e003","optional","68f1da5690ad734984f7eb60","2025-10-17T05:56:01.832Z","2025-10-17T05:56:01.832Z"
"68f1da5690ad734984f7e929","optional","68f1da5690ad734984f7eb60","2025-10-17T05:56:01.832Z","2025-10-17T05:56:01.832Z"
"68f1da5690ad734984f7ea1f","optional","68f1da5690ad734984f7eb60","2025-10-17T05:56:01.832Z","2025-10-17T05:56:01.832Z"
"68f1da5790ad734984f7f212","optional","68f1da5690ad734984f7eb60","2025-10-17T05:56:01.832Z","2025-10-17T05:56:01.832Z"
"68f1da5790ad734984f7f13f","optional","68f1da5690ad734984f7eb65","2025-10-17T05:56:01.832Z","2025-10-17T05:56:01.832Z"
"68f1da5290ad734984f7cd3a","optional","68f1da5690ad734984f7eb69","2025-10-17T05:56:01.832Z","2025-10-17T05:56:01.832Z"
"68f1da5690ad734984f7e673","optional","68f1da5690ad734984f7eb69","2025-10-17T05:56:01.832Z","2025-10-17T05:56:01.832Z"
"68f1da5a90ad734984f7f834","optional","68f1da5690ad734984f7eb69","2025-10-17T05:56:01.832Z","2025-10-17T05:56:01.832Z"
"68f1da5290ad734984f7d24d","optional","68f1da5690ad734984f7eb6a","2025-10-17T05:56:01.833Z","2025-10-17T05:56:01.833Z"
"68f1da5690ad734984f7e5dc","optional","68f1da5690ad734984f7eb6a","2025-10-17T05:56:01.833Z","2025-10-17T05:56:01.833Z"
"68f1da5290ad734984f7dc8a","optional","68f1da5690ad734984f7eb6b","2025-10-17T05:56:01.833Z","2025-10-17T05:56:01.833Z"
"68f1da5a90ad734984f7febe","optional","68f1da5690ad734984f7eb6b","2025-10-17T05:56:01.833Z","2025-10-17T05:56:01.833Z"
"68f1da5290ad734984f7d486","optional","68f1da5690ad734984f7eb6b","2025-10-17T05:56:01.833Z","2025-10-17T05:56:01.833Z"
"68f1da5690ad734984f7dfb6","optional","68f1da5690ad734984f7eb6f","2025-10-17T05:56:01.833Z","2025-10-17T05:56:01.833Z"
"68f1da5690ad734984f7e49b","optional","68f1da5690ad734984f7eb6f","2025-10-17T05:56:01.833Z","2025-10-17T05:56:01.833Z"
"68f1da5290ad734984f7d4fc","optional","68f1da5690ad734984f7eb6f","2025-10-17T05:56:01.833Z","2025-10-17T05:56:01.833Z"
"68f1da5290ad734984f7d22b","optional","68f1da5690ad734984f7eb73","2025-10-17T05:56:01.833Z","2025-10-17T05:56:01.833Z"
"68f1da5690ad734984f7ea20","optional","68f1da5690ad734984f7eb73","2025-10-17T05:56:01.833Z","2025-10-17T05:56:01.833Z"
"68f1da5a90ad734984f7fb7c","optional","68f1da5690ad734984f7eb73","2025-10-17T05:56:01.833Z","2025-10-17T05:56:01.833Z"
"68f1da5a90ad734984f7fc31","optional","68f1da5690ad734984f7eb73","2025-10-17T05:56:01.833Z","2025-10-17T05:56:01.833Z"
"68f1da5690ad734984f7e7f0","optional","68f1da5690ad734984f7eb73","2025-10-17T05:56:01.833Z","2025-10-17T05:56:01.833Z"
"68f1da5a90ad734984f7f294","optional","68f1da5690ad734984f7eb73","2025-10-17T05:56:01.833Z","2025-10-17T05:56:01.833Z"
"68f1da5290ad734984f7ce0e","optional","68f1da5690ad734984f7eb73","2025-10-17T05:56:01.833Z","2025-10-17T05:56:01.833Z"
"68f1da5690ad734984f7e8a7","optional","68f1da5690ad734984f7eb73","2025-10-17T05:56:01.833Z","2025-10-17T05:56:01.833Z"
"68f1da5a90ad734984f7f2b5","optional","68f1da5690ad734984f7eb73","2025-10-17T05:56:01.833Z","2025-10-17T05:56:01.833Z"
"68f1da5a90ad734984f8014e","optional","68f1da5690ad734984f7eb73","2025-10-17T05:56:01.833Z","2025-10-17T05:56:01.833Z"
"68f1da5290ad734984f7d382","optional","68f1da5690ad734984f7eb73","2025-10-17T05:56:01.833Z","2025-10-17T05:56:01.833Z"
"68f1da5290ad734984f7dbd2","optional","68f1da5690ad734984f7eb73","2025-10-17T05:56:01.833Z","2025-10-17T05:56:01.833Z"
"68f1da5290ad734984f7de0e","optional","68f1da5690ad734984f7eb73","2025-10-17T05:56:01.833Z","2025-10-17T05:56:01.833Z"
"68f1da5290ad734984f7de6b","optional","68f1da5690ad734984f7eb73","2025-10-17T05:56:01.833Z","2025-10-17T05:56:01.833Z"
"68f1da5690ad734984f7e85c","optional","68f1da5690ad734984f7eb73","2025-10-17T05:56:01.833Z","2025-10-17T05:56:01.833Z"
"68f1da5a90ad734984f8001f","optional","68f1da5690ad734984f7eb73","2025-10-17T05:56:01.833Z","2025-10-17T05:56:01.833Z"
"68f1da5a90ad734984f7f4ef","optional","68f1da5690ad734984f7eb78","2025-10-17T05:56:01.833Z","2025-10-17T05:56:01.833Z"
"68f1da5a90ad734984f80095","optional","68f1da5690ad734984f7eb78","2025-10-17T05:56:01.833Z","2025-10-17T05:56:01.833Z"
"68f1da5790ad734984f7f08f","optional","68f1da5690ad734984f7eb78","2025-10-17T05:56:01.833Z","2025-10-17T05:56:01.833Z"
"68f1da5690ad734984f7e408","essential","68f1da5690ad734984f7eb78","2025-10-17T05:56:01.833Z","2025-10-17T05:56:01.833Z"
"68f1da5a90ad734984f7f321","optional","68f1da5690ad734984f7eb78","2025-10-17T05:56:01.833Z","2025-10-17T05:56:01.833Z"
"68f1da5290ad734984f7de9a","optional","68f1da5690ad734984f7eb79","2025-10-17T05:56:01.834Z","2025-10-17T05:56:01.834Z"
"68f1da5a90ad734984f7f4bc","optional","68f1da5690ad734984f7ebaa","2025-10-17T05:56:01.834Z","2025-10-17T05:56:01.834Z"
"68f1da5690ad734984f7eb3d","optional","68f1da5690ad734984f7ebb9","2025-10-17T05:56:01.834Z","2025-10-17T05:56:01.834Z"
"68f1da5290ad734984f7d630","optional","68f1da5690ad734984f7ebba","2025-10-17T05:56:01.834Z","2025-10-17T05:56:01.834Z"
"68f1da5690ad734984f7e230","optional","68f1da5690ad734984f7ebba","2025-10-17T05:56:01.834Z","2025-10-17T05:56:01.834Z"
"68f1da5290ad734984f7cc46","optional","68f1da5690ad734984f7ebba","2025-10-17T05:56:01.834Z","2025-10-17T05:56:01.834Z"
"68f1da5a90ad734984f7f330","optional","68f1da5690ad734984f7ebba","2025-10-17T05:56:01.834Z","2025-10-17T05:56:01.834Z"
"68f1da5a90ad734984f7fdce","optional","68f1da5690ad734984f7ebba","2025-10-17T05:56:01.834Z","2025-10-17T05:56:01.834Z"
"68f1da5690ad734984f7e63e","optional","68f1da5690ad734984f7ebba","2025-10-17T05:56:01.834Z","2025-10-17T05:56:01.834Z"
"68f1da5a90ad734984f7fc09","optional","68f1da5690ad734984f7ebba","2025-10-17T05:56:01.834Z","2025-10-17T05:56:01.834Z"
"68f1da5a90ad734984f7f4bf","optional","68f1da5690ad734984f7ebba","2025-10-17T05:56:01.834Z","2025-10-17T05:56:01.834Z"
"68f1da5290ad734984f7d3c3","optional","68f1da5690ad734984f7ebc1","2025-10-17T05:56:01.834Z","2025-10-17T05:56:01.834Z"
"68f1da5790ad734984f7f120","optional","68f1da5690ad734984f7ebc1","2025-10-17T05:56:01.834Z","2025-10-17T05:56:01.834Z"
"68f1da5290ad734984f7dd8a","optional","68f1da5690ad734984f7ebc2","2025-10-17T05:56:01.834Z","2025-10-17T05:56:01.834Z"
"68f1da5290ad734984f7d0cd","optional","68f1da5690ad734984f7ebc2","2025-10-17T05:56:01.834Z","2025-10-17T05:56:01.834Z"
"68f1da5a90ad734984f7ff4f","optional","68f1da5690ad734984f7ebc2","2025-10-17T05:56:01.834Z","2025-10-17T05:56:01.834Z"
"68f1da5690ad734984f7ed1c","optional","68f1da5690ad734984f7ebd5","2025-10-17T05:56:01.834Z","2025-10-17T05:56:01.834Z"
"68f1da5690ad734984f7e1fa","optional","68f1da5690ad734984f7ebde","2025-10-17T05:56:01.834Z","2025-10-17T05:56:01.834Z"
"68f1da5290ad734984f7dd7e","optional","68f1da5690ad734984f7ebde","2025-10-17T05:56:01.834Z","2025-10-17T05:56:01.834Z"
"68f1da5290ad734984f7d448","optional","68f1da5690ad734984f7ebf6","2025-10-17T05:56:01.834Z","2025-10-17T05:56:01.834Z"
"68f1da5690ad734984f7dfb0","optional","68f1da5690ad734984f7ebf6","2025-10-17T05:56:01.834Z","2025-10-17T05:56:01.834Z"
"68f1da5a90ad734984f7fc73","optional","68f1da5690ad734984f7ebf6","2025-10-17T05:56:01.835Z","2025-10-17T05:56:01.835Z"
"68f1da5290ad734984f7d25d","optional","68f1da5690ad734984f7ebf6","2025-10-17T05:56:01.834Z","2025-10-17T05:56:01.834Z"
"68f1da5790ad734984f7f1b0","essential","68f1da5690ad734984f7ebf8","2025-10-17T05:56:01.835Z","2025-10-17T05:56:01.835Z"
"68f1da5290ad734984f7cc56","optional","68f1da5690ad734984f7ebfb","2025-10-17T05:56:01.835Z","2025-10-17T05:56:01.835Z"
"68f1da5290ad734984f7db6e","optional","68f1da5690ad734984f7ebfb","2025-10-17T05:56:01.835Z","2025-10-17T05:56:01.835Z"
"68f1da5790ad734984f7f083","optional","68f1da5690ad734984f7ebfb","2025-10-17T05:56:01.835Z","2025-10-17T05:56:01.835Z"
"68f1da5a90ad734984f7f792","optional","68f1da5690ad734984f7ebfb","2025-10-17T05:56:01.835Z","2025-10-17T05:56:01.835Z"
"68f1da5a90ad734984f7f824","optional","68f1da5690ad734984f7ebfb","2025-10-17T05:56:01.835Z","2025-10-17T05:56:01.835Z"
"68f1da5290ad734984f7cb4b","optional","68f1da5690ad734984f7ebfb","2025-10-17T05:56:01.835Z","2025-10-17T05:56:01.835Z"
"68f1da5690ad734984f7e318","optional","68f1da5690ad734984f7ebfb","2025-10-17T05:56:01.835Z","2025-10-17T05:56:01.835Z"
"68f1da5690ad734984f7ebdb","optional","68f1da5690ad734984f7ebfb","2025-10-17T05:56:01.835Z","2025-10-17T05:56:01.835Z"
"68f1da5290ad734984f7cd86","optional","68f1da5690ad734984f7ebfb","2025-10-17T05:56:01.835Z","2025-10-17T05:56:01.835Z"
"68f1da5290ad734984f7d9b6","optional","68f1da5690ad734984f7ebfb","2025-10-17T05:56:01.835Z","2025-10-17T05:56:01.835Z"
"68f1da5a90ad734984f7f39f","optional","68f1da5690ad734984f7ebfb","2025-10-17T05:56:01.835Z","2025-10-17T05:56:01.835Z"
"68f1da5a90ad734984f7f949","optional","68f1da5690ad734984f7ebfb","2025-10-17T05:56:01.835Z","2025-10-17T05:56:01.835Z"
"68f1da5290ad734984f7da9c","optional","68f1da5690ad734984f7ebfb","2025-10-17T05:56:01.835Z","2025-10-17T05:56:01.835Z"
"68f1da5690ad734984f7e588","optional","68f1da5690ad734984f7ebfb","2025-10-17T05:56:01.835Z","2025-10-17T05:56:01.835Z"
"68f1da5790ad734984f7f04e","optional","68f1da5690ad734984f7ebfb","2025-10-17T05:56:01.835Z","2025-10-17T05:56:01.835Z"
"68f1da5790ad734984f7f1ff","optional","68f1da5690ad734984f7ebfb","2025-10-17T05:56:01.835Z","2025-10-17T05:56:01.835Z"
"68f1da5290ad734984f7cda4","optional","68f1da5690ad734984f7ec02","2025-10-17T05:56:01.835Z","2025-10-17T05:56:01.835Z"
"68f1da5290ad734984f7d9cb","optional","68f1da5690ad734984f7ec02","2025-10-17T05:56:01.835Z","2025-10-17T05:56:01.835Z"
"68f1da5290ad734984f7d58e","optional","68f1da5690ad734984f7ec02","2025-10-17T05:56:01.835Z","2025-10-17T05:56:01.835Z"
"68f1da5a90ad734984f7f442","optional","68f1da5690ad734984f7ec02","2025-10-17T05:56:01.835Z","2025-10-17T05:56:01.835Z"
"68f1da5790ad734984f7f23a","optional","68f1da5690ad734984f7ec08","2025-10-17T05:56:01.835Z","2025-10-17T05:56:01.835Z"
"68f1da5290ad734984f7d5fc","optional","68f1da5690ad734984f7ec08","2025-10-17T05:56:01.835Z","2025-10-17T05:56:01.835Z"
"68f1da5290ad734984f7dd49","optional","68f1da5690ad734984f7ec08","2025-10-17T05:56:01.835Z","2025-10-17T05:56:01.835Z"
"68f1da5690ad734984f7e260","optional","68f1da5690ad734984f7ec08","2025-10-17T05:56:01.835Z","2025-10-17T05:56:01.835Z"
"68f1da5690ad734984f7ee06","optional","68f1da5690ad734984f7ec08","2025-10-17T05:56:01.835Z","2025-10-17T05:56:01.835Z"
"68f1da5a90ad734984f7fa5f","optional","68f1da5690ad734984f7ec08","2025-10-17T05:56:01.835Z","2025-10-17T05:56:01.835Z"
"68f1da5290ad734984f7cd54","optional","68f1da5690ad734984f7ec0b","2025-10-17T05:56:01.835Z","2025-10-17T05:56:01.835Z"
"68f1da5290ad734984f7d370","optional","68f1da5690ad734984f7ec0f","2025-10-17T05:56:01.836Z","2025-10-17T05:56:01.836Z"
"68f1da5a90ad734984f7fcda","optional","68f1da5690ad734984f7ec0f","2025-10-17T05:56:01.836Z","2025-10-17T05:56:01.836Z"
"68f1da5a90ad734984f7fba7","optional","68f1da5690ad734984f7ec11","2025-10-17T05:56:01.836Z","2025-10-17T05:56:01.836Z"
"68f1da5a90ad734984f7fbb0","optional","68f1da5690ad734984f7ec11","2025-10-17T05:56:01.836Z","2025-10-17T05:56:01.836Z"
"68f1da5690ad734984f7e819","optional","68f1da5690ad734984f7ec19","2025-10-17T05:56:01.836Z","2025-10-17T05:56:01.836Z"
"68f1da5690ad734984f7ec65","optional","68f1da5690ad734984f7ec19","2025-10-17T05:56:01.836Z","2025-10-17T05:56:01.836Z"
"68f1da5690ad734984f7e003","optional","68f1da5690ad734984f7ec19","2025-10-17T05:56:01.836Z","2025-10-17T05:56:01.836Z"
"68f1da5290ad734984f7d780","optional","68f1da5690ad734984f7ec19","2025-10-17T05:56:01.836Z","2025-10-17T05:56:01.836Z"
"68f1da5a90ad734984f7f744","optional","68f1da5690ad734984f7ec19","2025-10-17T05:56:01.836Z","2025-10-17T05:56:01.836Z"
"68f1da5a90ad734984f8004a","optional","68f1da5690ad734984f7ec19","2025-10-17T05:56:01.836Z","2025-10-17T05:56:01.836Z"
"68f1da5290ad734984f7db76","optional","68f1da5690ad734984f7ec1d","2025-10-17T05:56:01.836Z","2025-10-17T05:56:01.836Z"
"68f1da5690ad734984f7ee6d","optional","68f1da5690ad734984f7ec1d","2025-10-17T05:56:01.836Z","2025-10-17T05:56:01.836Z"
"68f1da5690ad734984f7df99","optional","68f1da5690ad734984f7ec1d","2025-10-17T05:56:01.836Z","2025-10-17T05:56:01.836Z"
"68f1da5690ad734984f7edce","optional","68f1da5690ad734984f7ec1d","2025-10-17T05:56:01.836Z","2025-10-17T05:56:01.836Z"
"68f1da5a90ad734984f7fce1","optional","68f1da5690ad734984f7ec24","2025-10-17T05:56:01.836Z","2025-10-17T05:56:01.836Z"
"68f1da5790ad734984f7f0df","optional","68f1da5690ad734984f7ec2f","2025-10-17T05:56:01.835Z","2025-10-17T05:56:01.835Z"
"68f1da5690ad734984f7e897","optional","68f1da5690ad734984f7ec30","2025-10-17T05:56:01.835Z","2025-10-17T05:56:01.835Z"
"68f1da5a90ad734984f7f52a","optional","68f1da5690ad734984f7ec30","2025-10-17T05:56:01.836Z","2025-10-17T05:56:01.836Z"
"68f1da5290ad734984f7d7eb","optional","68f1da5690ad734984f7ec30","2025-10-17T05:56:01.835Z","2025-10-17T05:56:01.835Z"
"68f1da5a90ad734984f7fcce","optional","68f1da5690ad734984f7ec30","2025-10-17T05:56:01.836Z","2025-10-17T05:56:01.836Z"
"68f1da5a90ad734984f7fe8d","optional","68f1da5690ad734984f7ec3a","2025-10-17T05:56:01.836Z","2025-10-17T05:56:01.836Z"
"68f1da5790ad734984f7f18b","optional","68f1da5690ad734984f7ec3a","2025-10-17T05:56:01.836Z","2025-10-17T05:56:01.836Z"
"68f1da5a90ad734984f7f75c","optional","68f1da5690ad734984f7ec3a","2025-10-17T05:56:01.836Z","2025-10-17T05:56:01.836Z"
"68f1da5690ad734984f7eb3f","optional","68f1da5690ad734984f7ec3f","2025-10-17T05:56:01.836Z","2025-10-17T05:56:01.836Z"
"68f1da5a90ad734984f7fa13","optional","68f1da5690ad734984f7ec3f","2025-10-17T05:56:01.836Z","2025-10-17T05:56:01.836Z"
"68f1da5690ad734984f7ecb4","optional","68f1da5690ad734984f7ec4c","2025-10-17T05:56:01.836Z","2025-10-17T05:56:01.836Z"
"68f1da5a90ad734984f7f7bd","optional","68f1da5690ad734984f7ec4c","2025-10-17T05:56:01.836Z","2025-10-17T05:56:01.836Z"
"68f1da5690ad734984f7e589","essential","68f1da5690ad734984f7ec4f","2025-10-17T05:56:01.836Z","2025-10-17T05:56:01.836Z"
"68f1da5290ad734984f7cd80","optional","68f1da5690ad734984f7ec4f","2025-10-17T05:56:01.836Z","2025-10-17T05:56:01.836Z"
"68f1da5290ad734984f7cf97","essential","68f1da5690ad734984f7ec4f","2025-10-17T05:56:01.836Z","2025-10-17T05:56:01.836Z"
"68f1da5a90ad734984f7fad0","optional","68f1da5690ad734984f7ec4f","2025-10-17T05:56:01.836Z","2025-10-17T05:56:01.836Z"
"68f1da5290ad734984f7d136","optional","68f1da5690ad734984f7ec4f","2025-10-17T05:56:01.836Z","2025-10-17T05:56:01.836Z"
"68f1da5a90ad734984f7f99a","essential","68f1da5690ad734984f7ec4f","2025-10-17T05:56:01.836Z","2025-10-17T05:56:01.836Z"
"68f1da5a90ad734984f8011c","optional","68f1da5690ad734984f7ec50","2025-10-17T05:56:01.836Z","2025-10-17T05:56:01.836Z"
"68f1da5290ad734984f7dc52","optional","68f1da5690ad734984f7ec50","2025-10-17T05:56:01.836Z","2025-10-17T05:56:01.836Z"
"68f1da5290ad734984f7da40","optional","68f1da5690ad734984f7ec74","2025-10-17T05:56:01.836Z","2025-10-17T05:56:01.836Z"
"68f1da5690ad734984f7df98","optional","68f1da5690ad734984f7ec74","2025-10-17T05:56:01.836Z","2025-10-17T05:56:01.836Z"
"68f1da5690ad734984f7dfc0","optional","68f1da5690ad734984f7ec74","2025-10-17T05:56:01.836Z","2025-10-17T05:56:01.836Z"
"68f1da5690ad734984f7e94f","optional","68f1da5690ad734984f7ec74","2025-10-17T05:56:01.837Z","2025-10-17T05:56:01.837Z"
"68f1da5690ad734984f7ead0","optional","68f1da5690ad734984f7ec7e","2025-10-17T05:56:01.837Z","2025-10-17T05:56:01.837Z"
"68f1da5790ad734984f7f10e","optional","68f1da5690ad734984f7ec80","2025-10-17T05:56:01.837Z","2025-10-17T05:56:01.837Z"
"68f1da5a90ad734984f8000b","optional","68f1da5690ad734984f7ec80","2025-10-17T05:56:01.837Z","2025-10-17T05:56:01.837Z"
"68f1da5290ad734984f7cb47","optional","68f1da5690ad734984f7ec80","2025-10-17T05:56:01.837Z","2025-10-17T05:56:01.837Z"
"68f1da5690ad734984f7ebe7","optional","68f1da5690ad734984f7ec80","2025-10-17T05:56:01.837Z","2025-10-17T05:56:01.837Z"
"68f1da5290ad734984f7d327","optional","68f1da5690ad734984f7ec80","2025-10-17T05:56:01.837Z","2025-10-17T05:56:01.837Z"
"68f1da5690ad734984f7ec31","optional","68f1da5690ad734984f7ec80","2025-10-17T05:56:01.837Z","2025-10-17T05:56:01.837Z"
"68f1da5a90ad734984f7f6d6","optional","68f1da5690ad734984f7ec80","2025-10-17T05:56:01.837Z","2025-10-17T05:56:01.837Z"
"68f1da5290ad734984f7d647","optional","68f1da5690ad734984f7ec80","2025-10-17T05:56:01.837Z","2025-10-17T05:56:01.837Z"
"68f1da5a90ad734984f7f767","optional","68f1da5690ad734984f7ec80","2025-10-17T05:56:01.837Z","2025-10-17T05:56:01.837Z"
"68f1da5a90ad734984f7f79b","optional","68f1da5690ad734984f7ec80","2025-10-17T05:56:01.837Z","2025-10-17T05:56:01.837Z"
"68f1da5690ad734984f7e263","optional","68f1da5690ad734984f7ec83","2025-10-17T05:56:01.837Z","2025-10-17T05:56:01.837Z"
"68f1da5790ad734984f7eff5","essential","68f1da5690ad734984f7ec87","2025-10-17T05:56:01.837Z","2025-10-17T05:56:01.837Z"
"68f1da5290ad734984f7d27e","optional","68f1da5690ad734984f7ec88","2025-10-17T05:56:01.837Z","2025-10-17T05:56:01.837Z"
"68f1da5290ad734984f7dc77","optional","68f1da5690ad734984f7ec88","2025-10-17T05:56:01.837Z","2025-10-17T05:56:01.837Z"
"68f1da5690ad734984f7e05c","optional","68f1da5690ad734984f7ec88","2025-10-17T05:56:01.837Z","2025-10-17T05:56:01.837Z"
"68f1da5690ad734984f7e938","optional","68f1da5690ad734984f7ec88","2025-10-17T05:56:01.837Z","2025-10-17T05:56:01.837Z"
"68f1da5690ad734984f7e974","optional","68f1da5690ad734984f7ec8a","2025-10-17T05:56:01.837Z","2025-10-17T05:56:01.837Z"
"68f1da5290ad734984f7d847","optional","68f1da5690ad734984f7ec8a","2025-10-17T05:56:01.837Z","2025-10-17T05:56:01.837Z"
"68f1da5690ad734984f7ee7d","essential","68f1da5690ad734984f7ec8a","2025-10-17T05:56:01.837Z","2025-10-17T05:56:01.837Z"
"68f1da5290ad734984f7cf3d","optional","68f1da5690ad734984f7ec8d","2025-10-17T05:56:01.837Z","2025-10-17T05:56:01.837Z"
"68f1da5a90ad734984f7fc90","optional","68f1da5690ad734984f7ec8d","2025-10-17T05:56:01.837Z","2025-10-17T05:56:01.837Z"
"68f1da5690ad734984f7eacd","optional","68f1da5690ad734984f7ec8e","2025-10-17T05:56:01.837Z","2025-10-17T05:56:01.837Z"
"68f1da5290ad734984f7d266","optional","68f1da5690ad734984f7ec8e","2025-10-17T05:56:01.837Z","2025-10-17T05:56:01.837Z"
"68f1da5790ad734984f7eedf","optional","68f1da5690ad734984f7ec8e","2025-10-17T05:56:01.837Z","2025-10-17T05:56:01.837Z"
"68f1da5690ad734984f7e04d","optional","68f1da5690ad734984f7ec8e","2025-10-17T05:56:01.837Z","2025-10-17T05:56:01.837Z"
"68f1da5290ad734984f7de74","optional","68f1da5690ad734984f7ec8e","2025-10-17T05:56:01.837Z","2025-10-17T05:56:01.837Z"
"68f1da5290ad734984f7cf5e","optional","68f1da5690ad734984f7ec97","2025-10-17T05:56:01.837Z","2025-10-17T05:56:01.837Z"
"68f1da5690ad734984f7e9e2","optional","68f1da5690ad734984f7ec97","2025-10-17T05:56:01.837Z","2025-10-17T05:56:01.837Z"
"68f1da5790ad734984f7ef7e","optional","68f1da5690ad734984f7ec97","2025-10-17T05:56:01.838Z","2025-10-17T05:56:01.838Z"
"68f1da5790ad734984f7f1da","optional","68f1da5690ad734984f7ec97","2025-10-17T05:56:01.838Z","2025-10-17T05:56:01.838Z"
"68f1da5a90ad734984f7fcc0","optional","68f1da5690ad734984f7ec97","2025-10-17T05:56:01.838Z","2025-10-17T05:56:01.838Z"
"68f1da5a90ad734984f7ff6d","optional","68f1da5690ad734984f7ec97","2025-10-17T05:56:01.838Z","2025-10-17T05:56:01.838Z"
"68f1da5290ad734984f7d5f0","optional","68f1da5690ad734984f7ec97","2025-10-17T05:56:01.837Z","2025-10-17T05:56:01.837Z"
"68f1da5690ad734984f7e9e6","optional","68f1da5690ad734984f7ec97","2025-10-17T05:56:01.837Z","2025-10-17T05:56:01.837Z"
"68f1da5a90ad734984f7fb2c","optional","68f1da5690ad734984f7ec97","2025-10-17T05:56:01.838Z","2025-10-17T05:56:01.838Z"
"68f1da5290ad734984f7d484","optional","68f1da5690ad734984f7ec97","2025-10-17T05:56:01.837Z","2025-10-17T05:56:01.837Z"
"68f1da5a90ad734984f7f9e2","optional","68f1da5690ad734984f7ec97","2025-10-17T05:56:01.838Z","2025-10-17T05:56:01.838Z"
"68f1da5a90ad734984f7fe30","optional","68f1da5690ad734984f7ec97","2025-10-17T05:56:01.838Z","2025-10-17T05:56:01.838Z"
"68f1da5290ad734984f7db98","optional","68f1da5690ad734984f7eca1","2025-10-17T05:56:01.838Z","2025-10-17T05:56:01.838Z"
"68f1da5690ad734984f7ea17","optional","68f1da5690ad734984f7eca1","2025-10-17T05:56:01.838Z","2025-10-17T05:56:01.838Z"
"68f1da5290ad734984f7cd80","optional","68f1da5690ad734984f7ecac","2025-10-17T05:56:01.838Z","2025-10-17T05:56:01.838Z"
"68f1da5690ad734984f7e589","essential","68f1da5690ad734984f7ecac","2025-10-17T05:56:01.838Z","2025-10-17T05:56:01.838Z"
"68f1da5690ad734984f7e10d","optional","68f1da5690ad734984f7ecb0","2025-10-17T05:56:01.838Z","2025-10-17T05:56:01.838Z"
"68f1da5690ad734984f7e74d","optional","68f1da5690ad734984f7ecb0","2025-10-17T05:56:01.838Z","2025-10-17T05:56:01.838Z"
"68f1da5690ad734984f7e37f","optional","68f1da5690ad734984f7ecb5","2025-10-17T05:56:01.838Z","2025-10-17T05:56:01.838Z"
"68f1da5290ad734984f7d5c5","optional","68f1da5690ad734984f7ecc1","2025-10-17T05:56:01.838Z","2025-10-17T05:56:01.838Z"
"68f1da5690ad734984f7e8a9","optional","68f1da5690ad734984f7ecc1","2025-10-17T05:56:01.838Z","2025-10-17T05:56:01.838Z"
"68f1da5290ad734984f7d6c6","optional","68f1da5690ad734984f7ecc4","2025-10-17T05:56:01.838Z","2025-10-17T05:56:01.838Z"
"68f1da5790ad734984f7f1dd","optional","68f1da5690ad734984f7ecc4","2025-10-17T05:56:01.838Z","2025-10-17T05:56:01.838Z"
"68f1da5290ad734984f7dd7b","optional","68f1da5690ad734984f7ecc4","2025-10-17T05:56:01.838Z","2025-10-17T05:56:01.838Z"
"68f1da5290ad734984f7cc32","optional","68f1da5690ad734984f7ecc4","2025-10-17T05:56:01.838Z","2025-10-17T05:56:01.838Z"
"68f1da5290ad734984f7d0b2","optional","68f1da5690ad734984f7ecc4","2025-10-17T05:56:01.838Z","2025-10-17T05:56:01.838Z"
"68f1da5690ad734984f7ebe7","optional","68f1da5690ad734984f7ecc4","2025-10-17T05:56:01.838Z","2025-10-17T05:56:01.838Z"
"68f1da5290ad734984f7dd77","optional","68f1da5690ad734984f7eccf","2025-10-17T05:56:01.838Z","2025-10-17T05:56:01.838Z"
"68f1da5290ad734984f7d836","optional","68f1da5690ad734984f7eccf","2025-10-17T05:56:01.838Z","2025-10-17T05:56:01.838Z"
"68f1da5a90ad734984f7f38e","optional","68f1da5690ad734984f7ecd5","2025-10-17T05:56:01.838Z","2025-10-17T05:56:01.838Z"
"68f1da5290ad734984f7d3fc","optional","68f1da5690ad734984f7ecd5","2025-10-17T05:56:01.838Z","2025-10-17T05:56:01.838Z"
"68f1da5690ad734984f7e98c","optional","68f1da5690ad734984f7ecd5","2025-10-17T05:56:01.838Z","2025-10-17T05:56:01.838Z"
"68f1da5a90ad734984f7f76f","optional","68f1da5690ad734984f7ecd7","2025-10-17T05:56:01.838Z","2025-10-17T05:56:01.838Z"
"68f1da5a90ad734984f7fd92","optional","68f1da5690ad734984f7ecda","2025-10-17T05:56:01.838Z","2025-10-17T05:56:01.838Z"
"68f1da5a90ad734984f7fe93","optional","68f1da5690ad734984f7ecda","2025-10-17T05:56:01.838Z","2025-10-17T05:56:01.838Z"
"68f1da5690ad734984f7e57b","optional","68f1da5690ad734984f7ecda","2025-10-17T05:56:01.838Z","2025-10-17T05:56:01.838Z"
"68f1da5290ad734984f7cded","optional","68f1da5690ad734984f7ecdf","2025-10-17T05:56:01.838Z","2025-10-17T05:56:01.838Z"
"68f1da5290ad734984f7d899","optional","68f1da5690ad734984f7ecdf","2025-10-17T05:56:01.838Z","2025-10-17T05:56:01.838Z"
"68f1da5a90ad734984f7fc9e","optional","68f1da5690ad734984f7ecdf","2025-10-17T05:56:01.838Z","2025-10-17T05:56:01.838Z"
"68f1da5690ad734984f7ec0b","optional","68f1da5690ad734984f7ece1","2025-10-17T05:56:01.839Z","2025-10-17T05:56:01.839Z"
"68f1da5690ad734984f7e5fb","optional","68f1da5690ad734984f7ece1","2025-10-17T05:56:01.838Z","2025-10-17T05:56:01.838Z"
"68f1da5a90ad734984f7fb36","optional","68f1da5690ad734984f7ece1","2025-10-17T05:56:01.839Z","2025-10-17T05:56:01.839Z"
"68f1da5290ad734984f7d6e7","optional","68f1da5690ad734984f7ece7","2025-10-17T05:56:01.839Z","2025-10-17T05:56:01.839Z"
"68f1da5a90ad734984f7ff61","optional","68f1da5690ad734984f7ece7","2025-10-17T05:56:01.839Z","2025-10-17T05:56:01.839Z"
"68f1da5690ad734984f7ec47","optional","68f1da5690ad734984f7ecf2","2025-10-17T05:56:01.839Z","2025-10-17T05:56:01.839Z"
"68f1da5290ad734984f7cc44","optional","68f1da5690ad734984f7ecf8","2025-10-17T05:56:01.839Z","2025-10-17T05:56:01.839Z"
"68f1da5290ad734984f7db91","optional","68f1da5690ad734984f7ecf8","2025-10-17T05:56:01.839Z","2025-10-17T05:56:01.839Z"
"68f1da5a90ad734984f7fc65","optional","68f1da5690ad734984f7ecf8","2025-10-17T05:56:01.839Z","2025-10-17T05:56:01.839Z"
"68f1da5a90ad734984f800bb","optional","68f1da5690ad734984f7ecf8","2025-10-17T05:56:01.839Z","2025-10-17T05:56:01.839Z"
"68f1da5290ad734984f7d460","optional","68f1da5690ad734984f7ecf8","2025-10-17T05:56:01.839Z","2025-10-17T05:56:01.839Z"
"68f1da5290ad734984f7cce8","optional","68f1da5690ad734984f7ecf8","2025-10-17T05:56:01.839Z","2025-10-17T05:56:01.839Z"
"68f1da5690ad734984f7dee4","optional","68f1da5690ad734984f7ed06","2025-10-17T05:56:01.839Z","2025-10-17T05:56:01.839Z"
"68f1da5290ad734984f7cc17","optional","68f1da5690ad734984f7ed06","2025-10-17T05:56:01.839Z","2025-10-17T05:56:01.839Z"
"68f1da5290ad734984f7d0ac","optional","68f1da5690ad734984f7ed06","2025-10-17T05:56:01.839Z","2025-10-17T05:56:01.839Z"
"68f1da5690ad734984f7dee6","optional","68f1da5690ad734984f7ed18","2025-10-17T05:56:01.839Z","2025-10-17T05:56:01.839Z"
"68f1da5690ad734984f7e251","optional","68f1da5690ad734984f7ed18","2025-10-17T05:56:01.839Z","2025-10-17T05:56:01.839Z"
"68f1da5690ad734984f7e79d","optional","68f1da5690ad734984f7ed18","2025-10-17T05:56:01.839Z","2025-10-17T05:56:01.839Z"
"68f1da5690ad734984f7ec96","optional","68f1da5690ad734984f7ed18","2025-10-17T05:56:01.839Z","2025-10-17T05:56:01.839Z"
"68f1da5290ad734984f7d970","optional","68f1da5690ad734984f7ed1b","2025-10-17T05:56:01.839Z","2025-10-17T05:56:01.839Z"
"68f1da5690ad734984f7e339","optional","68f1da5690ad734984f7ed1b","2025-10-17T05:56:01.839Z","2025-10-17T05:56:01.839Z"
"68f1da5690ad734984f7e500","optional","68f1da5690ad734984f7ed22","2025-10-17T05:56:01.839Z","2025-10-17T05:56:01.839Z"
"68f1da5790ad734984f7ef48","optional","68f1da5690ad734984f7ed22","2025-10-17T05:56:01.839Z","2025-10-17T05:56:01.839Z"
"68f1da5690ad734984f7e1fa","optional","68f1da5690ad734984f7ed36","2025-10-17T05:56:01.839Z","2025-10-17T05:56:01.839Z"
"68f1da5290ad734984f7dd7e","optional","68f1da5690ad734984f7ed36","2025-10-17T05:56:01.839Z","2025-10-17T05:56:01.839Z"
"68f1da5290ad734984f7dc06","optional","68f1da5690ad734984f7ed36","2025-10-17T05:56:01.839Z","2025-10-17T05:56:01.839Z"
"68f1da5690ad734984f7e4d3","optional","68f1da5690ad734984f7ed36","2025-10-17T05:56:01.839Z","2025-10-17T05:56:01.839Z"
"68f1da5290ad734984f7dea6","optional","68f1da5690ad734984f7ed4f","2025-10-17T05:56:01.839Z","2025-10-17T05:56:01.839Z"
"68f1da5690ad734984f7ece0","optional","68f1da5690ad734984f7ed4f","2025-10-17T05:56:01.839Z","2025-10-17T05:56:01.839Z"
"68f1da5690ad734984f7e527","optional","68f1da5690ad734984f7ed4f","2025-10-17T05:56:01.839Z","2025-10-17T05:56:01.839Z"
"68f1da5690ad734984f7e4d4","optional","68f1da5690ad734984f7ed53","2025-10-17T05:56:01.839Z","2025-10-17T05:56:01.839Z"
"68f1da5290ad734984f7cc71","optional","68f1da5690ad734984f7ed53","2025-10-17T05:56:01.839Z","2025-10-17T05:56:01.839Z"
"68f1da5690ad734984f7e373","optional","68f1da5690ad734984f7ed5a","2025-10-17T05:56:01.840Z","2025-10-17T05:56:01.840Z"
"68f1da5690ad734984f7e3c0","optional","68f1da5690ad734984f7ed5d","2025-10-17T05:56:01.840Z","2025-10-17T05:56:01.840Z"
"68f1da5a90ad734984f7f67a","optional","68f1da5690ad734984f7ed5d","2025-10-17T05:56:01.840Z","2025-10-17T05:56:01.840Z"
"68f1da5290ad734984f7d417","optional","68f1da5690ad734984f7ed5d","2025-10-17T05:56:01.840Z","2025-10-17T05:56:01.840Z"
"68f1da5a90ad734984f7fa0f","optional","68f1da5690ad734984f7ed5d","2025-10-17T05:56:01.840Z","2025-10-17T05:56:01.840Z"
"68f1da5290ad734984f7d133","optional","68f1da5690ad734984f7ed63","2025-10-17T05:56:01.840Z","2025-10-17T05:56:01.840Z"
"68f1da5290ad734984f7d34d","optional","68f1da5690ad734984f7ed63","2025-10-17T05:56:01.840Z","2025-10-17T05:56:01.840Z"
"68f1da5a90ad734984f7fa1d","optional","68f1da5690ad734984f7ed63","2025-10-17T05:56:01.840Z","2025-10-17T05:56:01.840Z"
"68f1da5290ad734984f7cc3f","optional","68f1da5690ad734984f7ed63","2025-10-17T05:56:01.840Z","2025-10-17T05:56:01.840Z"
"68f1da5290ad734984f7da59","optional","68f1da5690ad734984f7ed63","2025-10-17T05:56:01.840Z","2025-10-17T05:56:01.840Z"
"68f1da5a90ad734984f7f4b2","optional","68f1da5690ad734984f7ed63","2025-10-17T05:56:01.840Z","2025-10-17T05:56:01.840Z"
"68f1da5290ad734984f7d5aa","optional","68f1da5690ad734984f7ed66","2025-10-17T05:56:01.840Z","2025-10-17T05:56:01.840Z"
"68f1da5a90ad734984f800f2","optional","68f1da5690ad734984f7ed66","2025-10-17T05:56:01.840Z","2025-10-17T05:56:01.840Z"
"68f1da5690ad734984f7e148","optional","68f1da5690ad734984f7ed66","2025-10-17T05:56:01.840Z","2025-10-17T05:56:01.840Z"
"68f1da5a90ad734984f7f827","optional","68f1da5690ad734984f7ed76","2025-10-17T05:56:01.839Z","2025-10-17T05:56:01.839Z"
"68f1da5790ad734984f7f1a6","optional","68f1da5690ad734984f7ed76","2025-10-17T05:56:01.839Z","2025-10-17T05:56:01.839Z"
"68f1da5a90ad734984f7f419","optional","68f1da5690ad734984f7ed7b","2025-10-17T05:56:01.840Z","2025-10-17T05:56:01.840Z"
"68f1da5690ad734984f7ea1f","optional","68f1da5690ad734984f7ed84","2025-10-17T05:56:01.840Z","2025-10-17T05:56:01.840Z"
"68f1da5690ad734984f7e605","optional","68f1da5690ad734984f7ed88","2025-10-17T05:56:01.840Z","2025-10-17T05:56:01.840Z"
"68f1da5690ad734984f7edef","optional","68f1da5690ad734984f7ed88","2025-10-17T05:56:01.840Z","2025-10-17T05:56:01.840Z"
"68f1da5290ad734984f7d586","optional","68f1da5690ad734984f7ed88","2025-10-17T05:56:01.840Z","2025-10-17T05:56:01.840Z"
"68f1da5690ad734984f7ed29","optional","68f1da5690ad734984f7ed9e","2025-10-17T05:56:01.840Z","2025-10-17T05:56:01.840Z"
"68f1da5290ad734984f7ceda","optional","68f1da5690ad734984f7ed9e","2025-10-17T05:56:01.840Z","2025-10-17T05:56:01.840Z"
"68f1da5690ad734984f7e905","essential","68f1da5690ad734984f7eda2","2025-10-17T05:56:01.840Z","2025-10-17T05:56:01.840Z"
"68f1da5a90ad734984f7ff25","optional","68f1da5690ad734984f7eda2","2025-10-17T05:56:01.840Z","2025-10-17T05:56:01.840Z"
"68f1da5290ad734984f7ced1","optional","68f1da5690ad734984f7eda2","2025-10-17T05:56:01.840Z","2025-10-17T05:56:01.840Z"
"68f1da5290ad734984f7da75","optional","68f1da5690ad734984f7eda2","2025-10-17T05:56:01.840Z","2025-10-17T05:56:01.840Z"
"68f1da5a90ad734984f7fb23","optional","68f1da5690ad734984f7eda2","2025-10-17T05:56:01.840Z","2025-10-17T05:56:01.840Z"
"68f1da5690ad734984f7e8e5","optional","68f1da5690ad734984f7eda2","2025-10-17T05:56:01.840Z","2025-10-17T05:56:01.840Z"
"68f1da5a90ad734984f7f7c8","optional","68f1da5690ad734984f7eda2","2025-10-17T05:56:01.840Z","2025-10-17T05:56:01.840Z"
"68f1da5690ad734984f7e3e2","optional","68f1da5690ad734984f7eda3","2025-10-17T05:56:01.840Z","2025-10-17T05:56:01.840Z"
"68f1da5a90ad734984f7fa0c","optional","68f1da5690ad734984f7eda3","2025-10-17T05:56:01.840Z","2025-10-17T05:56:01.840Z"
"68f1da5790ad734984f7efb6","optional","68f1da5690ad734984f7eda3","2025-10-17T05:56:01.840Z","2025-10-17T05:56:01.840Z"
"68f1da5690ad734984f7e71e","optional","68f1da5690ad734984f7eda3","2025-10-17T05:56:01.840Z","2025-10-17T05:56:01.840Z"
"68f1da5290ad734984f7d141","optional","68f1da5690ad734984f7eda3","2025-10-17T05:56:01.840Z","2025-10-17T05:56:01.840Z"
"68f1da5290ad734984f7d7bb","optional","68f1da5690ad734984f7eda3","2025-10-17T05:56:01.840Z","2025-10-17T05:56:01.840Z"
"68f1da5790ad734984f7f079","optional","68f1da5690ad734984f7edb0","2025-10-17T05:56:01.840Z","2025-10-17T05:56:01.840Z"
"68f1da5a90ad734984f7f6d5","optional","68f1da5690ad734984f7edb0","2025-10-17T05:56:01.840Z","2025-10-17T05:56:01.840Z"
"68f1da5290ad734984f7deb5","optional","68f1da5690ad734984f7edb3","2025-10-17T05:56:01.841Z","2025-10-17T05:56:01.841Z"
"68f1da5690ad734984f7dfb5","optional","68f1da5690ad734984f7edb3","2025-10-17T05:56:01.841Z","2025-10-17T05:56:01.841Z"
"68f1da5690ad734984f7e8db","optional","68f1da5690ad734984f7edb3","2025-10-17T05:56:01.841Z","2025-10-17T05:56:01.841Z"
"68f1da5290ad734984f7ddbb","optional","68f1da5690ad734984f7edb3","2025-10-17T05:56:01.841Z","2025-10-17T05:56:01.841Z"
"68f1da5290ad734984f7da65","optional","68f1da5690ad734984f7edb3","2025-10-17T05:56:01.841Z","2025-10-17T05:56:01.841Z"
"68f1da5690ad734984f7e86d","optional","68f1da5690ad734984f7edb6","2025-10-17T05:56:01.841Z","2025-10-17T05:56:01.841Z"
"68f1da5290ad734984f7d1ad","optional","68f1da5690ad734984f7edb6","2025-10-17T05:56:01.841Z","2025-10-17T05:56:01.841Z"
"68f1da5690ad734984f7e910","optional","68f1da5690ad734984f7edb6","2025-10-17T05:56:01.841Z","2025-10-17T05:56:01.841Z"
"68f1da5790ad734984f7f246","optional","68f1da5690ad734984f7edb9","2025-10-17T05:56:01.841Z","2025-10-17T05:56:01.841Z"
"68f1da5a90ad734984f7f7b7","optional","68f1da5690ad734984f7edb9","2025-10-17T05:56:01.841Z","2025-10-17T05:56:01.841Z"
"68f1da5290ad734984f7cff5","optional","68f1da5690ad734984f7edbf","2025-10-17T05:56:01.841Z","2025-10-17T05:56:01.841Z"
"68f1da5290ad734984f7d1fb","optional","68f1da5690ad734984f7edbf","2025-10-17T05:56:01.841Z","2025-10-17T05:56:01.841Z"
"68f1da5790ad734984f7f042","optional","68f1da5690ad734984f7edbf","2025-10-17T05:56:01.841Z","2025-10-17T05:56:01.841Z"
"68f1da5790ad734984f7f059","optional","68f1da5690ad734984f7edbf","2025-10-17T05:56:01.841Z","2025-10-17T05:56:01.841Z"
"68f1da5290ad734984f7d55b","optional","68f1da5690ad734984f7edbf","2025-10-17T05:56:01.841Z","2025-10-17T05:56:01.841Z"
"68f1da5690ad734984f7e174","optional","68f1da5690ad734984f7edbf","2025-10-17T05:56:01.841Z","2025-10-17T05:56:01.841Z"
"68f1da5790ad734984f7ef86","optional","68f1da5690ad734984f7edbf","2025-10-17T05:56:01.841Z","2025-10-17T05:56:01.841Z"
"68f1da5690ad734984f7e554","optional","68f1da5690ad734984f7edbf","2025-10-17T05:56:01.841Z","2025-10-17T05:56:01.841Z"
"68f1da5690ad734984f7e8be","optional","68f1da5690ad734984f7edbf","2025-10-17T05:56:01.841Z","2025-10-17T05:56:01.841Z"
"68f1da5290ad734984f7d793","optional","68f1da5690ad734984f7edbf","2025-10-17T05:56:01.841Z","2025-10-17T05:56:01.841Z"
"68f1da5a90ad734984f7fd2b","optional","68f1da5690ad734984f7edc5","2025-10-17T05:56:01.841Z","2025-10-17T05:56:01.841Z"
"68f1da5a90ad734984f7f7f5","optional","68f1da5690ad734984f7edc8","2025-10-17T05:56:01.849Z","2025-10-17T05:56:01.849Z"
"68f1da5290ad734984f7db02","optional","68f1da5690ad734984f7edca","2025-10-17T05:56:01.849Z","2025-10-17T05:56:01.849Z"
"68f1da5690ad734984f7e734","optional","68f1da5690ad734984f7edca","2025-10-17T05:56:01.849Z","2025-10-17T05:56:01.849Z"
"68f1da5690ad734984f7deeb","optional","68f1da5690ad734984f7edd0","2025-10-17T05:56:01.850Z","2025-10-17T05:56:01.850Z"
"68f1da5290ad734984f7d762","optional","68f1da5690ad734984f7edd9","2025-10-17T05:56:01.850Z","2025-10-17T05:56:01.850Z"
"68f1da5690ad734984f7ebf8","optional","68f1da5690ad734984f7edd9","2025-10-17T05:56:01.850Z","2025-10-17T05:56:01.850Z"
"68f1da5690ad734984f7e258","optional","68f1da5690ad734984f7edd9","2025-10-17T05:56:01.850Z","2025-10-17T05:56:01.850Z"
"68f1da5290ad734984f7dd0c","optional","68f1da5690ad734984f7edd9","2025-10-17T05:56:01.850Z","2025-10-17T05:56:01.850Z"
"68f1da5690ad734984f7dfe3","optional","68f1da5690ad734984f7eddc","2025-10-17T05:56:01.850Z","2025-10-17T05:56:01.850Z"
"68f1da5290ad734984f7ce67","optional","68f1da5690ad734984f7eddc","2025-10-17T05:56:01.850Z","2025-10-17T05:56:01.850Z"
"68f1da5290ad734984f7ce5c","optional","68f1da5690ad734984f7eddc","2025-10-17T05:56:01.850Z","2025-10-17T05:56:01.850Z"
"68f1da5290ad734984f7d409","optional","68f1da5690ad734984f7eddc","2025-10-17T05:56:01.850Z","2025-10-17T05:56:01.850Z"
"68f1da5a90ad734984f7f2de","optional","68f1da5690ad734984f7edea","2025-10-17T05:56:01.850Z","2025-10-17T05:56:01.850Z"
"68f1da5290ad734984f7da57","optional","68f1da5690ad734984f7edea","2025-10-17T05:56:01.850Z","2025-10-17T05:56:01.850Z"
"68f1da5690ad734984f7eaa2","optional","68f1da5690ad734984f7edee","2025-10-17T05:56:01.850Z","2025-10-17T05:56:01.850Z"
"68f1da5690ad734984f7ec7f","optional","68f1da5690ad734984f7edee","2025-10-17T05:56:01.850Z","2025-10-17T05:56:01.850Z"
"68f1da5690ad734984f7e37d","optional","68f1da5690ad734984f7edee","2025-10-17T05:56:01.850Z","2025-10-17T05:56:01.850Z"
"68f1da5a90ad734984f7fa76","optional","68f1da5690ad734984f7ee06","2025-10-17T05:56:01.850Z","2025-10-17T05:56:01.850Z"
"68f1da5690ad734984f7e492","optional","68f1da5690ad734984f7ee13","2025-10-17T05:56:01.850Z","2025-10-17T05:56:01.850Z"
"68f1da5690ad734984f7ed28","optional","68f1da5690ad734984f7ee18","2025-10-17T05:56:01.850Z","2025-10-17T05:56:01.850Z"
"68f1da5a90ad734984f7f455","essential","68f1da5690ad734984f7ee18","2025-10-17T05:56:01.850Z","2025-10-17T05:56:01.850Z"
"68f1da5290ad734984f7dcb3","optional","68f1da5690ad734984f7ee1a","2025-10-17T05:56:01.850Z","2025-10-17T05:56:01.850Z"
"68f1da5290ad734984f7d152","optional","68f1da5690ad734984f7ee2a","2025-10-17T05:56:01.850Z","2025-10-17T05:56:01.850Z"
"68f1da5690ad734984f7e49b","optional","68f1da5690ad734984f7ee2a","2025-10-17T05:56:01.850Z","2025-10-17T05:56:01.850Z"
"68f1da5a90ad734984f7fe39","optional","68f1da5690ad734984f7ee2a","2025-10-17T05:56:01.850Z","2025-10-17T05:56:01.850Z"
"68f1da5690ad734984f7dfb6","optional","68f1da5690ad734984f7ee2a","2025-10-17T05:56:01.850Z","2025-10-17T05:56:01.850Z"
"68f1da5a90ad734984f7f86c","optional","68f1da5690ad734984f7ee2d","2025-10-17T05:56:01.850Z","2025-10-17T05:56:01.850Z"
"68f1da5790ad734984f7eebd","optional","68f1da5690ad734984f7ee2e","2025-10-17T05:56:01.850Z","2025-10-17T05:56:01.850Z"
"68f1da5790ad734984f7f135","optional","68f1da5690ad734984f7ee2e","2025-10-17T05:56:01.850Z","2025-10-17T05:56:01.850Z"
"68f1da5a90ad734984f7fe49","optional","68f1da5690ad734984f7ee2e","2025-10-17T05:56:01.850Z","2025-10-17T05:56:01.850Z"
"68f1da5290ad734984f7cc45","optional","68f1da5690ad734984f7ee2e","2025-10-17T05:56:01.850Z","2025-10-17T05:56:01.850Z"
"68f1da5690ad734984f7ec95","optional","68f1da5690ad734984f7ee2e","2025-10-17T05:56:01.850Z","2025-10-17T05:56:01.850Z"
"68f1da5a90ad734984f7fe80","optional","68f1da5690ad734984f7ee3d","2025-10-17T05:56:01.851Z","2025-10-17T05:56:01.851Z"
"68f1da5290ad734984f7dcb7","optional","68f1da5690ad734984f7ee42","2025-10-17T05:56:01.851Z","2025-10-17T05:56:01.851Z"
"68f1da5790ad734984f7f132","optional","68f1da5690ad734984f7ee42","2025-10-17T05:56:01.851Z","2025-10-17T05:56:01.851Z"
"68f1da5690ad734984f7e8cf","optional","68f1da5690ad734984f7ee48","2025-10-17T05:56:01.851Z","2025-10-17T05:56:01.851Z"
"68f1da5a90ad734984f7f428","optional","68f1da5690ad734984f7ee48","2025-10-17T05:56:01.851Z","2025-10-17T05:56:01.851Z"
"68f1da5690ad734984f7e839","optional","68f1da5690ad734984f7ee48","2025-10-17T05:56:01.851Z","2025-10-17T05:56:01.851Z"
"68f1da5690ad734984f7e5c1","optional","68f1da5690ad734984f7ee55","2025-10-17T05:56:01.850Z","2025-10-17T05:56:01.850Z"
"68f1da5290ad734984f7dd92","optional","68f1da5690ad734984f7ee55","2025-10-17T05:56:01.850Z","2025-10-17T05:56:01.850Z"
"68f1da5290ad734984f7d73b","optional","68f1da5690ad734984f7ee58","2025-10-17T05:56:01.850Z","2025-10-17T05:56:01.850Z"
"68f1da5a90ad734984f7fba1","optional","68f1da5690ad734984f7ee58","2025-10-17T05:56:01.851Z","2025-10-17T05:56:01.851Z"
"68f1da5290ad734984f7dd1d","optional","68f1da5690ad734984f7ee58","2025-10-17T05:56:01.851Z","2025-10-17T05:56:01.851Z"
"68f1da5690ad734984f7eb7e","optional","68f1da5690ad734984f7ee58","2025-10-17T05:56:01.851Z","2025-10-17T05:56:01.851Z"
"68f1da5a90ad734984f7f9fc","optional","68f1da5690ad734984f7ee58","2025-10-17T05:56:01.851Z","2025-10-17T05:56:01.851Z"
"68f1da5290ad734984f7dc83","optional","68f1da5690ad734984f7ee5b","2025-10-17T05:56:01.851Z","2025-10-17T05:56:01.851Z"
"68f1da5690ad734984f7e6c8","essential","68f1da5690ad734984f7ee5b","2025-10-17T05:56:01.851Z","2025-10-17T05:56:01.851Z"
"68f1da5690ad734984f7e872","optional","68f1da5690ad734984f7ee5b","2025-10-17T05:56:01.851Z","2025-10-17T05:56:01.851Z"
"68f1da5a90ad734984f7fa5b","optional","68f1da5690ad734984f7ee5b","2025-10-17T05:56:01.851Z","2025-10-17T05:56:01.851Z"
"68f1da5a90ad734984f7f99a","essential","68f1da5690ad734984f7ee5e","2025-10-17T05:56:01.851Z","2025-10-17T05:56:01.851Z"
"68f1da5290ad734984f7cd80","optional","68f1da5690ad734984f7ee5e","2025-10-17T05:56:01.851Z","2025-10-17T05:56:01.851Z"
"68f1da5690ad734984f7e589","essential","68f1da5690ad734984f7ee5e","2025-10-17T05:56:01.851Z","2025-10-17T05:56:01.851Z"
"68f1da5a90ad734984f7fad0","optional","68f1da5690ad734984f7ee5e","2025-10-17T05:56:01.851Z","2025-10-17T05:56:01.851Z"
"68f1da5a90ad734984f80161","optional","68f1da5690ad734984f7ee5e","2025-10-17T05:56:01.851Z","2025-10-17T05:56:01.851Z"
"68f1da5a90ad734984f8001b","optional","68f1da5690ad734984f7ee70","2025-10-17T05:56:01.852Z","2025-10-17T05:56:01.852Z"
"68f1da5290ad734984f7d108","optional","68f1da5690ad734984f7ee71","2025-10-17T05:56:01.852Z","2025-10-17T05:56:01.852Z"
"68f1da5290ad734984f7d586","optional","68f1da5690ad734984f7ee71","2025-10-17T05:56:01.852Z","2025-10-17T05:56:01.852Z"
"68f1da5a90ad734984f7f37f","optional","68f1da5690ad734984f7ee71","2025-10-17T05:56:01.852Z","2025-10-17T05:56:01.852Z"
"68f1da5290ad734984f7ceda","optional","68f1da5690ad734984f7ee74","2025-10-17T05:56:01.852Z","2025-10-17T05:56:01.852Z"
"68f1da5690ad734984f7ed29","optional","68f1da5690ad734984f7ee74","2025-10-17T05:56:01.852Z","2025-10-17T05:56:01.852Z"
"68f1da5690ad734984f7e92f","optional","68f1da5690ad734984f7ee82","2025-10-17T05:56:01.851Z","2025-10-17T05:56:01.851Z"
"68f1da5690ad734984f7df6c","optional","68f1da5690ad734984f7ee82","2025-10-17T05:56:01.851Z","2025-10-17T05:56:01.851Z"
"68f1da5790ad734984f7efaa","optional","68f1da5690ad734984f7ee82","2025-10-17T05:56:01.851Z","2025-10-17T05:56:01.851Z"
"68f1da5290ad734984f7dcca","optional","68f1da5690ad734984f7ee82","2025-10-17T05:56:01.851Z","2025-10-17T05:56:01.851Z"
"68f1da5690ad734984f7e22b","optional","68f1da5690ad734984f7ee82","2025-10-17T05:56:01.851Z","2025-10-17T05:56:01.851Z"
"68f1da5690ad734984f7e386","optional","68f1da5690ad734984f7ee82","2025-10-17T05:56:01.851Z","2025-10-17T05:56:01.851Z"
"68f1da5690ad734984f7e872","optional","68f1da5690ad734984f7ee82","2025-10-17T05:56:01.851Z","2025-10-17T05:56:01.851Z"
"68f1da5a90ad734984f7fe34","optional","68f1da5690ad734984f7ee82","2025-10-17T05:56:01.851Z","2025-10-17T05:56:01.851Z"
"68f1da5690ad734984f7e0cd","optional","68f1da5690ad734984f7ee82","2025-10-17T05:56:01.851Z","2025-10-17T05:56:01.851Z"
"68f1da5290ad734984f7dde6","essential","68f1da5690ad734984f7ee84","2025-10-17T05:56:01.851Z","2025-10-17T05:56:01.851Z"
"68f1da5a90ad734984f7fad0","optional","68f1da5690ad734984f7ee8b","2025-10-17T05:56:01.852Z","2025-10-17T05:56:01.852Z"
"68f1da5a90ad734984f7fa8a","optional","68f1da5690ad734984f7ee8f","2025-10-17T05:56:01.852Z","2025-10-17T05:56:01.852Z"
"68f1da5290ad734984f7d5ca","optional","68f1da5690ad734984f7ee8f","2025-10-17T05:56:01.852Z","2025-10-17T05:56:01.852Z"
"68f1da5790ad734984f7f0ad","optional","68f1da5690ad734984f7ee8f","2025-10-17T05:56:01.852Z","2025-10-17T05:56:01.852Z"
"68f1da5290ad734984f7d273","optional","68f1da5690ad734984f7ee97","2025-10-17T05:56:01.852Z","2025-10-17T05:56:01.852Z"
"68f1da5690ad734984f7e4aa","optional","68f1da5690ad734984f7ee97","2025-10-17T05:56:01.852Z","2025-10-17T05:56:01.852Z"
"68f1da5290ad734984f7cc38","optional","68f1da5790ad734984f7eebb","2025-10-17T05:56:01.851Z","2025-10-17T05:56:01.851Z"
"68f1da5290ad734984f7da8a","optional","68f1da5790ad734984f7eebc","2025-10-17T05:56:01.851Z","2025-10-17T05:56:01.851Z"
"68f1da5690ad734984f7eb75","optional","68f1da5790ad734984f7eebc","2025-10-17T05:56:01.851Z","2025-10-17T05:56:01.851Z"
"68f1da5790ad734984f7f1cd","optional","68f1da5790ad734984f7eec1","2025-10-17T05:56:01.851Z","2025-10-17T05:56:01.851Z"
"68f1da5290ad734984f7d2f1","optional","68f1da5790ad734984f7eecf","2025-10-17T05:56:01.852Z","2025-10-17T05:56:01.852Z"
"68f1da5290ad734984f7deb3","optional","68f1da5790ad734984f7eecf","2025-10-17T05:56:01.852Z","2025-10-17T05:56:01.852Z"
"68f1da5a90ad734984f7f514","optional","68f1da5790ad734984f7eecf","2025-10-17T05:56:01.852Z","2025-10-17T05:56:01.852Z"
"68f1da5690ad734984f7ec5c","optional","68f1da5790ad734984f7eeec","2025-10-17T05:56:01.852Z","2025-10-17T05:56:01.852Z"
"68f1da5290ad734984f7d0fb","optional","68f1da5790ad734984f7eef7","2025-10-17T05:56:01.852Z","2025-10-17T05:56:01.852Z"
"68f1da5a90ad734984f800be","optional","68f1da5790ad734984f7eef7","2025-10-17T05:56:01.852Z","2025-10-17T05:56:01.852Z"
"68f1da5a90ad734984f80178","optional","68f1da5790ad734984f7eefb","2025-10-17T05:56:01.852Z","2025-10-17T05:56:01.852Z"
"68f1da5290ad734984f7cf27","optional","68f1da5790ad734984f7eefc","2025-10-17T05:56:01.852Z","2025-10-17T05:56:01.852Z"
"68f1da5a90ad734984f7fd1d","optional","68f1da5790ad734984f7eefc","2025-10-17T05:56:01.852Z","2025-10-17T05:56:01.852Z"
"68f1da5690ad734984f7e273","essential","68f1da5790ad734984f7ef06","2025-10-17T05:56:01.852Z","2025-10-17T05:56:01.852Z"
"68f1da5290ad734984f7cb9b","optional","68f1da5790ad734984f7ef07","2025-10-17T05:56:01.852Z","2025-10-17T05:56:01.852Z"
"68f1da5290ad734984f7cba0","optional","68f1da5790ad734984f7ef07","2025-10-17T05:56:01.852Z","2025-10-17T05:56:01.852Z"
"68f1da5290ad734984f7d9ee","optional","68f1da5790ad734984f7ef0f","2025-10-17T05:56:01.852Z","2025-10-17T05:56:01.852Z"
"68f1da5290ad734984f7d0dd","optional","68f1da5790ad734984f7ef0f","2025-10-17T05:56:01.852Z","2025-10-17T05:56:01.852Z"
"68f1da5690ad734984f7e5bd","optional","68f1da5790ad734984f7ef0f","2025-10-17T05:56:01.852Z","2025-10-17T05:56:01.852Z"
"68f1da5690ad734984f7ee05","optional","68f1da5790ad734984f7ef0f","2025-10-17T05:56:01.852Z","2025-10-17T05:56:01.852Z"
"68f1da5290ad734984f7d30d","optional","68f1da5790ad734984f7ef0f","2025-10-17T05:56:01.852Z","2025-10-17T05:56:01.852Z"
"68f1da5290ad734984f7d6ea","optional","68f1da5790ad734984f7ef0f","2025-10-17T05:56:01.852Z","2025-10-17T05:56:01.852Z"
"68f1da5290ad734984f7da44","optional","68f1da5790ad734984f7ef0f","2025-10-17T05:56:01.852Z","2025-10-17T05:56:01.852Z"
"68f1da5690ad734984f7e985","optional","68f1da5790ad734984f7ef14","2025-10-17T05:56:01.852Z","2025-10-17T05:56:01.852Z"
"68f1da5290ad734984f7dd04","optional","68f1da5790ad734984f7ef14","2025-10-17T05:56:01.852Z","2025-10-17T05:56:01.852Z"
"68f1da5290ad734984f7dd6d","optional","68f1da5790ad734984f7ef14","2025-10-17T05:56:01.852Z","2025-10-17T05:56:01.852Z"
"68f1da5790ad734984f7f050","optional","68f1da5790ad734984f7ef14","2025-10-17T05:56:01.852Z","2025-10-17T05:56:01.852Z"
"68f1da5290ad734984f7ddcf","optional","68f1da5790ad734984f7ef1a","2025-10-17T05:56:01.853Z","2025-10-17T05:56:01.853Z"
"68f1da5290ad734984f7d5b5","optional","68f1da5790ad734984f7ef1a","2025-10-17T05:56:01.853Z","2025-10-17T05:56:01.853Z"
"68f1da5290ad734984f7dde2","optional","68f1da5790ad734984f7ef1f","2025-10-17T05:56:01.853Z","2025-10-17T05:56:01.853Z"
"68f1da5690ad734984f7e5e7","optional","68f1da5790ad734984f7ef1f","2025-10-17T05:56:01.853Z","2025-10-17T05:56:01.853Z"
"68f1da5a90ad734984f7fe7e","optional","68f1da5790ad734984f7ef1f","2025-10-17T05:56:01.853Z","2025-10-17T05:56:01.853Z"
"68f1da5290ad734984f7cf99","optional","68f1da5790ad734984f7ef1f","2025-10-17T05:56:01.853Z","2025-10-17T05:56:01.853Z"
"68f1da5a90ad734984f7fc15","optional","68f1da5790ad734984f7ef1f","2025-10-17T05:56:01.853Z","2025-10-17T05:56:01.853Z"
"68f1da5a90ad734984f80087","optional","68f1da5790ad734984f7ef24","2025-10-17T05:56:01.853Z","2025-10-17T05:56:01.853Z"
"68f1da5290ad734984f7db50","optional","68f1da5790ad734984f7ef24","2025-10-17T05:56:01.853Z","2025-10-17T05:56:01.853Z"
"68f1da5690ad734984f7e177","optional","68f1da5790ad734984f7ef24","2025-10-17T05:56:01.853Z","2025-10-17T05:56:01.853Z"
"68f1da5a90ad734984f7fc73","optional","68f1da5790ad734984f7ef24","2025-10-17T05:56:01.853Z","2025-10-17T05:56:01.853Z"
"68f1da5a90ad734984f7fd3a","optional","68f1da5790ad734984f7ef24","2025-10-17T05:56:01.853Z","2025-10-17T05:56:01.853Z"
"68f1da5290ad734984f7d9a2","optional","68f1da5790ad734984f7ef4e","2025-10-17T05:56:01.853Z","2025-10-17T05:56:01.853Z"
"68f1da5690ad734984f7e2a2","optional","68f1da5790ad734984f7ef5e","2025-10-17T05:56:01.853Z","2025-10-17T05:56:01.853Z"
"68f1da5690ad734984f7e4c5","optional","68f1da5790ad734984f7ef5e","2025-10-17T05:56:01.853Z","2025-10-17T05:56:01.853Z"
"68f1da5290ad734984f7dded","optional","68f1da5790ad734984f7ef63","2025-10-17T05:56:01.853Z","2025-10-17T05:56:01.853Z"
"68f1da5a90ad734984f7f573","optional","68f1da5790ad734984f7ef63","2025-10-17T05:56:01.853Z","2025-10-17T05:56:01.853Z"
"68f1da5290ad734984f7d477","optional","68f1da5790ad734984f7ef63","2025-10-17T05:56:01.853Z","2025-10-17T05:56:01.853Z"
"68f1da5290ad734984f7dac8","optional","68f1da5790ad734984f7ef66","2025-10-17T05:56:01.853Z","2025-10-17T05:56:01.853Z"
"68f1da5690ad734984f7e3be","optional","68f1da5790ad734984f7ef66","2025-10-17T05:56:01.853Z","2025-10-17T05:56:01.853Z"
"68f1da5290ad734984f7dde3","optional","68f1da5790ad734984f7ef66","2025-10-17T05:56:01.853Z","2025-10-17T05:56:01.853Z"
"68f1da5290ad734984f7d07c","optional","68f1da5790ad734984f7ef8b","2025-10-17T05:56:01.853Z","2025-10-17T05:56:01.853Z"
"68f1da5790ad734984f7f22b","optional","68f1da5790ad734984f7ef97","2025-10-17T05:56:01.854Z","2025-10-17T05:56:01.854Z"
"68f1da5690ad734984f7e852","optional","68f1da5790ad734984f7ef97","2025-10-17T05:56:01.854Z","2025-10-17T05:56:01.854Z"
"68f1da5690ad734984f7eb63","optional","68f1da5790ad734984f7ef98","2025-10-17T05:56:01.854Z","2025-10-17T05:56:01.854Z"
"68f1da5290ad734984f7d6e8","optional","68f1da5790ad734984f7ef98","2025-10-17T05:56:01.854Z","2025-10-17T05:56:01.854Z"
"68f1da5290ad734984f7d162","optional","68f1da5790ad734984f7ef99","2025-10-17T05:56:01.854Z","2025-10-17T05:56:01.854Z"
"68f1da5a90ad734984f7fa59","optional","68f1da5790ad734984f7ef99","2025-10-17T05:56:01.854Z","2025-10-17T05:56:01.854Z"
"68f1da5290ad734984f7d8ce","optional","68f1da5790ad734984f7ef99","2025-10-17T05:56:01.854Z","2025-10-17T05:56:01.854Z"
"68f1da5a90ad734984f7f64f","optional","68f1da5790ad734984f7ef99","2025-10-17T05:56:01.854Z","2025-10-17T05:56:01.854Z"
"68f1da5a90ad734984f7fec5","optional","68f1da5790ad734984f7ef99","2025-10-17T05:56:01.854Z","2025-10-17T05:56:01.854Z"
"68f1da5290ad734984f7ce1b","optional","68f1da5790ad734984f7ef99","2025-10-17T05:56:01.854Z","2025-10-17T05:56:01.854Z"
"68f1da5290ad734984f7d87b","optional","68f1da5790ad734984f7ef99","2025-10-17T05:56:01.854Z","2025-10-17T05:56:01.854Z"
"68f1da5290ad734984f7d55b","optional","68f1da5790ad734984f7ef9e","2025-10-17T05:56:01.854Z","2025-10-17T05:56:01.854Z"
"68f1da5690ad734984f7e174","optional","68f1da5790ad734984f7ef9e","2025-10-17T05:56:01.854Z","2025-10-17T05:56:01.854Z"
"68f1da5290ad734984f7d793","optional","68f1da5790ad734984f7ef9e","2025-10-17T05:56:01.854Z","2025-10-17T05:56:01.854Z"
"68f1da5690ad734984f7e0c9","optional","68f1da5790ad734984f7ef9e","2025-10-17T05:56:01.854Z","2025-10-17T05:56:01.854Z"
"68f1da5690ad734984f7e554","optional","68f1da5790ad734984f7ef9e","2025-10-17T05:56:01.854Z","2025-10-17T05:56:01.854Z"
"68f1da5690ad734984f7e8be","optional","68f1da5790ad734984f7ef9e","2025-10-17T05:56:01.854Z","2025-10-17T05:56:01.854Z"
"68f1da5790ad734984f7ef86","optional","68f1da5790ad734984f7ef9e","2025-10-17T05:56:01.854Z","2025-10-17T05:56:01.854Z"
"68f1da5a90ad734984f7f6fb","essential","68f1da5790ad734984f7ef9e","2025-10-17T05:56:01.854Z","2025-10-17T05:56:01.854Z"
"68f1da5290ad734984f7d80b","optional","68f1da5790ad734984f7ef9e","2025-10-17T05:56:01.854Z","2025-10-17T05:56:01.854Z"
"68f1da5690ad734984f7e40a","essential","68f1da5790ad734984f7ef9e","2025-10-17T05:56:01.854Z","2025-10-17T05:56:01.854Z"
"68f1da5790ad734984f7f042","optional","68f1da5790ad734984f7ef9e","2025-10-17T05:56:01.854Z","2025-10-17T05:56:01.854Z"
"68f1da5290ad734984f7de4f","optional","68f1da5790ad734984f7ef9f","2025-10-17T05:56:01.854Z","2025-10-17T05:56:01.854Z"
"68f1da5690ad734984f7e541","optional","68f1da5790ad734984f7ef9f","2025-10-17T05:56:01.854Z","2025-10-17T05:56:01.854Z"
"68f1da5a90ad734984f7f492","optional","68f1da5790ad734984f7ef9f","2025-10-17T05:56:01.854Z","2025-10-17T05:56:01.854Z"
"68f1da5a90ad734984f7fe58","optional","68f1da5790ad734984f7ef9f","2025-10-17T05:56:01.854Z","2025-10-17T05:56:01.854Z"
"68f1da5790ad734984f7f075","optional","68f1da5790ad734984f7efa7","2025-10-17T05:56:01.854Z","2025-10-17T05:56:01.854Z"
"68f1da5690ad734984f7ea0e","optional","68f1da5790ad734984f7efac","2025-10-17T05:56:01.853Z","2025-10-17T05:56:01.853Z"
"68f1da5690ad734984f7e26f","optional","68f1da5790ad734984f7efad","2025-10-17T05:56:01.853Z","2025-10-17T05:56:01.853Z"
"68f1da5690ad734984f7ee2f","optional","68f1da5790ad734984f7efad","2025-10-17T05:56:01.853Z","2025-10-17T05:56:01.853Z"
"68f1da5a90ad734984f80041","optional","68f1da5790ad734984f7efad","2025-10-17T05:56:01.853Z","2025-10-17T05:56:01.853Z"
"68f1da5a90ad734984f800e6","optional","68f1da5790ad734984f7efad","2025-10-17T05:56:01.853Z","2025-10-17T05:56:01.853Z"
"68f1da5790ad734984f7ef73","optional","68f1da5790ad734984f7efb0","2025-10-17T05:56:01.853Z","2025-10-17T05:56:01.853Z"
"68f1da5690ad734984f7e62a","optional","68f1da5790ad734984f7efb5","2025-10-17T05:56:01.853Z","2025-10-17T05:56:01.853Z"
"68f1da5a90ad734984f7f98f","optional","68f1da5790ad734984f7efc9","2025-10-17T05:56:01.855Z","2025-10-17T05:56:01.855Z"
"68f1da5690ad734984f7ec29","optional","68f1da5790ad734984f7efc9","2025-10-17T05:56:01.854Z","2025-10-17T05:56:01.854Z"
"68f1da5690ad734984f7df90","optional","68f1da5790ad734984f7efc9","2025-10-17T05:56:01.854Z","2025-10-17T05:56:01.854Z"
"68f1da5a90ad734984f7ff9d","optional","68f1da5790ad734984f7efc9","2025-10-17T05:56:01.855Z","2025-10-17T05:56:01.855Z"
"68f1da5290ad734984f7d659","essential","68f1da5790ad734984f7efce","2025-10-17T05:56:01.855Z","2025-10-17T05:56:01.855Z"
"68f1da5290ad734984f7dc0b","optional","68f1da5790ad734984f7efd3","2025-10-17T05:56:01.855Z","2025-10-17T05:56:01.855Z"
"68f1da5690ad734984f7e0bf","optional","68f1da5790ad734984f7efd3","2025-10-17T05:56:01.855Z","2025-10-17T05:56:01.855Z"
"68f1da5690ad734984f7ee32","essential","68f1da5790ad734984f7efd4","2025-10-17T05:56:01.855Z","2025-10-17T05:56:01.855Z"
"68f1da5790ad734984f7f205","optional","68f1da5790ad734984f7efd8","2025-10-17T05:56:01.855Z","2025-10-17T05:56:01.855Z"
"68f1da5a90ad734984f7fc9c","optional","68f1da5790ad734984f7efd8","2025-10-17T05:56:01.855Z","2025-10-17T05:56:01.855Z"
"68f1da5690ad734984f7e609","optional","68f1da5790ad734984f7efd8","2025-10-17T05:56:01.855Z","2025-10-17T05:56:01.855Z"
"68f1da5290ad734984f7cc7a","optional","68f1da5790ad734984f7efdb","2025-10-17T05:56:01.855Z","2025-10-17T05:56:01.855Z"
"68f1da5690ad734984f7e6ee","optional","68f1da5790ad734984f7efdb","2025-10-17T05:56:01.855Z","2025-10-17T05:56:01.855Z"
"68f1da5290ad734984f7da78","optional","68f1da5790ad734984f7efe0","2025-10-17T05:56:01.853Z","2025-10-17T05:56:01.853Z"
"68f1da5290ad734984f7de44","optional","68f1da5790ad734984f7efe0","2025-10-17T05:56:01.853Z","2025-10-17T05:56:01.853Z"
"68f1da5690ad734984f7e409","optional","68f1da5790ad734984f7efe0","2025-10-17T05:56:01.854Z","2025-10-17T05:56:01.854Z"
"68f1da5290ad734984f7d429","optional","68f1da5790ad734984f7efe0","2025-10-17T05:56:01.853Z","2025-10-17T05:56:01.853Z"
"68f1da5290ad734984f7d9d0","optional","68f1da5790ad734984f7efe0","2025-10-17T05:56:01.853Z","2025-10-17T05:56:01.853Z"
"68f1da5290ad734984f7cd9c","optional","68f1da5790ad734984f7efe0","2025-10-17T05:56:01.853Z","2025-10-17T05:56:01.853Z"
"68f1da5a90ad734984f80109","optional","68f1da5790ad734984f7efe0","2025-10-17T05:56:01.854Z","2025-10-17T05:56:01.854Z"
"68f1da5690ad734984f7e937","optional","68f1da5790ad734984f7efe8","2025-10-17T05:56:01.854Z","2025-10-17T05:56:01.854Z"
"68f1da5690ad734984f7e690","optional","68f1da5790ad734984f7eff2","2025-10-17T05:56:01.854Z","2025-10-17T05:56:01.854Z"
"68f1da5a90ad734984f7fad0","optional","68f1da5790ad734984f7eff6","2025-10-17T05:56:01.854Z","2025-10-17T05:56:01.854Z"
"68f1da5a90ad734984f7f470","essential","68f1da5790ad734984f7eff6","2025-10-17T05:56:01.854Z","2025-10-17T05:56:01.854Z"
"68f1da5290ad734984f7d04c","optional","68f1da5790ad734984f7f007","2025-10-17T05:56:01.855Z","2025-10-17T05:56:01.855Z"
"68f1da5290ad734984f7d41e","optional","68f1da5790ad734984f7f008","2025-10-17T05:56:01.855Z","2025-10-17T05:56:01.855Z"
"68f1da5a90ad734984f7f943","optional","68f1da5790ad734984f7f008","2025-10-17T05:56:01.855Z","2025-10-17T05:56:01.855Z"
"68f1da5690ad734984f7e4c5","optional","68f1da5790ad734984f7f016","2025-10-17T05:56:01.855Z","2025-10-17T05:56:01.855Z"
"68f1da5290ad734984f7d8f8","optional","68f1da5790ad734984f7f01a","2025-10-17T05:56:01.855Z","2025-10-17T05:56:01.855Z"
"68f1da5690ad734984f7e5d9","optional","68f1da5790ad734984f7f01f","2025-10-17T05:56:01.855Z","2025-10-17T05:56:01.855Z"
"68f1da5290ad734984f7d68d","optional","68f1da5790ad734984f7f023","2025-10-17T05:56:01.855Z","2025-10-17T05:56:01.855Z"
"68f1da5290ad734984f7d32d","optional","68f1da5790ad734984f7f024","2025-10-17T05:56:01.855Z","2025-10-17T05:56:01.855Z"
"68f1da5290ad734984f7ccbf","optional","68f1da5790ad734984f7f024","2025-10-17T05:56:01.855Z","2025-10-17T05:56:01.855Z"
"68f1da5290ad734984f7dc20","optional","68f1da5790ad734984f7f024","2025-10-17T05:56:01.855Z","2025-10-17T05:56:01.855Z"
"68f1da5290ad734984f7d9db","optional","68f1da5790ad734984f7f024","2025-10-17T05:56:01.855Z","2025-10-17T05:56:01.855Z"
"68f1da5290ad734984f7d74e","optional","68f1da5790ad734984f7f025","2025-10-17T05:56:01.855Z","2025-10-17T05:56:01.855Z"
"68f1da5a90ad734984f7f5ee","optional","68f1da5790ad734984f7f025","2025-10-17T05:56:01.855Z","2025-10-17T05:56:01.855Z"
"68f1da5290ad734984f7d4d9","optional","68f1da5790ad734984f7f025","2025-10-17T05:56:01.855Z","2025-10-17T05:56:01.855Z"
"68f1da5a90ad734984f7f2bc","optional","68f1da5790ad734984f7f025","2025-10-17T05:56:01.855Z","2025-10-17T05:56:01.855Z"
"68f1da5a90ad734984f7f38e","optional","68f1da5790ad734984f7f027","2025-10-17T05:56:01.855Z","2025-10-17T05:56:01.855Z"
"68f1da5290ad734984f7d1eb","optional","68f1da5790ad734984f7f027","2025-10-17T05:56:01.855Z","2025-10-17T05:56:01.855Z"
"68f1da5290ad734984f7d993","optional","68f1da5790ad734984f7f031","2025-10-17T05:56:01.856Z","2025-10-17T05:56:01.856Z"
"68f1da5690ad734984f7e53a","optional","68f1da5790ad734984f7f058","2025-10-17T05:56:01.856Z","2025-10-17T05:56:01.856Z"
"68f1da5a90ad734984f7f267","optional","68f1da5790ad734984f7f05f","2025-10-17T05:56:01.856Z","2025-10-17T05:56:01.856Z"
"68f1da5a90ad734984f7f83a","optional","68f1da5790ad734984f7f05f","2025-10-17T05:56:01.856Z","2025-10-17T05:56:01.856Z"
"68f1da5a90ad734984f7f293","optional","68f1da5790ad734984f7f05f","2025-10-17T05:56:01.856Z","2025-10-17T05:56:01.856Z"
"68f1da5290ad734984f7cb6d","optional","68f1da5790ad734984f7f061","2025-10-17T05:56:01.856Z","2025-10-17T05:56:01.856Z"
"68f1da5290ad734984f7d852","optional","68f1da5790ad734984f7f06b","2025-10-17T05:56:01.856Z","2025-10-17T05:56:01.856Z"
"68f1da5290ad734984f7ddca","optional","68f1da5790ad734984f7f06b","2025-10-17T05:56:01.856Z","2025-10-17T05:56:01.856Z"
"68f1da5690ad734984f7e981","optional","68f1da5790ad734984f7f06e","2025-10-17T05:56:01.856Z","2025-10-17T05:56:01.856Z"
"68f1da5690ad734984f7e574","optional","68f1da5790ad734984f7f076","2025-10-17T05:56:01.855Z","2025-10-17T05:56:01.855Z"
"68f1da5a90ad734984f7ff7f","optional","68f1da5790ad734984f7f078","2025-10-17T05:56:01.855Z","2025-10-17T05:56:01.855Z"
"68f1da5a90ad734984f7f94c","optional","68f1da5790ad734984f7f07c","2025-10-17T05:56:01.855Z","2025-10-17T05:56:01.855Z"
"68f1da5a90ad734984f7f930","optional","68f1da5790ad734984f7f07c","2025-10-17T05:56:01.855Z","2025-10-17T05:56:01.855Z"
"68f1da5290ad734984f7d666","optional","68f1da5790ad734984f7f08a","2025-10-17T05:56:01.856Z","2025-10-17T05:56:01.856Z"
"68f1da5290ad734984f7dabe","optional","68f1da5790ad734984f7f08a","2025-10-17T05:56:01.856Z","2025-10-17T05:56:01.856Z"
"68f1da5690ad734984f7e5ed","optional","68f1da5790ad734984f7f08a","2025-10-17T05:56:01.856Z","2025-10-17T05:56:01.856Z"
"68f1da5690ad734984f7e292","essential","68f1da5790ad734984f7f091","2025-10-17T05:56:01.856Z","2025-10-17T05:56:01.856Z"
"68f1da5290ad734984f7cd53","optional","68f1da5790ad734984f7f092","2025-10-17T05:56:01.856Z","2025-10-17T05:56:01.856Z"
"68f1da5290ad734984f7dbe4","optional","68f1da5790ad734984f7f09f","2025-10-17T05:56:01.856Z","2025-10-17T05:56:01.856Z"
"68f1da5290ad734984f7d33a","optional","68f1da5790ad734984f7f09f","2025-10-17T05:56:01.856Z","2025-10-17T05:56:01.856Z"
"68f1da5290ad734984f7d486","optional","68f1da5790ad734984f7f09f","2025-10-17T05:56:01.856Z","2025-10-17T05:56:01.856Z"
"68f1da5290ad734984f7db54","optional","68f1da5790ad734984f7f09f","2025-10-17T05:56:01.856Z","2025-10-17T05:56:01.856Z"
"68f1da5690ad734984f7e533","optional","68f1da5790ad734984f7f0b8","2025-10-17T05:56:01.856Z","2025-10-17T05:56:01.856Z"
"68f1da5290ad734984f7ce8b","optional","68f1da5790ad734984f7f0b8","2025-10-17T05:56:01.856Z","2025-10-17T05:56:01.856Z"
"68f1da5690ad734984f7ebc5","optional","68f1da5790ad734984f7f0b8","2025-10-17T05:56:01.856Z","2025-10-17T05:56:01.856Z"
"68f1da5790ad734984f7eed6","optional","68f1da5790ad734984f7f0b8","2025-10-17T05:56:01.856Z","2025-10-17T05:56:01.856Z"
"68f1da5690ad734984f7ea32","optional","68f1da5790ad734984f7f0b8","2025-10-17T05:56:01.856Z","2025-10-17T05:56:01.856Z"
"68f1da5a90ad734984f7f995","optional","68f1da5790ad734984f7f0b8","2025-10-17T05:56:01.856Z","2025-10-17T05:56:01.856Z"
"68f1da5290ad734984f7cd0d","optional","68f1da5790ad734984f7f0c1","2025-10-17T05:56:01.856Z","2025-10-17T05:56:01.856Z"
"68f1da5290ad734984f7d86e","optional","68f1da5790ad734984f7f0c1","2025-10-17T05:56:01.856Z","2025-10-17T05:56:01.856Z"
"68f1da5790ad734984f7ef85","optional","68f1da5790ad734984f7f0c1","2025-10-17T05:56:01.856Z","2025-10-17T05:56:01.856Z"
"68f1da5790ad734984f7f245","optional","68f1da5790ad734984f7f0c1","2025-10-17T05:56:01.856Z","2025-10-17T05:56:01.856Z"
"68f1da5290ad734984f7cf57","optional","68f1da5790ad734984f7f0c1","2025-10-17T05:56:01.856Z","2025-10-17T05:56:01.856Z"
"68f1da5a90ad734984f7f463","optional","68f1da5790ad734984f7f0c1","2025-10-17T05:56:01.856Z","2025-10-17T05:56:01.856Z"
"68f1da5690ad734984f7ed9b","optional","68f1da5790ad734984f7f0c5","2025-10-17T05:56:01.856Z","2025-10-17T05:56:01.856Z"
"68f1da5a90ad734984f7f41e","optional","68f1da5790ad734984f7f0c5","2025-10-17T05:56:01.856Z","2025-10-17T05:56:01.856Z"
"68f1da5290ad734984f7d013","optional","68f1da5790ad734984f7f0cd","2025-10-17T05:56:01.856Z","2025-10-17T05:56:01.856Z"
"68f1da5a90ad734984f7f9e7","optional","68f1da5790ad734984f7f0cd","2025-10-17T05:56:01.856Z","2025-10-17T05:56:01.856Z"
"68f1da5290ad734984f7cc47","optional","68f1da5790ad734984f7f0d0","2025-10-17T05:56:01.856Z","2025-10-17T05:56:01.856Z"
"68f1da5290ad734984f7da5b","optional","68f1da5790ad734984f7f0d0","2025-10-17T05:56:01.857Z","2025-10-17T05:56:01.857Z"
"68f1da5290ad734984f7cb77","optional","68f1da5790ad734984f7f0d9","2025-10-17T05:56:01.857Z","2025-10-17T05:56:01.857Z"
"68f1da5690ad734984f7e7c1","optional","68f1da5790ad734984f7f0d9","2025-10-17T05:56:01.857Z","2025-10-17T05:56:01.857Z"
"68f1da5a90ad734984f7f589","optional","68f1da5790ad734984f7f0d9","2025-10-17T05:56:01.857Z","2025-10-17T05:56:01.857Z"
"68f1da5a90ad734984f7fc4a","optional","68f1da5790ad734984f7f0d9","2025-10-17T05:56:01.857Z","2025-10-17T05:56:01.857Z"
"68f1da5690ad734984f7df5a","optional","68f1da5790ad734984f7f0dd","2025-10-17T05:56:01.857Z","2025-10-17T05:56:01.857Z"
"68f1da5790ad734984f7f17a","optional","68f1da5790ad734984f7f0e1","2025-10-17T05:56:01.857Z","2025-10-17T05:56:01.857Z"
"68f1da5690ad734984f7ed10","optional","68f1da5790ad734984f7f0e1","2025-10-17T05:56:01.857Z","2025-10-17T05:56:01.857Z"
"68f1da5290ad734984f7cc98","optional","68f1da5790ad734984f7f0e3","2025-10-17T05:56:01.857Z","2025-10-17T05:56:01.857Z"
"68f1da5a90ad734984f800b0","optional","68f1da5790ad734984f7f0e3","2025-10-17T05:56:01.857Z","2025-10-17T05:56:01.857Z"
"68f1da5a90ad734984f7fabe","optional","68f1da5790ad734984f7f0e5","2025-10-17T05:56:01.857Z","2025-10-17T05:56:01.857Z"
"68f1da5a90ad734984f7ff5f","optional","68f1da5790ad734984f7f0e5","2025-10-17T05:56:01.857Z","2025-10-17T05:56:01.857Z"
"68f1da5290ad734984f7d024","optional","68f1da5790ad734984f7f0ee","2025-10-17T05:56:01.857Z","2025-10-17T05:56:01.857Z"
"68f1da5290ad734984f7d152","optional","68f1da5790ad734984f7f0f6","2025-10-17T05:56:01.857Z","2025-10-17T05:56:01.857Z"
"68f1da5690ad734984f7e9bf","optional","68f1da5790ad734984f7f0f6","2025-10-17T05:56:01.857Z","2025-10-17T05:56:01.857Z"
"68f1da5290ad734984f7d672","optional","68f1da5790ad734984f7f0f6","2025-10-17T05:56:01.857Z","2025-10-17T05:56:01.857Z"
"68f1da5290ad734984f7dbe5","optional","68f1da5790ad734984f7f0f6","2025-10-17T05:56:01.857Z","2025-10-17T05:56:01.857Z"
"68f1da5a90ad734984f7f34d","optional","68f1da5790ad734984f7f0fd","2025-10-17T05:56:01.857Z","2025-10-17T05:56:01.857Z"
"68f1da5290ad734984f7ddd8","optional","68f1da5790ad734984f7f100","2025-10-17T05:56:01.857Z","2025-10-17T05:56:01.857Z"
"68f1da5690ad734984f7e354","optional","68f1da5790ad734984f7f100","2025-10-17T05:56:01.857Z","2025-10-17T05:56:01.857Z"
"68f1da5290ad734984f7de68","optional","68f1da5790ad734984f7f100","2025-10-17T05:56:01.857Z","2025-10-17T05:56:01.857Z"
"68f1da5690ad734984f7edd6","optional","68f1da5790ad734984f7f100","2025-10-17T05:56:01.857Z","2025-10-17T05:56:01.857Z"
"68f1da5290ad734984f7da80","optional","68f1da5790ad734984f7f100","2025-10-17T05:56:01.857Z","2025-10-17T05:56:01.857Z"
"68f1da5290ad734984f7dbea","optional","68f1da5790ad734984f7f100","2025-10-17T05:56:01.857Z","2025-10-17T05:56:01.857Z"
"68f1da5690ad734984f7e578","optional","68f1da5790ad734984f7f106","2025-10-17T05:56:01.857Z","2025-10-17T05:56:01.857Z"
"68f1da5a90ad734984f7f682","optional","68f1da5790ad734984f7f106","2025-10-17T05:56:01.857Z","2025-10-17T05:56:01.857Z"
"68f1da5a90ad734984f7fce4","optional","68f1da5790ad734984f7f106","2025-10-17T05:56:01.857Z","2025-10-17T05:56:01.857Z"
"68f1da5690ad734984f7e5ec","optional","68f1da5790ad734984f7f10a","2025-10-17T05:56:01.857Z","2025-10-17T05:56:01.857Z"
"68f1da5290ad734984f7d4d1","optional","68f1da5790ad734984f7f114","2025-10-17T05:56:01.857Z","2025-10-17T05:56:01.857Z"
"68f1da5a90ad734984f7fb1d","optional","68f1da5790ad734984f7f114","2025-10-17T05:56:01.857Z","2025-10-17T05:56:01.857Z"
"68f1da5a90ad734984f7fbdb","optional","68f1da5790ad734984f7f114","2025-10-17T05:56:01.857Z","2025-10-17T05:56:01.857Z"
"68f1da5690ad734984f7ed7c","optional","68f1da5790ad734984f7f114","2025-10-17T05:56:01.857Z","2025-10-17T05:56:01.857Z"
"68f1da5290ad734984f7deb3","optional","68f1da5790ad734984f7f114","2025-10-17T05:56:01.857Z","2025-10-17T05:56:01.857Z"
"68f1da5790ad734984f7ef63","essential","68f1da5790ad734984f7f117","2025-10-17T05:56:01.857Z","2025-10-17T05:56:01.857Z"
"68f1da5a90ad734984f7f681","optional","68f1da5790ad734984f7f11c","2025-10-17T05:56:01.857Z","2025-10-17T05:56:01.857Z"
"68f1da5290ad734984f7d4fe","essential","68f1da5790ad734984f7f120","2025-10-17T05:56:01.858Z","2025-10-17T05:56:01.858Z"
"68f1da5690ad734984f7e5f0","optional","68f1da5790ad734984f7f13a","2025-10-17T05:56:01.858Z","2025-10-17T05:56:01.858Z"
"68f1da5690ad734984f7ec0c","optional","68f1da5790ad734984f7f14c","2025-10-17T05:56:01.858Z","2025-10-17T05:56:01.858Z"
"68f1da5690ad734984f7e12a","optional","68f1da5790ad734984f7f153","2025-10-17T05:56:01.858Z","2025-10-17T05:56:01.858Z"
"68f1da5690ad734984f7e59c","optional","68f1da5790ad734984f7f153","2025-10-17T05:56:01.858Z","2025-10-17T05:56:01.858Z"
"68f1da5690ad734984f7e0fb","optional","68f1da5790ad734984f7f156","2025-10-17T05:56:01.858Z","2025-10-17T05:56:01.858Z"
"68f1da5790ad734984f7ef64","optional","68f1da5790ad734984f7f156","2025-10-17T05:56:01.858Z","2025-10-17T05:56:01.858Z"
"68f1da5790ad734984f7ef5c","optional","68f1da5790ad734984f7f156","2025-10-17T05:56:01.858Z","2025-10-17T05:56:01.858Z"
"68f1da5a90ad734984f7fc6d","optional","68f1da5790ad734984f7f156","2025-10-17T05:56:01.858Z","2025-10-17T05:56:01.858Z"
"68f1da5290ad734984f7d95c","optional","68f1da5790ad734984f7f156","2025-10-17T05:56:01.858Z","2025-10-17T05:56:01.858Z"
"68f1da5a90ad734984f7f264","optional","68f1da5790ad734984f7f156","2025-10-17T05:56:01.858Z","2025-10-17T05:56:01.858Z"
"68f1da5a90ad734984f7f666","optional","68f1da5790ad734984f7f156","2025-10-17T05:56:01.858Z","2025-10-17T05:56:01.858Z"
"68f1da5290ad734984f7cfb7","optional","68f1da5790ad734984f7f157","2025-10-17T05:56:01.858Z","2025-10-17T05:56:01.858Z"
"68f1da5290ad734984f7dde8","optional","68f1da5790ad734984f7f157","2025-10-17T05:56:01.858Z","2025-10-17T05:56:01.858Z"
"68f1da5290ad734984f7d1cb","optional","68f1da5790ad734984f7f157","2025-10-17T05:56:01.858Z","2025-10-17T05:56:01.858Z"
"68f1da5690ad734984f7e497","optional","68f1da5790ad734984f7f157","2025-10-17T05:56:01.858Z","2025-10-17T05:56:01.858Z"
"68f1da5690ad734984f7e80a","optional","68f1da5790ad734984f7f157","2025-10-17T05:56:01.858Z","2025-10-17T05:56:01.858Z"
"68f1da5690ad734984f7ed0f","optional","68f1da5790ad734984f7f159","2025-10-17T05:56:01.858Z","2025-10-17T05:56:01.858Z"
"68f1da5690ad734984f7eeb0","optional","68f1da5790ad734984f7f159","2025-10-17T05:56:01.858Z","2025-10-17T05:56:01.858Z"
"68f1da5290ad734984f7d7ec","optional","68f1da5790ad734984f7f159","2025-10-17T05:56:01.858Z","2025-10-17T05:56:01.858Z"
"68f1da5290ad734984f7d513","optional","68f1da5790ad734984f7f159","2025-10-17T05:56:01.858Z","2025-10-17T05:56:01.858Z"
"68f1da5290ad734984f7dbe7","optional","68f1da5790ad734984f7f159","2025-10-17T05:56:01.858Z","2025-10-17T05:56:01.858Z"
"68f1da5690ad734984f7e441","optional","68f1da5790ad734984f7f159","2025-10-17T05:56:01.858Z","2025-10-17T05:56:01.858Z"
"68f1da5a90ad734984f7f59f","optional","68f1da5790ad734984f7f15d","2025-10-17T05:56:01.858Z","2025-10-17T05:56:01.858Z"
"68f1da5290ad734984f7d536","optional","68f1da5790ad734984f7f15d","2025-10-17T05:56:01.858Z","2025-10-17T05:56:01.858Z"
"68f1da5290ad734984f7cfa9","optional","68f1da5790ad734984f7f176","2025-10-17T05:56:01.859Z","2025-10-17T05:56:01.859Z"
"68f1da5a90ad734984f7fd5e","optional","68f1da5790ad734984f7f176","2025-10-17T05:56:01.859Z","2025-10-17T05:56:01.859Z"
"68f1da5690ad734984f7eb97","optional","68f1da5790ad734984f7f177","2025-10-17T05:56:01.859Z","2025-10-17T05:56:01.859Z"
"68f1da5690ad734984f7ed86","optional","68f1da5790ad734984f7f177","2025-10-17T05:56:01.859Z","2025-10-17T05:56:01.859Z"
"68f1da5a90ad734984f7f91f","optional","68f1da5790ad734984f7f177","2025-10-17T05:56:01.859Z","2025-10-17T05:56:01.859Z"
"68f1da5a90ad734984f7f477","optional","68f1da5790ad734984f7f17c","2025-10-17T05:56:01.859Z","2025-10-17T05:56:01.859Z"
"68f1da5290ad734984f7d2ba","optional","68f1da5790ad734984f7f17c","2025-10-17T05:56:01.859Z","2025-10-17T05:56:01.859Z"
"68f1da5a90ad734984f7fbdd","optional","68f1da5790ad734984f7f17c","2025-10-17T05:56:01.859Z","2025-10-17T05:56:01.859Z"
"68f1da5a90ad734984f7fd9b","optional","68f1da5790ad734984f7f186","2025-10-17T05:56:01.859Z","2025-10-17T05:56:01.859Z"
"68f1da5290ad734984f7d362","optional","68f1da5790ad734984f7f186","2025-10-17T05:56:01.859Z","2025-10-17T05:56:01.859Z"
"68f1da5a90ad734984f7f582","optional","68f1da5790ad734984f7f186","2025-10-17T05:56:01.859Z","2025-10-17T05:56:01.859Z"
"68f1da5290ad734984f7dd51","optional","68f1da5790ad734984f7f186","2025-10-17T05:56:01.859Z","2025-10-17T05:56:01.859Z"
"68f1da5690ad734984f7dee4","optional","68f1da5790ad734984f7f187","2025-10-17T05:56:01.858Z","2025-10-17T05:56:01.858Z"
"68f1da5690ad734984f7ee86","optional","68f1da5790ad734984f7f187","2025-10-17T05:56:01.858Z","2025-10-17T05:56:01.858Z"
"68f1da5290ad734984f7db38","optional","68f1da5790ad734984f7f18a","2025-10-17T05:56:01.858Z","2025-10-17T05:56:01.858Z"
"68f1da5a90ad734984f7fc7a","optional","68f1da5790ad734984f7f18a","2025-10-17T05:56:01.858Z","2025-10-17T05:56:01.858Z"
"68f1da5290ad734984f7d68f","optional","68f1da5790ad734984f7f18d","2025-10-17T05:56:01.858Z","2025-10-17T05:56:01.858Z"
"68f1da5290ad734984f7d06e","optional","68f1da5790ad734984f7f18d","2025-10-17T05:56:01.858Z","2025-10-17T05:56:01.858Z"
"68f1da5290ad734984f7dbfc","optional","68f1da5790ad734984f7f18d","2025-10-17T05:56:01.858Z","2025-10-17T05:56:01.858Z"
"68f1da5a90ad734984f7fd1c","optional","68f1da5790ad734984f7f18d","2025-10-17T05:56:01.858Z","2025-10-17T05:56:01.858Z"
"68f1da5290ad734984f7da0d","optional","68f1da5790ad734984f7f18d","2025-10-17T05:56:01.858Z","2025-10-17T05:56:01.858Z"
"68f1da5290ad734984f7cc72","optional","68f1da5790ad734984f7f193","2025-10-17T05:56:01.858Z","2025-10-17T05:56:01.858Z"
"68f1da5690ad734984f7e060","optional","68f1da5790ad734984f7f193","2025-10-17T05:56:01.859Z","2025-10-17T05:56:01.859Z"
"68f1da5690ad734984f7eae6","optional","68f1da5790ad734984f7f193","2025-10-17T05:56:01.859Z","2025-10-17T05:56:01.859Z"
"68f1da5290ad734984f7cccc","optional","68f1da5790ad734984f7f193","2025-10-17T05:56:01.858Z","2025-10-17T05:56:01.858Z"
"68f1da5a90ad734984f7fdab","optional","68f1da5790ad734984f7f193","2025-10-17T05:56:01.859Z","2025-10-17T05:56:01.859Z"
"68f1da5290ad734984f7d266","optional","68f1da5790ad734984f7f19c","2025-10-17T05:56:01.859Z","2025-10-17T05:56:01.859Z"
"68f1da5290ad734984f7d857","optional","68f1da5790ad734984f7f19c","2025-10-17T05:56:01.859Z","2025-10-17T05:56:01.859Z"
"68f1da5290ad734984f7cd8f","optional","68f1da5790ad734984f7f19c","2025-10-17T05:56:01.859Z","2025-10-17T05:56:01.859Z"
"68f1da5690ad734984f7e3cb","optional","68f1da5790ad734984f7f1ab","2025-10-17T05:56:01.859Z","2025-10-17T05:56:01.859Z"
"68f1da5290ad734984f7d2f0","optional","68f1da5790ad734984f7f1ab","2025-10-17T05:56:01.859Z","2025-10-17T05:56:01.859Z"
"68f1da5790ad734984f7f0d6","optional","68f1da5790ad734984f7f1ab","2025-10-17T05:56:01.859Z","2025-10-17T05:56:01.859Z"
"68f1da5290ad734984f7d671","optional","68f1da5790ad734984f7f1ab","2025-10-17T05:56:01.859Z","2025-10-17T05:56:01.859Z"
"68f1da5a90ad734984f7f28c","optional","68f1da5790ad734984f7f1af","2025-10-17T05:56:01.859Z","2025-10-17T05:56:01.859Z"
"68f1da5290ad734984f7d0bb","optional","68f1da5790ad734984f7f1af","2025-10-17T05:56:01.859Z","2025-10-17T05:56:01.859Z"
"68f1da5690ad734984f7e5ea","optional","68f1da5790ad734984f7f1af","2025-10-17T05:56:01.859Z","2025-10-17T05:56:01.859Z"
"68f1da5690ad734984f7ee03","optional","68f1da5790ad734984f7f1af","2025-10-17T05:56:01.859Z","2025-10-17T05:56:01.859Z"
"68f1da5690ad734984f7ed93","optional","68f1da5790ad734984f7f1b8","2025-10-17T05:56:01.859Z","2025-10-17T05:56:01.859Z"
"68f1da5a90ad734984f7f464","optional","68f1da5790ad734984f7f1b8","2025-10-17T05:56:01.859Z","2025-10-17T05:56:01.859Z"
"68f1da5290ad734984f7cdff","optional","68f1da5790ad734984f7f1b8","2025-10-17T05:56:01.859Z","2025-10-17T05:56:01.859Z"
"68f1da5a90ad734984f7f811","optional","68f1da5790ad734984f7f1b8","2025-10-17T05:56:01.859Z","2025-10-17T05:56:01.859Z"
"68f1da5690ad734984f7eb71","optional","68f1da5790ad734984f7f1b9","2025-10-17T05:56:01.859Z","2025-10-17T05:56:01.859Z"
"68f1da5690ad734984f7ee4c","optional","68f1da5790ad734984f7f1c3","2025-10-17T05:56:01.859Z","2025-10-17T05:56:01.859Z"
"68f1da5290ad734984f7dda1","optional","68f1da5790ad734984f7f1c3","2025-10-17T05:56:01.859Z","2025-10-17T05:56:01.859Z"
"68f1da5690ad734984f7e411","optional","68f1da5790ad734984f7f1c3","2025-10-17T05:56:01.859Z","2025-10-17T05:56:01.859Z"
"68f1da5690ad734984f7e4a3","optional","68f1da5790ad734984f7f1c4","2025-10-17T05:56:01.859Z","2025-10-17T05:56:01.859Z"
"68f1da5a90ad734984f7f324","optional","68f1da5790ad734984f7f1c4","2025-10-17T05:56:01.860Z","2025-10-17T05:56:01.860Z"
"68f1da5690ad734984f7df3b","optional","68f1da5790ad734984f7f1c7","2025-10-17T05:56:01.860Z","2025-10-17T05:56:01.860Z"
"68f1da5a90ad734984f7f5c4","optional","68f1da5790ad734984f7f1c7","2025-10-17T05:56:01.860Z","2025-10-17T05:56:01.860Z"
"68f1da5290ad734984f7cc96","optional","68f1da5790ad734984f7f1c7","2025-10-17T05:56:01.860Z","2025-10-17T05:56:01.860Z"
"68f1da5290ad734984f7d2fb","optional","68f1da5790ad734984f7f1c9","2025-10-17T05:56:01.860Z","2025-10-17T05:56:01.860Z"
"68f1da5690ad734984f7e6d1","optional","68f1da5790ad734984f7f1c9","2025-10-17T05:56:01.860Z","2025-10-17T05:56:01.860Z"
"68f1da5690ad734984f7e573","optional","68f1da5790ad734984f7f1cc","2025-10-17T05:56:01.860Z","2025-10-17T05:56:01.860Z"
"68f1da5690ad734984f7e9cd","optional","68f1da5790ad734984f7f1cc","2025-10-17T05:56:01.860Z","2025-10-17T05:56:01.860Z"
"68f1da5290ad734984f7daea","optional","68f1da5790ad734984f7f1cc","2025-10-17T05:56:01.860Z","2025-10-17T05:56:01.860Z"
"68f1da5690ad734984f7e68a","optional","68f1da5790ad734984f7f1cc","2025-10-17T05:56:01.860Z","2025-10-17T05:56:01.860Z"
"68f1da5a90ad734984f7f29f","optional","68f1da5790ad734984f7f1cc","2025-10-17T05:56:01.860Z","2025-10-17T05:56:01.860Z"
"68f1da5290ad734984f7d8b7","optional","68f1da5790ad734984f7f1d0","2025-10-17T05:56:01.860Z","2025-10-17T05:56:01.860Z"
"68f1da5690ad734984f7dfd6","optional","68f1da5790ad734984f7f1d0","2025-10-17T05:56:01.860Z","2025-10-17T05:56:01.860Z"
"68f1da5290ad734984f7d66a","optional","68f1da5790ad734984f7f1d6","2025-10-17T05:56:01.860Z","2025-10-17T05:56:01.860Z"
"68f1da5690ad734984f7dff5","optional","68f1da5790ad734984f7f1d6","2025-10-17T05:56:01.860Z","2025-10-17T05:56:01.860Z"
"68f1da5690ad734984f7e80a","optional","68f1da5790ad734984f7f1d6","2025-10-17T05:56:01.860Z","2025-10-17T05:56:01.860Z"
"68f1da5690ad734984f7def4","optional","68f1da5790ad734984f7f1e5","2025-10-17T05:56:01.860Z","2025-10-17T05:56:01.860Z"
"68f1da5a90ad734984f7f97c","optional","68f1da5790ad734984f7f1f6","2025-10-17T05:56:01.860Z","2025-10-17T05:56:01.860Z"
"68f1da5290ad734984f7da3c","optional","68f1da5790ad734984f7f1f6","2025-10-17T05:56:01.860Z","2025-10-17T05:56:01.860Z"
"68f1da5a90ad734984f7f8ac","optional","68f1da5790ad734984f7f1f6","2025-10-17T05:56:01.860Z","2025-10-17T05:56:01.860Z"
"68f1da5290ad734984f7cb54","optional","68f1da5790ad734984f7f1f7","2025-10-17T05:56:01.860Z","2025-10-17T05:56:01.860Z"
"68f1da5a90ad734984f7f917","optional","68f1da5790ad734984f7f1f7","2025-10-17T05:56:01.860Z","2025-10-17T05:56:01.860Z"
"68f1da5290ad734984f7cb5c","optional","68f1da5790ad734984f7f1fa","2025-10-17T05:56:01.860Z","2025-10-17T05:56:01.860Z"
"68f1da5290ad734984f7d39e","optional","68f1da5790ad734984f7f1fa","2025-10-17T05:56:01.860Z","2025-10-17T05:56:01.860Z"
"68f1da5290ad734984f7d659","essential","68f1da5790ad734984f7f1fd","2025-10-17T05:56:01.860Z","2025-10-17T05:56:01.860Z"
"68f1da5290ad734984f7cea3","optional","68f1da5790ad734984f7f201","2025-10-17T05:56:01.860Z","2025-10-17T05:56:01.860Z"
"68f1da5a90ad734984f7fcda","optional","68f1da5790ad734984f7f201","2025-10-17T05:56:01.860Z","2025-10-17T05:56:01.860Z"
"68f1da5790ad734984f7f249","essential","68f1da5790ad734984f7f202","2025-10-17T05:56:01.861Z","2025-10-17T05:56:01.861Z"
"68f1da5690ad734984f7e8ac","essential","68f1da5790ad734984f7f202","2025-10-17T05:56:01.861Z","2025-10-17T05:56:01.861Z"
"68f1da5a90ad734984f8007d","essential","68f1da5790ad734984f7f202","2025-10-17T05:56:01.861Z","2025-10-17T05:56:01.861Z"
"68f1da5290ad734984f7dcb0","essential","68f1da5790ad734984f7f202","2025-10-17T05:56:01.861Z","2025-10-17T05:56:01.861Z"
"68f1da5290ad734984f7cfa2","essential","68f1da5790ad734984f7f202","2025-10-17T05:56:01.860Z","2025-10-17T05:56:01.860Z"
"68f1da5290ad734984f7db7c","essential","68f1da5790ad734984f7f202","2025-10-17T05:56:01.861Z","2025-10-17T05:56:01.861Z"
"68f1da5a90ad734984f7ff49","essential","68f1da5790ad734984f7f202","2025-10-17T05:56:01.861Z","2025-10-17T05:56:01.861Z"
"68f1da5290ad734984f7d24f","optional","68f1da5790ad734984f7f203","2025-10-17T05:56:01.861Z","2025-10-17T05:56:01.861Z"
"68f1da5a90ad734984f7f573","optional","68f1da5790ad734984f7f203","2025-10-17T05:56:01.861Z","2025-10-17T05:56:01.861Z"
"68f1da5a90ad734984f7fec8","optional","68f1da5790ad734984f7f210","2025-10-17T05:56:01.861Z","2025-10-17T05:56:01.861Z"
"68f1da5790ad734984f7efcb","optional","68f1da5790ad734984f7f214","2025-10-17T05:56:01.861Z","2025-10-17T05:56:01.861Z"
"68f1da5790ad734984f7f036","optional","68f1da5790ad734984f7f214","2025-10-17T05:56:01.861Z","2025-10-17T05:56:01.861Z"
"68f1da5a90ad734984f7f604","optional","68f1da5790ad734984f7f214","2025-10-17T05:56:01.861Z","2025-10-17T05:56:01.861Z"
"68f1da5a90ad734984f7f944","optional","68f1da5790ad734984f7f21a","2025-10-17T05:56:01.861Z","2025-10-17T05:56:01.861Z"
"68f1da5290ad734984f7cbd4","optional","68f1da5790ad734984f7f228","2025-10-17T05:56:01.861Z","2025-10-17T05:56:01.861Z"
"68f1da5690ad734984f7e24f","optional","68f1da5790ad734984f7f22c","2025-10-17T05:56:01.869Z","2025-10-17T05:56:01.869Z"
"68f1da5a90ad734984f7f2bf","optional","68f1da5790ad734984f7f22c","2025-10-17T05:56:01.869Z","2025-10-17T05:56:01.869Z"
"68f1da5290ad734984f7d106","optional","68f1da5790ad734984f7f22c","2025-10-17T05:56:01.861Z","2025-10-17T05:56:01.861Z"
"68f1da5290ad734984f7dd20","optional","68f1da5790ad734984f7f22c","2025-10-17T05:56:01.861Z","2025-10-17T05:56:01.861Z"
"68f1da5690ad734984f7df35","optional","68f1da5790ad734984f7f22c","2025-10-17T05:56:01.861Z","2025-10-17T05:56:01.861Z"
"68f1da5690ad734984f7e1b7","optional","68f1da5790ad734984f7f22c","2025-10-17T05:56:01.861Z","2025-10-17T05:56:01.861Z"
"68f1da5a90ad734984f7f728","optional","68f1da5790ad734984f7f22c","2025-10-17T05:56:01.869Z","2025-10-17T05:56:01.869Z"
"68f1da5690ad734984f7dff4","optional","68f1da5790ad734984f7f22c","2025-10-17T05:56:01.861Z","2025-10-17T05:56:01.861Z"
"68f1da5690ad734984f7e7b2","optional","68f1da5790ad734984f7f22c","2025-10-17T05:56:01.869Z","2025-10-17T05:56:01.869Z"
"68f1da5690ad734984f7e4c9","optional","68f1da5790ad734984f7f239","2025-10-17T05:56:01.860Z","2025-10-17T05:56:01.860Z"
"68f1da5290ad734984f7dbba","optional","68f1da5790ad734984f7f239","2025-10-17T05:56:01.860Z","2025-10-17T05:56:01.860Z"
"68f1da5290ad734984f7ddf6","optional","68f1da5790ad734984f7f239","2025-10-17T05:56:01.860Z","2025-10-17T05:56:01.860Z"
"68f1da5690ad734984f7ecae","optional","68f1da5790ad734984f7f23e","2025-10-17T05:56:01.860Z","2025-10-17T05:56:01.860Z"
"68f1da5a90ad734984f7f256","optional","68f1da5790ad734984f7f23e","2025-10-17T05:56:01.860Z","2025-10-17T05:56:01.860Z"
"68f1da5a90ad734984f7f31c","optional","68f1da5790ad734984f7f23e","2025-10-17T05:56:01.860Z","2025-10-17T05:56:01.860Z"
"68f1da5a90ad734984f7f5af","optional","68f1da5790ad734984f7f23e","2025-10-17T05:56:01.860Z","2025-10-17T05:56:01.860Z"
"68f1da5290ad734984f7d41d","optional","68f1da5790ad734984f7f243","2025-10-17T05:56:01.860Z","2025-10-17T05:56:01.860Z"
"68f1da5790ad734984f7f08f","essential","68f1da5a90ad734984f7f252","2025-10-17T05:56:01.870Z","2025-10-17T05:56:01.870Z"
"68f1da5a90ad734984f80095","optional","68f1da5a90ad734984f7f252","2025-10-17T05:56:01.870Z","2025-10-17T05:56:01.870Z"
"68f1da5690ad734984f7e46f","optional","68f1da5a90ad734984f7f274","2025-10-17T05:56:01.870Z","2025-10-17T05:56:01.870Z"
"68f1da5790ad734984f7f175","optional","68f1da5a90ad734984f7f274","2025-10-17T05:56:01.870Z","2025-10-17T05:56:01.870Z"
"68f1da5290ad734984f7ccca","optional","68f1da5a90ad734984f7f274","2025-10-17T05:56:01.869Z","2025-10-17T05:56:01.869Z"
"68f1da5290ad734984f7d06a","optional","68f1da5a90ad734984f7f274","2025-10-17T05:56:01.869Z","2025-10-17T05:56:01.869Z"
"68f1da5290ad734984f7daa9","optional","68f1da5a90ad734984f7f274","2025-10-17T05:56:01.869Z","2025-10-17T05:56:01.869Z"
"68f1da5290ad734984f7d023","optional","68f1da5a90ad734984f7f276","2025-10-17T05:56:01.870Z","2025-10-17T05:56:01.870Z"
"68f1da5790ad734984f7f0c9","optional","68f1da5a90ad734984f7f276","2025-10-17T05:56:01.870Z","2025-10-17T05:56:01.870Z"
"68f1da5a90ad734984f7ff3e","optional","68f1da5a90ad734984f7f278","2025-10-17T05:56:01.870Z","2025-10-17T05:56:01.870Z"
"68f1da5690ad734984f7eb8b","optional","68f1da5a90ad734984f7f27b","2025-10-17T05:56:01.870Z","2025-10-17T05:56:01.870Z"
"68f1da5a90ad734984f7f3e3","optional","68f1da5a90ad734984f7f280","2025-10-17T05:56:01.870Z","2025-10-17T05:56:01.870Z"
"68f1da5790ad734984f7ef8e","optional","68f1da5a90ad734984f7f280","2025-10-17T05:56:01.870Z","2025-10-17T05:56:01.870Z"
"68f1da5a90ad734984f7f9aa","optional","68f1da5a90ad734984f7f280","2025-10-17T05:56:01.870Z","2025-10-17T05:56:01.870Z"
"68f1da5a90ad734984f7fa75","optional","68f1da5a90ad734984f7f280","2025-10-17T05:56:01.870Z","2025-10-17T05:56:01.870Z"
"68f1da5290ad734984f7d289","optional","68f1da5a90ad734984f7f280","2025-10-17T05:56:01.870Z","2025-10-17T05:56:01.870Z"
"68f1da5290ad734984f7d4f8","optional","68f1da5a90ad734984f7f280","2025-10-17T05:56:01.870Z","2025-10-17T05:56:01.870Z"
"68f1da5790ad734984f7f0f8","essential","68f1da5a90ad734984f7f288","2025-10-17T05:56:01.870Z","2025-10-17T05:56:01.870Z"
"68f1da5a90ad734984f7f672","optional","68f1da5a90ad734984f7f289","2025-10-17T05:56:01.870Z","2025-10-17T05:56:01.870Z"
"68f1da5a90ad734984f7fffd","optional","68f1da5a90ad734984f7f289","2025-10-17T05:56:01.870Z","2025-10-17T05:56:01.870Z"
"68f1da5290ad734984f7cf60","optional","68f1da5a90ad734984f7f2a1","2025-10-17T05:56:01.870Z","2025-10-17T05:56:01.870Z"
"68f1da5a90ad734984f7fe95","optional","68f1da5a90ad734984f7f2a1","2025-10-17T05:56:01.870Z","2025-10-17T05:56:01.870Z"
"68f1da5a90ad734984f7f8f2","optional","68f1da5a90ad734984f7f2a1","2025-10-17T05:56:01.870Z","2025-10-17T05:56:01.870Z"
"68f1da5690ad734984f7e2b1","optional","68f1da5a90ad734984f7f2a1","2025-10-17T05:56:01.870Z","2025-10-17T05:56:01.870Z"
"68f1da5290ad734984f7d30d","optional","68f1da5a90ad734984f7f2a3","2025-10-17T05:56:01.870Z","2025-10-17T05:56:01.870Z"
"68f1da5290ad734984f7ced5","optional","68f1da5a90ad734984f7f2a8","2025-10-17T05:56:01.870Z","2025-10-17T05:56:01.870Z"
"68f1da5690ad734984f7e178","optional","68f1da5a90ad734984f7f2a9","2025-10-17T05:56:01.870Z","2025-10-17T05:56:01.870Z"
"68f1da5690ad734984f7dfba","optional","68f1da5a90ad734984f7f2a9","2025-10-17T05:56:01.870Z","2025-10-17T05:56:01.870Z"
"68f1da5290ad734984f7ceca","optional","68f1da5a90ad734984f7f2e4","2025-10-17T05:56:01.870Z","2025-10-17T05:56:01.870Z"
"68f1da5790ad734984f7f236","optional","68f1da5a90ad734984f7f2e4","2025-10-17T05:56:01.870Z","2025-10-17T05:56:01.870Z"
"68f1da5290ad734984f7d9e8","optional","68f1da5a90ad734984f7f2e8","2025-10-17T05:56:01.870Z","2025-10-17T05:56:01.870Z"
"68f1da5690ad734984f7e908","optional","68f1da5a90ad734984f7f2e8","2025-10-17T05:56:01.870Z","2025-10-17T05:56:01.870Z"
"68f1da5290ad734984f7cb3e","optional","68f1da5a90ad734984f7f2ea","2025-10-17T05:56:01.870Z","2025-10-17T05:56:01.870Z"
"68f1da5690ad734984f7e3e2","optional","68f1da5a90ad734984f7f2ea","2025-10-17T05:56:01.870Z","2025-10-17T05:56:01.870Z"
"68f1da5290ad734984f7d1ed","optional","68f1da5a90ad734984f7f2ea","2025-10-17T05:56:01.870Z","2025-10-17T05:56:01.870Z"
"68f1da5690ad734984f7e18b","optional","68f1da5a90ad734984f7f2ea","2025-10-17T05:56:01.870Z","2025-10-17T05:56:01.870Z"
"68f1da5290ad734984f7d595","optional","68f1da5a90ad734984f7f2fe","2025-10-17T05:56:01.870Z","2025-10-17T05:56:01.870Z"
"68f1da5290ad734984f7cc3e","optional","68f1da5a90ad734984f7f300","2025-10-17T05:56:01.871Z","2025-10-17T05:56:01.871Z"
"68f1da5690ad734984f7dfa6","optional","68f1da5a90ad734984f7f300","2025-10-17T05:56:01.871Z","2025-10-17T05:56:01.871Z"
"68f1da5a90ad734984f7f48c","optional","68f1da5a90ad734984f7f30d","2025-10-17T05:56:01.871Z","2025-10-17T05:56:01.871Z"
"68f1da5290ad734984f7d0ef","optional","68f1da5a90ad734984f7f30d","2025-10-17T05:56:01.871Z","2025-10-17T05:56:01.871Z"
"68f1da5290ad734984f7da44","optional","68f1da5a90ad734984f7f30d","2025-10-17T05:56:01.871Z","2025-10-17T05:56:01.871Z"
"68f1da5a90ad734984f7fd1d","optional","68f1da5a90ad734984f7f326","2025-10-17T05:56:01.871Z","2025-10-17T05:56:01.871Z"
"68f1da5290ad734984f7cf27","optional","68f1da5a90ad734984f7f326","2025-10-17T05:56:01.871Z","2025-10-17T05:56:01.871Z"
"68f1da5290ad734984f7cf2e","optional","68f1da5a90ad734984f7f329","2025-10-17T05:56:01.871Z","2025-10-17T05:56:01.871Z"
"68f1da5690ad734984f7eb8a","optional","68f1da5a90ad734984f7f329","2025-10-17T05:56:01.871Z","2025-10-17T05:56:01.871Z"
"68f1da5a90ad734984f7f44a","optional","68f1da5a90ad734984f7f32a","2025-10-17T05:56:01.871Z","2025-10-17T05:56:01.871Z"
"68f1da5a90ad734984f7ff0c","optional","68f1da5a90ad734984f7f32b","2025-10-17T05:56:01.872Z","2025-10-17T05:56:01.872Z"
"68f1da5790ad734984f7f12c","optional","68f1da5a90ad734984f7f32b","2025-10-17T05:56:01.871Z","2025-10-17T05:56:01.871Z"
"68f1da5a90ad734984f80011","optional","68f1da5a90ad734984f7f334","2025-10-17T05:56:01.871Z","2025-10-17T05:56:01.871Z"
"68f1da5690ad734984f7e910","optional","68f1da5a90ad734984f7f335","2025-10-17T05:56:01.871Z","2025-10-17T05:56:01.871Z"
"68f1da5290ad734984f7d1ad","optional","68f1da5a90ad734984f7f335","2025-10-17T05:56:01.871Z","2025-10-17T05:56:01.871Z"
"68f1da5290ad734984f7dca8","optional","68f1da5a90ad734984f7f335","2025-10-17T05:56:01.871Z","2025-10-17T05:56:01.871Z"
"68f1da5790ad734984f7f12c","optional","68f1da5a90ad734984f7f336","2025-10-17T05:56:01.871Z","2025-10-17T05:56:01.871Z"
"68f1da5a90ad734984f7fab8","optional","68f1da5a90ad734984f7f336","2025-10-17T05:56:01.871Z","2025-10-17T05:56:01.871Z"
"68f1da5290ad734984f7ce84","optional","68f1da5a90ad734984f7f336","2025-10-17T05:56:01.871Z","2025-10-17T05:56:01.871Z"
"68f1da5a90ad734984f7f6dd","optional","68f1da5a90ad734984f7f339","2025-10-17T05:56:01.871Z","2025-10-17T05:56:01.871Z"
"68f1da5a90ad734984f7fbc2","optional","68f1da5a90ad734984f7f339","2025-10-17T05:56:01.871Z","2025-10-17T05:56:01.871Z"
"68f1da5a90ad734984f7f5aa","optional","68f1da5a90ad734984f7f33b","2025-10-17T05:56:01.871Z","2025-10-17T05:56:01.871Z"
"68f1da5690ad734984f7eacd","optional","68f1da5a90ad734984f7f33b","2025-10-17T05:56:01.871Z","2025-10-17T05:56:01.871Z"
"68f1da5290ad734984f7dc80","optional","68f1da5a90ad734984f7f33c","2025-10-17T05:56:01.871Z","2025-10-17T05:56:01.871Z"
"68f1da5290ad734984f7d956","optional","68f1da5a90ad734984f7f349","2025-10-17T05:56:01.871Z","2025-10-17T05:56:01.871Z"
"68f1da5690ad734984f7ee96","optional","68f1da5a90ad734984f7f349","2025-10-17T05:56:01.871Z","2025-10-17T05:56:01.871Z"
"68f1da5690ad734984f7e645","optional","68f1da5a90ad734984f7f349","2025-10-17T05:56:01.871Z","2025-10-17T05:56:01.871Z"
"68f1da5a90ad734984f7ff5a","essential","68f1da5a90ad734984f7f34c","2025-10-17T05:56:01.871Z","2025-10-17T05:56:01.871Z"
"68f1da5290ad734984f7d33a","optional","68f1da5a90ad734984f7f34f","2025-10-17T05:56:01.871Z","2025-10-17T05:56:01.871Z"
"68f1da5290ad734984f7d4fb","optional","68f1da5a90ad734984f7f354","2025-10-17T05:56:01.871Z","2025-10-17T05:56:01.871Z"
"68f1da5290ad734984f7cc98","optional","68f1da5a90ad734984f7f354","2025-10-17T05:56:01.871Z","2025-10-17T05:56:01.871Z"
"68f1da5790ad734984f7f13c","essential","68f1da5a90ad734984f7f358","2025-10-17T05:56:01.871Z","2025-10-17T05:56:01.871Z"
"68f1da5690ad734984f7e2f6","optional","68f1da5a90ad734984f7f361","2025-10-17T05:56:01.871Z","2025-10-17T05:56:01.871Z"
"68f1da5290ad734984f7ceb6","optional","68f1da5a90ad734984f7f361","2025-10-17T05:56:01.871Z","2025-10-17T05:56:01.871Z"
"68f1da5290ad734984f7d14f","optional","68f1da5a90ad734984f7f36d","2025-10-17T05:56:01.871Z","2025-10-17T05:56:01.871Z"
"68f1da5290ad734984f7d83e","optional","68f1da5a90ad734984f7f36d","2025-10-17T05:56:01.871Z","2025-10-17T05:56:01.871Z"
"68f1da5290ad734984f7d9eb","optional","68f1da5a90ad734984f7f382","2025-10-17T05:56:01.872Z","2025-10-17T05:56:01.872Z"
"68f1da5690ad734984f7e05d","optional","68f1da5a90ad734984f7f382","2025-10-17T05:56:01.872Z","2025-10-17T05:56:01.872Z"
"68f1da5690ad734984f7eb14","optional","68f1da5a90ad734984f7f382","2025-10-17T05:56:01.872Z","2025-10-17T05:56:01.872Z"
"68f1da5690ad734984f7e203","optional","68f1da5a90ad734984f7f391","2025-10-17T05:56:01.872Z","2025-10-17T05:56:01.872Z"
"68f1da5290ad734984f7ce1c","optional","68f1da5a90ad734984f7f391","2025-10-17T05:56:01.872Z","2025-10-17T05:56:01.872Z"
"68f1da5290ad734984f7de4f","optional","68f1da5a90ad734984f7f391","2025-10-17T05:56:01.872Z","2025-10-17T05:56:01.872Z"
"68f1da5790ad734984f7ef08","optional","68f1da5a90ad734984f7f392","2025-10-17T05:56:01.872Z","2025-10-17T05:56:01.872Z"
"68f1da5790ad734984f7f216","optional","68f1da5a90ad734984f7f392","2025-10-17T05:56:01.872Z","2025-10-17T05:56:01.872Z"
"68f1da5290ad734984f7dba2","optional","68f1da5a90ad734984f7f392","2025-10-17T05:56:01.872Z","2025-10-17T05:56:01.872Z"
"68f1da5290ad734984f7d69b","optional","68f1da5a90ad734984f7f396","2025-10-17T05:56:01.872Z","2025-10-17T05:56:01.872Z"
"68f1da5690ad734984f7e0a9","optional","68f1da5a90ad734984f7f396","2025-10-17T05:56:01.872Z","2025-10-17T05:56:01.872Z"
"68f1da5690ad734984f7e30a","optional","68f1da5a90ad734984f7f3a3","2025-10-17T05:56:01.872Z","2025-10-17T05:56:01.872Z"
"68f1da5690ad734984f7ea37","optional","68f1da5a90ad734984f7f3a3","2025-10-17T05:56:01.872Z","2025-10-17T05:56:01.872Z"
"68f1da5690ad734984f7ed74","optional","68f1da5a90ad734984f7f3a3","2025-10-17T05:56:01.872Z","2025-10-17T05:56:01.872Z"
"68f1da5790ad734984f7f18c","optional","68f1da5a90ad734984f7f3a3","2025-10-17T05:56:01.872Z","2025-10-17T05:56:01.872Z"
"68f1da5a90ad734984f7f8cc","optional","68f1da5a90ad734984f7f3a3","2025-10-17T05:56:01.872Z","2025-10-17T05:56:01.872Z"
"68f1da5a90ad734984f7fad4","optional","68f1da5a90ad734984f7f3a3","2025-10-17T05:56:01.872Z","2025-10-17T05:56:01.872Z"
"68f1da5290ad734984f7de29","optional","68f1da5a90ad734984f7f3a6","2025-10-17T05:56:01.872Z","2025-10-17T05:56:01.872Z"
"68f1da5290ad734984f7dda7","optional","68f1da5a90ad734984f7f3a6","2025-10-17T05:56:01.872Z","2025-10-17T05:56:01.872Z"
"68f1da5290ad734984f7d9f9","optional","68f1da5a90ad734984f7f3a6","2025-10-17T05:56:01.872Z","2025-10-17T05:56:01.872Z"
"68f1da5a90ad734984f7fd38","optional","68f1da5a90ad734984f7f3a7","2025-10-17T05:56:01.872Z","2025-10-17T05:56:01.872Z"
"68f1da5a90ad734984f7f8f1","optional","68f1da5a90ad734984f7f3a9","2025-10-17T05:56:01.872Z","2025-10-17T05:56:01.872Z"
"68f1da5290ad734984f7d140","optional","68f1da5a90ad734984f7f3b1","2025-10-17T05:56:01.872Z","2025-10-17T05:56:01.872Z"
"68f1da5290ad734984f7d1df","optional","68f1da5a90ad734984f7f3b1","2025-10-17T05:56:01.872Z","2025-10-17T05:56:01.872Z"
"68f1da5290ad734984f7dcbc","optional","68f1da5a90ad734984f7f3b3","2025-10-17T05:56:01.872Z","2025-10-17T05:56:01.872Z"
"68f1da5a90ad734984f7f7fd","optional","68f1da5a90ad734984f7f3b3","2025-10-17T05:56:01.872Z","2025-10-17T05:56:01.872Z"
"68f1da5690ad734984f7e739","optional","68f1da5a90ad734984f7f3b3","2025-10-17T05:56:01.872Z","2025-10-17T05:56:01.872Z"
"68f1da5a90ad734984f7fe96","optional","68f1da5a90ad734984f7f3b3","2025-10-17T05:56:01.872Z","2025-10-17T05:56:01.872Z"
"68f1da5290ad734984f7de9a","optional","68f1da5a90ad734984f7f3b6","2025-10-17T05:56:01.872Z","2025-10-17T05:56:01.872Z"
"68f1da5a90ad734984f7f929","optional","68f1da5a90ad734984f7f3b8","2025-10-17T05:56:01.872Z","2025-10-17T05:56:01.872Z"
"68f1da5690ad734984f7e486","optional","68f1da5a90ad734984f7f3b8","2025-10-17T05:56:01.872Z","2025-10-17T05:56:01.872Z"
"68f1da5790ad734984f7f169","optional","68f1da5a90ad734984f7f3bd","2025-10-17T05:56:01.872Z","2025-10-17T05:56:01.872Z"
"68f1da5a90ad734984f7ff2c","optional","68f1da5a90ad734984f7f3bd","2025-10-17T05:56:01.872Z","2025-10-17T05:56:01.872Z"
"68f1da5290ad734984f7daed","optional","68f1da5a90ad734984f7f3bd","2025-10-17T05:56:01.872Z","2025-10-17T05:56:01.872Z"
"68f1da5690ad734984f7e9cd","optional","68f1da5a90ad734984f7f3c2","2025-10-17T05:56:01.873Z","2025-10-17T05:56:01.873Z"
"68f1da5790ad734984f7efb4","optional","68f1da5a90ad734984f7f3c2","2025-10-17T05:56:01.873Z","2025-10-17T05:56:01.873Z"
"68f1da5290ad734984f7cc36","optional","68f1da5a90ad734984f7f3c2","2025-10-17T05:56:01.872Z","2025-10-17T05:56:01.872Z"
"68f1da5690ad734984f7eeb3","optional","68f1da5a90ad734984f7f3c2","2025-10-17T05:56:01.873Z","2025-10-17T05:56:01.873Z"
"68f1da5a90ad734984f7fee7","optional","68f1da5a90ad734984f7f3c2","2025-10-17T05:56:01.873Z","2025-10-17T05:56:01.873Z"
"68f1da5790ad734984f7f171","optional","68f1da5a90ad734984f7f3c4","2025-10-17T05:56:01.873Z","2025-10-17T05:56:01.873Z"
"68f1da5a90ad734984f7f7e2","optional","68f1da5a90ad734984f7f3c7","2025-10-17T05:56:01.873Z","2025-10-17T05:56:01.873Z"
"68f1da5a90ad734984f7f828","optional","68f1da5a90ad734984f7f3c7","2025-10-17T05:56:01.873Z","2025-10-17T05:56:01.873Z"
"68f1da5a90ad734984f7fad9","optional","68f1da5a90ad734984f7f3c7","2025-10-17T05:56:01.874Z","2025-10-17T05:56:01.874Z"
"68f1da5a90ad734984f7fcd9","optional","68f1da5a90ad734984f7f3c7","2025-10-17T05:56:01.874Z","2025-10-17T05:56:01.874Z"
"68f1da5a90ad734984f7f7d6","optional","68f1da5a90ad734984f7f3c7","2025-10-17T05:56:01.873Z","2025-10-17T05:56:01.873Z"
"68f1da5a90ad734984f7ff0e","optional","68f1da5a90ad734984f7f3c7","2025-10-17T05:56:01.874Z","2025-10-17T05:56:01.874Z"
"68f1da5a90ad734984f7f669","optional","68f1da5a90ad734984f7f3c7","2025-10-17T05:56:01.873Z","2025-10-17T05:56:01.873Z"
"68f1da5290ad734984f7cdd9","optional","68f1da5a90ad734984f7f3ca","2025-10-17T05:56:01.874Z","2025-10-17T05:56:01.874Z"
"68f1da5290ad734984f7d9ad","optional","68f1da5a90ad734984f7f3ca","2025-10-17T05:56:01.874Z","2025-10-17T05:56:01.874Z"
"68f1da5690ad734984f7e18c","optional","68f1da5a90ad734984f7f3ca","2025-10-17T05:56:01.874Z","2025-10-17T05:56:01.874Z"
"68f1da5290ad734984f7d170","optional","68f1da5a90ad734984f7f3ca","2025-10-17T05:56:01.874Z","2025-10-17T05:56:01.874Z"
"68f1da5290ad734984f7d446","optional","68f1da5a90ad734984f7f3ca","2025-10-17T05:56:01.874Z","2025-10-17T05:56:01.874Z"
"68f1da5290ad734984f7d722","optional","68f1da5a90ad734984f7f3ca","2025-10-17T05:56:01.874Z","2025-10-17T05:56:01.874Z"
"68f1da5290ad734984f7dbbe","optional","68f1da5a90ad734984f7f3ca","2025-10-17T05:56:01.874Z","2025-10-17T05:56:01.874Z"
"68f1da5690ad734984f7eae7","optional","68f1da5a90ad734984f7f3ca","2025-10-17T05:56:01.874Z","2025-10-17T05:56:01.874Z"
"68f1da5a90ad734984f7f4ed","optional","68f1da5a90ad734984f7f3ca","2025-10-17T05:56:01.874Z","2025-10-17T05:56:01.874Z"
"68f1da5690ad734984f7e393","optional","68f1da5a90ad734984f7f3ca","2025-10-17T05:56:01.874Z","2025-10-17T05:56:01.874Z"
"68f1da5a90ad734984f7fdaf","optional","68f1da5a90ad734984f7f3d5","2025-10-17T05:56:01.874Z","2025-10-17T05:56:01.874Z"
"68f1da5a90ad734984f7f48c","optional","68f1da5a90ad734984f7f3e2","2025-10-17T05:56:01.873Z","2025-10-17T05:56:01.873Z"
"68f1da5290ad734984f7d6ea","optional","68f1da5a90ad734984f7f3e2","2025-10-17T05:56:01.873Z","2025-10-17T05:56:01.873Z"
"68f1da5690ad734984f7e609","optional","68f1da5a90ad734984f7f3e2","2025-10-17T05:56:01.873Z","2025-10-17T05:56:01.873Z"
"68f1da5290ad734984f7d0ef","optional","68f1da5a90ad734984f7f3e2","2025-10-17T05:56:01.873Z","2025-10-17T05:56:01.873Z"
"68f1da5690ad734984f7ec1b","optional","68f1da5a90ad734984f7f3f1","2025-10-17T05:56:01.873Z","2025-10-17T05:56:01.873Z"
"68f1da5690ad734984f7eddf","optional","68f1da5a90ad734984f7f3f1","2025-10-17T05:56:01.873Z","2025-10-17T05:56:01.873Z"
"68f1da5a90ad734984f7fb73","optional","68f1da5a90ad734984f7f3f1","2025-10-17T05:56:01.873Z","2025-10-17T05:56:01.873Z"
"68f1da5290ad734984f7d598","optional","68f1da5a90ad734984f7f3f1","2025-10-17T05:56:01.873Z","2025-10-17T05:56:01.873Z"
"68f1da5790ad734984f7eef0","optional","68f1da5a90ad734984f7f3f1","2025-10-17T05:56:01.873Z","2025-10-17T05:56:01.873Z"
"68f1da5290ad734984f7cc4d","optional","68f1da5a90ad734984f7f3f3","2025-10-17T05:56:01.873Z","2025-10-17T05:56:01.873Z"
"68f1da5a90ad734984f7ff01","optional","68f1da5a90ad734984f7f3f3","2025-10-17T05:56:01.873Z","2025-10-17T05:56:01.873Z"
"68f1da5690ad734984f7ee9e","essential","68f1da5a90ad734984f7f3f8","2025-10-17T05:56:01.873Z","2025-10-17T05:56:01.873Z"
"68f1da5a90ad734984f7f8dd","essential","68f1da5a90ad734984f7f3f8","2025-10-17T05:56:01.873Z","2025-10-17T05:56:01.873Z"
"68f1da5290ad734984f7dca7","optional","68f1da5a90ad734984f7f403","2025-10-17T05:56:01.873Z","2025-10-17T05:56:01.873Z"
"68f1da5290ad734984f7d1eb","optional","68f1da5a90ad734984f7f409","2025-10-17T05:56:01.873Z","2025-10-17T05:56:01.873Z"
"68f1da5290ad734984f7dc77","optional","68f1da5a90ad734984f7f409","2025-10-17T05:56:01.873Z","2025-10-17T05:56:01.873Z"
"68f1da5690ad734984f7eb2e","optional","68f1da5a90ad734984f7f409","2025-10-17T05:56:01.873Z","2025-10-17T05:56:01.873Z"
"68f1da5690ad734984f7e154","optional","68f1da5a90ad734984f7f409","2025-10-17T05:56:01.873Z","2025-10-17T05:56:01.873Z"
"68f1da5790ad734984f7f236","optional","68f1da5a90ad734984f7f409","2025-10-17T05:56:01.873Z","2025-10-17T05:56:01.873Z"
"68f1da5690ad734984f7dfff","optional","68f1da5a90ad734984f7f409","2025-10-17T05:56:01.873Z","2025-10-17T05:56:01.873Z"
"68f1da5690ad734984f7e05c","optional","68f1da5a90ad734984f7f409","2025-10-17T05:56:01.873Z","2025-10-17T05:56:01.873Z"
"68f1da5a90ad734984f7f38e","optional","68f1da5a90ad734984f7f409","2025-10-17T05:56:01.873Z","2025-10-17T05:56:01.873Z"
"68f1da5290ad734984f7d836","optional","68f1da5a90ad734984f7f40f","2025-10-17T05:56:01.873Z","2025-10-17T05:56:01.873Z"
"68f1da5290ad734984f7cdbf","optional","68f1da5a90ad734984f7f40f","2025-10-17T05:56:01.873Z","2025-10-17T05:56:01.873Z"
"68f1da5290ad734984f7dd77","optional","68f1da5a90ad734984f7f40f","2025-10-17T05:56:01.873Z","2025-10-17T05:56:01.873Z"
"68f1da5290ad734984f7da00","optional","68f1da5a90ad734984f7f413","2025-10-17T05:56:01.874Z","2025-10-17T05:56:01.874Z"
"68f1da5290ad734984f7db15","optional","68f1da5a90ad734984f7f41a","2025-10-17T05:56:01.874Z","2025-10-17T05:56:01.874Z"
"68f1da5a90ad734984f7f28f","optional","68f1da5a90ad734984f7f41a","2025-10-17T05:56:01.874Z","2025-10-17T05:56:01.874Z"
"68f1da5690ad734984f7e92c","optional","68f1da5a90ad734984f7f41a","2025-10-17T05:56:01.874Z","2025-10-17T05:56:01.874Z"
"68f1da5290ad734984f7cb3e","optional","68f1da5a90ad734984f7f41c","2025-10-17T05:56:01.874Z","2025-10-17T05:56:01.874Z"
"68f1da5690ad734984f7e2b9","optional","68f1da5a90ad734984f7f41d","2025-10-17T05:56:01.874Z","2025-10-17T05:56:01.874Z"
"68f1da5a90ad734984f80132","optional","68f1da5a90ad734984f7f41d","2025-10-17T05:56:01.874Z","2025-10-17T05:56:01.874Z"
"68f1da5290ad734984f7d700","optional","68f1da5a90ad734984f7f41d","2025-10-17T05:56:01.874Z","2025-10-17T05:56:01.874Z"
"68f1da5290ad734984f7de86","optional","68f1da5a90ad734984f7f41d","2025-10-17T05:56:01.874Z","2025-10-17T05:56:01.874Z"
"68f1da5a90ad734984f8013e","optional","68f1da5a90ad734984f7f41d","2025-10-17T05:56:01.874Z","2025-10-17T05:56:01.874Z"
"68f1da5690ad734984f7ed2d","optional","68f1da5a90ad734984f7f420","2025-10-17T05:56:01.874Z","2025-10-17T05:56:01.874Z"
"68f1da5690ad734984f7dfaf","optional","68f1da5a90ad734984f7f423","2025-10-17T05:56:01.874Z","2025-10-17T05:56:01.874Z"
"68f1da5790ad734984f7f1b5","optional","68f1da5a90ad734984f7f423","2025-10-17T05:56:01.874Z","2025-10-17T05:56:01.874Z"
"68f1da5a90ad734984f7ff24","optional","68f1da5a90ad734984f7f423","2025-10-17T05:56:01.874Z","2025-10-17T05:56:01.874Z"
"68f1da5290ad734984f7d429","optional","68f1da5a90ad734984f7f423","2025-10-17T05:56:01.874Z","2025-10-17T05:56:01.874Z"
"68f1da5290ad734984f7ce45","optional","68f1da5a90ad734984f7f423","2025-10-17T05:56:01.874Z","2025-10-17T05:56:01.874Z"
"68f1da5690ad734984f7e27b","optional","68f1da5a90ad734984f7f427","2025-10-17T05:56:01.875Z","2025-10-17T05:56:01.875Z"
"68f1da5790ad734984f7f075","optional","68f1da5a90ad734984f7f427","2025-10-17T05:56:01.875Z","2025-10-17T05:56:01.875Z"
"68f1da5790ad734984f7f200","optional","68f1da5a90ad734984f7f427","2025-10-17T05:56:01.875Z","2025-10-17T05:56:01.875Z"
"68f1da5690ad734984f7e1e5","optional","68f1da5a90ad734984f7f429","2025-10-17T05:56:01.875Z","2025-10-17T05:56:01.875Z"
"68f1da5690ad734984f7ea24","optional","68f1da5a90ad734984f7f429","2025-10-17T05:56:01.875Z","2025-10-17T05:56:01.875Z"
"68f1da5a90ad734984f800aa","optional","68f1da5a90ad734984f7f429","2025-10-17T05:56:01.875Z","2025-10-17T05:56:01.875Z"
"68f1da5290ad734984f7d5c2","optional","68f1da5a90ad734984f7f429","2025-10-17T05:56:01.875Z","2025-10-17T05:56:01.875Z"
"68f1da5690ad734984f7e443","optional","68f1da5a90ad734984f7f429","2025-10-17T05:56:01.875Z","2025-10-17T05:56:01.875Z"
"68f1da5290ad734984f7ceba","optional","68f1da5a90ad734984f7f429","2025-10-17T05:56:01.875Z","2025-10-17T05:56:01.875Z"
"68f1da5290ad734984f7cf10","optional","68f1da5a90ad734984f7f429","2025-10-17T05:56:01.875Z","2025-10-17T05:56:01.875Z"
"68f1da5a90ad734984f7f647","optional","68f1da5a90ad734984f7f429","2025-10-17T05:56:01.875Z","2025-10-17T05:56:01.875Z"
"68f1da5a90ad734984f7f5a0","optional","68f1da5a90ad734984f7f435","2025-10-17T05:56:01.874Z","2025-10-17T05:56:01.874Z"
"68f1da5290ad734984f7d136","optional","68f1da5a90ad734984f7f437","2025-10-17T05:56:01.874Z","2025-10-17T05:56:01.874Z"
"68f1da5290ad734984f7d91f","optional","68f1da5a90ad734984f7f43f","2025-10-17T05:56:01.874Z","2025-10-17T05:56:01.874Z"
"68f1da5290ad734984f7dc86","optional","68f1da5a90ad734984f7f43f","2025-10-17T05:56:01.874Z","2025-10-17T05:56:01.874Z"
"68f1da5a90ad734984f7f4d7","optional","68f1da5a90ad734984f7f43f","2025-10-17T05:56:01.874Z","2025-10-17T05:56:01.874Z"
"68f1da5690ad734984f7e24d","optional","68f1da5a90ad734984f7f43f","2025-10-17T05:56:01.874Z","2025-10-17T05:56:01.874Z"
"68f1da5290ad734984f7ddd3","optional","68f1da5a90ad734984f7f445","2025-10-17T05:56:01.875Z","2025-10-17T05:56:01.875Z"
"68f1da5690ad734984f7e5f0","optional","68f1da5a90ad734984f7f448","2025-10-17T05:56:01.875Z","2025-10-17T05:56:01.875Z"
"68f1da5a90ad734984f7f5d6","optional","68f1da5a90ad734984f7f466","2025-10-17T05:56:01.875Z","2025-10-17T05:56:01.875Z"
"68f1da5a90ad734984f7fea5","optional","68f1da5a90ad734984f7f466","2025-10-17T05:56:01.875Z","2025-10-17T05:56:01.875Z"
"68f1da5a90ad734984f7fdc3","optional","68f1da5a90ad734984f7f468","2025-10-17T05:56:01.875Z","2025-10-17T05:56:01.875Z"
"68f1da5690ad734984f7e4f9","optional","68f1da5a90ad734984f7f468","2025-10-17T05:56:01.875Z","2025-10-17T05:56:01.875Z"
"68f1da5690ad734984f7ec65","optional","68f1da5a90ad734984f7f46d","2025-10-17T05:56:01.875Z","2025-10-17T05:56:01.875Z"
"68f1da5690ad734984f7ed73","optional","68f1da5a90ad734984f7f46d","2025-10-17T05:56:01.875Z","2025-10-17T05:56:01.875Z"
"68f1da5290ad734984f7cb55","optional","68f1da5a90ad734984f7f46d","2025-10-17T05:56:01.875Z","2025-10-17T05:56:01.875Z"
"68f1da5290ad734984f7d3d7","optional","68f1da5a90ad734984f7f46d","2025-10-17T05:56:01.875Z","2025-10-17T05:56:01.875Z"
"68f1da5a90ad734984f7f629","optional","68f1da5a90ad734984f7f46d","2025-10-17T05:56:01.875Z","2025-10-17T05:56:01.875Z"
"68f1da5a90ad734984f7fcdf","optional","68f1da5a90ad734984f7f46d","2025-10-17T05:56:01.875Z","2025-10-17T05:56:01.875Z"
"68f1da5290ad734984f7de7f","optional","68f1da5a90ad734984f7f46d","2025-10-17T05:56:01.875Z","2025-10-17T05:56:01.875Z"
"68f1da5690ad734984f7e654","optional","68f1da5a90ad734984f7f46d","2025-10-17T05:56:01.875Z","2025-10-17T05:56:01.875Z"
"68f1da5290ad734984f7dbb7","optional","68f1da5a90ad734984f7f46e","2025-10-17T05:56:01.875Z","2025-10-17T05:56:01.875Z"
"68f1da5690ad734984f7e40f","optional","68f1da5a90ad734984f7f46e","2025-10-17T05:56:01.875Z","2025-10-17T05:56:01.875Z"
"68f1da5a90ad734984f7f886","optional","68f1da5a90ad734984f7f46e","2025-10-17T05:56:01.875Z","2025-10-17T05:56:01.875Z"
"68f1da5a90ad734984f7ff92","optional","68f1da5a90ad734984f7f46e","2025-10-17T05:56:01.875Z","2025-10-17T05:56:01.875Z"
"68f1da5a90ad734984f7f368","optional","68f1da5a90ad734984f7f47b","2025-10-17T05:56:01.875Z","2025-10-17T05:56:01.875Z"
"68f1da5a90ad734984f7f941","optional","68f1da5a90ad734984f7f47c","2025-10-17T05:56:01.875Z","2025-10-17T05:56:01.875Z"
"68f1da5a90ad734984f7fafb","optional","68f1da5a90ad734984f7f47c","2025-10-17T05:56:01.875Z","2025-10-17T05:56:01.875Z"
"68f1da5790ad734984f7f088","optional","68f1da5a90ad734984f7f485","2025-10-17T05:56:01.875Z","2025-10-17T05:56:01.875Z"
"68f1da5a90ad734984f7f49d","optional","68f1da5a90ad734984f7f485","2025-10-17T05:56:01.875Z","2025-10-17T05:56:01.875Z"
"68f1da5290ad734984f7cd80","optional","68f1da5a90ad734984f7f486","2025-10-17T05:56:01.875Z","2025-10-17T05:56:01.875Z"
"68f1da5a90ad734984f7f65b","optional","68f1da5a90ad734984f7f48b","2025-10-17T05:56:01.875Z","2025-10-17T05:56:01.875Z"
"68f1da5a90ad734984f7f5f7","optional","68f1da5a90ad734984f7f48f","2025-10-17T05:56:01.876Z","2025-10-17T05:56:01.876Z"
"68f1da5690ad734984f7ec43","optional","68f1da5a90ad734984f7f48f","2025-10-17T05:56:01.875Z","2025-10-17T05:56:01.875Z"
"68f1da5290ad734984f7d7e9","optional","68f1da5a90ad734984f7f495","2025-10-17T05:56:01.876Z","2025-10-17T05:56:01.876Z"
"68f1da5290ad734984f7d8e5","optional","68f1da5a90ad734984f7f498","2025-10-17T05:56:01.876Z","2025-10-17T05:56:01.876Z"
"68f1da5290ad734984f7d6df","optional","68f1da5a90ad734984f7f498","2025-10-17T05:56:01.876Z","2025-10-17T05:56:01.876Z"
"68f1da5290ad734984f7cc1f","optional","68f1da5a90ad734984f7f498","2025-10-17T05:56:01.876Z","2025-10-17T05:56:01.876Z"
"68f1da5a90ad734984f7ff3e","optional","68f1da5a90ad734984f7f4a0","2025-10-17T05:56:01.876Z","2025-10-17T05:56:01.876Z"
"68f1da5690ad734984f7ead3","optional","68f1da5a90ad734984f7f4ad","2025-10-17T05:56:01.876Z","2025-10-17T05:56:01.876Z"
"68f1da5290ad734984f7d1a4","optional","68f1da5a90ad734984f7f4ad","2025-10-17T05:56:01.876Z","2025-10-17T05:56:01.876Z"
"68f1da5690ad734984f7e335","optional","68f1da5a90ad734984f7f4ad","2025-10-17T05:56:01.876Z","2025-10-17T05:56:01.876Z"
"68f1da5a90ad734984f7f6a2","optional","68f1da5a90ad734984f7f4ad","2025-10-17T05:56:01.876Z","2025-10-17T05:56:01.876Z"
"68f1da5290ad734984f7d443","optional","68f1da5a90ad734984f7f4ad","2025-10-17T05:56:01.876Z","2025-10-17T05:56:01.876Z"
"68f1da5690ad734984f7ea88","optional","68f1da5a90ad734984f7f4ad","2025-10-17T05:56:01.876Z","2025-10-17T05:56:01.876Z"
"68f1da5690ad734984f7ed62","optional","68f1da5a90ad734984f7f4ad","2025-10-17T05:56:01.876Z","2025-10-17T05:56:01.876Z"
"68f1da5290ad734984f7ce7a","optional","68f1da5a90ad734984f7f4b8","2025-10-17T05:56:01.876Z","2025-10-17T05:56:01.876Z"
"68f1da5290ad734984f7dd00","optional","68f1da5a90ad734984f7f4b8","2025-10-17T05:56:01.876Z","2025-10-17T05:56:01.876Z"
"68f1da5690ad734984f7e1ef","optional","68f1da5a90ad734984f7f4b8","2025-10-17T05:56:01.876Z","2025-10-17T05:56:01.876Z"
"68f1da5690ad734984f7e97e","optional","68f1da5a90ad734984f7f4b8","2025-10-17T05:56:01.876Z","2025-10-17T05:56:01.876Z"
"68f1da5290ad734984f7cd23","optional","68f1da5a90ad734984f7f4c5","2025-10-17T05:56:01.876Z","2025-10-17T05:56:01.876Z"
"68f1da5290ad734984f7d6f0","optional","68f1da5a90ad734984f7f4c5","2025-10-17T05:56:01.876Z","2025-10-17T05:56:01.876Z"
"68f1da5690ad734984f7e79c","optional","68f1da5a90ad734984f7f4c5","2025-10-17T05:56:01.876Z","2025-10-17T05:56:01.876Z"
"68f1da5690ad734984f7e5af","optional","68f1da5a90ad734984f7f4c5","2025-10-17T05:56:01.876Z","2025-10-17T05:56:01.876Z"
"68f1da5690ad734984f7e7a9","essential","68f1da5a90ad734984f7f4cb","2025-10-17T05:56:01.876Z","2025-10-17T05:56:01.876Z"
"68f1da5690ad734984f7e1fa","essential","68f1da5a90ad734984f7f4cb","2025-10-17T05:56:01.876Z","2025-10-17T05:56:01.876Z"
"68f1da5690ad734984f7e3d0","optional","68f1da5a90ad734984f7f4cb","2025-10-17T05:56:01.876Z","2025-10-17T05:56:01.876Z"
"68f1da5690ad734984f7ee89","optional","68f1da5a90ad734984f7f4d1","2025-10-17T05:56:01.876Z","2025-10-17T05:56:01.876Z"
"68f1da5690ad734984f7ec7d","optional","68f1da5a90ad734984f7f4d1","2025-10-17T05:56:01.876Z","2025-10-17T05:56:01.876Z"
"68f1da5a90ad734984f7f7e6","optional","68f1da5a90ad734984f7f4d1","2025-10-17T05:56:01.876Z","2025-10-17T05:56:01.876Z"
"68f1da5290ad734984f7d34f","optional","68f1da5a90ad734984f7f4d1","2025-10-17T05:56:01.876Z","2025-10-17T05:56:01.876Z"
"68f1da5a90ad734984f7f444","optional","68f1da5a90ad734984f7f4db","2025-10-17T05:56:01.876Z","2025-10-17T05:56:01.876Z"
"68f1da5290ad734984f7dbef","optional","68f1da5a90ad734984f7f4db","2025-10-17T05:56:01.876Z","2025-10-17T05:56:01.876Z"
"68f1da5290ad734984f7d3de","essential","68f1da5a90ad734984f7f4db","2025-10-17T05:56:01.876Z","2025-10-17T05:56:01.876Z"
"68f1da5690ad734984f7ee37","essential","68f1da5a90ad734984f7f4db","2025-10-17T05:56:01.876Z","2025-10-17T05:56:01.876Z"
"68f1da5790ad734984f7f168","optional","68f1da5a90ad734984f7f4db","2025-10-17T05:56:01.876Z","2025-10-17T05:56:01.876Z"
"68f1da5290ad734984f7db76","optional","68f1da5a90ad734984f7f4dd","2025-10-17T05:56:01.876Z","2025-10-17T05:56:01.876Z"
"68f1da5790ad734984f7efb6","optional","68f1da5a90ad734984f7f4dd","2025-10-17T05:56:01.877Z","2025-10-17T05:56:01.877Z"
"68f1da5290ad734984f7dae4","optional","68f1da5a90ad734984f7f4dd","2025-10-17T05:56:01.876Z","2025-10-17T05:56:01.876Z"
"68f1da5690ad734984f7e71e","optional","68f1da5a90ad734984f7f4dd","2025-10-17T05:56:01.877Z","2025-10-17T05:56:01.877Z"
"68f1da5790ad734984f7f1c0","optional","68f1da5a90ad734984f7f4dd","2025-10-17T05:56:01.877Z","2025-10-17T05:56:01.877Z"
"68f1da5790ad734984f7f231","optional","68f1da5a90ad734984f7f4dd","2025-10-17T05:56:01.877Z","2025-10-17T05:56:01.877Z"
"68f1da5a90ad734984f7fa0b","optional","68f1da5a90ad734984f7f4dd","2025-10-17T05:56:01.877Z","2025-10-17T05:56:01.877Z"
"68f1da5290ad734984f7db11","optional","68f1da5a90ad734984f7f4e2","2025-10-17T05:56:01.877Z","2025-10-17T05:56:01.877Z"
"68f1da5690ad734984f7e43a","optional","68f1da5a90ad734984f7f4e3","2025-10-17T05:56:01.877Z","2025-10-17T05:56:01.877Z"
"68f1da5790ad734984f7eebd","optional","68f1da5a90ad734984f7f4e3","2025-10-17T05:56:01.877Z","2025-10-17T05:56:01.877Z"
"68f1da5290ad734984f7d6b2","optional","68f1da5a90ad734984f7f4f0","2025-10-17T05:56:01.877Z","2025-10-17T05:56:01.877Z"
"68f1da5a90ad734984f800fc","optional","68f1da5a90ad734984f7f4f0","2025-10-17T05:56:01.877Z","2025-10-17T05:56:01.877Z"
"68f1da5290ad734984f7d346","optional","68f1da5a90ad734984f7f4f0","2025-10-17T05:56:01.877Z","2025-10-17T05:56:01.877Z"
"68f1da5a90ad734984f7f321","optional","68f1da5a90ad734984f7f4f2","2025-10-17T05:56:01.877Z","2025-10-17T05:56:01.877Z"
"68f1da5690ad734984f7df1a","optional","68f1da5a90ad734984f7f4f6","2025-10-17T05:56:01.890Z","2025-10-17T05:56:01.890Z"
"68f1da5790ad734984f7f171","optional","68f1da5a90ad734984f7f4f6","2025-10-17T05:56:01.890Z","2025-10-17T05:56:01.890Z"
"68f1da5a90ad734984f7fc96","optional","68f1da5a90ad734984f7f4f6","2025-10-17T05:56:01.890Z","2025-10-17T05:56:01.890Z"
"68f1da5290ad734984f7cd4c","optional","68f1da5a90ad734984f7f4f6","2025-10-17T05:56:01.890Z","2025-10-17T05:56:01.890Z"
"68f1da5a90ad734984f7f73e","optional","68f1da5a90ad734984f7f4f6","2025-10-17T05:56:01.890Z","2025-10-17T05:56:01.890Z"
"68f1da5290ad734984f7d4d8","optional","68f1da5a90ad734984f7f500","2025-10-17T05:56:01.890Z","2025-10-17T05:56:01.890Z"
"68f1da5290ad734984f7cd8d","optional","68f1da5a90ad734984f7f500","2025-10-17T05:56:01.890Z","2025-10-17T05:56:01.890Z"
"68f1da5290ad734984f7d970","optional","68f1da5a90ad734984f7f501","2025-10-17T05:56:01.890Z","2025-10-17T05:56:01.890Z"
"68f1da5290ad734984f7da27","optional","68f1da5a90ad734984f7f501","2025-10-17T05:56:01.890Z","2025-10-17T05:56:01.890Z"
"68f1da5290ad734984f7cb9b","optional","68f1da5a90ad734984f7f501","2025-10-17T05:56:01.890Z","2025-10-17T05:56:01.890Z"
"68f1da5290ad734984f7ccac","optional","68f1da5a90ad734984f7f501","2025-10-17T05:56:01.890Z","2025-10-17T05:56:01.890Z"
"68f1da5290ad734984f7dc7d","optional","68f1da5a90ad734984f7f501","2025-10-17T05:56:01.890Z","2025-10-17T05:56:01.890Z"
"68f1da5290ad734984f7dbef","optional","68f1da5a90ad734984f7f501","2025-10-17T05:56:01.890Z","2025-10-17T05:56:01.890Z"
"68f1da5690ad734984f7e19d","optional","68f1da5a90ad734984f7f501","2025-10-17T05:56:01.890Z","2025-10-17T05:56:01.890Z"
"68f1da5a90ad734984f7f6a8","essential","68f1da5a90ad734984f7f501","2025-10-17T05:56:01.890Z","2025-10-17T05:56:01.890Z"
"68f1da5690ad734984f7ee84","optional","68f1da5a90ad734984f7f501","2025-10-17T05:56:01.890Z","2025-10-17T05:56:01.890Z"
"68f1da5a90ad734984f800a3","optional","68f1da5a90ad734984f7f501","2025-10-17T05:56:01.890Z","2025-10-17T05:56:01.890Z"
"68f1da5690ad734984f7e37c","optional","68f1da5a90ad734984f7f501","2025-10-17T05:56:01.890Z","2025-10-17T05:56:01.890Z"
"68f1da5790ad734984f7f207","optional","68f1da5a90ad734984f7f501","2025-10-17T05:56:01.890Z","2025-10-17T05:56:01.890Z"
"68f1da5290ad734984f7deb3","optional","68f1da5a90ad734984f7f507","2025-10-17T05:56:01.890Z","2025-10-17T05:56:01.890Z"
"68f1da5690ad734984f7ea3c","optional","68f1da5a90ad734984f7f507","2025-10-17T05:56:01.890Z","2025-10-17T05:56:01.890Z"
"68f1da5a90ad734984f7f7e8","optional","68f1da5a90ad734984f7f507","2025-10-17T05:56:01.890Z","2025-10-17T05:56:01.890Z"
"68f1da5690ad734984f7e4c6","optional","68f1da5a90ad734984f7f507","2025-10-17T05:56:01.890Z","2025-10-17T05:56:01.890Z"
"68f1da5290ad734984f7cc6d","optional","68f1da5a90ad734984f7f50d","2025-10-17T05:56:01.877Z","2025-10-17T05:56:01.877Z"
"68f1da5690ad734984f7eb2f","optional","68f1da5a90ad734984f7f50d","2025-10-17T05:56:01.877Z","2025-10-17T05:56:01.877Z"
"68f1da5690ad734984f7ea76","optional","68f1da5a90ad734984f7f510","2025-10-17T05:56:01.877Z","2025-10-17T05:56:01.877Z"
"68f1da5690ad734984f7e525","optional","68f1da5a90ad734984f7f510","2025-10-17T05:56:01.877Z","2025-10-17T05:56:01.877Z"
"68f1da5690ad734984f7e1ef","optional","68f1da5a90ad734984f7f51a","2025-10-17T05:56:01.877Z","2025-10-17T05:56:01.877Z"
"68f1da5290ad734984f7dd1d","optional","68f1da5a90ad734984f7f51a","2025-10-17T05:56:01.877Z","2025-10-17T05:56:01.877Z"
"68f1da5290ad734984f7dd00","optional","68f1da5a90ad734984f7f51a","2025-10-17T05:56:01.877Z","2025-10-17T05:56:01.877Z"
"68f1da5290ad734984f7ce7a","optional","68f1da5a90ad734984f7f51a","2025-10-17T05:56:01.877Z","2025-10-17T05:56:01.877Z"
"68f1da5690ad734984f7e97e","optional","68f1da5a90ad734984f7f51a","2025-10-17T05:56:01.889Z","2025-10-17T05:56:01.889Z"
"68f1da5290ad734984f7d0dd","optional","68f1da5a90ad734984f7f51e","2025-10-17T05:56:01.889Z","2025-10-17T05:56:01.889Z"
"68f1da5290ad734984f7d182","optional","68f1da5a90ad734984f7f51e","2025-10-17T05:56:01.889Z","2025-10-17T05:56:01.889Z"
"68f1da5290ad734984f7da71","optional","68f1da5a90ad734984f7f522","2025-10-17T05:56:01.889Z","2025-10-17T05:56:01.889Z"
"68f1da5690ad734984f7e709","optional","68f1da5a90ad734984f7f522","2025-10-17T05:56:01.889Z","2025-10-17T05:56:01.889Z"
"68f1da5a90ad734984f7f293","optional","68f1da5a90ad734984f7f522","2025-10-17T05:56:01.890Z","2025-10-17T05:56:01.890Z"
"68f1da5a90ad734984f7f6ac","optional","68f1da5a90ad734984f7f52f","2025-10-17T05:56:01.890Z","2025-10-17T05:56:01.890Z"
"68f1da5690ad734984f7e9d7","optional","68f1da5a90ad734984f7f534","2025-10-17T05:56:01.890Z","2025-10-17T05:56:01.890Z"
"68f1da5290ad734984f7d203","optional","68f1da5a90ad734984f7f534","2025-10-17T05:56:01.890Z","2025-10-17T05:56:01.890Z"
"68f1da5690ad734984f7e66e","optional","68f1da5a90ad734984f7f53b","2025-10-17T05:56:01.890Z","2025-10-17T05:56:01.890Z"
"68f1da5690ad734984f7e737","optional","68f1da5a90ad734984f7f53b","2025-10-17T05:56:01.890Z","2025-10-17T05:56:01.890Z"
"68f1da5290ad734984f7ce9c","optional","68f1da5a90ad734984f7f53b","2025-10-17T05:56:01.890Z","2025-10-17T05:56:01.890Z"
"68f1da5290ad734984f7d773","optional","68f1da5a90ad734984f7f53b","2025-10-17T05:56:01.890Z","2025-10-17T05:56:01.890Z"
"68f1da5290ad734984f7deb4","optional","68f1da5a90ad734984f7f53b","2025-10-17T05:56:01.890Z","2025-10-17T05:56:01.890Z"
"68f1da5690ad734984f7ee9e","optional","68f1da5a90ad734984f7f542","2025-10-17T05:56:01.891Z","2025-10-17T05:56:01.891Z"
"68f1da5290ad734984f7d136","optional","68f1da5a90ad734984f7f542","2025-10-17T05:56:01.890Z","2025-10-17T05:56:01.890Z"
"68f1da5690ad734984f7e273","essential","68f1da5a90ad734984f7f542","2025-10-17T05:56:01.891Z","2025-10-17T05:56:01.891Z"
"68f1da5290ad734984f7cd80","optional","68f1da5a90ad734984f7f542","2025-10-17T05:56:01.890Z","2025-10-17T05:56:01.890Z"
"68f1da5a90ad734984f7f99a","essential","68f1da5a90ad734984f7f542","2025-10-17T05:56:01.891Z","2025-10-17T05:56:01.891Z"
"68f1da5290ad734984f7db50","optional","68f1da5a90ad734984f7f546","2025-10-17T05:56:01.891Z","2025-10-17T05:56:01.891Z"
"68f1da5690ad734984f7ee44","optional","68f1da5a90ad734984f7f546","2025-10-17T05:56:01.891Z","2025-10-17T05:56:01.891Z"
"68f1da5a90ad734984f7fd3a","optional","68f1da5a90ad734984f7f546","2025-10-17T05:56:01.891Z","2025-10-17T05:56:01.891Z"
"68f1da5290ad734984f7dd9c","optional","68f1da5a90ad734984f7f547","2025-10-17T05:56:01.891Z","2025-10-17T05:56:01.891Z"
"68f1da5690ad734984f7e294","optional","68f1da5a90ad734984f7f547","2025-10-17T05:56:01.891Z","2025-10-17T05:56:01.891Z"
"68f1da5690ad734984f7eb1f","optional","68f1da5a90ad734984f7f547","2025-10-17T05:56:01.891Z","2025-10-17T05:56:01.891Z"
"68f1da5790ad734984f7ef08","optional","68f1da5a90ad734984f7f547","2025-10-17T05:56:01.891Z","2025-10-17T05:56:01.891Z"
"68f1da5290ad734984f7d0ca","optional","68f1da5a90ad734984f7f559","2025-10-17T05:56:01.891Z","2025-10-17T05:56:01.891Z"
"68f1da5290ad734984f7d3c3","optional","68f1da5a90ad734984f7f56e","2025-10-17T05:56:01.891Z","2025-10-17T05:56:01.891Z"
"68f1da5290ad734984f7d659","essential","68f1da5a90ad734984f7f573","2025-10-17T05:56:01.891Z","2025-10-17T05:56:01.891Z"
"68f1da5290ad734984f7cee1","optional","68f1da5a90ad734984f7f577","2025-10-17T05:56:01.891Z","2025-10-17T05:56:01.891Z"
"68f1da5290ad734984f7d697","optional","68f1da5a90ad734984f7f577","2025-10-17T05:56:01.891Z","2025-10-17T05:56:01.891Z"
"68f1da5290ad734984f7de1b","optional","68f1da5a90ad734984f7f577","2025-10-17T05:56:01.891Z","2025-10-17T05:56:01.891Z"
"68f1da5a90ad734984f7f301","optional","68f1da5a90ad734984f7f577","2025-10-17T05:56:01.891Z","2025-10-17T05:56:01.891Z"
"68f1da5290ad734984f7deb3","optional","68f1da5a90ad734984f7f57a","2025-10-17T05:56:01.891Z","2025-10-17T05:56:01.891Z"
"68f1da5290ad734984f7d364","optional","68f1da5a90ad734984f7f57a","2025-10-17T05:56:01.891Z","2025-10-17T05:56:01.891Z"
"68f1da5290ad734984f7d261","optional","68f1da5a90ad734984f7f57a","2025-10-17T05:56:01.891Z","2025-10-17T05:56:01.891Z"
"68f1da5290ad734984f7cdc1","optional","68f1da5a90ad734984f7f57a","2025-10-17T05:56:01.891Z","2025-10-17T05:56:01.891Z"
"68f1da5790ad734984f7ef44","optional","68f1da5a90ad734984f7f588","2025-10-17T05:56:01.891Z","2025-10-17T05:56:01.891Z"
"68f1da5a90ad734984f80149","optional","68f1da5a90ad734984f7f596","2025-10-17T05:56:01.913Z","2025-10-17T05:56:01.913Z"
"68f1da5290ad734984f7d91b","optional","68f1da5a90ad734984f7f596","2025-10-17T05:56:01.912Z","2025-10-17T05:56:01.912Z"
"68f1da5290ad734984f7d8d3","optional","68f1da5a90ad734984f7f599","2025-10-17T05:56:01.913Z","2025-10-17T05:56:01.913Z"
"68f1da5690ad734984f7e939","optional","68f1da5a90ad734984f7f599","2025-10-17T05:56:01.913Z","2025-10-17T05:56:01.913Z"
"68f1da5a90ad734984f7f7b5","optional","68f1da5a90ad734984f7f599","2025-10-17T05:56:01.913Z","2025-10-17T05:56:01.913Z"
"68f1da5290ad734984f7d3a4","optional","68f1da5a90ad734984f7f599","2025-10-17T05:56:01.913Z","2025-10-17T05:56:01.913Z"
"68f1da5290ad734984f7d3d9","optional","68f1da5a90ad734984f7f599","2025-10-17T05:56:01.913Z","2025-10-17T05:56:01.913Z"
"68f1da5690ad734984f7eaf7","optional","68f1da5a90ad734984f7f59a","2025-10-17T05:56:01.913Z","2025-10-17T05:56:01.913Z"
"68f1da5a90ad734984f7ff80","optional","68f1da5a90ad734984f7f59a","2025-10-17T05:56:01.913Z","2025-10-17T05:56:01.913Z"
"68f1da5290ad734984f7d92e","optional","68f1da5a90ad734984f7f5a1","2025-10-17T05:56:01.913Z","2025-10-17T05:56:01.913Z"
"68f1da5290ad734984f7d77b","optional","68f1da5a90ad734984f7f5a1","2025-10-17T05:56:01.913Z","2025-10-17T05:56:01.913Z"
"68f1da5690ad734984f7e132","optional","68f1da5a90ad734984f7f5a1","2025-10-17T05:56:01.913Z","2025-10-17T05:56:01.913Z"
"68f1da5290ad734984f7d34f","optional","68f1da5a90ad734984f7f5a1","2025-10-17T05:56:01.913Z","2025-10-17T05:56:01.913Z"
"68f1da5a90ad734984f7f7e6","optional","68f1da5a90ad734984f7f5a1","2025-10-17T05:56:01.913Z","2025-10-17T05:56:01.913Z"
"68f1da5690ad734984f7dfc2","optional","68f1da5a90ad734984f7f5a4","2025-10-17T05:56:01.891Z","2025-10-17T05:56:01.891Z"
"68f1da5290ad734984f7cdcb","optional","68f1da5a90ad734984f7f5a4","2025-10-17T05:56:01.891Z","2025-10-17T05:56:01.891Z"
"68f1da5690ad734984f7df8d","optional","68f1da5a90ad734984f7f5a4","2025-10-17T05:56:01.891Z","2025-10-17T05:56:01.891Z"
"68f1da5690ad734984f7e6ca","optional","68f1da5a90ad734984f7f5a4","2025-10-17T05:56:01.891Z","2025-10-17T05:56:01.891Z"
"68f1da5690ad734984f7eb8f","optional","68f1da5a90ad734984f7f5a4","2025-10-17T05:56:01.891Z","2025-10-17T05:56:01.891Z"
"68f1da5690ad734984f7ed52","optional","68f1da5a90ad734984f7f5a4","2025-10-17T05:56:01.891Z","2025-10-17T05:56:01.891Z"
"68f1da5790ad734984f7ef3e","optional","68f1da5a90ad734984f7f5a4","2025-10-17T05:56:01.891Z","2025-10-17T05:56:01.891Z"
"68f1da5a90ad734984f7fa42","optional","68f1da5a90ad734984f7f5a4","2025-10-17T05:56:01.891Z","2025-10-17T05:56:01.891Z"
"68f1da5a90ad734984f7f996","optional","68f1da5a90ad734984f7f5a4","2025-10-17T05:56:01.891Z","2025-10-17T05:56:01.891Z"
"68f1da5290ad734984f7d18c","optional","68f1da5a90ad734984f7f5a4","2025-10-17T05:56:01.891Z","2025-10-17T05:56:01.891Z"
"68f1da5a90ad734984f7fa3c","optional","68f1da5a90ad734984f7f5a4","2025-10-17T05:56:01.891Z","2025-10-17T05:56:01.891Z"
"68f1da5290ad734984f7d24e","optional","68f1da5a90ad734984f7f5a7","2025-10-17T05:56:01.892Z","2025-10-17T05:56:01.892Z"
"68f1da5290ad734984f7da65","optional","68f1da5a90ad734984f7f5a7","2025-10-17T05:56:01.892Z","2025-10-17T05:56:01.892Z"
"68f1da5290ad734984f7dd1d","optional","68f1da5a90ad734984f7f5ac","2025-10-17T05:56:01.892Z","2025-10-17T05:56:01.892Z"
"68f1da5290ad734984f7da81","optional","68f1da5a90ad734984f7f5ac","2025-10-17T05:56:01.892Z","2025-10-17T05:56:01.892Z"
"68f1da5290ad734984f7de67","optional","68f1da5a90ad734984f7f5b0","2025-10-17T05:56:01.892Z","2025-10-17T05:56:01.892Z"
"68f1da5290ad734984f7debe","optional","68f1da5a90ad734984f7f5b0","2025-10-17T05:56:01.892Z","2025-10-17T05:56:01.892Z"
"68f1da5690ad734984f7e7b5","optional","68f1da5a90ad734984f7f5b0","2025-10-17T05:56:01.892Z","2025-10-17T05:56:01.892Z"
"68f1da5a90ad734984f80012","optional","68f1da5a90ad734984f7f5b0","2025-10-17T05:56:01.892Z","2025-10-17T05:56:01.892Z"
"68f1da5690ad734984f7e3e5","optional","68f1da5a90ad734984f7f5b0","2025-10-17T05:56:01.892Z","2025-10-17T05:56:01.892Z"
"68f1da5a90ad734984f7f653","optional","68f1da5a90ad734984f7f5b0","2025-10-17T05:56:01.892Z","2025-10-17T05:56:01.892Z"
"68f1da5a90ad734984f7f7ba","optional","68f1da5a90ad734984f7f5b4","2025-10-17T05:56:01.892Z","2025-10-17T05:56:01.892Z"
"68f1da5690ad734984f7e5c0","optional","68f1da5a90ad734984f7f5b5","2025-10-17T05:56:01.912Z","2025-10-17T05:56:01.912Z"
"68f1da5690ad734984f7e5c4","optional","68f1da5a90ad734984f7f5b5","2025-10-17T05:56:01.912Z","2025-10-17T05:56:01.912Z"
"68f1da5690ad734984f7ec1a","optional","68f1da5a90ad734984f7f5b5","2025-10-17T05:56:01.912Z","2025-10-17T05:56:01.912Z"
"68f1da5290ad734984f7d40b","optional","68f1da5a90ad734984f7f5b5","2025-10-17T05:56:01.912Z","2025-10-17T05:56:01.912Z"
"68f1da5a90ad734984f7fdb3","optional","68f1da5a90ad734984f7f5b5","2025-10-17T05:56:01.912Z","2025-10-17T05:56:01.912Z"
"68f1da5290ad734984f7cd84","optional","68f1da5a90ad734984f7f5b5","2025-10-17T05:56:01.892Z","2025-10-17T05:56:01.892Z"
"68f1da5290ad734984f7d278","optional","68f1da5a90ad734984f7f5b5","2025-10-17T05:56:01.912Z","2025-10-17T05:56:01.912Z"
"68f1da5a90ad734984f7f347","optional","68f1da5a90ad734984f7f5b5","2025-10-17T05:56:01.912Z","2025-10-17T05:56:01.912Z"
"68f1da5a90ad734984f7faca","optional","68f1da5a90ad734984f7f5b5","2025-10-17T05:56:01.912Z","2025-10-17T05:56:01.912Z"
"68f1da5a90ad734984f7f907","essential","68f1da5a90ad734984f7f5b5","2025-10-17T05:56:01.912Z","2025-10-17T05:56:01.912Z"
"68f1da5a90ad734984f8011a","optional","68f1da5a90ad734984f7f5b9","2025-10-17T05:56:01.912Z","2025-10-17T05:56:01.912Z"
"68f1da5290ad734984f7d159","optional","68f1da5a90ad734984f7f5bb","2025-10-17T05:56:01.912Z","2025-10-17T05:56:01.912Z"
"68f1da5290ad734984f7d5b5","optional","68f1da5a90ad734984f7f5bb","2025-10-17T05:56:01.912Z","2025-10-17T05:56:01.912Z"
"68f1da5290ad734984f7ddcf","optional","68f1da5a90ad734984f7f5bb","2025-10-17T05:56:01.912Z","2025-10-17T05:56:01.912Z"
"68f1da5690ad734984f7e72e","optional","68f1da5a90ad734984f7f5bb","2025-10-17T05:56:01.912Z","2025-10-17T05:56:01.912Z"
"68f1da5690ad734984f7ec9d","optional","68f1da5a90ad734984f7f5bb","2025-10-17T05:56:01.912Z","2025-10-17T05:56:01.912Z"
"68f1da5290ad734984f7d56e","optional","68f1da5a90ad734984f7f5bb","2025-10-17T05:56:01.912Z","2025-10-17T05:56:01.912Z"
"68f1da5690ad734984f7e548","optional","68f1da5a90ad734984f7f5bf","2025-10-17T05:56:01.912Z","2025-10-17T05:56:01.912Z"
"68f1da5a90ad734984f800cf","optional","68f1da5a90ad734984f7f5e6","2025-10-17T05:56:01.913Z","2025-10-17T05:56:01.913Z"
"68f1da5290ad734984f7d1c3","optional","68f1da5a90ad734984f7f5e7","2025-10-17T05:56:01.913Z","2025-10-17T05:56:01.913Z"
"68f1da5690ad734984f7df1e","optional","68f1da5a90ad734984f7f5e8","2025-10-17T05:56:01.913Z","2025-10-17T05:56:01.913Z"
"68f1da5690ad734984f7e5c6","optional","68f1da5a90ad734984f7f5e8","2025-10-17T05:56:01.913Z","2025-10-17T05:56:01.913Z"
"68f1da5290ad734984f7db23","optional","68f1da5a90ad734984f7f5e8","2025-10-17T05:56:01.913Z","2025-10-17T05:56:01.913Z"
"68f1da5290ad734984f7d438","optional","68f1da5a90ad734984f7f5e8","2025-10-17T05:56:01.913Z","2025-10-17T05:56:01.913Z"
"68f1da5290ad734984f7ccbc","optional","68f1da5a90ad734984f7f5ec","2025-10-17T05:56:01.913Z","2025-10-17T05:56:01.913Z"
"68f1da5290ad734984f7db81","optional","68f1da5a90ad734984f7f5ec","2025-10-17T05:56:01.913Z","2025-10-17T05:56:01.913Z"
"68f1da5290ad734984f7dc4f","optional","68f1da5a90ad734984f7f5ec","2025-10-17T05:56:01.913Z","2025-10-17T05:56:01.913Z"
"68f1da5290ad734984f7da9c","optional","68f1da5a90ad734984f7f5ec","2025-10-17T05:56:01.913Z","2025-10-17T05:56:01.913Z"
"68f1da5a90ad734984f7f5a0","optional","68f1da5a90ad734984f7f5ec","2025-10-17T05:56:01.913Z","2025-10-17T05:56:01.913Z"
"68f1da5a90ad734984f8005f","optional","68f1da5a90ad734984f7f5ec","2025-10-17T05:56:01.913Z","2025-10-17T05:56:01.913Z"
"68f1da5690ad734984f7e636","optional","68f1da5a90ad734984f7f5fc","2025-10-17T05:56:01.913Z","2025-10-17T05:56:01.913Z"
"68f1da5a90ad734984f7f4e7","optional","68f1da5a90ad734984f7f5fc","2025-10-17T05:56:01.913Z","2025-10-17T05:56:01.913Z"
"68f1da5a90ad734984f7ffb1","optional","68f1da5a90ad734984f7f5fd","2025-10-17T05:56:01.913Z","2025-10-17T05:56:01.913Z"
"68f1da5290ad734984f7ce47","optional","68f1da5a90ad734984f7f60f","2025-10-17T05:56:01.914Z","2025-10-17T05:56:01.914Z"
"68f1da5290ad734984f7da1a","optional","68f1da5a90ad734984f7f60f","2025-10-17T05:56:01.914Z","2025-10-17T05:56:01.914Z"
"68f1da5a90ad734984f7f9d6","optional","68f1da5a90ad734984f7f60f","2025-10-17T05:56:01.914Z","2025-10-17T05:56:01.914Z"
"68f1da5690ad734984f7df6c","optional","68f1da5a90ad734984f7f60f","2025-10-17T05:56:01.914Z","2025-10-17T05:56:01.914Z"
"68f1da5690ad734984f7ee43","optional","68f1da5a90ad734984f7f60f","2025-10-17T05:56:01.914Z","2025-10-17T05:56:01.914Z"
"68f1da5790ad734984f7ef20","optional","68f1da5a90ad734984f7f60f","2025-10-17T05:56:01.914Z","2025-10-17T05:56:01.914Z"
"68f1da5790ad734984f7f168","optional","68f1da5a90ad734984f7f60f","2025-10-17T05:56:01.914Z","2025-10-17T05:56:01.914Z"
"68f1da5a90ad734984f7fa37","optional","68f1da5a90ad734984f7f60f","2025-10-17T05:56:01.914Z","2025-10-17T05:56:01.914Z"
"68f1da5790ad734984f7ef8c","optional","68f1da5a90ad734984f7f613","2025-10-17T05:56:01.914Z","2025-10-17T05:56:01.914Z"
"68f1da5690ad734984f7e6e3","optional","68f1da5a90ad734984f7f618","2025-10-17T05:56:01.914Z","2025-10-17T05:56:01.914Z"
"68f1da5690ad734984f7ed23","optional","68f1da5a90ad734984f7f618","2025-10-17T05:56:01.914Z","2025-10-17T05:56:01.914Z"
"68f1da5a90ad734984f7f719","optional","68f1da5a90ad734984f7f618","2025-10-17T05:56:01.914Z","2025-10-17T05:56:01.914Z"
"68f1da5a90ad734984f7f39b","optional","68f1da5a90ad734984f7f618","2025-10-17T05:56:01.914Z","2025-10-17T05:56:01.914Z"
"68f1da5a90ad734984f7fa20","optional","68f1da5a90ad734984f7f618","2025-10-17T05:56:01.914Z","2025-10-17T05:56:01.914Z"
"68f1da5690ad734984f7e6d8","optional","68f1da5a90ad734984f7f618","2025-10-17T05:56:01.914Z","2025-10-17T05:56:01.914Z"
"68f1da5a90ad734984f7fd51","optional","68f1da5a90ad734984f7f618","2025-10-17T05:56:01.914Z","2025-10-17T05:56:01.914Z"
"68f1da5790ad734984f7f0fe","optional","68f1da5a90ad734984f7f632","2025-10-17T05:56:01.914Z","2025-10-17T05:56:01.914Z"
"68f1da5290ad734984f7ceec","optional","68f1da5a90ad734984f7f638","2025-10-17T05:56:01.913Z","2025-10-17T05:56:01.913Z"
"68f1da5690ad734984f7e0cf","optional","68f1da5a90ad734984f7f638","2025-10-17T05:56:01.913Z","2025-10-17T05:56:01.913Z"
"68f1da5a90ad734984f7fa2a","optional","68f1da5a90ad734984f7f638","2025-10-17T05:56:01.913Z","2025-10-17T05:56:01.913Z"
"68f1da5a90ad734984f800ba","optional","68f1da5a90ad734984f7f638","2025-10-17T05:56:01.913Z","2025-10-17T05:56:01.913Z"
"68f1da5a90ad734984f80187","optional","68f1da5a90ad734984f7f638","2025-10-17T05:56:01.914Z","2025-10-17T05:56:01.914Z"
"68f1da5290ad734984f7dbd4","optional","68f1da5a90ad734984f7f64c","2025-10-17T05:56:01.914Z","2025-10-17T05:56:01.914Z"
"68f1da5690ad734984f7e516","optional","68f1da5a90ad734984f7f64c","2025-10-17T05:56:01.914Z","2025-10-17T05:56:01.914Z"
"68f1da5a90ad734984f80116","optional","68f1da5a90ad734984f7f64c","2025-10-17T05:56:01.914Z","2025-10-17T05:56:01.914Z"
"68f1da5290ad734984f7d261","optional","68f1da5a90ad734984f7f64c","2025-10-17T05:56:01.914Z","2025-10-17T05:56:01.914Z"
"68f1da5690ad734984f7e768","optional","68f1da5a90ad734984f7f64c","2025-10-17T05:56:01.914Z","2025-10-17T05:56:01.914Z"
"68f1da5790ad734984f7f069","optional","68f1da5a90ad734984f7f64c","2025-10-17T05:56:01.914Z","2025-10-17T05:56:01.914Z"
"68f1da5290ad734984f7d23b","optional","68f1da5a90ad734984f7f654","2025-10-17T05:56:01.914Z","2025-10-17T05:56:01.914Z"
"68f1da5a90ad734984f7f346","optional","68f1da5a90ad734984f7f65c","2025-10-17T05:56:01.914Z","2025-10-17T05:56:01.914Z"
"68f1da5a90ad734984f7f453","optional","68f1da5a90ad734984f7f65c","2025-10-17T05:56:01.914Z","2025-10-17T05:56:01.914Z"
"68f1da5690ad734984f7e79c","optional","68f1da5a90ad734984f7f66a","2025-10-17T05:56:01.914Z","2025-10-17T05:56:01.914Z"
"68f1da5290ad734984f7d547","optional","68f1da5a90ad734984f7f676","2025-10-17T05:56:01.914Z","2025-10-17T05:56:01.914Z"
"68f1da5a90ad734984f7fb2e","optional","68f1da5a90ad734984f7f67f","2025-10-17T05:56:01.915Z","2025-10-17T05:56:01.915Z"
"68f1da5690ad734984f7e3d3","optional","68f1da5a90ad734984f7f67f","2025-10-17T05:56:01.914Z","2025-10-17T05:56:01.914Z"
"68f1da5690ad734984f7ea5e","optional","68f1da5a90ad734984f7f67f","2025-10-17T05:56:01.915Z","2025-10-17T05:56:01.915Z"
"68f1da5290ad734984f7d139","optional","68f1da5a90ad734984f7f67f","2025-10-17T05:56:01.914Z","2025-10-17T05:56:01.914Z"
"68f1da5290ad734984f7cbcd","optional","68f1da5a90ad734984f7f685","2025-10-17T05:56:01.914Z","2025-10-17T05:56:01.914Z"
"68f1da5690ad734984f7eb3a","optional","68f1da5a90ad734984f7f685","2025-10-17T05:56:01.914Z","2025-10-17T05:56:01.914Z"
"68f1da5a90ad734984f7f8ba","optional","68f1da5a90ad734984f7f68d","2025-10-17T05:56:01.914Z","2025-10-17T05:56:01.914Z"
"68f1da5690ad734984f7e649","essential","68f1da5a90ad734984f7f695","2025-10-17T05:56:01.914Z","2025-10-17T05:56:01.914Z"
"68f1da5a90ad734984f7fd76","optional","68f1da5a90ad734984f7f6b5","2025-10-17T05:56:01.915Z","2025-10-17T05:56:01.915Z"
"68f1da5690ad734984f7df5a","optional","68f1da5a90ad734984f7f6b7","2025-10-17T05:56:01.915Z","2025-10-17T05:56:01.915Z"
"68f1da5690ad734984f7ea43","optional","68f1da5a90ad734984f7f6b8","2025-10-17T05:56:01.915Z","2025-10-17T05:56:01.915Z"
"68f1da5290ad734984f7cc77","optional","68f1da5a90ad734984f7f6b9","2025-10-17T05:56:01.915Z","2025-10-17T05:56:01.915Z"
"68f1da5290ad734984f7d051","optional","68f1da5a90ad734984f7f6b9","2025-10-17T05:56:01.915Z","2025-10-17T05:56:01.915Z"
"68f1da5690ad734984f7e3b0","optional","68f1da5a90ad734984f7f6b9","2025-10-17T05:56:01.915Z","2025-10-17T05:56:01.915Z"
"68f1da5a90ad734984f7fa52","optional","68f1da5a90ad734984f7f6b9","2025-10-17T05:56:01.915Z","2025-10-17T05:56:01.915Z"
"68f1da5a90ad734984f7f695","optional","68f1da5a90ad734984f7f6b9","2025-10-17T05:56:01.915Z","2025-10-17T05:56:01.915Z"
"68f1da5690ad734984f7e58f","optional","68f1da5a90ad734984f7f6b9","2025-10-17T05:56:01.915Z","2025-10-17T05:56:01.915Z"
"68f1da5290ad734984f7d5aa","optional","68f1da5a90ad734984f7f6ba","2025-10-17T05:56:01.915Z","2025-10-17T05:56:01.915Z"
"68f1da5a90ad734984f7f56b","optional","68f1da5a90ad734984f7f6ba","2025-10-17T05:56:01.915Z","2025-10-17T05:56:01.915Z"
"68f1da5690ad734984f7e493","optional","68f1da5a90ad734984f7f6ba","2025-10-17T05:56:01.915Z","2025-10-17T05:56:01.915Z"
"68f1da5a90ad734984f7f8ba","optional","68f1da5a90ad734984f7f6bf","2025-10-17T05:56:01.915Z","2025-10-17T05:56:01.915Z"
"68f1da5290ad734984f7de02","optional","68f1da5a90ad734984f7f6bf","2025-10-17T05:56:01.915Z","2025-10-17T05:56:01.915Z"
"68f1da5a90ad734984f7f74d","optional","68f1da5a90ad734984f7f6bf","2025-10-17T05:56:01.915Z","2025-10-17T05:56:01.915Z"
"68f1da5290ad734984f7da4c","optional","68f1da5a90ad734984f7f6bf","2025-10-17T05:56:01.915Z","2025-10-17T05:56:01.915Z"
"68f1da5690ad734984f7e649","essential","68f1da5a90ad734984f7f6e5","2025-10-17T05:56:01.915Z","2025-10-17T05:56:01.915Z"
"68f1da5690ad734984f7ea8f","essential","68f1da5a90ad734984f7f6e5","2025-10-17T05:56:01.915Z","2025-10-17T05:56:01.915Z"
"68f1da5a90ad734984f7f695","optional","68f1da5a90ad734984f7f6e5","2025-10-17T05:56:01.915Z","2025-10-17T05:56:01.915Z"
"68f1da5290ad734984f7d41e","optional","68f1da5a90ad734984f7f6e9","2025-10-17T05:56:01.915Z","2025-10-17T05:56:01.915Z"
"68f1da5a90ad734984f7faba","optional","68f1da5a90ad734984f7f6e9","2025-10-17T05:56:01.915Z","2025-10-17T05:56:01.915Z"
"68f1da5290ad734984f7dcaa","optional","68f1da5a90ad734984f7f6f6","2025-10-17T05:56:01.915Z","2025-10-17T05:56:01.915Z"
"68f1da5690ad734984f7eaaa","optional","68f1da5a90ad734984f7f6fa","2025-10-17T05:56:01.915Z","2025-10-17T05:56:01.915Z"
"68f1da5290ad734984f7cbc1","optional","68f1da5a90ad734984f7f6ff","2025-10-17T05:56:01.915Z","2025-10-17T05:56:01.915Z"
"68f1da5290ad734984f7d5ba","optional","68f1da5a90ad734984f7f6ff","2025-10-17T05:56:01.915Z","2025-10-17T05:56:01.915Z"
"68f1da5a90ad734984f80040","optional","68f1da5a90ad734984f7f6ff","2025-10-17T05:56:01.915Z","2025-10-17T05:56:01.915Z"
"68f1da5290ad734984f7de9a","optional","68f1da5a90ad734984f7f700","2025-10-17T05:56:01.916Z","2025-10-17T05:56:01.916Z"
"68f1da5a90ad734984f7f47d","optional","68f1da5a90ad734984f7f700","2025-10-17T05:56:01.916Z","2025-10-17T05:56:01.916Z"
"68f1da5290ad734984f7cc18","optional","68f1da5a90ad734984f7f700","2025-10-17T05:56:01.916Z","2025-10-17T05:56:01.916Z"
"68f1da5290ad734984f7d9f6","optional","68f1da5a90ad734984f7f700","2025-10-17T05:56:01.916Z","2025-10-17T05:56:01.916Z"
"68f1da5a90ad734984f7fe03","optional","68f1da5a90ad734984f7f703","2025-10-17T05:56:01.916Z","2025-10-17T05:56:01.916Z"
"68f1da5290ad734984f7da6a","optional","68f1da5a90ad734984f7f708","2025-10-17T05:56:01.916Z","2025-10-17T05:56:01.916Z"
"68f1da5290ad734984f7dde3","optional","68f1da5a90ad734984f7f708","2025-10-17T05:56:01.916Z","2025-10-17T05:56:01.916Z"
"68f1da5290ad734984f7d410","optional","68f1da5a90ad734984f7f708","2025-10-17T05:56:01.916Z","2025-10-17T05:56:01.916Z"
"68f1da5290ad734984f7d9e8","optional","68f1da5a90ad734984f7f708","2025-10-17T05:56:01.916Z","2025-10-17T05:56:01.916Z"
"68f1da5690ad734984f7e70f","optional","68f1da5a90ad734984f7f708","2025-10-17T05:56:01.916Z","2025-10-17T05:56:01.916Z"
"68f1da5690ad734984f7e119","optional","68f1da5a90ad734984f7f708","2025-10-17T05:56:01.916Z","2025-10-17T05:56:01.916Z"
"68f1da5690ad734984f7e8c8","optional","68f1da5a90ad734984f7f708","2025-10-17T05:56:01.916Z","2025-10-17T05:56:01.916Z"
"68f1da5690ad734984f7ead8","optional","68f1da5a90ad734984f7f708","2025-10-17T05:56:01.916Z","2025-10-17T05:56:01.916Z"
"68f1da5690ad734984f7ecc7","optional","68f1da5a90ad734984f7f708","2025-10-17T05:56:01.916Z","2025-10-17T05:56:01.916Z"
"68f1da5690ad734984f7ee02","optional","68f1da5a90ad734984f7f708","2025-10-17T05:56:01.916Z","2025-10-17T05:56:01.916Z"
"68f1da5a90ad734984f7ff71","optional","68f1da5a90ad734984f7f70d","2025-10-17T05:56:01.916Z","2025-10-17T05:56:01.916Z"
"68f1da5690ad734984f7e3b0","optional","68f1da5a90ad734984f7f70d","2025-10-17T05:56:01.916Z","2025-10-17T05:56:01.916Z"
"68f1da5690ad734984f7e809","optional","68f1da5a90ad734984f7f714","2025-10-17T05:56:01.916Z","2025-10-17T05:56:01.916Z"
"68f1da5290ad734984f7cded","optional","68f1da5a90ad734984f7f714","2025-10-17T05:56:01.916Z","2025-10-17T05:56:01.916Z"
"68f1da5290ad734984f7da61","optional","68f1da5a90ad734984f7f716","2025-10-17T05:56:01.916Z","2025-10-17T05:56:01.916Z"
"68f1da5290ad734984f7de85","optional","68f1da5a90ad734984f7f716","2025-10-17T05:56:01.917Z","2025-10-17T05:56:01.917Z"
"68f1da5690ad734984f7eb90","optional","68f1da5a90ad734984f7f716","2025-10-17T05:56:01.917Z","2025-10-17T05:56:01.917Z"
"68f1da5790ad734984f7f019","optional","68f1da5a90ad734984f7f716","2025-10-17T05:56:01.917Z","2025-10-17T05:56:01.917Z"
"68f1da5790ad734984f7f225","optional","68f1da5a90ad734984f7f716","2025-10-17T05:56:01.917Z","2025-10-17T05:56:01.917Z"
"68f1da5290ad734984f7d2a9","optional","68f1da5a90ad734984f7f716","2025-10-17T05:56:01.916Z","2025-10-17T05:56:01.916Z"
"68f1da5290ad734984f7dcad","optional","68f1da5a90ad734984f7f718","2025-10-17T05:56:01.917Z","2025-10-17T05:56:01.917Z"
"68f1da5690ad734984f7ed83","optional","68f1da5a90ad734984f7f718","2025-10-17T05:56:01.917Z","2025-10-17T05:56:01.917Z"
"68f1da5790ad734984f7eff6","optional","68f1da5a90ad734984f7f71b","2025-10-17T05:56:01.915Z","2025-10-17T05:56:01.915Z"
"68f1da5a90ad734984f7f4bc","optional","68f1da5a90ad734984f7f722","2025-10-17T05:56:01.915Z","2025-10-17T05:56:01.915Z"
"68f1da5290ad734984f7ce1f","optional","68f1da5a90ad734984f7f722","2025-10-17T05:56:01.915Z","2025-10-17T05:56:01.915Z"
"68f1da5290ad734984f7cee0","optional","68f1da5a90ad734984f7f722","2025-10-17T05:56:01.915Z","2025-10-17T05:56:01.915Z"
"68f1da5690ad734984f7ea53","optional","68f1da5a90ad734984f7f722","2025-10-17T05:56:01.915Z","2025-10-17T05:56:01.915Z"
"68f1da5290ad734984f7da45","optional","68f1da5a90ad734984f7f723","2025-10-17T05:56:01.916Z","2025-10-17T05:56:01.916Z"
"68f1da5290ad734984f7deaf","optional","68f1da5a90ad734984f7f723","2025-10-17T05:56:01.916Z","2025-10-17T05:56:01.916Z"
"68f1da5690ad734984f7ea2a","optional","68f1da5a90ad734984f7f723","2025-10-17T05:56:01.916Z","2025-10-17T05:56:01.916Z"
"68f1da5690ad734984f7e235","optional","68f1da5a90ad734984f7f724","2025-10-17T05:56:01.916Z","2025-10-17T05:56:01.916Z"
"68f1da5690ad734984f7e523","optional","68f1da5a90ad734984f7f724","2025-10-17T05:56:01.916Z","2025-10-17T05:56:01.916Z"
"68f1da5a90ad734984f7fba3","optional","68f1da5a90ad734984f7f724","2025-10-17T05:56:01.916Z","2025-10-17T05:56:01.916Z"
"68f1da5290ad734984f7ddc8","optional","68f1da5a90ad734984f7f725","2025-10-17T05:56:01.916Z","2025-10-17T05:56:01.916Z"
"68f1da5a90ad734984f7f885","optional","68f1da5a90ad734984f7f725","2025-10-17T05:56:01.916Z","2025-10-17T05:56:01.916Z"
"68f1da5290ad734984f7ceb5","optional","68f1da5a90ad734984f7f725","2025-10-17T05:56:01.916Z","2025-10-17T05:56:01.916Z"
"68f1da5690ad734984f7e08d","optional","68f1da5a90ad734984f7f725","2025-10-17T05:56:01.916Z","2025-10-17T05:56:01.916Z"
"68f1da5690ad734984f7e5c6","optional","68f1da5a90ad734984f7f72c","2025-10-17T05:56:01.916Z","2025-10-17T05:56:01.916Z"
"68f1da5690ad734984f7e8b5","optional","68f1da5a90ad734984f7f72c","2025-10-17T05:56:01.916Z","2025-10-17T05:56:01.916Z"
"68f1da5690ad734984f7df1e","optional","68f1da5a90ad734984f7f72c","2025-10-17T05:56:01.916Z","2025-10-17T05:56:01.916Z"
"68f1da5a90ad734984f7f37a","optional","68f1da5a90ad734984f7f72c","2025-10-17T05:56:01.916Z","2025-10-17T05:56:01.916Z"
"68f1da5290ad734984f7db23","optional","68f1da5a90ad734984f7f72c","2025-10-17T05:56:01.916Z","2025-10-17T05:56:01.916Z"
"68f1da5a90ad734984f80019","optional","68f1da5a90ad734984f7f734","2025-10-17T05:56:01.917Z","2025-10-17T05:56:01.917Z"
"68f1da5a90ad734984f7f890","optional","68f1da5a90ad734984f7f734","2025-10-17T05:56:01.917Z","2025-10-17T05:56:01.917Z"
"68f1da5a90ad734984f8002c","essential","68f1da5a90ad734984f7f73b","2025-10-17T05:56:01.929Z","2025-10-17T05:56:01.929Z"
"68f1da5690ad734984f7ee37","essential","68f1da5a90ad734984f7f73b","2025-10-17T05:56:01.929Z","2025-10-17T05:56:01.929Z"
"68f1da5a90ad734984f7f856","optional","68f1da5a90ad734984f7f73b","2025-10-17T05:56:01.929Z","2025-10-17T05:56:01.929Z"
"68f1da5290ad734984f7d82c","optional","68f1da5a90ad734984f7f73b","2025-10-17T05:56:01.917Z","2025-10-17T05:56:01.917Z"
"68f1da5a90ad734984f7f444","optional","68f1da5a90ad734984f7f73b","2025-10-17T05:56:01.929Z","2025-10-17T05:56:01.929Z"
"68f1da5290ad734984f7dd87","optional","68f1da5a90ad734984f7f74a","2025-10-17T05:56:01.929Z","2025-10-17T05:56:01.929Z"
"68f1da5690ad734984f7e200","optional","68f1da5a90ad734984f7f74a","2025-10-17T05:56:01.930Z","2025-10-17T05:56:01.930Z"
"68f1da5690ad734984f7e73c","optional","68f1da5a90ad734984f7f74a","2025-10-17T05:56:01.930Z","2025-10-17T05:56:01.930Z"
"68f1da5a90ad734984f7f398","optional","68f1da5a90ad734984f7f74a","2025-10-17T05:56:01.930Z","2025-10-17T05:56:01.930Z"
"68f1da5a90ad734984f7f3ba","optional","68f1da5a90ad734984f7f74a","2025-10-17T05:56:01.930Z","2025-10-17T05:56:01.930Z"
"68f1da5290ad734984f7d556","optional","68f1da5a90ad734984f7f74e","2025-10-17T05:56:01.930Z","2025-10-17T05:56:01.930Z"
"68f1da5690ad734984f7e19e","optional","68f1da5a90ad734984f7f74e","2025-10-17T05:56:01.930Z","2025-10-17T05:56:01.930Z"
"68f1da5290ad734984f7d39f","essential","68f1da5a90ad734984f7f74e","2025-10-17T05:56:01.930Z","2025-10-17T05:56:01.930Z"
"68f1da5290ad734984f7d631","optional","68f1da5a90ad734984f7f74e","2025-10-17T05:56:01.930Z","2025-10-17T05:56:01.930Z"
"68f1da5690ad734984f7df48","optional","68f1da5a90ad734984f7f74e","2025-10-17T05:56:01.930Z","2025-10-17T05:56:01.930Z"
"68f1da5690ad734984f7e8e5","optional","68f1da5a90ad734984f7f74e","2025-10-17T05:56:01.930Z","2025-10-17T05:56:01.930Z"
"68f1da5a90ad734984f7f434","optional","68f1da5a90ad734984f7f74e","2025-10-17T05:56:01.930Z","2025-10-17T05:56:01.930Z"
"68f1da5290ad734984f7cb3e","optional","68f1da5a90ad734984f7f74f","2025-10-17T05:56:01.930Z","2025-10-17T05:56:01.930Z"
"68f1da5290ad734984f7d1ed","optional","68f1da5a90ad734984f7f74f","2025-10-17T05:56:01.930Z","2025-10-17T05:56:01.930Z"
"68f1da5290ad734984f7d3d7","optional","68f1da5a90ad734984f7f74f","2025-10-17T05:56:01.930Z","2025-10-17T05:56:01.930Z"
"68f1da5690ad734984f7e18b","optional","68f1da5a90ad734984f7f74f","2025-10-17T05:56:01.930Z","2025-10-17T05:56:01.930Z"
"68f1da5690ad734984f7e3e2","optional","68f1da5a90ad734984f7f74f","2025-10-17T05:56:01.930Z","2025-10-17T05:56:01.930Z"
"68f1da5790ad734984f7f1d7","optional","68f1da5a90ad734984f7f74f","2025-10-17T05:56:01.930Z","2025-10-17T05:56:01.930Z"
"68f1da5290ad734984f7d1f2","optional","68f1da5a90ad734984f7f75d","2025-10-17T05:56:01.930Z","2025-10-17T05:56:01.930Z"
"68f1da5a90ad734984f80149","optional","68f1da5a90ad734984f7f75d","2025-10-17T05:56:01.930Z","2025-10-17T05:56:01.930Z"
"68f1da5290ad734984f7dd1d","optional","68f1da5a90ad734984f7f762","2025-10-17T05:56:01.930Z","2025-10-17T05:56:01.930Z"
"68f1da5290ad734984f7d8a3","optional","68f1da5a90ad734984f7f774","2025-10-17T05:56:01.917Z","2025-10-17T05:56:01.917Z"
"68f1da5a90ad734984f80022","optional","68f1da5a90ad734984f7f774","2025-10-17T05:56:01.917Z","2025-10-17T05:56:01.917Z"
"68f1da5690ad734984f7e9d9","optional","68f1da5a90ad734984f7f774","2025-10-17T05:56:01.917Z","2025-10-17T05:56:01.917Z"
"68f1da5290ad734984f7d1b2","optional","68f1da5a90ad734984f7f77b","2025-10-17T05:56:01.917Z","2025-10-17T05:56:01.917Z"
"68f1da5290ad734984f7cf89","optional","68f1da5a90ad734984f7f782","2025-10-17T05:56:01.917Z","2025-10-17T05:56:01.917Z"
"68f1da5a90ad734984f7f31d","optional","68f1da5a90ad734984f7f783","2025-10-17T05:56:01.917Z","2025-10-17T05:56:01.917Z"
"68f1da5290ad734984f7d2dc","optional","68f1da5a90ad734984f7f786","2025-10-17T05:56:01.917Z","2025-10-17T05:56:01.917Z"
"68f1da5690ad734984f7e800","optional","68f1da5a90ad734984f7f786","2025-10-17T05:56:01.917Z","2025-10-17T05:56:01.917Z"
"68f1da5a90ad734984f7f6dd","optional","68f1da5a90ad734984f7f789","2025-10-17T05:56:01.917Z","2025-10-17T05:56:01.917Z"
"68f1da5a90ad734984f7f293","optional","68f1da5a90ad734984f7f78e","2025-10-17T05:56:01.917Z","2025-10-17T05:56:01.917Z"
"68f1da5290ad734984f7da71","optional","68f1da5a90ad734984f7f78e","2025-10-17T05:56:01.917Z","2025-10-17T05:56:01.917Z"
"68f1da5290ad734984f7ddc2","optional","68f1da5a90ad734984f7f7b2","2025-10-17T05:56:01.930Z","2025-10-17T05:56:01.930Z"
"68f1da5690ad734984f7e4b1","optional","68f1da5a90ad734984f7f7b2","2025-10-17T05:56:01.930Z","2025-10-17T05:56:01.930Z"
"68f1da5790ad734984f7f02b","optional","68f1da5a90ad734984f7f7b2","2025-10-17T05:56:01.930Z","2025-10-17T05:56:01.930Z"
"68f1da5a90ad734984f7fba7","optional","68f1da5a90ad734984f7f7b2","2025-10-17T05:56:01.930Z","2025-10-17T05:56:01.930Z"
"68f1da5a90ad734984f7fbb0","optional","68f1da5a90ad734984f7f7b2","2025-10-17T05:56:01.930Z","2025-10-17T05:56:01.930Z"
"68f1da5a90ad734984f8000b","optional","68f1da5a90ad734984f7f7b6","2025-10-17T05:56:01.930Z","2025-10-17T05:56:01.930Z"
"68f1da5a90ad734984f7fa01","optional","68f1da5a90ad734984f7f7b6","2025-10-17T05:56:01.930Z","2025-10-17T05:56:01.930Z"
"68f1da5290ad734984f7ced9","optional","68f1da5a90ad734984f7f7bc","2025-10-17T05:56:01.930Z","2025-10-17T05:56:01.930Z"
"68f1da5290ad734984f7d2c9","optional","68f1da5a90ad734984f7f7bc","2025-10-17T05:56:01.930Z","2025-10-17T05:56:01.930Z"
"68f1da5a90ad734984f7fec3","optional","68f1da5a90ad734984f7f7bc","2025-10-17T05:56:01.931Z","2025-10-17T05:56:01.931Z"
"68f1da5290ad734984f7de87","optional","68f1da5a90ad734984f7f7bc","2025-10-17T05:56:01.930Z","2025-10-17T05:56:01.930Z"
"68f1da5690ad734984f7e69e","optional","68f1da5a90ad734984f7f7bc","2025-10-17T05:56:01.930Z","2025-10-17T05:56:01.930Z"
"68f1da5790ad734984f7ef61","optional","68f1da5a90ad734984f7f7bc","2025-10-17T05:56:01.930Z","2025-10-17T05:56:01.930Z"
"68f1da5290ad734984f7da60","optional","68f1da5a90ad734984f7f7ca","2025-10-17T05:56:01.931Z","2025-10-17T05:56:01.931Z"
"68f1da5690ad734984f7ec9f","optional","68f1da5a90ad734984f7f7ca","2025-10-17T05:56:01.931Z","2025-10-17T05:56:01.931Z"
"68f1da5690ad734984f7e00f","optional","68f1da5a90ad734984f7f7cf","2025-10-17T05:56:01.931Z","2025-10-17T05:56:01.931Z"
"68f1da5a90ad734984f7f5be","optional","68f1da5a90ad734984f7f7cf","2025-10-17T05:56:01.931Z","2025-10-17T05:56:01.931Z"
"68f1da5290ad734984f7d15f","optional","68f1da5a90ad734984f7f7d5","2025-10-17T05:56:01.931Z","2025-10-17T05:56:01.931Z"
"68f1da5a90ad734984f7f44c","optional","68f1da5a90ad734984f7f7d5","2025-10-17T05:56:01.931Z","2025-10-17T05:56:01.931Z"
"68f1da5690ad734984f7ebb6","optional","68f1da5a90ad734984f7f7db","2025-10-17T05:56:01.931Z","2025-10-17T05:56:01.931Z"
"68f1da5a90ad734984f7f923","optional","68f1da5a90ad734984f7f7db","2025-10-17T05:56:01.931Z","2025-10-17T05:56:01.931Z"
"68f1da5290ad734984f7d0a8","optional","68f1da5a90ad734984f7f7db","2025-10-17T05:56:01.931Z","2025-10-17T05:56:01.931Z"
"68f1da5690ad734984f7ecde","optional","68f1da5a90ad734984f7f7db","2025-10-17T05:56:01.931Z","2025-10-17T05:56:01.931Z"
"68f1da5290ad734984f7d94d","optional","68f1da5a90ad734984f7f7db","2025-10-17T05:56:01.931Z","2025-10-17T05:56:01.931Z"
"68f1da5790ad734984f7ef3c","optional","68f1da5a90ad734984f7f7db","2025-10-17T05:56:01.931Z","2025-10-17T05:56:01.931Z"
"68f1da5a90ad734984f800b6","optional","68f1da5a90ad734984f7f7db","2025-10-17T05:56:01.931Z","2025-10-17T05:56:01.931Z"
"68f1da5690ad734984f7ed52","optional","68f1da5a90ad734984f7f7e0","2025-10-17T05:56:01.931Z","2025-10-17T05:56:01.931Z"
"68f1da5a90ad734984f7f3cf","essential","68f1da5a90ad734984f7f7e1","2025-10-17T05:56:01.931Z","2025-10-17T05:56:01.931Z"
"68f1da5a90ad734984f7fa5e","optional","68f1da5a90ad734984f7f7e9","2025-10-17T05:56:01.931Z","2025-10-17T05:56:01.931Z"
"68f1da5690ad734984f7e437","optional","68f1da5a90ad734984f7f7e9","2025-10-17T05:56:01.931Z","2025-10-17T05:56:01.931Z"
"68f1da5290ad734984f7cfb3","optional","68f1da5a90ad734984f7f7eb","2025-10-17T05:56:01.931Z","2025-10-17T05:56:01.931Z"
"68f1da5290ad734984f7cc9c","optional","68f1da5a90ad734984f7f7eb","2025-10-17T05:56:01.931Z","2025-10-17T05:56:01.931Z"
"68f1da5290ad734984f7cc27","optional","68f1da5a90ad734984f7f7ee","2025-10-17T05:56:01.931Z","2025-10-17T05:56:01.931Z"
"68f1da5290ad734984f7d204","optional","68f1da5a90ad734984f7f7ee","2025-10-17T05:56:01.931Z","2025-10-17T05:56:01.931Z"
"68f1da5290ad734984f7d9e4","optional","68f1da5a90ad734984f7f7ee","2025-10-17T05:56:01.931Z","2025-10-17T05:56:01.931Z"
"68f1da5290ad734984f7cbf2","optional","68f1da5a90ad734984f7f7ee","2025-10-17T05:56:01.931Z","2025-10-17T05:56:01.931Z"
"68f1da5290ad734984f7d74b","optional","68f1da5a90ad734984f7f7ee","2025-10-17T05:56:01.931Z","2025-10-17T05:56:01.931Z"
"68f1da5a90ad734984f7f39c","optional","68f1da5a90ad734984f7f7ee","2025-10-17T05:56:01.931Z","2025-10-17T05:56:01.931Z"
"68f1da5a90ad734984f7f571","optional","68f1da5a90ad734984f7f7ee","2025-10-17T05:56:01.931Z","2025-10-17T05:56:01.931Z"
"68f1da5290ad734984f7d32b","optional","68f1da5a90ad734984f7f7ee","2025-10-17T05:56:01.931Z","2025-10-17T05:56:01.931Z"
"68f1da5290ad734984f7dd2d","optional","68f1da5a90ad734984f7f7ee","2025-10-17T05:56:01.931Z","2025-10-17T05:56:01.931Z"
"68f1da5290ad734984f7d1e3","optional","68f1da5a90ad734984f7f7f4","2025-10-17T05:56:01.931Z","2025-10-17T05:56:01.931Z"
"68f1da5290ad734984f7cefd","optional","68f1da5a90ad734984f7f7f4","2025-10-17T05:56:01.931Z","2025-10-17T05:56:01.931Z"
"68f1da5790ad734984f7f0eb","optional","68f1da5a90ad734984f7f7f4","2025-10-17T05:56:01.932Z","2025-10-17T05:56:01.932Z"
"68f1da5a90ad734984f7f7aa","optional","68f1da5a90ad734984f7f7f4","2025-10-17T05:56:01.932Z","2025-10-17T05:56:01.932Z"
"68f1da5a90ad734984f7fb60","optional","68f1da5a90ad734984f7f7f4","2025-10-17T05:56:01.932Z","2025-10-17T05:56:01.932Z"
"68f1da5290ad734984f7ddd4","optional","68f1da5a90ad734984f7f7f4","2025-10-17T05:56:01.931Z","2025-10-17T05:56:01.931Z"
"68f1da5a90ad734984f7f521","optional","68f1da5a90ad734984f7f7f4","2025-10-17T05:56:01.932Z","2025-10-17T05:56:01.932Z"
"68f1da5690ad734984f7e393","optional","68f1da5a90ad734984f7f80d","2025-10-17T05:56:01.931Z","2025-10-17T05:56:01.931Z"
"68f1da5290ad734984f7dcad","optional","68f1da5a90ad734984f7f813","2025-10-17T05:56:01.932Z","2025-10-17T05:56:01.932Z"
"68f1da5690ad734984f7e957","optional","68f1da5a90ad734984f7f813","2025-10-17T05:56:01.932Z","2025-10-17T05:56:01.932Z"
"68f1da5690ad734984f7e2b5","optional","68f1da5a90ad734984f7f818","2025-10-17T05:56:01.932Z","2025-10-17T05:56:01.932Z"
"68f1da5a90ad734984f7fca6","optional","68f1da5a90ad734984f7f818","2025-10-17T05:56:01.932Z","2025-10-17T05:56:01.932Z"
"68f1da5690ad734984f7e452","optional","68f1da5a90ad734984f7f818","2025-10-17T05:56:01.932Z","2025-10-17T05:56:01.932Z"
"68f1da5690ad734984f7ead0","optional","68f1da5a90ad734984f7f818","2025-10-17T05:56:01.932Z","2025-10-17T05:56:01.932Z"
"68f1da5690ad734984f7ec9e","optional","68f1da5a90ad734984f7f818","2025-10-17T05:56:01.932Z","2025-10-17T05:56:01.932Z"
"68f1da5290ad734984f7cc31","optional","68f1da5a90ad734984f7f818","2025-10-17T05:56:01.932Z","2025-10-17T05:56:01.932Z"
"68f1da5290ad734984f7cb58","optional","68f1da5a90ad734984f7f829","2025-10-17T05:56:01.932Z","2025-10-17T05:56:01.932Z"
"68f1da5690ad734984f7e6b1","optional","68f1da5a90ad734984f7f829","2025-10-17T05:56:01.932Z","2025-10-17T05:56:01.932Z"
"68f1da5690ad734984f7e0b0","optional","68f1da5a90ad734984f7f82b","2025-10-17T05:56:01.932Z","2025-10-17T05:56:01.932Z"
"68f1da5290ad734984f7d6ea","optional","68f1da5a90ad734984f7f83c","2025-10-17T05:56:01.931Z","2025-10-17T05:56:01.931Z"
"68f1da5290ad734984f7d30d","optional","68f1da5a90ad734984f7f83c","2025-10-17T05:56:01.931Z","2025-10-17T05:56:01.931Z"
"68f1da5690ad734984f7eb8a","optional","68f1da5a90ad734984f7f848","2025-10-17T05:56:01.932Z","2025-10-17T05:56:01.932Z"
"68f1da5a90ad734984f800ff","essential","68f1da5a90ad734984f7f848","2025-10-17T05:56:01.932Z","2025-10-17T05:56:01.932Z"
"68f1da5290ad734984f7de69","optional","68f1da5a90ad734984f7f848","2025-10-17T05:56:01.932Z","2025-10-17T05:56:01.932Z"
"68f1da5a90ad734984f7f32a","optional","68f1da5a90ad734984f7f848","2025-10-17T05:56:01.932Z","2025-10-17T05:56:01.932Z"
"68f1da5290ad734984f7cb53","optional","68f1da5a90ad734984f7f84d","2025-10-17T05:56:01.932Z","2025-10-17T05:56:01.932Z"
"68f1da5a90ad734984f7f42b","optional","68f1da5a90ad734984f7f859","2025-10-17T05:56:01.932Z","2025-10-17T05:56:01.932Z"
"68f1da5290ad734984f7d61e","optional","68f1da5a90ad734984f7f859","2025-10-17T05:56:01.932Z","2025-10-17T05:56:01.932Z"
"68f1da5690ad734984f7e567","optional","68f1da5a90ad734984f7f85a","2025-10-17T05:56:01.932Z","2025-10-17T05:56:01.932Z"
"68f1da5a90ad734984f7f426","optional","68f1da5a90ad734984f7f85a","2025-10-17T05:56:01.932Z","2025-10-17T05:56:01.932Z"
"68f1da5a90ad734984f7fc07","optional","68f1da5a90ad734984f7f85a","2025-10-17T05:56:01.932Z","2025-10-17T05:56:01.932Z"
"68f1da5290ad734984f7cdc5","optional","68f1da5a90ad734984f7f85a","2025-10-17T05:56:01.932Z","2025-10-17T05:56:01.932Z"
"68f1da5290ad734984f7ce07","optional","68f1da5a90ad734984f7f85a","2025-10-17T05:56:01.932Z","2025-10-17T05:56:01.932Z"
"68f1da5690ad734984f7e111","optional","68f1da5a90ad734984f7f85a","2025-10-17T05:56:01.932Z","2025-10-17T05:56:01.932Z"
"68f1da5790ad734984f7ef8e","optional","68f1da5a90ad734984f7f85a","2025-10-17T05:56:01.932Z","2025-10-17T05:56:01.932Z"
"68f1da5790ad734984f7efc6","optional","68f1da5a90ad734984f7f85a","2025-10-17T05:56:01.932Z","2025-10-17T05:56:01.932Z"
"68f1da5a90ad734984f7fe18","optional","68f1da5a90ad734984f7f85a","2025-10-17T05:56:01.932Z","2025-10-17T05:56:01.932Z"
"68f1da5290ad734984f7ce10","optional","68f1da5a90ad734984f7f85a","2025-10-17T05:56:01.932Z","2025-10-17T05:56:01.932Z"
"68f1da5790ad734984f7ef43","optional","68f1da5a90ad734984f7f85a","2025-10-17T05:56:01.932Z","2025-10-17T05:56:01.932Z"
"68f1da5690ad734984f7edbd","optional","68f1da5a90ad734984f7f85d","2025-10-17T05:56:01.933Z","2025-10-17T05:56:01.933Z"
"68f1da5290ad734984f7ddda","optional","68f1da5a90ad734984f7f85d","2025-10-17T05:56:01.932Z","2025-10-17T05:56:01.932Z"
"68f1da5690ad734984f7e54b","optional","68f1da5a90ad734984f7f85d","2025-10-17T05:56:01.932Z","2025-10-17T05:56:01.932Z"
"68f1da5290ad734984f7de4e","optional","68f1da5a90ad734984f7f85d","2025-10-17T05:56:01.932Z","2025-10-17T05:56:01.932Z"
"68f1da5690ad734984f7e2da","optional","68f1da5a90ad734984f7f862","2025-10-17T05:56:01.933Z","2025-10-17T05:56:01.933Z"
"68f1da5290ad734984f7dd90","optional","68f1da5a90ad734984f7f86d","2025-10-17T05:56:01.933Z","2025-10-17T05:56:01.933Z"
"68f1da5690ad734984f7ec3b","optional","68f1da5a90ad734984f7f86d","2025-10-17T05:56:01.933Z","2025-10-17T05:56:01.933Z"
"68f1da5690ad734984f7e25f","optional","68f1da5a90ad734984f7f86f","2025-10-17T05:56:01.933Z","2025-10-17T05:56:01.933Z"
"68f1da5690ad734984f7df81","optional","68f1da5a90ad734984f7f86f","2025-10-17T05:56:01.933Z","2025-10-17T05:56:01.933Z"
"68f1da5290ad734984f7d929","optional","68f1da5a90ad734984f7f86f","2025-10-17T05:56:01.933Z","2025-10-17T05:56:01.933Z"
"68f1da5690ad734984f7e938","optional","68f1da5a90ad734984f7f879","2025-10-17T05:56:01.934Z","2025-10-17T05:56:01.934Z"
"68f1da5a90ad734984f7f9bb","optional","68f1da5a90ad734984f7f879","2025-10-17T05:56:01.934Z","2025-10-17T05:56:01.934Z"
"68f1da5290ad734984f7d27e","optional","68f1da5a90ad734984f7f879","2025-10-17T05:56:01.933Z","2025-10-17T05:56:01.933Z"
"68f1da5690ad734984f7ed3b","optional","68f1da5a90ad734984f7f87d","2025-10-17T05:56:01.934Z","2025-10-17T05:56:01.934Z"
"68f1da5a90ad734984f7f4b9","optional","68f1da5a90ad734984f7f87d","2025-10-17T05:56:01.934Z","2025-10-17T05:56:01.934Z"
"68f1da5a90ad734984f7fffc","optional","68f1da5a90ad734984f7f87d","2025-10-17T05:56:01.934Z","2025-10-17T05:56:01.934Z"
"68f1da5290ad734984f7dac4","optional","68f1da5a90ad734984f7f87d","2025-10-17T05:56:01.934Z","2025-10-17T05:56:01.934Z"
"68f1da5290ad734984f7ddb0","optional","68f1da5a90ad734984f7f87d","2025-10-17T05:56:01.934Z","2025-10-17T05:56:01.934Z"
"68f1da5290ad734984f7de1b","optional","68f1da5a90ad734984f7f87d","2025-10-17T05:56:01.934Z","2025-10-17T05:56:01.934Z"
"68f1da5290ad734984f7cc06","optional","68f1da5a90ad734984f7f87e","2025-10-17T05:56:01.934Z","2025-10-17T05:56:01.934Z"
"68f1da5790ad734984f7eef3","optional","68f1da5a90ad734984f7f87e","2025-10-17T05:56:01.934Z","2025-10-17T05:56:01.934Z"
"68f1da5290ad734984f7d699","optional","68f1da5a90ad734984f7f87e","2025-10-17T05:56:01.934Z","2025-10-17T05:56:01.934Z"
"68f1da5290ad734984f7d39f","essential","68f1da5a90ad734984f7f882","2025-10-17T05:56:01.934Z","2025-10-17T05:56:01.934Z"
"68f1da5690ad734984f7ea64","optional","68f1da5a90ad734984f7f888","2025-10-17T05:56:01.934Z","2025-10-17T05:56:01.934Z"
"68f1da5a90ad734984f80122","optional","68f1da5a90ad734984f7f888","2025-10-17T05:56:01.934Z","2025-10-17T05:56:01.934Z"
"68f1da5a90ad734984f7fad0","optional","68f1da5a90ad734984f7f889","2025-10-17T05:56:01.934Z","2025-10-17T05:56:01.934Z"
"68f1da5290ad734984f7cd80","optional","68f1da5a90ad734984f7f889","2025-10-17T05:56:01.934Z","2025-10-17T05:56:01.934Z"
"68f1da5290ad734984f7d136","optional","68f1da5a90ad734984f7f889","2025-10-17T05:56:01.934Z","2025-10-17T05:56:01.934Z"
"68f1da5290ad734984f7da6e","optional","68f1da5a90ad734984f7f88c","2025-10-17T05:56:01.934Z","2025-10-17T05:56:01.934Z"
"68f1da5690ad734984f7eaa5","optional","68f1da5a90ad734984f7f88c","2025-10-17T05:56:01.934Z","2025-10-17T05:56:01.934Z"
"68f1da5290ad734984f7d69c","optional","68f1da5a90ad734984f7f88c","2025-10-17T05:56:01.934Z","2025-10-17T05:56:01.934Z"
"68f1da5690ad734984f7eaad","optional","68f1da5a90ad734984f7f892","2025-10-17T05:56:01.934Z","2025-10-17T05:56:01.934Z"
"68f1da5790ad734984f7ef19","optional","68f1da5a90ad734984f7f892","2025-10-17T05:56:01.934Z","2025-10-17T05:56:01.934Z"
"68f1da5790ad734984f7eede","optional","68f1da5a90ad734984f7f892","2025-10-17T05:56:01.934Z","2025-10-17T05:56:01.934Z"
"68f1da5a90ad734984f7f65f","optional","68f1da5a90ad734984f7f892","2025-10-17T05:56:01.934Z","2025-10-17T05:56:01.934Z"
"68f1da5290ad734984f7db53","optional","68f1da5a90ad734984f7f894","2025-10-17T05:56:01.934Z","2025-10-17T05:56:01.934Z"
"68f1da5690ad734984f7e207","optional","68f1da5a90ad734984f7f894","2025-10-17T05:56:01.934Z","2025-10-17T05:56:01.934Z"
"68f1da5290ad734984f7cfc8","optional","68f1da5a90ad734984f7f897","2025-10-17T05:56:01.934Z","2025-10-17T05:56:01.934Z"
"68f1da5290ad734984f7d05c","optional","68f1da5a90ad734984f7f897","2025-10-17T05:56:01.934Z","2025-10-17T05:56:01.934Z"
"68f1da5790ad734984f7efa6","optional","68f1da5a90ad734984f7f897","2025-10-17T05:56:01.934Z","2025-10-17T05:56:01.934Z"
"68f1da5290ad734984f7d540","optional","68f1da5a90ad734984f7f897","2025-10-17T05:56:01.934Z","2025-10-17T05:56:01.934Z"
"68f1da5290ad734984f7d274","optional","68f1da5a90ad734984f7f897","2025-10-17T05:56:01.934Z","2025-10-17T05:56:01.934Z"
"68f1da5690ad734984f7e5d6","optional","68f1da5a90ad734984f7f897","2025-10-17T05:56:01.934Z","2025-10-17T05:56:01.934Z"
"68f1da5790ad734984f7f1db","optional","68f1da5a90ad734984f7f897","2025-10-17T05:56:01.934Z","2025-10-17T05:56:01.934Z"
"68f1da5a90ad734984f7f26e","optional","68f1da5a90ad734984f7f897","2025-10-17T05:56:01.934Z","2025-10-17T05:56:01.934Z"
"68f1da5290ad734984f7ce08","essential","68f1da5a90ad734984f7f8a5","2025-10-17T05:56:01.935Z","2025-10-17T05:56:01.935Z"
"68f1da5290ad734984f7d71e","essential","68f1da5a90ad734984f7f8a5","2025-10-17T05:56:01.935Z","2025-10-17T05:56:01.935Z"
"68f1da5690ad734984f7e495","optional","68f1da5a90ad734984f7f8a5","2025-10-17T05:56:01.935Z","2025-10-17T05:56:01.935Z"
"68f1da5790ad734984f7efdc","optional","68f1da5a90ad734984f7f8a5","2025-10-17T05:56:01.935Z","2025-10-17T05:56:01.935Z"
"68f1da5a90ad734984f7f32a","essential","68f1da5a90ad734984f7f8a5","2025-10-17T05:56:01.935Z","2025-10-17T05:56:01.935Z"
"68f1da5a90ad734984f7f3dc","optional","68f1da5a90ad734984f7f8a5","2025-10-17T05:56:01.935Z","2025-10-17T05:56:01.935Z"
"68f1da5a90ad734984f7fa8a","essential","68f1da5a90ad734984f7f8a5","2025-10-17T05:56:01.935Z","2025-10-17T05:56:01.935Z"
"68f1da5290ad734984f7d98e","optional","68f1da5a90ad734984f7f8ab","2025-10-17T05:56:01.933Z","2025-10-17T05:56:01.933Z"
"68f1da5a90ad734984f7ff6c","optional","68f1da5a90ad734984f7f8ab","2025-10-17T05:56:01.933Z","2025-10-17T05:56:01.933Z"
"68f1da5a90ad734984f7ffbe","optional","68f1da5a90ad734984f7f8ab","2025-10-17T05:56:01.933Z","2025-10-17T05:56:01.933Z"
"68f1da5690ad734984f7dfd4","optional","68f1da5a90ad734984f7f8ab","2025-10-17T05:56:01.933Z","2025-10-17T05:56:01.933Z"
"68f1da5690ad734984f7e18b","optional","68f1da5a90ad734984f7f8ab","2025-10-17T05:56:01.933Z","2025-10-17T05:56:01.933Z"
"68f1da5690ad734984f7e500","optional","68f1da5a90ad734984f7f8ab","2025-10-17T05:56:01.933Z","2025-10-17T05:56:01.933Z"
"68f1da5290ad734984f7d440","optional","68f1da5a90ad734984f7f8ab","2025-10-17T05:56:01.933Z","2025-10-17T05:56:01.933Z"
"68f1da5690ad734984f7eaed","optional","68f1da5a90ad734984f7f8b0","2025-10-17T05:56:01.933Z","2025-10-17T05:56:01.933Z"
"68f1da5690ad734984f7e8b1","optional","68f1da5a90ad734984f7f8b5","2025-10-17T05:56:01.933Z","2025-10-17T05:56:01.933Z"
"68f1da5a90ad734984f7f359","optional","68f1da5a90ad734984f7f8b5","2025-10-17T05:56:01.933Z","2025-10-17T05:56:01.933Z"
"68f1da5a90ad734984f7f733","optional","68f1da5a90ad734984f7f8b9","2025-10-17T05:56:01.933Z","2025-10-17T05:56:01.933Z"
"68f1da5a90ad734984f7fc13","optional","68f1da5a90ad734984f7f8b9","2025-10-17T05:56:01.933Z","2025-10-17T05:56:01.933Z"
"68f1da5290ad734984f7cc43","optional","68f1da5a90ad734984f7f8b9","2025-10-17T05:56:01.933Z","2025-10-17T05:56:01.933Z"
"68f1da5690ad734984f7e95d","optional","68f1da5a90ad734984f7f8b9","2025-10-17T05:56:01.933Z","2025-10-17T05:56:01.933Z"
"68f1da5790ad734984f7f07e","optional","68f1da5a90ad734984f7f8b9","2025-10-17T05:56:01.933Z","2025-10-17T05:56:01.933Z"
"68f1da5290ad734984f7ddfa","optional","68f1da5a90ad734984f7f8b9","2025-10-17T05:56:01.933Z","2025-10-17T05:56:01.933Z"
"68f1da5690ad734984f7e8ee","optional","68f1da5a90ad734984f7f8b9","2025-10-17T05:56:01.933Z","2025-10-17T05:56:01.933Z"
"68f1da5690ad734984f7edc2","optional","68f1da5a90ad734984f7f8b9","2025-10-17T05:56:01.933Z","2025-10-17T05:56:01.933Z"
"68f1da5a90ad734984f7f36e","optional","68f1da5a90ad734984f7f8b9","2025-10-17T05:56:01.933Z","2025-10-17T05:56:01.933Z"
"68f1da5a90ad734984f7f374","optional","68f1da5a90ad734984f7f8b9","2025-10-17T05:56:01.933Z","2025-10-17T05:56:01.933Z"
"68f1da5a90ad734984f7f8d6","optional","68f1da5a90ad734984f7f8b9","2025-10-17T05:56:01.933Z","2025-10-17T05:56:01.933Z"
"68f1da5a90ad734984f7f476","optional","68f1da5a90ad734984f7f8be","2025-10-17T05:56:01.933Z","2025-10-17T05:56:01.933Z"
"68f1da5290ad734984f7da36","optional","68f1da5a90ad734984f7f8be","2025-10-17T05:56:01.933Z","2025-10-17T05:56:01.933Z"
"68f1da5290ad734984f7cd7d","optional","68f1da5a90ad734984f7f8be","2025-10-17T05:56:01.933Z","2025-10-17T05:56:01.933Z"
"68f1da5a90ad734984f7fbb4","optional","68f1da5a90ad734984f7f8be","2025-10-17T05:56:01.933Z","2025-10-17T05:56:01.933Z"
"68f1da5290ad734984f7cb92","optional","68f1da5a90ad734984f7f8c3","2025-10-17T05:56:01.935Z","2025-10-17T05:56:01.935Z"
"68f1da5690ad734984f7eb66","optional","68f1da5a90ad734984f7f8c5","2025-10-17T05:56:01.935Z","2025-10-17T05:56:01.935Z"
"68f1da5a90ad734984f7faf6","optional","68f1da5a90ad734984f7f8c5","2025-10-17T05:56:01.935Z","2025-10-17T05:56:01.935Z"
"68f1da5290ad734984f7d244","essential","68f1da5a90ad734984f7f8c7","2025-10-17T05:56:01.935Z","2025-10-17T05:56:01.935Z"
"68f1da5690ad734984f7ea00","optional","68f1da5a90ad734984f7f8c7","2025-10-17T05:56:01.935Z","2025-10-17T05:56:01.935Z"
"68f1da5290ad734984f7d73b","optional","68f1da5a90ad734984f7f8c7","2025-10-17T05:56:01.935Z","2025-10-17T05:56:01.935Z"
"68f1da5790ad734984f7f066","essential","68f1da5a90ad734984f7f8c7","2025-10-17T05:56:01.935Z","2025-10-17T05:56:01.935Z"
"68f1da5690ad734984f7e4b4","optional","68f1da5a90ad734984f7f8ca","2025-10-17T05:56:01.935Z","2025-10-17T05:56:01.935Z"
"68f1da5790ad734984f7f0a8","optional","68f1da5a90ad734984f7f8ca","2025-10-17T05:56:01.935Z","2025-10-17T05:56:01.935Z"
"68f1da5a90ad734984f7fb04","optional","68f1da5a90ad734984f7f8ca","2025-10-17T05:56:01.935Z","2025-10-17T05:56:01.935Z"
"68f1da5290ad734984f7d2cb","optional","68f1da5a90ad734984f7f8ca","2025-10-17T05:56:01.935Z","2025-10-17T05:56:01.935Z"
"68f1da5690ad734984f7ed79","optional","68f1da5a90ad734984f7f8ca","2025-10-17T05:56:01.935Z","2025-10-17T05:56:01.935Z"
"68f1da5790ad734984f7ef38","optional","68f1da5a90ad734984f7f8e5","2025-10-17T05:56:01.935Z","2025-10-17T05:56:01.935Z"
"68f1da5a90ad734984f7f7d7","optional","68f1da5a90ad734984f7f8e5","2025-10-17T05:56:01.935Z","2025-10-17T05:56:01.935Z"
"68f1da5a90ad734984f7fea4","optional","68f1da5a90ad734984f7f8e5","2025-10-17T05:56:01.935Z","2025-10-17T05:56:01.935Z"
"68f1da5690ad734984f7e3d0","optional","68f1da5a90ad734984f7f8e5","2025-10-17T05:56:01.935Z","2025-10-17T05:56:01.935Z"
"68f1da5a90ad734984f7f677","optional","68f1da5a90ad734984f7f8e6","2025-10-17T05:56:01.935Z","2025-10-17T05:56:01.935Z"
"68f1da5a90ad734984f7f4c3","optional","68f1da5a90ad734984f7f8e7","2025-10-17T05:56:01.935Z","2025-10-17T05:56:01.935Z"
"68f1da5690ad734984f7e6a9","optional","68f1da5a90ad734984f7f8eb","2025-10-17T05:56:01.935Z","2025-10-17T05:56:01.935Z"
"68f1da5a90ad734984f7f7de","optional","68f1da5a90ad734984f7f8eb","2025-10-17T05:56:01.935Z","2025-10-17T05:56:01.935Z"
"68f1da5a90ad734984f8011b","optional","68f1da5a90ad734984f7f8eb","2025-10-17T05:56:01.935Z","2025-10-17T05:56:01.935Z"
"68f1da5a90ad734984f80056","optional","68f1da5a90ad734984f7f8eb","2025-10-17T05:56:01.935Z","2025-10-17T05:56:01.935Z"
"68f1da5a90ad734984f7f853","optional","68f1da5a90ad734984f7f8fa","2025-10-17T05:56:01.935Z","2025-10-17T05:56:01.935Z"
"68f1da5290ad734984f7d6b9","optional","68f1da5a90ad734984f7f8fb","2025-10-17T05:56:01.935Z","2025-10-17T05:56:01.935Z"
"68f1da5a90ad734984f7fbff","optional","68f1da5a90ad734984f7f8fb","2025-10-17T05:56:01.935Z","2025-10-17T05:56:01.935Z"
"68f1da5690ad734984f7dff9","optional","68f1da5a90ad734984f7f8fb","2025-10-17T05:56:01.935Z","2025-10-17T05:56:01.935Z"
"68f1da5290ad734984f7dc59","optional","68f1da5a90ad734984f7f900","2025-10-17T05:56:01.935Z","2025-10-17T05:56:01.935Z"
"68f1da5690ad734984f7e20d","optional","68f1da5a90ad734984f7f900","2025-10-17T05:56:01.936Z","2025-10-17T05:56:01.936Z"
"68f1da5290ad734984f7d571","optional","68f1da5a90ad734984f7f900","2025-10-17T05:56:01.935Z","2025-10-17T05:56:01.935Z"
"68f1da5690ad734984f7e819","optional","68f1da5a90ad734984f7f900","2025-10-17T05:56:01.936Z","2025-10-17T05:56:01.936Z"
"68f1da5a90ad734984f7f5aa","optional","68f1da5a90ad734984f7f90c","2025-10-17T05:56:01.936Z","2025-10-17T05:56:01.936Z"
"68f1da5690ad734984f7eacd","optional","68f1da5a90ad734984f7f90c","2025-10-17T05:56:01.936Z","2025-10-17T05:56:01.936Z"
"68f1da5690ad734984f7e6e4","optional","68f1da5a90ad734984f7f90e","2025-10-17T05:56:01.936Z","2025-10-17T05:56:01.936Z"
"68f1da5690ad734984f7ecf5","optional","68f1da5a90ad734984f7f90e","2025-10-17T05:56:01.936Z","2025-10-17T05:56:01.936Z"
"68f1da5a90ad734984f7f917","optional","68f1da5a90ad734984f7f90e","2025-10-17T05:56:01.936Z","2025-10-17T05:56:01.936Z"
"68f1da5690ad734984f7e0f4","optional","68f1da5a90ad734984f7f90e","2025-10-17T05:56:01.936Z","2025-10-17T05:56:01.936Z"
"68f1da5690ad734984f7e6eb","optional","68f1da5a90ad734984f7f90f","2025-10-17T05:56:01.936Z","2025-10-17T05:56:01.936Z"
"68f1da5290ad734984f7ce2a","optional","68f1da5a90ad734984f7f90f","2025-10-17T05:56:01.936Z","2025-10-17T05:56:01.936Z"
"68f1da5290ad734984f7cf88","optional","68f1da5a90ad734984f7f90f","2025-10-17T05:56:01.936Z","2025-10-17T05:56:01.936Z"
"68f1da5690ad734984f7e0e7","optional","68f1da5a90ad734984f7f90f","2025-10-17T05:56:01.936Z","2025-10-17T05:56:01.936Z"
"68f1da5290ad734984f7d9d2","optional","68f1da5a90ad734984f7f90f","2025-10-17T05:56:01.936Z","2025-10-17T05:56:01.936Z"
"68f1da5a90ad734984f7fab4","optional","68f1da5a90ad734984f7f90f","2025-10-17T05:56:01.936Z","2025-10-17T05:56:01.936Z"
"68f1da5a90ad734984f7fbe5","optional","68f1da5a90ad734984f7f90f","2025-10-17T05:56:01.936Z","2025-10-17T05:56:01.936Z"
"68f1da5290ad734984f7d1f1","optional","68f1da5a90ad734984f7f90f","2025-10-17T05:56:01.936Z","2025-10-17T05:56:01.936Z"
"68f1da5290ad734984f7d9f6","optional","68f1da5a90ad734984f7f90f","2025-10-17T05:56:01.936Z","2025-10-17T05:56:01.936Z"
"68f1da5690ad734984f7ecf3","optional","68f1da5a90ad734984f7f911","2025-10-17T05:56:01.936Z","2025-10-17T05:56:01.936Z"
"68f1da5290ad734984f7d06e","optional","68f1da5a90ad734984f7f915","2025-10-17T05:56:01.936Z","2025-10-17T05:56:01.936Z"
"68f1da5a90ad734984f7f720","optional","68f1da5a90ad734984f7f915","2025-10-17T05:56:01.936Z","2025-10-17T05:56:01.936Z"
"68f1da5690ad734984f7ee05","optional","68f1da5a90ad734984f7f919","2025-10-17T05:56:01.936Z","2025-10-17T05:56:01.936Z"
"68f1da5290ad734984f7d30d","optional","68f1da5a90ad734984f7f919","2025-10-17T05:56:01.936Z","2025-10-17T05:56:01.936Z"
"68f1da5290ad734984f7d9ee","optional","68f1da5a90ad734984f7f919","2025-10-17T05:56:01.936Z","2025-10-17T05:56:01.936Z"
"68f1da5690ad734984f7e6f4","optional","68f1da5a90ad734984f7f919","2025-10-17T05:56:01.936Z","2025-10-17T05:56:01.936Z"
"68f1da5290ad734984f7da01","optional","68f1da5a90ad734984f7f920","2025-10-17T05:56:01.936Z","2025-10-17T05:56:01.936Z"
"68f1da5690ad734984f7e1f9","optional","68f1da5a90ad734984f7f920","2025-10-17T05:56:01.936Z","2025-10-17T05:56:01.936Z"
"68f1da5790ad734984f7ef43","optional","68f1da5a90ad734984f7f920","2025-10-17T05:56:01.936Z","2025-10-17T05:56:01.936Z"
"68f1da5a90ad734984f7f9db","optional","68f1da5a90ad734984f7f920","2025-10-17T05:56:01.936Z","2025-10-17T05:56:01.936Z"
"68f1da5690ad734984f7e282","optional","68f1da5a90ad734984f7f920","2025-10-17T05:56:01.936Z","2025-10-17T05:56:01.936Z"
"68f1da5690ad734984f7e817","optional","68f1da5a90ad734984f7f920","2025-10-17T05:56:01.936Z","2025-10-17T05:56:01.936Z"
"68f1da5690ad734984f7ec40","optional","68f1da5a90ad734984f7f920","2025-10-17T05:56:01.936Z","2025-10-17T05:56:01.936Z"
"68f1da5290ad734984f7cdb5","optional","68f1da5a90ad734984f7f947","2025-10-17T05:56:01.936Z","2025-10-17T05:56:01.936Z"
"68f1da5a90ad734984f7f7c8","optional","68f1da5a90ad734984f7f947","2025-10-17T05:56:01.936Z","2025-10-17T05:56:01.936Z"
"68f1da5690ad734984f7e637","optional","68f1da5a90ad734984f7f94a","2025-10-17T05:56:01.936Z","2025-10-17T05:56:01.936Z"
"68f1da5a90ad734984f7fa13","optional","68f1da5a90ad734984f7f94a","2025-10-17T05:56:01.936Z","2025-10-17T05:56:01.936Z"
"68f1da5290ad734984f7d46d","optional","68f1da5a90ad734984f7f94d","2025-10-17T05:56:01.937Z","2025-10-17T05:56:01.937Z"
"68f1da5290ad734984f7cd80","optional","68f1da5a90ad734984f7f950","2025-10-17T05:56:01.937Z","2025-10-17T05:56:01.937Z"
"68f1da5290ad734984f7cd2e","optional","68f1da5a90ad734984f7f952","2025-10-17T05:56:01.937Z","2025-10-17T05:56:01.937Z"
"68f1da5290ad734984f7d42e","optional","68f1da5a90ad734984f7f956","2025-10-17T05:56:01.937Z","2025-10-17T05:56:01.937Z"
"68f1da5a90ad734984f7f88b","optional","68f1da5a90ad734984f7f956","2025-10-17T05:56:01.937Z","2025-10-17T05:56:01.937Z"
"68f1da5790ad734984f7f178","optional","68f1da5a90ad734984f7f95d","2025-10-17T05:56:01.937Z","2025-10-17T05:56:01.937Z"
"68f1da5a90ad734984f7f55e","optional","68f1da5a90ad734984f7f95f","2025-10-17T05:56:01.937Z","2025-10-17T05:56:01.937Z"
"68f1da5690ad734984f7e2a2","optional","68f1da5a90ad734984f7f960","2025-10-17T05:56:01.937Z","2025-10-17T05:56:01.937Z"
"68f1da5290ad734984f7d187","optional","68f1da5a90ad734984f7f97f","2025-10-17T05:56:01.937Z","2025-10-17T05:56:01.937Z"
"68f1da5290ad734984f7d398","optional","68f1da5a90ad734984f7f994","2025-10-17T05:56:03.491Z","2025-10-17T05:56:03.491Z"
"68f1da5a90ad734984f7fcee","optional","68f1da5a90ad734984f7f994","2025-10-17T05:56:03.491Z","2025-10-17T05:56:03.491Z"
"68f1da5690ad734984f7ecca","essential","68f1da5a90ad734984f7f99c","2025-10-17T05:56:03.491Z","2025-10-17T05:56:03.491Z"
"68f1da5690ad734984f7e2f2","optional","68f1da5a90ad734984f7f99c","2025-10-17T05:56:03.491Z","2025-10-17T05:56:03.491Z"
"68f1da5290ad734984f7d0e6","optional","68f1da5a90ad734984f7f99d","2025-10-17T05:56:03.491Z","2025-10-17T05:56:03.491Z"
"68f1da5690ad734984f7e578","optional","68f1da5a90ad734984f7f99d","2025-10-17T05:56:03.491Z","2025-10-17T05:56:03.491Z"
"68f1da5790ad734984f7f1b0","optional","68f1da5a90ad734984f7f99d","2025-10-17T05:56:03.491Z","2025-10-17T05:56:03.491Z"
"68f1da5a90ad734984f7f682","optional","68f1da5a90ad734984f7f99d","2025-10-17T05:56:03.491Z","2025-10-17T05:56:03.491Z"
"68f1da5a90ad734984f7fce4","optional","68f1da5a90ad734984f7f99d","2025-10-17T05:56:03.491Z","2025-10-17T05:56:03.491Z"
"68f1da5290ad734984f7d6f8","optional","68f1da5a90ad734984f7f9a2","2025-10-17T05:56:03.491Z","2025-10-17T05:56:03.491Z"
"68f1da5790ad734984f7f125","optional","68f1da5a90ad734984f7f9a2","2025-10-17T05:56:03.492Z","2025-10-17T05:56:03.492Z"
"68f1da5290ad734984f7d1ff","optional","68f1da5a90ad734984f7f9a2","2025-10-17T05:56:03.491Z","2025-10-17T05:56:03.491Z"
"68f1da5290ad734984f7dae4","optional","68f1da5a90ad734984f7f9a2","2025-10-17T05:56:03.492Z","2025-10-17T05:56:03.492Z"
"68f1da5290ad734984f7db55","optional","68f1da5a90ad734984f7f9a2","2025-10-17T05:56:03.492Z","2025-10-17T05:56:03.492Z"
"68f1da5690ad734984f7e2d1","optional","68f1da5a90ad734984f7f9a2","2025-10-17T05:56:03.492Z","2025-10-17T05:56:03.492Z"
"68f1da5290ad734984f7da86","optional","68f1da5a90ad734984f7f9a2","2025-10-17T05:56:03.491Z","2025-10-17T05:56:03.491Z"
"68f1da5690ad734984f7e295","optional","68f1da5a90ad734984f7f9a2","2025-10-17T05:56:03.492Z","2025-10-17T05:56:03.492Z"
"68f1da5690ad734984f7e2dc","optional","68f1da5a90ad734984f7f9a2","2025-10-17T05:56:03.492Z","2025-10-17T05:56:03.492Z"
"68f1da5690ad734984f7e8dc","optional","68f1da5a90ad734984f7f9a2","2025-10-17T05:56:03.492Z","2025-10-17T05:56:03.492Z"
"68f1da5a90ad734984f7f593","optional","68f1da5a90ad734984f7f9a2","2025-10-17T05:56:03.492Z","2025-10-17T05:56:03.492Z"
"68f1da5a90ad734984f7f710","optional","68f1da5a90ad734984f7f9a2","2025-10-17T05:56:03.492Z","2025-10-17T05:56:03.492Z"
"68f1da5290ad734984f7d853","optional","68f1da5a90ad734984f7f9ac","2025-10-17T05:56:03.492Z","2025-10-17T05:56:03.492Z"
"68f1da5690ad734984f7e8a0","optional","68f1da5a90ad734984f7f9ac","2025-10-17T05:56:03.492Z","2025-10-17T05:56:03.492Z"
"68f1da5690ad734984f7eae2","optional","68f1da5a90ad734984f7f9ac","2025-10-17T05:56:03.492Z","2025-10-17T05:56:03.492Z"
"68f1da5290ad734984f7d7f4","essential","68f1da5a90ad734984f7f9ac","2025-10-17T05:56:03.492Z","2025-10-17T05:56:03.492Z"
"68f1da5290ad734984f7ce2b","essential","68f1da5a90ad734984f7f9ac","2025-10-17T05:56:03.492Z","2025-10-17T05:56:03.492Z"
"68f1da5a90ad734984f7f4a1","optional","68f1da5a90ad734984f7f9ad","2025-10-17T05:56:03.492Z","2025-10-17T05:56:03.492Z"
"68f1da5290ad734984f7d2e7","optional","68f1da5a90ad734984f7f9ad","2025-10-17T05:56:03.492Z","2025-10-17T05:56:03.492Z"
"68f1da5290ad734984f7d59e","optional","68f1da5a90ad734984f7f9ad","2025-10-17T05:56:03.492Z","2025-10-17T05:56:03.492Z"
"68f1da5290ad734984f7ddd0","optional","68f1da5a90ad734984f7f9ad","2025-10-17T05:56:03.492Z","2025-10-17T05:56:03.492Z"
"68f1da5690ad734984f7e85f","optional","68f1da5a90ad734984f7f9ad","2025-10-17T05:56:03.492Z","2025-10-17T05:56:03.492Z"
"68f1da5690ad734984f7e1ba","optional","68f1da5a90ad734984f7f9ad","2025-10-17T05:56:03.492Z","2025-10-17T05:56:03.492Z"
"68f1da5a90ad734984f800b9","optional","68f1da5a90ad734984f7f9b4","2025-10-17T05:56:03.492Z","2025-10-17T05:56:03.492Z"
"68f1da5290ad734984f7cfaf","optional","68f1da5a90ad734984f7f9b4","2025-10-17T05:56:03.492Z","2025-10-17T05:56:03.492Z"
"68f1da5a90ad734984f7f38d","optional","68f1da5a90ad734984f7f9b4","2025-10-17T05:56:03.492Z","2025-10-17T05:56:03.492Z"
"68f1da5a90ad734984f7f9bf","optional","68f1da5a90ad734984f7f9b4","2025-10-17T05:56:03.492Z","2025-10-17T05:56:03.492Z"
"68f1da5290ad734984f7d065","optional","68f1da5a90ad734984f7f9b4","2025-10-17T05:56:03.492Z","2025-10-17T05:56:03.492Z"
"68f1da5290ad734984f7cfec","optional","68f1da5a90ad734984f7f9b7","2025-10-17T05:56:03.492Z","2025-10-17T05:56:03.492Z"
"68f1da5290ad734984f7db8e","optional","68f1da5a90ad734984f7f9b7","2025-10-17T05:56:03.492Z","2025-10-17T05:56:03.492Z"
"68f1da5290ad734984f7dce3","optional","68f1da5a90ad734984f7f9b7","2025-10-17T05:56:03.492Z","2025-10-17T05:56:03.492Z"
"68f1da5690ad734984f7df5c","optional","68f1da5a90ad734984f7f9b7","2025-10-17T05:56:03.492Z","2025-10-17T05:56:03.492Z"
"68f1da5690ad734984f7dfbd","optional","68f1da5a90ad734984f7f9b7","2025-10-17T05:56:03.492Z","2025-10-17T05:56:03.492Z"
"68f1da5290ad734984f7d7f1","optional","68f1da5a90ad734984f7f9b7","2025-10-17T05:56:03.492Z","2025-10-17T05:56:03.492Z"
"68f1da5690ad734984f7e3ac","optional","68f1da5a90ad734984f7f9b7","2025-10-17T05:56:03.492Z","2025-10-17T05:56:03.492Z"
"68f1da5a90ad734984f7f30c","optional","68f1da5a90ad734984f7f9b7","2025-10-17T05:56:03.492Z","2025-10-17T05:56:03.492Z"
"68f1da5690ad734984f7eaf5","optional","68f1da5a90ad734984f7f9b7","2025-10-17T05:56:03.492Z","2025-10-17T05:56:03.492Z"
"68f1da5290ad734984f7de38","optional","68f1da5a90ad734984f7f9b7","2025-10-17T05:56:03.492Z","2025-10-17T05:56:03.492Z"
"68f1da5690ad734984f7e178","optional","68f1da5a90ad734984f7f9b7","2025-10-17T05:56:03.492Z","2025-10-17T05:56:03.492Z"
"68f1da5a90ad734984f7f36b","optional","68f1da5a90ad734984f7f9b7","2025-10-17T05:56:03.493Z","2025-10-17T05:56:03.493Z"
"68f1da5a90ad734984f7f487","optional","68f1da5a90ad734984f7f9b7","2025-10-17T05:56:03.493Z","2025-10-17T05:56:03.493Z"
"68f1da5290ad734984f7d037","optional","68f1da5a90ad734984f7f9bd","2025-10-17T05:56:01.937Z","2025-10-17T05:56:01.937Z"
"68f1da5290ad734984f7d9ed","optional","68f1da5a90ad734984f7f9bd","2025-10-17T05:56:01.937Z","2025-10-17T05:56:01.937Z"
"68f1da5690ad734984f7e56b","optional","68f1da5a90ad734984f7f9cb","2025-10-17T05:56:01.937Z","2025-10-17T05:56:01.937Z"
"68f1da5290ad734984f7d230","optional","68f1da5a90ad734984f7f9d0","2025-10-17T05:56:01.937Z","2025-10-17T05:56:01.937Z"
"68f1da5690ad734984f7e918","optional","68f1da5a90ad734984f7f9d0","2025-10-17T05:56:01.937Z","2025-10-17T05:56:01.937Z"
"68f1da5290ad734984f7d088","optional","68f1da5a90ad734984f7f9d0","2025-10-17T05:56:01.937Z","2025-10-17T05:56:01.937Z"
"68f1da5690ad734984f7e0df","optional","68f1da5a90ad734984f7f9d0","2025-10-17T05:56:01.937Z","2025-10-17T05:56:01.937Z"
"68f1da5290ad734984f7d577","optional","68f1da5a90ad734984f7f9d0","2025-10-17T05:56:01.937Z","2025-10-17T05:56:01.937Z"
"68f1da5690ad734984f7e489","optional","68f1da5a90ad734984f7f9d0","2025-10-17T05:56:01.937Z","2025-10-17T05:56:01.937Z"
"68f1da5290ad734984f7d29b","optional","68f1da5a90ad734984f7f9d1","2025-10-17T05:56:01.937Z","2025-10-17T05:56:01.937Z"
"68f1da5690ad734984f7e1d3","optional","68f1da5a90ad734984f7f9d1","2025-10-17T05:56:01.949Z","2025-10-17T05:56:01.949Z"
"68f1da5690ad734984f7e2d4","optional","68f1da5a90ad734984f7f9d1","2025-10-17T05:56:01.949Z","2025-10-17T05:56:01.949Z"
"68f1da5690ad734984f7ea01","optional","68f1da5a90ad734984f7f9d1","2025-10-17T05:56:01.949Z","2025-10-17T05:56:01.949Z"
"68f1da5690ad734984f7e00f","optional","68f1da5a90ad734984f7f9d1","2025-10-17T05:56:01.937Z","2025-10-17T05:56:01.937Z"
"68f1da5a90ad734984f7f6e6","optional","68f1da5a90ad734984f7f9d1","2025-10-17T05:56:01.949Z","2025-10-17T05:56:01.949Z"
"68f1da5a90ad734984f7f2d9","optional","68f1da5a90ad734984f7f9d1","2025-10-17T05:56:01.949Z","2025-10-17T05:56:01.949Z"
"68f1da5290ad734984f7d70c","optional","68f1da5a90ad734984f7f9dc","2025-10-17T05:56:01.950Z","2025-10-17T05:56:01.950Z"
"68f1da5290ad734984f7cdf0","optional","68f1da5a90ad734984f7f9dc","2025-10-17T05:56:01.950Z","2025-10-17T05:56:01.950Z"
"68f1da5690ad734984f7e7eb","optional","68f1da5a90ad734984f7f9dc","2025-10-17T05:56:01.950Z","2025-10-17T05:56:01.950Z"
"68f1da5a90ad734984f7fc25","optional","68f1da5a90ad734984f7f9dc","2025-10-17T05:56:03.490Z","2025-10-17T05:56:03.490Z"
"68f1da5790ad734984f7eff7","optional","68f1da5a90ad734984f7f9e1","2025-10-17T05:56:03.491Z","2025-10-17T05:56:03.491Z"
"68f1da5790ad734984f7ef2b","optional","68f1da5a90ad734984f7f9e1","2025-10-17T05:56:03.490Z","2025-10-17T05:56:03.490Z"
"68f1da5690ad734984f7ec1b","optional","68f1da5a90ad734984f7f9e3","2025-10-17T05:56:03.491Z","2025-10-17T05:56:03.491Z"
"68f1da5a90ad734984f7f297","optional","68f1da5a90ad734984f7f9e3","2025-10-17T05:56:03.491Z","2025-10-17T05:56:03.491Z"
"68f1da5790ad734984f7eef0","optional","68f1da5a90ad734984f7f9e3","2025-10-17T05:56:03.491Z","2025-10-17T05:56:03.491Z"
"68f1da5690ad734984f7e2f5","optional","68f1da5a90ad734984f7f9e3","2025-10-17T05:56:03.491Z","2025-10-17T05:56:03.491Z"
"68f1da5690ad734984f7ed64","optional","68f1da5a90ad734984f7f9e3","2025-10-17T05:56:03.491Z","2025-10-17T05:56:03.491Z"
"68f1da5a90ad734984f7f706","optional","68f1da5a90ad734984f7f9e3","2025-10-17T05:56:03.491Z","2025-10-17T05:56:03.491Z"
"68f1da5290ad734984f7cc8a","optional","68f1da5a90ad734984f7f9e3","2025-10-17T05:56:03.491Z","2025-10-17T05:56:03.491Z"
"68f1da5290ad734984f7dd02","optional","68f1da5a90ad734984f7f9e3","2025-10-17T05:56:03.491Z","2025-10-17T05:56:03.491Z"
"68f1da5690ad734984f7eddf","optional","68f1da5a90ad734984f7f9e3","2025-10-17T05:56:03.491Z","2025-10-17T05:56:03.491Z"
"68f1da5a90ad734984f7fad0","optional","68f1da5a90ad734984f7f9e6","2025-10-17T05:56:03.491Z","2025-10-17T05:56:03.491Z"
"68f1da5690ad734984f7e7f6","optional","68f1da5a90ad734984f7f9ea","2025-10-17T05:56:03.491Z","2025-10-17T05:56:03.491Z"
"68f1da5a90ad734984f7f457","optional","68f1da5a90ad734984f7f9ea","2025-10-17T05:56:03.491Z","2025-10-17T05:56:03.491Z"
"68f1da5a90ad734984f7f25f","optional","68f1da5a90ad734984f7f9ea","2025-10-17T05:56:03.491Z","2025-10-17T05:56:03.491Z"
"68f1da5a90ad734984f7f6af","optional","68f1da5a90ad734984f7f9ea","2025-10-17T05:56:03.491Z","2025-10-17T05:56:03.491Z"
"68f1da5690ad734984f7e061","optional","68f1da5a90ad734984f7f9ea","2025-10-17T05:56:03.491Z","2025-10-17T05:56:03.491Z"
"68f1da5790ad734984f7efdd","optional","68f1da5a90ad734984f7f9ea","2025-10-17T05:56:03.491Z","2025-10-17T05:56:03.491Z"
"68f1da5690ad734984f7ea9c","optional","68f1da5a90ad734984f7f9ea","2025-10-17T05:56:03.491Z","2025-10-17T05:56:03.491Z"
"68f1da5a90ad734984f7f4e0","optional","68f1da5a90ad734984f7f9eb","2025-10-17T05:56:03.491Z","2025-10-17T05:56:03.491Z"
"68f1da5a90ad734984f7f681","optional","68f1da5a90ad734984f7f9ec","2025-10-17T05:56:03.491Z","2025-10-17T05:56:03.491Z"
"68f1da5a90ad734984f7f3f6","optional","68f1da5a90ad734984f7f9ed","2025-10-17T05:56:03.491Z","2025-10-17T05:56:03.491Z"
"68f1da5690ad734984f7eaef","optional","68f1da5a90ad734984f7f9ed","2025-10-17T05:56:03.491Z","2025-10-17T05:56:03.491Z"
"68f1da5690ad734984f7e23f","optional","68f1da5a90ad734984f7f9f1","2025-10-17T05:56:03.493Z","2025-10-17T05:56:03.493Z"
"68f1da5290ad734984f7d263","optional","68f1da5a90ad734984f7f9f3","2025-10-17T05:56:03.493Z","2025-10-17T05:56:03.493Z"
"68f1da5690ad734984f7ebe8","optional","68f1da5a90ad734984f7f9f3","2025-10-17T05:56:03.493Z","2025-10-17T05:56:03.493Z"
"68f1da5290ad734984f7db5c","optional","68f1da5a90ad734984f7f9f3","2025-10-17T05:56:03.493Z","2025-10-17T05:56:03.493Z"
"68f1da5690ad734984f7ea59","optional","68f1da5a90ad734984f7f9f3","2025-10-17T05:56:03.493Z","2025-10-17T05:56:03.493Z"
"68f1da5290ad734984f7d9eb","optional","68f1da5a90ad734984f7f9f8","2025-10-17T05:56:03.493Z","2025-10-17T05:56:03.493Z"
"68f1da5290ad734984f7db45","optional","68f1da5a90ad734984f7fa00","2025-10-17T05:56:03.493Z","2025-10-17T05:56:03.493Z"
"68f1da5790ad734984f7eefe","optional","68f1da5a90ad734984f7fa00","2025-10-17T05:56:03.493Z","2025-10-17T05:56:03.493Z"
"68f1da5790ad734984f7f224","optional","68f1da5a90ad734984f7fa00","2025-10-17T05:56:03.493Z","2025-10-17T05:56:03.493Z"
"68f1da5a90ad734984f7f49a","optional","68f1da5a90ad734984f7fa00","2025-10-17T05:56:03.493Z","2025-10-17T05:56:03.493Z"
"68f1da5a90ad734984f7ff01","optional","68f1da5a90ad734984f7fa00","2025-10-17T05:56:03.493Z","2025-10-17T05:56:03.493Z"
"68f1da5690ad734984f7eb59","optional","68f1da5a90ad734984f7fa00","2025-10-17T05:56:03.493Z","2025-10-17T05:56:03.493Z"
"68f1da5690ad734984f7e89c","optional","68f1da5a90ad734984f7fa00","2025-10-17T05:56:03.493Z","2025-10-17T05:56:03.493Z"
"68f1da5290ad734984f7dae3","optional","68f1da5a90ad734984f7fa00","2025-10-17T05:56:03.493Z","2025-10-17T05:56:03.493Z"
"68f1da5a90ad734984f8013e","optional","68f1da5a90ad734984f7fa0e","2025-10-17T05:56:03.493Z","2025-10-17T05:56:03.493Z"
"68f1da5290ad734984f7d700","optional","68f1da5a90ad734984f7fa0e","2025-10-17T05:56:03.493Z","2025-10-17T05:56:03.493Z"
"68f1da5290ad734984f7de86","optional","68f1da5a90ad734984f7fa0e","2025-10-17T05:56:03.493Z","2025-10-17T05:56:03.493Z"
"68f1da5690ad734984f7e2b9","optional","68f1da5a90ad734984f7fa0e","2025-10-17T05:56:03.493Z","2025-10-17T05:56:03.493Z"
"68f1da5a90ad734984f80132","optional","68f1da5a90ad734984f7fa0e","2025-10-17T05:56:03.493Z","2025-10-17T05:56:03.493Z"
"68f1da5690ad734984f7df8b","optional","68f1da5a90ad734984f7fa12","2025-10-17T05:56:03.493Z","2025-10-17T05:56:03.493Z"
"68f1da5290ad734984f7d808","optional","68f1da5a90ad734984f7fa1f","2025-10-17T05:56:03.493Z","2025-10-17T05:56:03.493Z"
"68f1da5690ad734984f7e20f","optional","68f1da5a90ad734984f7fa21","2025-10-17T05:56:03.493Z","2025-10-17T05:56:03.493Z"
"68f1da5690ad734984f7eb80","optional","68f1da5a90ad734984f7fa25","2025-10-17T05:56:03.493Z","2025-10-17T05:56:03.493Z"
"68f1da5690ad734984f7e0cf","optional","68f1da5a90ad734984f7fa2a","2025-10-17T05:56:03.493Z","2025-10-17T05:56:03.493Z"
"68f1da5690ad734984f7dfb6","optional","68f1da5a90ad734984f7fa41","2025-10-17T05:56:03.494Z","2025-10-17T05:56:03.494Z"
"68f1da5290ad734984f7d152","optional","68f1da5a90ad734984f7fa41","2025-10-17T05:56:03.494Z","2025-10-17T05:56:03.494Z"
"68f1da5690ad734984f7e49b","optional","68f1da5a90ad734984f7fa41","2025-10-17T05:56:03.494Z","2025-10-17T05:56:03.494Z"
"68f1da5a90ad734984f7fe39","optional","68f1da5a90ad734984f7fa41","2025-10-17T05:56:03.494Z","2025-10-17T05:56:03.494Z"
"68f1da5690ad734984f7e9a3","optional","68f1da5a90ad734984f7fa43","2025-10-17T05:56:03.494Z","2025-10-17T05:56:03.494Z"
"68f1da5a90ad734984f7fa76","optional","68f1da5a90ad734984f7fa43","2025-10-17T05:56:03.494Z","2025-10-17T05:56:03.494Z"
"68f1da5290ad734984f7d84b","optional","68f1da5a90ad734984f7fa43","2025-10-17T05:56:03.494Z","2025-10-17T05:56:03.494Z"
"68f1da5690ad734984f7ee06","essential","68f1da5a90ad734984f7fa43","2025-10-17T05:56:03.494Z","2025-10-17T05:56:03.494Z"
"68f1da5290ad734984f7d936","optional","68f1da5a90ad734984f7fa46","2025-10-17T05:56:03.494Z","2025-10-17T05:56:03.494Z"
"68f1da5690ad734984f7e7f0","optional","68f1da5a90ad734984f7fa4a","2025-10-17T05:56:03.494Z","2025-10-17T05:56:03.494Z"
"68f1da5a90ad734984f800c7","optional","68f1da5a90ad734984f7fa4a","2025-10-17T05:56:03.494Z","2025-10-17T05:56:03.494Z"
"68f1da5690ad734984f7e414","optional","68f1da5a90ad734984f7fa50","2025-10-17T05:56:03.494Z","2025-10-17T05:56:03.494Z"
"68f1da5290ad734984f7d96c","optional","68f1da5a90ad734984f7fa50","2025-10-17T05:56:03.494Z","2025-10-17T05:56:03.494Z"
"68f1da5690ad734984f7e7c7","optional","68f1da5a90ad734984f7fa53","2025-10-17T05:56:03.494Z","2025-10-17T05:56:03.494Z"
"68f1da5a90ad734984f7f591","optional","68f1da5a90ad734984f7fa53","2025-10-17T05:56:03.494Z","2025-10-17T05:56:03.494Z"
"68f1da5690ad734984f7ed8d","optional","68f1da5a90ad734984f7fa5d","2025-10-17T05:56:03.494Z","2025-10-17T05:56:03.494Z"
"68f1da5290ad734984f7d110","optional","68f1da5a90ad734984f7fa5d","2025-10-17T05:56:03.494Z","2025-10-17T05:56:03.494Z"
"68f1da5a90ad734984f7f4ba","optional","68f1da5a90ad734984f7fa5d","2025-10-17T05:56:03.494Z","2025-10-17T05:56:03.494Z"
"68f1da5290ad734984f7cc92","optional","68f1da5a90ad734984f7fa68","2025-10-17T05:56:03.494Z","2025-10-17T05:56:03.494Z"
"68f1da5290ad734984f7ccfe","optional","68f1da5a90ad734984f7fa68","2025-10-17T05:56:03.494Z","2025-10-17T05:56:03.494Z"
"68f1da5290ad734984f7d3b7","optional","68f1da5a90ad734984f7fa68","2025-10-17T05:56:03.494Z","2025-10-17T05:56:03.494Z"
"68f1da5790ad734984f7f20d","optional","68f1da5a90ad734984f7fa68","2025-10-17T05:56:03.494Z","2025-10-17T05:56:03.494Z"
"68f1da5a90ad734984f80176","optional","68f1da5a90ad734984f7fa68","2025-10-17T05:56:03.494Z","2025-10-17T05:56:03.494Z"
"68f1da5290ad734984f7dae2","optional","68f1da5a90ad734984f7fa68","2025-10-17T05:56:03.494Z","2025-10-17T05:56:03.494Z"
"68f1da5a90ad734984f7f702","optional","68f1da5a90ad734984f7fa68","2025-10-17T05:56:03.494Z","2025-10-17T05:56:03.494Z"
"68f1da5690ad734984f7ebe0","optional","68f1da5a90ad734984f7fa68","2025-10-17T05:56:03.494Z","2025-10-17T05:56:03.494Z"
"68f1da5690ad734984f7e600","optional","68f1da5a90ad734984f7fa68","2025-10-17T05:56:03.494Z","2025-10-17T05:56:03.494Z"
"68f1da5690ad734984f7e729","optional","68f1da5a90ad734984f7fa68","2025-10-17T05:56:03.494Z","2025-10-17T05:56:03.494Z"
"68f1da5690ad734984f7ea2b","optional","68f1da5a90ad734984f7fa68","2025-10-17T05:56:03.494Z","2025-10-17T05:56:03.494Z"
"68f1da5290ad734984f7cf57","essential","68f1da5a90ad734984f7fa6b","2025-10-17T05:56:03.493Z","2025-10-17T05:56:03.493Z"
"68f1da5290ad734984f7d496","optional","68f1da5a90ad734984f7fa6b","2025-10-17T05:56:03.493Z","2025-10-17T05:56:03.493Z"
"68f1da5290ad734984f7d618","essential","68f1da5a90ad734984f7fa6b","2025-10-17T05:56:03.493Z","2025-10-17T05:56:03.493Z"
"68f1da5690ad734984f7e40a","essential","68f1da5a90ad734984f7fa6b","2025-10-17T05:56:03.493Z","2025-10-17T05:56:03.493Z"
"68f1da5290ad734984f7cd0d","essential","68f1da5a90ad734984f7fa6b","2025-10-17T05:56:03.493Z","2025-10-17T05:56:03.493Z"
"68f1da5a90ad734984f80095","optional","68f1da5a90ad734984f7fa6e","2025-10-17T05:56:03.493Z","2025-10-17T05:56:03.493Z"
"68f1da5290ad734984f7d819","optional","68f1da5a90ad734984f7fa6e","2025-10-17T05:56:03.493Z","2025-10-17T05:56:03.493Z"
"68f1da5690ad734984f7e695","optional","68f1da5a90ad734984f7fa81","2025-10-17T05:56:03.493Z","2025-10-17T05:56:03.493Z"
"68f1da5690ad734984f7ebf7","optional","68f1da5a90ad734984f7fa81","2025-10-17T05:56:03.494Z","2025-10-17T05:56:03.494Z"
"68f1da5a90ad734984f7f603","optional","68f1da5a90ad734984f7fa86","2025-10-17T05:56:03.494Z","2025-10-17T05:56:03.494Z"
"68f1da5290ad734984f7cbb1","optional","68f1da5a90ad734984f7fa88","2025-10-17T05:56:03.494Z","2025-10-17T05:56:03.494Z"
"68f1da5290ad734984f7d3d4","optional","68f1da5a90ad734984f7fa88","2025-10-17T05:56:03.494Z","2025-10-17T05:56:03.494Z"
"68f1da5a90ad734984f7f959","optional","68f1da5a90ad734984f7fa88","2025-10-17T05:56:03.494Z","2025-10-17T05:56:03.494Z"
"68f1da5290ad734984f7dd82","optional","68f1da5a90ad734984f7fa89","2025-10-17T05:56:03.494Z","2025-10-17T05:56:03.494Z"
"68f1da5290ad734984f7d1eb","optional","68f1da5a90ad734984f7fa98","2025-10-17T05:56:03.494Z","2025-10-17T05:56:03.494Z"
"68f1da5790ad734984f7f13c","essential","68f1da5a90ad734984f7faa2","2025-10-17T05:56:03.495Z","2025-10-17T05:56:03.495Z"
"68f1da5a90ad734984f7fa27","optional","68f1da5a90ad734984f7faaa","2025-10-17T05:56:03.495Z","2025-10-17T05:56:03.495Z"
"68f1da5a90ad734984f7f398","optional","68f1da5a90ad734984f7faaa","2025-10-17T05:56:03.495Z","2025-10-17T05:56:03.495Z"
"68f1da5290ad734984f7d877","optional","68f1da5a90ad734984f7faaa","2025-10-17T05:56:03.495Z","2025-10-17T05:56:03.495Z"
"68f1da5290ad734984f7d8e0","essential","68f1da5a90ad734984f7faaa","2025-10-17T05:56:03.495Z","2025-10-17T05:56:03.495Z"
"68f1da5a90ad734984f7f2ef","optional","68f1da5a90ad734984f7faaa","2025-10-17T05:56:03.495Z","2025-10-17T05:56:03.495Z"
"68f1da5a90ad734984f7f5a8","optional","68f1da5a90ad734984f7faaa","2025-10-17T05:56:03.495Z","2025-10-17T05:56:03.495Z"
"68f1da5690ad734984f7e86d","optional","68f1da5a90ad734984f7fabb","2025-10-17T05:56:03.495Z","2025-10-17T05:56:03.495Z"
"68f1da5690ad734984f7e910","optional","68f1da5a90ad734984f7fabb","2025-10-17T05:56:03.495Z","2025-10-17T05:56:03.495Z"
"68f1da5a90ad734984f7f8d1","optional","68f1da5a90ad734984f7fabb","2025-10-17T05:56:03.495Z","2025-10-17T05:56:03.495Z"
"68f1da5290ad734984f7d40e","optional","68f1da5a90ad734984f7fac4","2025-10-17T05:56:03.495Z","2025-10-17T05:56:03.495Z"
"68f1da5690ad734984f7ed79","optional","68f1da5a90ad734984f7fac4","2025-10-17T05:56:03.495Z","2025-10-17T05:56:03.495Z"
"68f1da5290ad734984f7d376","optional","68f1da5a90ad734984f7fac4","2025-10-17T05:56:03.495Z","2025-10-17T05:56:03.495Z"
"68f1da5690ad734984f7e6b4","optional","68f1da5a90ad734984f7fac4","2025-10-17T05:56:03.495Z","2025-10-17T05:56:03.495Z"
"68f1da5690ad734984f7e7c8","optional","68f1da5a90ad734984f7fac4","2025-10-17T05:56:03.495Z","2025-10-17T05:56:03.495Z"
"68f1da5290ad734984f7d033","optional","68f1da5a90ad734984f7facf","2025-10-17T05:56:03.495Z","2025-10-17T05:56:03.495Z"
"68f1da5790ad734984f7ef83","optional","68f1da5a90ad734984f7facf","2025-10-17T05:56:03.495Z","2025-10-17T05:56:03.495Z"
"68f1da5a90ad734984f7fafe","optional","68f1da5a90ad734984f7fad2","2025-10-17T05:56:03.495Z","2025-10-17T05:56:03.495Z"
"68f1da5290ad734984f7d1b4","optional","68f1da5a90ad734984f7fad8","2025-10-17T05:56:03.495Z","2025-10-17T05:56:03.495Z"
"68f1da5690ad734984f7e495","optional","68f1da5a90ad734984f7fadf","2025-10-17T05:56:03.496Z","2025-10-17T05:56:03.496Z"
"68f1da5290ad734984f7d764","optional","68f1da5a90ad734984f7fadf","2025-10-17T05:56:03.496Z","2025-10-17T05:56:03.496Z"
"68f1da5690ad734984f7e211","optional","68f1da5a90ad734984f7fadf","2025-10-17T05:56:03.496Z","2025-10-17T05:56:03.496Z"
"68f1da5790ad734984f7f199","optional","68f1da5a90ad734984f7fae4","2025-10-17T05:56:03.496Z","2025-10-17T05:56:03.496Z"
"68f1da5a90ad734984f7f6c8","optional","68f1da5a90ad734984f7fae4","2025-10-17T05:56:03.496Z","2025-10-17T05:56:03.496Z"
"68f1da5290ad734984f7d0e8","optional","68f1da5a90ad734984f7fae4","2025-10-17T05:56:03.496Z","2025-10-17T05:56:03.496Z"
"68f1da5290ad734984f7dc30","optional","68f1da5a90ad734984f7fae4","2025-10-17T05:56:03.496Z","2025-10-17T05:56:03.496Z"
"68f1da5a90ad734984f7fdcb","optional","68f1da5a90ad734984f7fae7","2025-10-17T05:56:03.496Z","2025-10-17T05:56:03.496Z"
"68f1da5a90ad734984f7f987","optional","68f1da5a90ad734984f7faec","2025-10-17T05:56:03.495Z","2025-10-17T05:56:03.495Z"
"68f1da5a90ad734984f7fe48","optional","68f1da5a90ad734984f7faf3","2025-10-17T05:56:03.495Z","2025-10-17T05:56:03.495Z"
"68f1da5690ad734984f7e491","optional","68f1da5a90ad734984f7faf4","2025-10-17T05:56:03.495Z","2025-10-17T05:56:03.495Z"
"68f1da5290ad734984f7cbec","optional","68f1da5a90ad734984f7faf4","2025-10-17T05:56:03.495Z","2025-10-17T05:56:03.495Z"
"68f1da5690ad734984f7eb63","optional","68f1da5a90ad734984f7faf4","2025-10-17T05:56:03.495Z","2025-10-17T05:56:03.495Z"
"68f1da5a90ad734984f7fd55","optional","68f1da5a90ad734984f7faf4","2025-10-17T05:56:03.495Z","2025-10-17T05:56:03.495Z"
"68f1da5290ad734984f7d268","optional","68f1da5a90ad734984f7faf9","2025-10-17T05:56:03.495Z","2025-10-17T05:56:03.495Z"
"68f1da5a90ad734984f80019","optional","68f1da5a90ad734984f7faf9","2025-10-17T05:56:03.495Z","2025-10-17T05:56:03.495Z"
"68f1da5290ad734984f7cb40","optional","68f1da5a90ad734984f7fb02","2025-10-17T05:56:03.495Z","2025-10-17T05:56:03.495Z"
"68f1da5a90ad734984f7f7a9","optional","68f1da5a90ad734984f7fb10","2025-10-17T05:56:03.495Z","2025-10-17T05:56:03.495Z"
"68f1da5290ad734984f7d720","optional","68f1da5a90ad734984f7fb11","2025-10-17T05:56:03.495Z","2025-10-17T05:56:03.495Z"
"68f1da5290ad734984f7d158","optional","68f1da5a90ad734984f7fb11","2025-10-17T05:56:03.495Z","2025-10-17T05:56:03.495Z"
"68f1da5290ad734984f7cb90","optional","68f1da5a90ad734984f7fb14","2025-10-17T05:56:03.495Z","2025-10-17T05:56:03.495Z"
"68f1da5290ad734984f7d97d","optional","68f1da5a90ad734984f7fb14","2025-10-17T05:56:03.495Z","2025-10-17T05:56:03.495Z"
"68f1da5290ad734984f7dd21","optional","68f1da5a90ad734984f7fb14","2025-10-17T05:56:03.495Z","2025-10-17T05:56:03.495Z"
"68f1da5690ad734984f7eb6d","optional","68f1da5a90ad734984f7fb14","2025-10-17T05:56:03.495Z","2025-10-17T05:56:03.495Z"
"68f1da5790ad734984f7f052","optional","68f1da5a90ad734984f7fb1b","2025-10-17T05:56:03.496Z","2025-10-17T05:56:03.496Z"
"68f1da5690ad734984f7def3","optional","68f1da5a90ad734984f7fb1b","2025-10-17T05:56:03.496Z","2025-10-17T05:56:03.496Z"
"68f1da5290ad734984f7cb94","optional","68f1da5a90ad734984f7fb28","2025-10-17T05:56:03.496Z","2025-10-17T05:56:03.496Z"
"68f1da5a90ad734984f7f6d0","optional","68f1da5a90ad734984f7fb28","2025-10-17T05:56:03.496Z","2025-10-17T05:56:03.496Z"
"68f1da5690ad734984f7eced","optional","68f1da5a90ad734984f7fb28","2025-10-17T05:56:03.496Z","2025-10-17T05:56:03.496Z"
"68f1da5a90ad734984f7fc52","optional","68f1da5a90ad734984f7fb28","2025-10-17T05:56:03.496Z","2025-10-17T05:56:03.496Z"
"68f1da5690ad734984f7ed01","optional","68f1da5a90ad734984f7fb28","2025-10-17T05:56:03.496Z","2025-10-17T05:56:03.496Z"
"68f1da5a90ad734984f7f9c3","optional","68f1da5a90ad734984f7fb28","2025-10-17T05:56:03.496Z","2025-10-17T05:56:03.496Z"
"68f1da5290ad734984f7d81f","optional","68f1da5a90ad734984f7fb30","2025-10-17T05:56:03.496Z","2025-10-17T05:56:03.496Z"
"68f1da5690ad734984f7ed56","optional","68f1da5a90ad734984f7fb30","2025-10-17T05:56:03.496Z","2025-10-17T05:56:03.496Z"
"68f1da5690ad734984f7ee9e","optional","68f1da5a90ad734984f7fb31","2025-10-17T05:56:03.496Z","2025-10-17T05:56:03.496Z"
"68f1da5290ad734984f7d136","optional","68f1da5a90ad734984f7fb31","2025-10-17T05:56:03.496Z","2025-10-17T05:56:03.496Z"
"68f1da5790ad734984f7f11b","optional","68f1da5a90ad734984f7fb31","2025-10-17T05:56:03.496Z","2025-10-17T05:56:03.496Z"
"68f1da5690ad734984f7df81","optional","68f1da5a90ad734984f7fb37","2025-10-17T05:56:03.496Z","2025-10-17T05:56:03.496Z"
"68f1da5290ad734984f7d929","optional","68f1da5a90ad734984f7fb37","2025-10-17T05:56:03.496Z","2025-10-17T05:56:03.496Z"
"68f1da5690ad734984f7e0e1","optional","68f1da5a90ad734984f7fb39","2025-10-17T05:56:03.496Z","2025-10-17T05:56:03.496Z"
"68f1da5790ad734984f7f1f2","optional","68f1da5a90ad734984f7fb3c","2025-10-17T05:56:03.496Z","2025-10-17T05:56:03.496Z"
"68f1da5290ad734984f7d853","optional","68f1da5a90ad734984f7fb3c","2025-10-17T05:56:03.496Z","2025-10-17T05:56:03.496Z"
"68f1da5690ad734984f7ed2b","optional","68f1da5a90ad734984f7fb3e","2025-10-17T05:56:03.496Z","2025-10-17T05:56:03.496Z"
"68f1da5a90ad734984f7f7f2","optional","68f1da5a90ad734984f7fb3e","2025-10-17T05:56:03.496Z","2025-10-17T05:56:03.496Z"
"68f1da5690ad734984f7e791","optional","68f1da5a90ad734984f7fb3e","2025-10-17T05:56:03.496Z","2025-10-17T05:56:03.496Z"
"68f1da5790ad734984f7f0b5","optional","68f1da5a90ad734984f7fb3e","2025-10-17T05:56:03.496Z","2025-10-17T05:56:03.496Z"
"68f1da5a90ad734984f7f61e","optional","68f1da5a90ad734984f7fb3e","2025-10-17T05:56:03.496Z","2025-10-17T05:56:03.496Z"
"68f1da5290ad734984f7d532","optional","68f1da5a90ad734984f7fb3e","2025-10-17T05:56:03.496Z","2025-10-17T05:56:03.496Z"
"68f1da5790ad734984f7f0a8","optional","68f1da5a90ad734984f7fb47","2025-10-17T05:56:03.496Z","2025-10-17T05:56:03.496Z"
"68f1da5a90ad734984f7fb04","optional","68f1da5a90ad734984f7fb47","2025-10-17T05:56:03.496Z","2025-10-17T05:56:03.496Z"
"68f1da5290ad734984f7dbee","optional","68f1da5a90ad734984f7fb50","2025-10-17T05:56:03.496Z","2025-10-17T05:56:03.496Z"
"68f1da5a90ad734984f7f823","optional","68f1da5a90ad734984f7fb50","2025-10-17T05:56:03.497Z","2025-10-17T05:56:03.497Z"
"68f1da5a90ad734984f7fd05","optional","68f1da5a90ad734984f7fb57","2025-10-17T05:56:03.497Z","2025-10-17T05:56:03.497Z"
"68f1da5290ad734984f7cf8a","optional","68f1da5a90ad734984f7fb5b","2025-10-17T05:56:03.497Z","2025-10-17T05:56:03.497Z"
"68f1da5290ad734984f7deaf","optional","68f1da5a90ad734984f7fb5b","2025-10-17T05:56:03.497Z","2025-10-17T05:56:03.497Z"
"68f1da5290ad734984f7d203","optional","68f1da5a90ad734984f7fb5b","2025-10-17T05:56:03.497Z","2025-10-17T05:56:03.497Z"
"68f1da5290ad734984f7da45","optional","68f1da5a90ad734984f7fb5b","2025-10-17T05:56:03.497Z","2025-10-17T05:56:03.497Z"
"68f1da5690ad734984f7ea2a","optional","68f1da5a90ad734984f7fb5b","2025-10-17T05:56:03.497Z","2025-10-17T05:56:03.497Z"
"68f1da5290ad734984f7d5ac","optional","68f1da5a90ad734984f7fb5e","2025-10-17T05:56:03.497Z","2025-10-17T05:56:03.497Z"
"68f1da5790ad734984f7f0ea","optional","68f1da5a90ad734984f7fb65","2025-10-17T05:56:03.497Z","2025-10-17T05:56:03.497Z"
"68f1da5290ad734984f7d84d","optional","68f1da5a90ad734984f7fb65","2025-10-17T05:56:03.497Z","2025-10-17T05:56:03.497Z"
"68f1da5690ad734984f7dfaf","optional","68f1da5a90ad734984f7fb65","2025-10-17T05:56:03.497Z","2025-10-17T05:56:03.497Z"
"68f1da5a90ad734984f7f821","optional","68f1da5a90ad734984f7fb65","2025-10-17T05:56:03.497Z","2025-10-17T05:56:03.497Z"
"68f1da5a90ad734984f7f914","essential","68f1da5a90ad734984f7fb65","2025-10-17T05:56:03.497Z","2025-10-17T05:56:03.497Z"
"68f1da5290ad734984f7d311","optional","68f1da5a90ad734984f7fb6a","2025-10-17T05:56:03.497Z","2025-10-17T05:56:03.497Z"
"68f1da5290ad734984f7d3c3","optional","68f1da5a90ad734984f7fb6e","2025-10-17T05:56:03.497Z","2025-10-17T05:56:03.497Z"
"68f1da5790ad734984f7f120","optional","68f1da5a90ad734984f7fb6e","2025-10-17T05:56:03.497Z","2025-10-17T05:56:03.497Z"
"68f1da5790ad734984f7f139","optional","68f1da5a90ad734984f7fb6e","2025-10-17T05:56:03.497Z","2025-10-17T05:56:03.497Z"
"68f1da5690ad734984f7ea45","optional","68f1da5a90ad734984f7fb72","2025-10-17T05:56:03.497Z","2025-10-17T05:56:03.497Z"
"68f1da5a90ad734984f7f2e7","optional","68f1da5a90ad734984f7fb89","2025-10-17T05:56:03.510Z","2025-10-17T05:56:03.510Z"
"68f1da5690ad734984f7e985","optional","68f1da5a90ad734984f7fb89","2025-10-17T05:56:03.510Z","2025-10-17T05:56:03.510Z"
"68f1da5290ad734984f7cbf4","optional","68f1da5a90ad734984f7fb90","2025-10-17T05:56:03.510Z","2025-10-17T05:56:03.510Z"
"68f1da5290ad734984f7d0bd","optional","68f1da5a90ad734984f7fb90","2025-10-17T05:56:03.510Z","2025-10-17T05:56:03.510Z"
"68f1da5690ad734984f7e69e","optional","68f1da5a90ad734984f7fb99","2025-10-17T05:56:03.509Z","2025-10-17T05:56:03.509Z"
"68f1da5790ad734984f7f112","optional","68f1da5a90ad734984f7fb99","2025-10-17T05:56:03.509Z","2025-10-17T05:56:03.509Z"
"68f1da5290ad734984f7d2c9","optional","68f1da5a90ad734984f7fb99","2025-10-17T05:56:03.497Z","2025-10-17T05:56:03.497Z"
"68f1da5290ad734984f7ced9","optional","68f1da5a90ad734984f7fb99","2025-10-17T05:56:03.497Z","2025-10-17T05:56:03.497Z"
"68f1da5790ad734984f7ef61","optional","68f1da5a90ad734984f7fb99","2025-10-17T05:56:03.509Z","2025-10-17T05:56:03.509Z"
"68f1da5290ad734984f7d995","optional","68f1da5a90ad734984f7fb99","2025-10-17T05:56:03.497Z","2025-10-17T05:56:03.497Z"
"68f1da5690ad734984f7e3c2","optional","68f1da5a90ad734984f7fb9b","2025-10-17T05:56:03.509Z","2025-10-17T05:56:03.509Z"
"68f1da5290ad734984f7d5e9","optional","68f1da5a90ad734984f7fb9b","2025-10-17T05:56:03.509Z","2025-10-17T05:56:03.509Z"
"68f1da5a90ad734984f8016b","optional","68f1da5a90ad734984f7fb9b","2025-10-17T05:56:03.510Z","2025-10-17T05:56:03.510Z"
"68f1da5290ad734984f7d287","optional","68f1da5a90ad734984f7fba6","2025-10-17T05:56:03.510Z","2025-10-17T05:56:03.510Z"
"68f1da5690ad734984f7df14","optional","68f1da5a90ad734984f7fba6","2025-10-17T05:56:03.510Z","2025-10-17T05:56:03.510Z"
"68f1da5290ad734984f7d4ac","optional","68f1da5a90ad734984f7fba6","2025-10-17T05:56:03.510Z","2025-10-17T05:56:03.510Z"
"68f1da5290ad734984f7d8c6","optional","68f1da5a90ad734984f7fba6","2025-10-17T05:56:03.510Z","2025-10-17T05:56:03.510Z"
"68f1da5290ad734984f7dddf","optional","68f1da5a90ad734984f7fba6","2025-10-17T05:56:03.510Z","2025-10-17T05:56:03.510Z"
"68f1da5690ad734984f7e6e4","optional","68f1da5a90ad734984f7fba6","2025-10-17T05:56:03.510Z","2025-10-17T05:56:03.510Z"
"68f1da5290ad734984f7d63b","optional","68f1da5a90ad734984f7fba6","2025-10-17T05:56:03.510Z","2025-10-17T05:56:03.510Z"
"68f1da5690ad734984f7e38f","optional","68f1da5a90ad734984f7fba6","2025-10-17T05:56:03.510Z","2025-10-17T05:56:03.510Z"
"68f1da5a90ad734984f7fb5d","optional","68f1da5a90ad734984f7fba6","2025-10-17T05:56:03.510Z","2025-10-17T05:56:03.510Z"
"68f1da5690ad734984f7e8b6","optional","68f1da5a90ad734984f7fba6","2025-10-17T05:56:03.510Z","2025-10-17T05:56:03.510Z"
"68f1da5a90ad734984f7ffc0","optional","68f1da5a90ad734984f7fba6","2025-10-17T05:56:03.510Z","2025-10-17T05:56:03.510Z"
"68f1da5690ad734984f7e457","optional","68f1da5a90ad734984f7fba8","2025-10-17T05:56:03.510Z","2025-10-17T05:56:03.510Z"
"68f1da5690ad734984f7edad","optional","68f1da5a90ad734984f7fba8","2025-10-17T05:56:03.510Z","2025-10-17T05:56:03.510Z"
"68f1da5690ad734984f7e041","optional","68f1da5a90ad734984f7fbab","2025-10-17T05:56:03.510Z","2025-10-17T05:56:03.510Z"
"68f1da5290ad734984f7d86f","optional","68f1da5a90ad734984f7fbb2","2025-10-17T05:56:03.510Z","2025-10-17T05:56:03.510Z"
"68f1da5690ad734984f7e985","optional","68f1da5a90ad734984f7fbb2","2025-10-17T05:56:03.510Z","2025-10-17T05:56:03.510Z"
"68f1da5290ad734984f7dd04","optional","68f1da5a90ad734984f7fbb2","2025-10-17T05:56:03.510Z","2025-10-17T05:56:03.510Z"
"68f1da5690ad734984f7df64","optional","68f1da5a90ad734984f7fbba","2025-10-17T05:56:03.510Z","2025-10-17T05:56:03.510Z"
"68f1da5290ad734984f7cc07","optional","68f1da5a90ad734984f7fbba","2025-10-17T05:56:03.510Z","2025-10-17T05:56:03.510Z"
"68f1da5690ad734984f7e354","optional","68f1da5a90ad734984f7fbba","2025-10-17T05:56:03.510Z","2025-10-17T05:56:03.510Z"
"68f1da5290ad734984f7daaf","optional","68f1da5a90ad734984f7fbba","2025-10-17T05:56:03.510Z","2025-10-17T05:56:03.510Z"
"68f1da5690ad734984f7e477","optional","68f1da5a90ad734984f7fbbf","2025-10-17T05:56:03.510Z","2025-10-17T05:56:03.510Z"
"68f1da5a90ad734984f7fd43","optional","68f1da5a90ad734984f7fbbf","2025-10-17T05:56:03.510Z","2025-10-17T05:56:03.510Z"
"68f1da5290ad734984f7d8d3","optional","68f1da5a90ad734984f7fbbf","2025-10-17T05:56:03.510Z","2025-10-17T05:56:03.510Z"
"68f1da5290ad734984f7d75c","optional","68f1da5a90ad734984f7fbbf","2025-10-17T05:56:03.510Z","2025-10-17T05:56:03.510Z"
"68f1da5290ad734984f7d91b","optional","68f1da5a90ad734984f7fbbf","2025-10-17T05:56:03.510Z","2025-10-17T05:56:03.510Z"
"68f1da5690ad734984f7e2ad","optional","68f1da5a90ad734984f7fbcd","2025-10-17T05:56:03.510Z","2025-10-17T05:56:03.510Z"
"68f1da5a90ad734984f7f90d","optional","68f1da5a90ad734984f7fbcd","2025-10-17T05:56:03.511Z","2025-10-17T05:56:03.511Z"
"68f1da5a90ad734984f7f7d9","optional","68f1da5a90ad734984f7fbcd","2025-10-17T05:56:03.510Z","2025-10-17T05:56:03.510Z"
"68f1da5290ad734984f7ce23","optional","68f1da5a90ad734984f7fbcd","2025-10-17T05:56:03.510Z","2025-10-17T05:56:03.510Z"
"68f1da5690ad734984f7e4df","optional","68f1da5a90ad734984f7fbd3","2025-10-17T05:56:03.511Z","2025-10-17T05:56:03.511Z"
"68f1da5a90ad734984f7fe30","optional","68f1da5a90ad734984f7fbd3","2025-10-17T05:56:03.511Z","2025-10-17T05:56:03.511Z"
"68f1da5290ad734984f7d75b","optional","68f1da5a90ad734984f7fbd7","2025-10-17T05:56:03.511Z","2025-10-17T05:56:03.511Z"
"68f1da5290ad734984f7dcb7","optional","68f1da5a90ad734984f7fbd7","2025-10-17T05:56:03.511Z","2025-10-17T05:56:03.511Z"
"68f1da5290ad734984f7ce84","optional","68f1da5a90ad734984f7fbd7","2025-10-17T05:56:03.511Z","2025-10-17T05:56:03.511Z"
"68f1da5790ad734984f7f12c","optional","68f1da5a90ad734984f7fbd7","2025-10-17T05:56:03.511Z","2025-10-17T05:56:03.511Z"
"68f1da5a90ad734984f7fab8","optional","68f1da5a90ad734984f7fbd7","2025-10-17T05:56:03.511Z","2025-10-17T05:56:03.511Z"
"68f1da5790ad734984f7f132","optional","68f1da5a90ad734984f7fbd7","2025-10-17T05:56:03.511Z","2025-10-17T05:56:03.511Z"
"68f1da5690ad734984f7e2c0","optional","68f1da5a90ad734984f7fbd7","2025-10-17T05:56:03.511Z","2025-10-17T05:56:03.511Z"
"68f1da5a90ad734984f7f929","optional","68f1da5a90ad734984f7fbe7","2025-10-17T05:56:03.511Z","2025-10-17T05:56:03.511Z"
"68f1da5690ad734984f7e486","optional","68f1da5a90ad734984f7fbe7","2025-10-17T05:56:03.511Z","2025-10-17T05:56:03.511Z"
"68f1da5290ad734984f7d054","optional","68f1da5a90ad734984f7fbef","2025-10-17T05:56:03.511Z","2025-10-17T05:56:03.511Z"
"68f1da5a90ad734984f7fb9a","optional","68f1da5a90ad734984f7fbef","2025-10-17T05:56:03.511Z","2025-10-17T05:56:03.511Z"
"68f1da5290ad734984f7da7f","optional","68f1da5a90ad734984f7fbf0","2025-10-17T05:56:03.511Z","2025-10-17T05:56:03.511Z"
"68f1da5a90ad734984f80179","optional","68f1da5a90ad734984f7fbf0","2025-10-17T05:56:03.511Z","2025-10-17T05:56:03.511Z"
"68f1da5290ad734984f7dc62","optional","68f1da5a90ad734984f7fbf0","2025-10-17T05:56:03.511Z","2025-10-17T05:56:03.511Z"
"68f1da5a90ad734984f7fa1d","optional","68f1da5a90ad734984f7fbf0","2025-10-17T05:56:03.511Z","2025-10-17T05:56:03.511Z"
"68f1da5290ad734984f7da99","optional","68f1da5a90ad734984f7fbf5","2025-10-17T05:56:03.511Z","2025-10-17T05:56:03.511Z"
"68f1da5690ad734984f7e7bc","optional","68f1da5a90ad734984f7fbf8","2025-10-17T05:56:03.511Z","2025-10-17T05:56:03.511Z"
"68f1da5690ad734984f7eac8","optional","68f1da5a90ad734984f7fbf8","2025-10-17T05:56:03.511Z","2025-10-17T05:56:03.511Z"
"68f1da5290ad734984f7d3f0","optional","68f1da5a90ad734984f7fbf8","2025-10-17T05:56:03.511Z","2025-10-17T05:56:03.511Z"
"68f1da5690ad734984f7e402","optional","68f1da5a90ad734984f7fbf8","2025-10-17T05:56:03.511Z","2025-10-17T05:56:03.511Z"
"68f1da5690ad734984f7e682","optional","68f1da5a90ad734984f7fbf8","2025-10-17T05:56:03.511Z","2025-10-17T05:56:03.511Z"
"68f1da5690ad734984f7e8b9","optional","68f1da5a90ad734984f7fbf8","2025-10-17T05:56:03.511Z","2025-10-17T05:56:03.511Z"
"68f1da5a90ad734984f7fe11","optional","68f1da5a90ad734984f7fbfa","2025-10-17T05:56:03.511Z","2025-10-17T05:56:03.511Z"
"68f1da5290ad734984f7cd49","optional","68f1da5a90ad734984f7fbfb","2025-10-17T05:56:03.512Z","2025-10-17T05:56:03.512Z"
"68f1da5790ad734984f7ef62","optional","68f1da5a90ad734984f7fbfb","2025-10-17T05:56:03.512Z","2025-10-17T05:56:03.512Z"
"68f1da5a90ad734984f7fed3","optional","68f1da5a90ad734984f7fbfb","2025-10-17T05:56:03.512Z","2025-10-17T05:56:03.512Z"
"68f1da5290ad734984f7cfc5","optional","68f1da5a90ad734984f7fc02","2025-10-17T05:56:03.512Z","2025-10-17T05:56:03.512Z"
"68f1da5790ad734984f7f046","optional","68f1da5a90ad734984f7fc02","2025-10-17T05:56:03.512Z","2025-10-17T05:56:03.512Z"
"68f1da5290ad734984f7dbc9","optional","68f1da5a90ad734984f7fc05","2025-10-17T05:56:03.512Z","2025-10-17T05:56:03.512Z"
"68f1da5a90ad734984f7f5e9","optional","68f1da5a90ad734984f7fc05","2025-10-17T05:56:03.512Z","2025-10-17T05:56:03.512Z"
"68f1da5a90ad734984f7f850","optional","68f1da5a90ad734984f7fc05","2025-10-17T05:56:03.512Z","2025-10-17T05:56:03.512Z"
"68f1da5a90ad734984f7fbdd","optional","68f1da5a90ad734984f7fc17","2025-10-17T05:56:03.511Z","2025-10-17T05:56:03.511Z"
"68f1da5a90ad734984f80103","optional","68f1da5a90ad734984f7fc19","2025-10-17T05:56:03.511Z","2025-10-17T05:56:03.511Z"
"68f1da5a90ad734984f7f634","optional","68f1da5a90ad734984f7fc19","2025-10-17T05:56:03.511Z","2025-10-17T05:56:03.511Z"
"68f1da5a90ad734984f7f70a","optional","68f1da5a90ad734984f7fc26","2025-10-17T05:56:03.511Z","2025-10-17T05:56:03.511Z"
"68f1da5690ad734984f7e19c","optional","68f1da5a90ad734984f7fc26","2025-10-17T05:56:03.511Z","2025-10-17T05:56:03.511Z"
"68f1da5290ad734984f7d3bf","optional","68f1da5a90ad734984f7fc26","2025-10-17T05:56:03.511Z","2025-10-17T05:56:03.511Z"
"68f1da5a90ad734984f7f2dc","optional","68f1da5a90ad734984f7fc26","2025-10-17T05:56:03.511Z","2025-10-17T05:56:03.511Z"
"68f1da5790ad734984f7efdc","optional","68f1da5a90ad734984f7fc2f","2025-10-17T05:56:03.512Z","2025-10-17T05:56:03.512Z"
"68f1da5790ad734984f7f1e7","optional","68f1da5a90ad734984f7fc2f","2025-10-17T05:56:03.512Z","2025-10-17T05:56:03.512Z"
"68f1da5290ad734984f7d71e","optional","68f1da5a90ad734984f7fc2f","2025-10-17T05:56:03.511Z","2025-10-17T05:56:03.511Z"
"68f1da5a90ad734984f7fcf8","optional","68f1da5a90ad734984f7fc44","2025-10-17T05:56:03.512Z","2025-10-17T05:56:03.512Z"
"68f1da5690ad734984f7e186","optional","68f1da5a90ad734984f7fc55","2025-10-17T05:56:03.513Z","2025-10-17T05:56:03.513Z"
"68f1da5290ad734984f7d8de","optional","68f1da5a90ad734984f7fc56","2025-10-17T05:56:03.513Z","2025-10-17T05:56:03.513Z"
"68f1da5790ad734984f7eff8","optional","68f1da5a90ad734984f7fc56","2025-10-17T05:56:03.513Z","2025-10-17T05:56:03.513Z"
"68f1da5290ad734984f7dcc6","optional","68f1da5a90ad734984f7fc56","2025-10-17T05:56:03.513Z","2025-10-17T05:56:03.513Z"
"68f1da5290ad734984f7dc3f","optional","68f1da5a90ad734984f7fc56","2025-10-17T05:56:03.513Z","2025-10-17T05:56:03.513Z"
"68f1da5690ad734984f7e81f","optional","68f1da5a90ad734984f7fc56","2025-10-17T05:56:03.513Z","2025-10-17T05:56:03.513Z"
"68f1da5290ad734984f7d83c","optional","68f1da5a90ad734984f7fc56","2025-10-17T05:56:03.513Z","2025-10-17T05:56:03.513Z"
"68f1da5a90ad734984f7fa6f","optional","68f1da5a90ad734984f7fc56","2025-10-17T05:56:03.513Z","2025-10-17T05:56:03.513Z"
"68f1da5290ad734984f7cd79","optional","68f1da5a90ad734984f7fc60","2025-10-17T05:56:03.512Z","2025-10-17T05:56:03.512Z"
"68f1da5690ad734984f7e61d","optional","68f1da5a90ad734984f7fc60","2025-10-17T05:56:03.512Z","2025-10-17T05:56:03.512Z"
"68f1da5690ad734984f7e6b7","optional","68f1da5a90ad734984f7fc60","2025-10-17T05:56:03.512Z","2025-10-17T05:56:03.512Z"
"68f1da5790ad734984f7ef5f","optional","68f1da5a90ad734984f7fc60","2025-10-17T05:56:03.512Z","2025-10-17T05:56:03.512Z"
"68f1da5a90ad734984f7f6bc","optional","68f1da5a90ad734984f7fc60","2025-10-17T05:56:03.512Z","2025-10-17T05:56:03.512Z"
"68f1da5a90ad734984f7fac5","optional","68f1da5a90ad734984f7fc60","2025-10-17T05:56:03.512Z","2025-10-17T05:56:03.512Z"
"68f1da5a90ad734984f7ff6e","optional","68f1da5a90ad734984f7fc60","2025-10-17T05:56:03.512Z","2025-10-17T05:56:03.512Z"
"68f1da5290ad734984f7dd22","optional","68f1da5a90ad734984f7fc60","2025-10-17T05:56:03.512Z","2025-10-17T05:56:03.512Z"
"68f1da5690ad734984f7df77","optional","68f1da5a90ad734984f7fc60","2025-10-17T05:56:03.512Z","2025-10-17T05:56:03.512Z"
"68f1da5690ad734984f7df49","optional","68f1da5a90ad734984f7fc60","2025-10-17T05:56:03.512Z","2025-10-17T05:56:03.512Z"
"68f1da5690ad734984f7e96c","optional","68f1da5a90ad734984f7fc60","2025-10-17T05:56:03.512Z","2025-10-17T05:56:03.512Z"
"68f1da5690ad734984f7df7e","optional","68f1da5a90ad734984f7fc60","2025-10-17T05:56:03.512Z","2025-10-17T05:56:03.512Z"
"68f1da5690ad734984f7e339","optional","68f1da5a90ad734984f7fc60","2025-10-17T05:56:03.512Z","2025-10-17T05:56:03.512Z"
"68f1da5690ad734984f7eb3d","optional","68f1da5a90ad734984f7fc60","2025-10-17T05:56:03.512Z","2025-10-17T05:56:03.512Z"
"68f1da5290ad734984f7cdfc","optional","68f1da5a90ad734984f7fc60","2025-10-17T05:56:03.512Z","2025-10-17T05:56:03.512Z"
"68f1da5a90ad734984f7f2ab","optional","68f1da5a90ad734984f7fc60","2025-10-17T05:56:03.512Z","2025-10-17T05:56:03.512Z"
"68f1da5a90ad734984f7f61b","optional","68f1da5a90ad734984f7fc60","2025-10-17T05:56:03.512Z","2025-10-17T05:56:03.512Z"
"68f1da5a90ad734984f7fc33","optional","68f1da5a90ad734984f7fc60","2025-10-17T05:56:03.512Z","2025-10-17T05:56:03.512Z"
"68f1da5690ad734984f7e0bd","optional","68f1da5a90ad734984f7fc63","2025-10-17T05:56:03.512Z","2025-10-17T05:56:03.512Z"
"68f1da5290ad734984f7cdbd","optional","68f1da5a90ad734984f7fc63","2025-10-17T05:56:03.512Z","2025-10-17T05:56:03.512Z"
"68f1da5690ad734984f7e6ab","optional","68f1da5a90ad734984f7fc6b","2025-10-17T05:56:03.512Z","2025-10-17T05:56:03.512Z"
"68f1da5a90ad734984f7fcd3","optional","68f1da5a90ad734984f7fc6b","2025-10-17T05:56:03.512Z","2025-10-17T05:56:03.512Z"
"68f1da5290ad734984f7ccb9","optional","68f1da5a90ad734984f7fc71","2025-10-17T05:56:03.512Z","2025-10-17T05:56:03.512Z"
"68f1da5290ad734984f7debd","optional","68f1da5a90ad734984f7fc71","2025-10-17T05:56:03.512Z","2025-10-17T05:56:03.512Z"
"68f1da5690ad734984f7e30e","optional","68f1da5a90ad734984f7fc71","2025-10-17T05:56:03.513Z","2025-10-17T05:56:03.513Z"
"68f1da5290ad734984f7d601","optional","68f1da5a90ad734984f7fc71","2025-10-17T05:56:03.512Z","2025-10-17T05:56:03.512Z"
"68f1da5690ad734984f7e1a8","optional","68f1da5a90ad734984f7fc71","2025-10-17T05:56:03.513Z","2025-10-17T05:56:03.513Z"
"68f1da5a90ad734984f7f67e","optional","68f1da5a90ad734984f7fc7c","2025-10-17T05:56:03.513Z","2025-10-17T05:56:03.513Z"
"68f1da5790ad734984f7f20e","optional","68f1da5a90ad734984f7fc7c","2025-10-17T05:56:03.513Z","2025-10-17T05:56:03.513Z"
"68f1da5a90ad734984f7f459","optional","68f1da5a90ad734984f7fc7c","2025-10-17T05:56:03.513Z","2025-10-17T05:56:03.513Z"
"68f1da5a90ad734984f7ffec","optional","68f1da5a90ad734984f7fc7c","2025-10-17T05:56:03.513Z","2025-10-17T05:56:03.513Z"
"68f1da5a90ad734984f7f30f","optional","68f1da5a90ad734984f7fc7f","2025-10-17T05:56:03.514Z","2025-10-17T05:56:03.514Z"
"68f1da5290ad734984f7d5e3","optional","68f1da5a90ad734984f7fc7f","2025-10-17T05:56:03.513Z","2025-10-17T05:56:03.513Z"
"68f1da5290ad734984f7d735","optional","68f1da5a90ad734984f7fc7f","2025-10-17T05:56:03.513Z","2025-10-17T05:56:03.513Z"
"68f1da5290ad734984f7da8a","optional","68f1da5a90ad734984f7fc81","2025-10-17T05:56:03.514Z","2025-10-17T05:56:03.514Z"
"68f1da5290ad734984f7db45","optional","68f1da5a90ad734984f7fc81","2025-10-17T05:56:03.514Z","2025-10-17T05:56:03.514Z"
"68f1da5690ad734984f7eb24","optional","68f1da5a90ad734984f7fc81","2025-10-17T05:56:03.514Z","2025-10-17T05:56:03.514Z"
"68f1da5790ad734984f7f224","optional","68f1da5a90ad734984f7fc81","2025-10-17T05:56:03.514Z","2025-10-17T05:56:03.514Z"
"68f1da5290ad734984f7ce09","optional","68f1da5a90ad734984f7fc95","2025-10-17T05:56:03.514Z","2025-10-17T05:56:03.514Z"
"68f1da5290ad734984f7dcb3","optional","68f1da5a90ad734984f7fc9a","2025-10-17T05:56:03.514Z","2025-10-17T05:56:03.514Z"
"68f1da5290ad734984f7d2d4","optional","68f1da5a90ad734984f7fc9f","2025-10-17T05:56:03.514Z","2025-10-17T05:56:03.514Z"
"68f1da5790ad734984f7f13f","optional","68f1da5a90ad734984f7fc9f","2025-10-17T05:56:03.514Z","2025-10-17T05:56:03.514Z"
"68f1da5690ad734984f7e2d3","optional","68f1da5a90ad734984f7fcb9","2025-10-17T05:56:03.513Z","2025-10-17T05:56:03.513Z"
"68f1da5690ad734984f7dfe7","optional","68f1da5a90ad734984f7fcb9","2025-10-17T05:56:03.513Z","2025-10-17T05:56:03.513Z"
"68f1da5690ad734984f7e5e3","optional","68f1da5a90ad734984f7fcb9","2025-10-17T05:56:03.513Z","2025-10-17T05:56:03.513Z"
"68f1da5690ad734984f7e81a","optional","68f1da5a90ad734984f7fcb9","2025-10-17T05:56:03.513Z","2025-10-17T05:56:03.513Z"
"68f1da5a90ad734984f7f6e7","optional","68f1da5a90ad734984f7fcb9","2025-10-17T05:56:03.513Z","2025-10-17T05:56:03.513Z"
"68f1da5290ad734984f7d02e","optional","68f1da5a90ad734984f7fcb9","2025-10-17T05:56:03.513Z","2025-10-17T05:56:03.513Z"
"68f1da5a90ad734984f7fee0","optional","68f1da5a90ad734984f7fcb9","2025-10-17T05:56:03.513Z","2025-10-17T05:56:03.513Z"
"68f1da5690ad734984f7dff4","optional","68f1da5a90ad734984f7fcc8","2025-10-17T05:56:03.513Z","2025-10-17T05:56:03.513Z"
"68f1da5690ad734984f7df28","optional","68f1da5a90ad734984f7fcca","2025-10-17T05:56:03.513Z","2025-10-17T05:56:03.513Z"
"68f1da5a90ad734984f7fabe","optional","68f1da5a90ad734984f7fcca","2025-10-17T05:56:03.513Z","2025-10-17T05:56:03.513Z"
"68f1da5790ad734984f7f0fb","optional","68f1da5a90ad734984f7fcca","2025-10-17T05:56:03.513Z","2025-10-17T05:56:03.513Z"
"68f1da5290ad734984f7d037","optional","68f1da5a90ad734984f7fcd6","2025-10-17T05:56:03.513Z","2025-10-17T05:56:03.513Z"
"68f1da5690ad734984f7dfce","optional","68f1da5a90ad734984f7fcd6","2025-10-17T05:56:03.513Z","2025-10-17T05:56:03.513Z"
"68f1da5690ad734984f7ed9c","optional","68f1da5a90ad734984f7fcd6","2025-10-17T05:56:03.513Z","2025-10-17T05:56:03.513Z"
"68f1da5690ad734984f7e266","optional","68f1da5a90ad734984f7fcd6","2025-10-17T05:56:03.513Z","2025-10-17T05:56:03.513Z"
"68f1da5a90ad734984f7f3bb","optional","68f1da5a90ad734984f7fcd6","2025-10-17T05:56:03.513Z","2025-10-17T05:56:03.513Z"
"68f1da5690ad734984f7e0cd","optional","68f1da5a90ad734984f7fcd6","2025-10-17T05:56:03.513Z","2025-10-17T05:56:03.513Z"
"68f1da5290ad734984f7cdc9","optional","68f1da5a90ad734984f7fcd6","2025-10-17T05:56:03.513Z","2025-10-17T05:56:03.513Z"
"68f1da5790ad734984f7f1b0","optional","68f1da5a90ad734984f7fce4","2025-10-17T05:56:03.514Z","2025-10-17T05:56:03.514Z"
"68f1da5290ad734984f7d195","optional","68f1da5a90ad734984f7fce5","2025-10-17T05:56:03.514Z","2025-10-17T05:56:03.514Z"
"68f1da5290ad734984f7d77a","optional","68f1da5a90ad734984f7fce5","2025-10-17T05:56:03.514Z","2025-10-17T05:56:03.514Z"
"68f1da5790ad734984f7f1bd","optional","68f1da5a90ad734984f7fce5","2025-10-17T05:56:03.514Z","2025-10-17T05:56:03.514Z"
"68f1da5790ad734984f7eee0","optional","68f1da5a90ad734984f7fce5","2025-10-17T05:56:03.514Z","2025-10-17T05:56:03.514Z"
"68f1da5690ad734984f7e373","optional","68f1da5a90ad734984f7fcf5","2025-10-17T05:56:03.514Z","2025-10-17T05:56:03.514Z"
"68f1da5690ad734984f7e022","optional","68f1da5a90ad734984f7fcf9","2025-10-17T05:56:03.514Z","2025-10-17T05:56:03.514Z"
"68f1da5290ad734984f7d53c","optional","68f1da5a90ad734984f7fcf9","2025-10-17T05:56:03.514Z","2025-10-17T05:56:03.514Z"
"68f1da5a90ad734984f7f481","optional","68f1da5a90ad734984f7fcf9","2025-10-17T05:56:03.514Z","2025-10-17T05:56:03.514Z"
"68f1da5a90ad734984f7f9a7","optional","68f1da5a90ad734984f7fcf9","2025-10-17T05:56:03.514Z","2025-10-17T05:56:03.514Z"
"68f1da5690ad734984f7e41a","optional","68f1da5a90ad734984f7fcf9","2025-10-17T05:56:03.514Z","2025-10-17T05:56:03.514Z"
"68f1da5a90ad734984f7f7e6","optional","68f1da5a90ad734984f7fd08","2025-10-17T05:56:03.514Z","2025-10-17T05:56:03.514Z"
"68f1da5290ad734984f7ce69","optional","68f1da5a90ad734984f7fd08","2025-10-17T05:56:03.514Z","2025-10-17T05:56:03.514Z"
"68f1da5790ad734984f7f026","optional","68f1da5a90ad734984f7fd0b","2025-10-17T05:56:03.514Z","2025-10-17T05:56:03.514Z"
"68f1da5a90ad734984f7f801","optional","68f1da5a90ad734984f7fd0b","2025-10-17T05:56:03.514Z","2025-10-17T05:56:03.514Z"
"68f1da5690ad734984f7e103","optional","68f1da5a90ad734984f7fd0b","2025-10-17T05:56:03.514Z","2025-10-17T05:56:03.514Z"
"68f1da5690ad734984f7e74d","optional","68f1da5a90ad734984f7fd0b","2025-10-17T05:56:03.514Z","2025-10-17T05:56:03.514Z"
"68f1da5290ad734984f7d564","optional","68f1da5a90ad734984f7fd0c","2025-10-17T05:56:03.514Z","2025-10-17T05:56:03.514Z"
"68f1da5a90ad734984f800cc","optional","68f1da5a90ad734984f7fd0c","2025-10-17T05:56:03.514Z","2025-10-17T05:56:03.514Z"
"68f1da5790ad734984f7f1f4","optional","68f1da5a90ad734984f7fd15","2025-10-17T05:56:03.515Z","2025-10-17T05:56:03.515Z"
"68f1da5290ad734984f7cee3","optional","68f1da5a90ad734984f7fd24","2025-10-17T05:56:03.515Z","2025-10-17T05:56:03.515Z"
"68f1da5690ad734984f7ea3d","essential","68f1da5a90ad734984f7fd24","2025-10-17T05:56:03.515Z","2025-10-17T05:56:03.515Z"
"68f1da5a90ad734984f7ff01","optional","68f1da5a90ad734984f7fd30","2025-10-17T05:56:03.514Z","2025-10-17T05:56:03.514Z"
"68f1da5290ad734984f7cc4d","optional","68f1da5a90ad734984f7fd30","2025-10-17T05:56:03.514Z","2025-10-17T05:56:03.514Z"
"68f1da5290ad734984f7cb82","optional","68f1da5a90ad734984f7fd37","2025-10-17T05:56:03.514Z","2025-10-17T05:56:03.514Z"
"68f1da5290ad734984f7cf2c","optional","68f1da5a90ad734984f7fd37","2025-10-17T05:56:03.514Z","2025-10-17T05:56:03.514Z"
"68f1da5290ad734984f7cff1","optional","68f1da5a90ad734984f7fd37","2025-10-17T05:56:03.514Z","2025-10-17T05:56:03.514Z"
"68f1da5690ad734984f7e2a5","optional","68f1da5a90ad734984f7fd41","2025-10-17T05:56:03.514Z","2025-10-17T05:56:03.514Z"
"68f1da5790ad734984f7efe5","optional","68f1da5a90ad734984f7fd41","2025-10-17T05:56:03.515Z","2025-10-17T05:56:03.515Z"
"68f1da5690ad734984f7eb06","optional","68f1da5a90ad734984f7fd41","2025-10-17T05:56:03.514Z","2025-10-17T05:56:03.514Z"
"68f1da5a90ad734984f7fcb7","optional","68f1da5a90ad734984f7fd45","2025-10-17T05:56:03.515Z","2025-10-17T05:56:03.515Z"
"68f1da5290ad734984f7dbb7","optional","68f1da5a90ad734984f7fd45","2025-10-17T05:56:03.515Z","2025-10-17T05:56:03.515Z"
"68f1da5690ad734984f7e002","optional","68f1da5a90ad734984f7fd45","2025-10-17T05:56:03.515Z","2025-10-17T05:56:03.515Z"
"68f1da5690ad734984f7e40f","optional","68f1da5a90ad734984f7fd45","2025-10-17T05:56:03.515Z","2025-10-17T05:56:03.515Z"
"68f1da5a90ad734984f7f80e","optional","68f1da5a90ad734984f7fd45","2025-10-17T05:56:03.515Z","2025-10-17T05:56:03.515Z"
"68f1da5a90ad734984f7fb29","optional","68f1da5a90ad734984f7fd45","2025-10-17T05:56:03.515Z","2025-10-17T05:56:03.515Z"
"68f1da5290ad734984f7d425","optional","68f1da5a90ad734984f7fd53","2025-10-17T05:56:03.515Z","2025-10-17T05:56:03.515Z"
"68f1da5690ad734984f7e1b4","optional","68f1da5a90ad734984f7fd53","2025-10-17T05:56:03.515Z","2025-10-17T05:56:03.515Z"
"68f1da5690ad734984f7ed9a","optional","68f1da5a90ad734984f7fd53","2025-10-17T05:56:03.515Z","2025-10-17T05:56:03.515Z"
"68f1da5a90ad734984f7f661","optional","68f1da5a90ad734984f7fd53","2025-10-17T05:56:03.515Z","2025-10-17T05:56:03.515Z"
"68f1da5a90ad734984f7fc59","optional","68f1da5a90ad734984f7fd53","2025-10-17T05:56:03.515Z","2025-10-17T05:56:03.515Z"
"68f1da5290ad734984f7d473","optional","68f1da5a90ad734984f7fd53","2025-10-17T05:56:03.515Z","2025-10-17T05:56:03.515Z"
"68f1da5690ad734984f7df9d","optional","68f1da5a90ad734984f7fd53","2025-10-17T05:56:03.515Z","2025-10-17T05:56:03.515Z"
"68f1da5a90ad734984f80181","optional","68f1da5a90ad734984f7fd53","2025-10-17T05:56:03.515Z","2025-10-17T05:56:03.515Z"
"68f1da5290ad734984f7db49","optional","68f1da5a90ad734984f7fd53","2025-10-17T05:56:03.515Z","2025-10-17T05:56:03.515Z"
"68f1da5690ad734984f7e895","optional","68f1da5a90ad734984f7fd53","2025-10-17T05:56:03.515Z","2025-10-17T05:56:03.515Z"
"68f1da5a90ad734984f7fb32","optional","68f1da5a90ad734984f7fd53","2025-10-17T05:56:03.515Z","2025-10-17T05:56:03.515Z"
"68f1da5a90ad734984f7fc21","optional","68f1da5a90ad734984f7fd53","2025-10-17T05:56:03.515Z","2025-10-17T05:56:03.515Z"
"68f1da5a90ad734984f7fc97","optional","68f1da5a90ad734984f7fd53","2025-10-17T05:56:03.515Z","2025-10-17T05:56:03.515Z"
"68f1da5690ad734984f7e418","optional","68f1da5a90ad734984f7fd53","2025-10-17T05:56:03.515Z","2025-10-17T05:56:03.515Z"
"68f1da5790ad734984f7f0d4","optional","68f1da5a90ad734984f7fd53","2025-10-17T05:56:03.515Z","2025-10-17T05:56:03.515Z"
"68f1da5790ad734984f7f1d2","optional","68f1da5a90ad734984f7fd53","2025-10-17T05:56:03.515Z","2025-10-17T05:56:03.515Z"
"68f1da5a90ad734984f7f4f9","optional","68f1da5a90ad734984f7fd53","2025-10-17T05:56:03.515Z","2025-10-17T05:56:03.515Z"
"68f1da5a90ad734984f7ff31","optional","68f1da5a90ad734984f7fd53","2025-10-17T05:56:03.515Z","2025-10-17T05:56:03.515Z"
"68f1da5290ad734984f7d1f2","optional","68f1da5a90ad734984f7fd59","2025-10-17T05:56:03.515Z","2025-10-17T05:56:03.515Z"
"68f1da5a90ad734984f80149","optional","68f1da5a90ad734984f7fd59","2025-10-17T05:56:03.515Z","2025-10-17T05:56:03.515Z"
"68f1da5290ad734984f7d4d9","optional","68f1da5a90ad734984f7fd5c","2025-10-17T05:56:03.515Z","2025-10-17T05:56:03.515Z"
"68f1da5290ad734984f7d74e","optional","68f1da5a90ad734984f7fd5c","2025-10-17T05:56:03.515Z","2025-10-17T05:56:03.515Z"
"68f1da5a90ad734984f7fd83","optional","68f1da5a90ad734984f7fd5d","2025-10-17T05:56:03.515Z","2025-10-17T05:56:03.515Z"
"68f1da5290ad734984f7d5ba","optional","68f1da5a90ad734984f7fd5f","2025-10-17T05:56:03.516Z","2025-10-17T05:56:03.516Z"
"68f1da5290ad734984f7d72c","optional","68f1da5a90ad734984f7fd5f","2025-10-17T05:56:03.516Z","2025-10-17T05:56:03.516Z"
"68f1da5290ad734984f7dc3d","optional","68f1da5a90ad734984f7fd5f","2025-10-17T05:56:03.516Z","2025-10-17T05:56:03.516Z"
"68f1da5290ad734984f7d4c5","optional","68f1da5a90ad734984f7fd5f","2025-10-17T05:56:03.515Z","2025-10-17T05:56:03.515Z"
"68f1da5290ad734984f7da9e","essential","68f1da5a90ad734984f7fd5f","2025-10-17T05:56:03.516Z","2025-10-17T05:56:03.516Z"
"68f1da5a90ad734984f7f52a","optional","68f1da5a90ad734984f7fd5f","2025-10-17T05:56:03.516Z","2025-10-17T05:56:03.516Z"
"68f1da5690ad734984f7ebbb","optional","68f1da5a90ad734984f7fd5f","2025-10-17T05:56:03.516Z","2025-10-17T05:56:03.516Z"
"68f1da5a90ad734984f7f4c2","optional","68f1da5a90ad734984f7fd5f","2025-10-17T05:56:03.516Z","2025-10-17T05:56:03.516Z"
"68f1da5a90ad734984f7ffe3","essential","68f1da5a90ad734984f7fd5f","2025-10-17T05:56:03.516Z","2025-10-17T05:56:03.516Z"
"68f1da5290ad734984f7d904","optional","68f1da5a90ad734984f7fd6d","2025-10-17T05:56:03.516Z","2025-10-17T05:56:03.516Z"
"68f1da5690ad734984f7e431","optional","68f1da5a90ad734984f7fd6d","2025-10-17T05:56:03.516Z","2025-10-17T05:56:03.516Z"
"68f1da5690ad734984f7ed90","optional","68f1da5a90ad734984f7fd73","2025-10-17T05:56:03.516Z","2025-10-17T05:56:03.516Z"
"68f1da5a90ad734984f7fdec","optional","68f1da5a90ad734984f7fd73","2025-10-17T05:56:03.516Z","2025-10-17T05:56:03.516Z"
"68f1da5290ad734984f7d1eb","optional","68f1da5a90ad734984f7fd74","2025-10-17T05:56:03.516Z","2025-10-17T05:56:03.516Z"
"68f1da5790ad734984f7effc","optional","68f1da5a90ad734984f7fd74","2025-10-17T05:56:03.516Z","2025-10-17T05:56:03.516Z"
"68f1da5690ad734984f7e6df","optional","68f1da5a90ad734984f7fd74","2025-10-17T05:56:03.516Z","2025-10-17T05:56:03.516Z"
"68f1da5690ad734984f7e609","optional","68f1da5a90ad734984f7fd75","2025-10-17T05:56:03.516Z","2025-10-17T05:56:03.516Z"
"68f1da5290ad734984f7d8ed","optional","68f1da5a90ad734984f7fd7f","2025-10-17T05:56:03.516Z","2025-10-17T05:56:03.516Z"
"68f1da5290ad734984f7ccc4","optional","68f1da5a90ad734984f7fd84","2025-10-17T05:56:03.516Z","2025-10-17T05:56:03.516Z"
"68f1da5a90ad734984f7f778","optional","68f1da5a90ad734984f7fd84","2025-10-17T05:56:03.516Z","2025-10-17T05:56:03.516Z"
"68f1da5690ad734984f7e642","optional","68f1da5a90ad734984f7fd84","2025-10-17T05:56:03.516Z","2025-10-17T05:56:03.516Z"
"68f1da5690ad734984f7e71b","optional","68f1da5a90ad734984f7fd84","2025-10-17T05:56:03.516Z","2025-10-17T05:56:03.516Z"
"68f1da5290ad734984f7cfb9","optional","68f1da5a90ad734984f7fd84","2025-10-17T05:56:03.516Z","2025-10-17T05:56:03.516Z"
"68f1da5290ad734984f7cbda","optional","68f1da5a90ad734984f7fd86","2025-10-17T05:56:03.516Z","2025-10-17T05:56:03.516Z"
"68f1da5290ad734984f7da71","optional","68f1da5a90ad734984f7fd86","2025-10-17T05:56:03.516Z","2025-10-17T05:56:03.516Z"
"68f1da5a90ad734984f7f267","optional","68f1da5a90ad734984f7fd86","2025-10-17T05:56:03.516Z","2025-10-17T05:56:03.516Z"
"68f1da5790ad734984f7eff5","essential","68f1da5a90ad734984f7fd94","2025-10-17T05:56:03.516Z","2025-10-17T05:56:03.516Z"
"68f1da5290ad734984f7d29b","optional","68f1da5a90ad734984f7fda2","2025-10-17T05:56:03.516Z","2025-10-17T05:56:03.516Z"
"68f1da5690ad734984f7e04c","optional","68f1da5a90ad734984f7fda3","2025-10-17T05:56:03.516Z","2025-10-17T05:56:03.516Z"
"68f1da5690ad734984f7ec7f","optional","68f1da5a90ad734984f7fda3","2025-10-17T05:56:03.516Z","2025-10-17T05:56:03.516Z"
"68f1da5290ad734984f7da66","optional","68f1da5a90ad734984f7fda3","2025-10-17T05:56:03.516Z","2025-10-17T05:56:03.516Z"
"68f1da5690ad734984f7e176","optional","68f1da5a90ad734984f7fda9","2025-10-17T05:56:03.517Z","2025-10-17T05:56:03.517Z"
"68f1da5290ad734984f7d4e3","essential","68f1da5a90ad734984f7fdaa","2025-10-17T05:56:03.517Z","2025-10-17T05:56:03.517Z"
"68f1da5290ad734984f7d978","optional","68f1da5a90ad734984f7fdaa","2025-10-17T05:56:03.517Z","2025-10-17T05:56:03.517Z"
"68f1da5290ad734984f7dc0d","optional","68f1da5a90ad734984f7fdaa","2025-10-17T05:56:03.517Z","2025-10-17T05:56:03.517Z"
"68f1da5690ad734984f7e74d","optional","68f1da5a90ad734984f7fdaa","2025-10-17T05:56:03.517Z","2025-10-17T05:56:03.517Z"
"68f1da5690ad734984f7e9c4","optional","68f1da5a90ad734984f7fdaa","2025-10-17T05:56:03.517Z","2025-10-17T05:56:03.517Z"
"68f1da5a90ad734984f7fab5","optional","68f1da5a90ad734984f7fdad","2025-10-17T05:56:03.517Z","2025-10-17T05:56:03.517Z"
"68f1da5690ad734984f7e4b2","optional","68f1da5a90ad734984f7fdad","2025-10-17T05:56:03.517Z","2025-10-17T05:56:03.517Z"
"68f1da5a90ad734984f7f996","optional","68f1da5a90ad734984f7fdb1","2025-10-17T05:56:03.517Z","2025-10-17T05:56:03.517Z"
"68f1da5690ad734984f7dfc2","optional","68f1da5a90ad734984f7fdb1","2025-10-17T05:56:03.517Z","2025-10-17T05:56:03.517Z"
"68f1da5790ad734984f7ef3e","optional","68f1da5a90ad734984f7fdb1","2025-10-17T05:56:03.517Z","2025-10-17T05:56:03.517Z"
"68f1da5290ad734984f7d18c","optional","68f1da5a90ad734984f7fdb1","2025-10-17T05:56:03.517Z","2025-10-17T05:56:03.517Z"
"68f1da5290ad734984f7cdcb","optional","68f1da5a90ad734984f7fdb1","2025-10-17T05:56:03.517Z","2025-10-17T05:56:03.517Z"
"68f1da5690ad734984f7e406","optional","68f1da5a90ad734984f7fdbb","2025-10-17T05:56:03.517Z","2025-10-17T05:56:03.517Z"
"68f1da5a90ad734984f7fd5b","optional","68f1da5a90ad734984f7fdd4","2025-10-17T05:56:03.516Z","2025-10-17T05:56:03.516Z"
"68f1da5690ad734984f7e40a","optional","68f1da5a90ad734984f7fdd4","2025-10-17T05:56:03.516Z","2025-10-17T05:56:03.516Z"
"68f1da5690ad734984f7e5d8","optional","68f1da5a90ad734984f7fddc","2025-10-17T05:56:03.516Z","2025-10-17T05:56:03.516Z"
"68f1da5290ad734984f7d2f7","optional","68f1da5a90ad734984f7fddc","2025-10-17T05:56:03.516Z","2025-10-17T05:56:03.516Z"
"68f1da5790ad734984f7f122","optional","68f1da5a90ad734984f7fddc","2025-10-17T05:56:03.516Z","2025-10-17T05:56:03.516Z"
"68f1da5290ad734984f7d48e","optional","68f1da5a90ad734984f7fddc","2025-10-17T05:56:03.516Z","2025-10-17T05:56:03.516Z"
"68f1da5a90ad734984f7f344","optional","68f1da5a90ad734984f7fddc","2025-10-17T05:56:03.517Z","2025-10-17T05:56:03.517Z"
"68f1da5290ad734984f7dae2","optional","68f1da5a90ad734984f7fde9","2025-10-17T05:56:03.517Z","2025-10-17T05:56:03.517Z"
"68f1da5690ad734984f7e600","optional","68f1da5a90ad734984f7fde9","2025-10-17T05:56:03.517Z","2025-10-17T05:56:03.517Z"
"68f1da5290ad734984f7d3b7","optional","68f1da5a90ad734984f7fde9","2025-10-17T05:56:03.517Z","2025-10-17T05:56:03.517Z"
"68f1da5690ad734984f7e729","optional","68f1da5a90ad734984f7fde9","2025-10-17T05:56:03.517Z","2025-10-17T05:56:03.517Z"
"68f1da5290ad734984f7ccfe","optional","68f1da5a90ad734984f7fde9","2025-10-17T05:56:03.517Z","2025-10-17T05:56:03.517Z"
"68f1da5290ad734984f7d268","optional","68f1da5a90ad734984f7fdf7","2025-10-17T05:56:03.529Z","2025-10-17T05:56:03.529Z"
"68f1da5690ad734984f7e02c","optional","68f1da5a90ad734984f7fdf7","2025-10-17T05:56:03.529Z","2025-10-17T05:56:03.529Z"
"68f1da5a90ad734984f80056","optional","68f1da5a90ad734984f7fdf8","2025-10-17T05:56:03.529Z","2025-10-17T05:56:03.529Z"
"68f1da5a90ad734984f8011b","optional","68f1da5a90ad734984f7fdf8","2025-10-17T05:56:03.529Z","2025-10-17T05:56:03.529Z"
"68f1da5290ad734984f7d9ac","optional","68f1da5a90ad734984f7fe02","2025-10-17T05:56:03.530Z","2025-10-17T05:56:03.530Z"
"68f1da5690ad734984f7e17a","optional","68f1da5a90ad734984f7fe02","2025-10-17T05:56:03.530Z","2025-10-17T05:56:03.530Z"
"68f1da5690ad734984f7e49d","optional","68f1da5a90ad734984f7fe02","2025-10-17T05:56:03.530Z","2025-10-17T05:56:03.530Z"
"68f1da5690ad734984f7ed7c","optional","68f1da5a90ad734984f7fe02","2025-10-17T05:56:03.530Z","2025-10-17T05:56:03.530Z"
"68f1da5790ad734984f7efb3","optional","68f1da5a90ad734984f7fe02","2025-10-17T05:56:03.530Z","2025-10-17T05:56:03.530Z"
"68f1da5a90ad734984f7f7fa","optional","68f1da5a90ad734984f7fe02","2025-10-17T05:56:03.530Z","2025-10-17T05:56:03.530Z"
"68f1da5690ad734984f7e6a2","optional","68f1da5a90ad734984f7fe0b","2025-10-17T05:56:03.530Z","2025-10-17T05:56:03.530Z"
"68f1da5290ad734984f7d938","optional","68f1da5a90ad734984f7fe0b","2025-10-17T05:56:03.530Z","2025-10-17T05:56:03.530Z"
"68f1da5290ad734984f7ddf6","optional","68f1da5a90ad734984f7fe1e","2025-10-17T05:56:03.530Z","2025-10-17T05:56:03.530Z"
"68f1da5290ad734984f7dbba","optional","68f1da5a90ad734984f7fe1e","2025-10-17T05:56:03.530Z","2025-10-17T05:56:03.530Z"
"68f1da5690ad734984f7e4c9","optional","68f1da5a90ad734984f7fe1e","2025-10-17T05:56:03.530Z","2025-10-17T05:56:03.530Z"
"68f1da5290ad734984f7d163","optional","68f1da5a90ad734984f7fe2d","2025-10-17T05:56:03.530Z","2025-10-17T05:56:03.530Z"
"68f1da5a90ad734984f7f616","optional","68f1da5a90ad734984f7fe2d","2025-10-17T05:56:03.530Z","2025-10-17T05:56:03.530Z"
"68f1da5290ad734984f7cc53","optional","68f1da5a90ad734984f7fe2d","2025-10-17T05:56:03.530Z","2025-10-17T05:56:03.530Z"
"68f1da5690ad734984f7e273","essential","68f1da5a90ad734984f7fe32","2025-10-17T05:56:03.530Z","2025-10-17T05:56:03.530Z"
"68f1da5290ad734984f7d74c","optional","68f1da5a90ad734984f7fe3b","2025-10-17T05:56:03.570Z","2025-10-17T05:56:03.570Z"
"68f1da5290ad734984f7d80b","optional","68f1da5a90ad734984f7fe50","2025-10-17T05:56:03.570Z","2025-10-17T05:56:03.570Z"
"68f1da5290ad734984f7cd0d","optional","68f1da5a90ad734984f7fe54","2025-10-17T05:56:03.530Z","2025-10-17T05:56:03.530Z"
"68f1da5290ad734984f7cf2a","optional","68f1da5a90ad734984f7fe54","2025-10-17T05:56:03.530Z","2025-10-17T05:56:03.530Z"
"68f1da5690ad734984f7ecc6","optional","68f1da5a90ad734984f7fe54","2025-10-17T05:56:03.530Z","2025-10-17T05:56:03.530Z"
"68f1da5a90ad734984f7f868","optional","68f1da5a90ad734984f7fe54","2025-10-17T05:56:03.530Z","2025-10-17T05:56:03.530Z"
"68f1da5690ad734984f7e1b2","optional","68f1da5a90ad734984f7fe54","2025-10-17T05:56:03.530Z","2025-10-17T05:56:03.530Z"
"68f1da5690ad734984f7ea1d","optional","68f1da5a90ad734984f7fe54","2025-10-17T05:56:03.530Z","2025-10-17T05:56:03.530Z"
"68f1da5290ad734984f7dac2","optional","68f1da5a90ad734984f7fe5a","2025-10-17T05:56:03.530Z","2025-10-17T05:56:03.530Z"
"68f1da5a90ad734984f7fc5b","optional","68f1da5a90ad734984f7fe5a","2025-10-17T05:56:03.530Z","2025-10-17T05:56:03.530Z"
"68f1da5790ad734984f7f001","optional","68f1da5a90ad734984f7fe5e","2025-10-17T05:56:03.530Z","2025-10-17T05:56:03.530Z"
"68f1da5a90ad734984f7fb76","optional","68f1da5a90ad734984f7fe65","2025-10-17T05:56:03.530Z","2025-10-17T05:56:03.530Z"
"68f1da5790ad734984f7f24c","optional","68f1da5a90ad734984f7fe6b","2025-10-17T05:56:03.530Z","2025-10-17T05:56:03.530Z"
"68f1da5a90ad734984f7fcdf","optional","68f1da5a90ad734984f7fe6f","2025-10-17T05:56:03.570Z","2025-10-17T05:56:03.570Z"
"68f1da5a90ad734984f7f629","optional","68f1da5a90ad734984f7fe6f","2025-10-17T05:56:03.570Z","2025-10-17T05:56:03.570Z"
"68f1da5290ad734984f7cb55","optional","68f1da5a90ad734984f7fe6f","2025-10-17T05:56:03.570Z","2025-10-17T05:56:03.570Z"
"68f1da5790ad734984f7f22b","optional","68f1da5a90ad734984f7fe6f","2025-10-17T05:56:03.570Z","2025-10-17T05:56:03.570Z"
"68f1da5290ad734984f7d82c","optional","68f1da5a90ad734984f7fe76","2025-10-17T05:56:03.570Z","2025-10-17T05:56:03.570Z"
"68f1da5690ad734984f7ecdc","optional","68f1da5a90ad734984f7fe76","2025-10-17T05:56:03.570Z","2025-10-17T05:56:03.570Z"
"68f1da5690ad734984f7def8","optional","68f1da5a90ad734984f7fe7f","2025-10-17T05:56:03.570Z","2025-10-17T05:56:03.570Z"
"68f1da5290ad734984f7dccc","optional","68f1da5a90ad734984f7fe7f","2025-10-17T05:56:03.570Z","2025-10-17T05:56:03.570Z"
"68f1da5290ad734984f7cc50","optional","68f1da5a90ad734984f7fe7f","2025-10-17T05:56:03.570Z","2025-10-17T05:56:03.570Z"
"68f1da5690ad734984f7ee23","optional","68f1da5a90ad734984f7fe7f","2025-10-17T05:56:03.570Z","2025-10-17T05:56:03.570Z"
"68f1da5290ad734984f7cce9","essential","68f1da5a90ad734984f7fe87","2025-10-17T05:56:03.570Z","2025-10-17T05:56:03.570Z"
"68f1da5290ad734984f7cd6e","optional","68f1da5a90ad734984f7fe88","2025-10-17T05:56:03.570Z","2025-10-17T05:56:03.570Z"
"68f1da5690ad734984f7e695","optional","68f1da5a90ad734984f7fe88","2025-10-17T05:56:03.571Z","2025-10-17T05:56:03.571Z"
"68f1da5a90ad734984f7f646","optional","68f1da5a90ad734984f7fe88","2025-10-17T05:56:03.571Z","2025-10-17T05:56:03.571Z"
"68f1da5a90ad734984f7fecd","optional","68f1da5a90ad734984f7fe88","2025-10-17T05:56:03.571Z","2025-10-17T05:56:03.571Z"
"68f1da5690ad734984f7e8b8","optional","68f1da5a90ad734984f7fe88","2025-10-17T05:56:03.571Z","2025-10-17T05:56:03.571Z"
"68f1da5690ad734984f7e6c0","optional","68f1da5a90ad734984f7fe8b","2025-10-17T05:56:03.571Z","2025-10-17T05:56:03.571Z"
"68f1da5290ad734984f7de46","optional","68f1da5a90ad734984f7fe8b","2025-10-17T05:56:03.571Z","2025-10-17T05:56:03.571Z"
"68f1da5790ad734984f7f1b0","optional","68f1da5a90ad734984f7fe91","2025-10-17T05:56:03.571Z","2025-10-17T05:56:03.571Z"
"68f1da5290ad734984f7d6c8","optional","68f1da5a90ad734984f7fea0","2025-10-17T05:56:03.571Z","2025-10-17T05:56:03.571Z"
"68f1da5290ad734984f7cbcc","optional","68f1da5a90ad734984f7fea0","2025-10-17T05:56:03.571Z","2025-10-17T05:56:03.571Z"
"68f1da5a90ad734984f7f4d9","optional","68f1da5a90ad734984f7fea8","2025-10-17T05:56:03.571Z","2025-10-17T05:56:03.571Z"
"68f1da5a90ad734984f7fb34","optional","68f1da5a90ad734984f7fea8","2025-10-17T05:56:03.571Z","2025-10-17T05:56:03.571Z"
"68f1da5290ad734984f7d0bd","optional","68f1da5a90ad734984f7feaa","2025-10-17T05:56:03.571Z","2025-10-17T05:56:03.571Z"
"68f1da5690ad734984f7ec79","optional","68f1da5a90ad734984f7feaa","2025-10-17T05:56:03.571Z","2025-10-17T05:56:03.571Z"
"68f1da5a90ad734984f7f757","optional","68f1da5a90ad734984f7feaa","2025-10-17T05:56:03.571Z","2025-10-17T05:56:03.571Z"
"68f1da5290ad734984f7d172","optional","68f1da5a90ad734984f7feaa","2025-10-17T05:56:03.571Z","2025-10-17T05:56:03.571Z"
"68f1da5790ad734984f7f18f","optional","68f1da5a90ad734984f7feaa","2025-10-17T05:56:03.571Z","2025-10-17T05:56:03.571Z"
"68f1da5290ad734984f7cded","optional","68f1da5a90ad734984f7fead","2025-10-17T05:56:03.571Z","2025-10-17T05:56:03.571Z"
"68f1da5290ad734984f7dcdd","optional","68f1da5a90ad734984f7fead","2025-10-17T05:56:03.571Z","2025-10-17T05:56:03.571Z"
"68f1da5690ad734984f7ec38","optional","68f1da5a90ad734984f7feae","2025-10-17T05:56:03.571Z","2025-10-17T05:56:03.571Z"
"68f1da5690ad734984f7ee6e","optional","68f1da5a90ad734984f7feae","2025-10-17T05:56:03.571Z","2025-10-17T05:56:03.571Z"
"68f1da5290ad734984f7d92e","optional","68f1da5a90ad734984f7feae","2025-10-17T05:56:03.571Z","2025-10-17T05:56:03.571Z"
"68f1da5290ad734984f7d913","optional","68f1da5a90ad734984f7feb2","2025-10-17T05:56:03.571Z","2025-10-17T05:56:03.571Z"
"68f1da5290ad734984f7dbea","optional","68f1da5a90ad734984f7feb2","2025-10-17T05:56:03.571Z","2025-10-17T05:56:03.571Z"
"68f1da5290ad734984f7da76","optional","68f1da5a90ad734984f7fec9","2025-10-17T05:56:03.571Z","2025-10-17T05:56:03.571Z"
"68f1da5a90ad734984f7f4dc","optional","68f1da5a90ad734984f7fec9","2025-10-17T05:56:03.571Z","2025-10-17T05:56:03.571Z"
"68f1da5690ad734984f7e77e","optional","68f1da5a90ad734984f7fecb","2025-10-17T05:56:03.571Z","2025-10-17T05:56:03.571Z"
"68f1da5290ad734984f7dab5","optional","68f1da5a90ad734984f7fecb","2025-10-17T05:56:03.571Z","2025-10-17T05:56:03.571Z"
"68f1da5a90ad734984f7ff88","optional","68f1da5a90ad734984f7fecb","2025-10-17T05:56:03.571Z","2025-10-17T05:56:03.571Z"
"68f1da5290ad734984f7dd98","optional","68f1da5a90ad734984f7fee1","2025-10-17T05:56:03.571Z","2025-10-17T05:56:03.571Z"
"68f1da5290ad734984f7d9fe","optional","68f1da5a90ad734984f7fee1","2025-10-17T05:56:03.571Z","2025-10-17T05:56:03.571Z"
"68f1da5690ad734984f7e609","optional","68f1da5a90ad734984f7fee1","2025-10-17T05:56:03.572Z","2025-10-17T05:56:03.572Z"
"68f1da5790ad734984f7f13b","optional","68f1da5a90ad734984f7fee1","2025-10-17T05:56:03.572Z","2025-10-17T05:56:03.572Z"
"68f1da5a90ad734984f7ffbe","optional","68f1da5a90ad734984f7fee1","2025-10-17T05:56:03.572Z","2025-10-17T05:56:03.572Z"
"68f1da5690ad734984f7df5c","optional","68f1da5a90ad734984f7fee1","2025-10-17T05:56:03.572Z","2025-10-17T05:56:03.572Z"
"68f1da5690ad734984f7e08c","optional","68f1da5a90ad734984f7fee1","2025-10-17T05:56:03.572Z","2025-10-17T05:56:03.572Z"
"68f1da5690ad734984f7e4f3","optional","68f1da5a90ad734984f7fee1","2025-10-17T05:56:03.572Z","2025-10-17T05:56:03.572Z"
"68f1da5690ad734984f7eb4e","optional","68f1da5a90ad734984f7fee1","2025-10-17T05:56:03.572Z","2025-10-17T05:56:03.572Z"
"68f1da5290ad734984f7d53f","optional","68f1da5a90ad734984f7fee1","2025-10-17T05:56:03.571Z","2025-10-17T05:56:03.571Z"
"68f1da5290ad734984f7d98e","optional","68f1da5a90ad734984f7fee1","2025-10-17T05:56:03.571Z","2025-10-17T05:56:03.571Z"
"68f1da5690ad734984f7e178","optional","68f1da5a90ad734984f7fee1","2025-10-17T05:56:03.572Z","2025-10-17T05:56:03.572Z"
"68f1da5690ad734984f7eb8d","optional","68f1da5a90ad734984f7fee1","2025-10-17T05:56:03.572Z","2025-10-17T05:56:03.572Z"
"68f1da5a90ad734984f7f30c","optional","68f1da5a90ad734984f7fee1","2025-10-17T05:56:03.572Z","2025-10-17T05:56:03.572Z"
"68f1da5a90ad734984f7f6f9","optional","68f1da5a90ad734984f7fee1","2025-10-17T05:56:03.572Z","2025-10-17T05:56:03.572Z"
"68f1da5a90ad734984f7fcb7","optional","68f1da5a90ad734984f7feef","2025-10-17T05:56:03.572Z","2025-10-17T05:56:03.572Z"
"68f1da5690ad734984f7e2a9","optional","68f1da5a90ad734984f7feef","2025-10-17T05:56:03.572Z","2025-10-17T05:56:03.572Z"
"68f1da5690ad734984f7e3b8","optional","68f1da5a90ad734984f7feef","2025-10-17T05:56:03.572Z","2025-10-17T05:56:03.572Z"
"68f1da5290ad734984f7da41","optional","68f1da5a90ad734984f7feef","2025-10-17T05:56:03.572Z","2025-10-17T05:56:03.572Z"
"68f1da5a90ad734984f7f80e","optional","68f1da5a90ad734984f7feef","2025-10-17T05:56:03.572Z","2025-10-17T05:56:03.572Z"
"68f1da5a90ad734984f7fa95","optional","68f1da5a90ad734984f7feef","2025-10-17T05:56:03.572Z","2025-10-17T05:56:03.572Z"
"68f1da5290ad734984f7dae2","optional","68f1da5a90ad734984f7fef3","2025-10-17T05:56:03.572Z","2025-10-17T05:56:03.572Z"
"68f1da5690ad734984f7ea57","optional","68f1da5a90ad734984f7fef5","2025-10-17T05:56:03.572Z","2025-10-17T05:56:03.572Z"
"68f1da5290ad734984f7d1b2","optional","68f1da5a90ad734984f7fef5","2025-10-17T05:56:03.572Z","2025-10-17T05:56:03.572Z"
"68f1da5690ad734984f7e585","optional","68f1da5a90ad734984f7fef8","2025-10-17T05:56:03.572Z","2025-10-17T05:56:03.572Z"
"68f1da5690ad734984f7e719","optional","68f1da5a90ad734984f7fef8","2025-10-17T05:56:03.572Z","2025-10-17T05:56:03.572Z"
"68f1da5290ad734984f7cd4b","optional","68f1da5a90ad734984f7fef8","2025-10-17T05:56:03.572Z","2025-10-17T05:56:03.572Z"
"68f1da5290ad734984f7d4c6","optional","68f1da5a90ad734984f7fefc","2025-10-17T05:56:03.572Z","2025-10-17T05:56:03.572Z"
"68f1da5a90ad734984f7f7b5","optional","68f1da5a90ad734984f7fefc","2025-10-17T05:56:03.572Z","2025-10-17T05:56:03.572Z"
"68f1da5290ad734984f7d109","optional","68f1da5a90ad734984f7ff03","2025-10-17T05:56:03.572Z","2025-10-17T05:56:03.572Z"
"68f1da5290ad734984f7d856","optional","68f1da5a90ad734984f7ff03","2025-10-17T05:56:03.572Z","2025-10-17T05:56:03.572Z"
"68f1da5290ad734984f7dd90","optional","68f1da5a90ad734984f7ff03","2025-10-17T05:56:03.572Z","2025-10-17T05:56:03.572Z"
"68f1da5290ad734984f7cf49","optional","68f1da5a90ad734984f7ff03","2025-10-17T05:56:03.572Z","2025-10-17T05:56:03.572Z"
"68f1da5290ad734984f7cd2c","optional","68f1da5a90ad734984f7ff0d","2025-10-17T05:56:03.572Z","2025-10-17T05:56:03.572Z"
"68f1da5a90ad734984f800bb","optional","68f1da5a90ad734984f7ff0d","2025-10-17T05:56:03.572Z","2025-10-17T05:56:03.572Z"
"68f1da5790ad734984f7efbd","optional","68f1da5a90ad734984f7ff10","2025-10-17T05:56:03.572Z","2025-10-17T05:56:03.572Z"
"68f1da5290ad734984f7d1a8","optional","68f1da5a90ad734984f7ff1c","2025-10-17T05:56:03.572Z","2025-10-17T05:56:03.572Z"
"68f1da5290ad734984f7dd44","optional","68f1da5a90ad734984f7ff1c","2025-10-17T05:56:03.573Z","2025-10-17T05:56:03.573Z"
"68f1da5690ad734984f7ee11","optional","68f1da5a90ad734984f7ff1c","2025-10-17T05:56:03.573Z","2025-10-17T05:56:03.573Z"
"68f1da5a90ad734984f7f902","optional","68f1da5a90ad734984f7ff1c","2025-10-17T05:56:03.573Z","2025-10-17T05:56:03.573Z"
"68f1da5290ad734984f7cf9d","optional","68f1da5a90ad734984f7ff1c","2025-10-17T05:56:03.572Z","2025-10-17T05:56:03.572Z"
"68f1da5290ad734984f7d65c","optional","68f1da5a90ad734984f7ff1c","2025-10-17T05:56:03.572Z","2025-10-17T05:56:03.572Z"
"68f1da5a90ad734984f7fc3c","optional","68f1da5a90ad734984f7ff1c","2025-10-17T05:56:03.573Z","2025-10-17T05:56:03.573Z"
"68f1da5290ad734984f7cde8","optional","68f1da5a90ad734984f7ff1c","2025-10-17T05:56:03.572Z","2025-10-17T05:56:03.572Z"
"68f1da5690ad734984f7e2f7","optional","68f1da5a90ad734984f7ff1c","2025-10-17T05:56:03.573Z","2025-10-17T05:56:03.573Z"
"68f1da5690ad734984f7df70","optional","68f1da5a90ad734984f7ff1f","2025-10-17T05:56:03.573Z","2025-10-17T05:56:03.573Z"
"68f1da5290ad734984f7d1c9","optional","68f1da5a90ad734984f7ff23","2025-10-17T05:56:03.573Z","2025-10-17T05:56:03.573Z"
"68f1da5290ad734984f7ddb8","optional","68f1da5a90ad734984f7ff23","2025-10-17T05:56:03.573Z","2025-10-17T05:56:03.573Z"
"68f1da5290ad734984f7da90","essential","68f1da5a90ad734984f7ff3a","2025-10-17T05:56:03.573Z","2025-10-17T05:56:03.573Z"
"68f1da5a90ad734984f7f6a4","optional","68f1da5a90ad734984f7ff3f","2025-10-17T05:56:03.573Z","2025-10-17T05:56:03.573Z"
"68f1da5290ad734984f7d407","optional","68f1da5a90ad734984f7ff3f","2025-10-17T05:56:03.573Z","2025-10-17T05:56:03.573Z"
"68f1da5290ad734984f7cbed","optional","68f1da5a90ad734984f7ff3f","2025-10-17T05:56:03.573Z","2025-10-17T05:56:03.573Z"
"68f1da5290ad734984f7d810","optional","68f1da5a90ad734984f7ff3f","2025-10-17T05:56:03.573Z","2025-10-17T05:56:03.573Z"
"68f1da5290ad734984f7d636","optional","68f1da5a90ad734984f7ff43","2025-10-17T05:56:03.573Z","2025-10-17T05:56:03.573Z"
"68f1da5690ad734984f7ebf5","optional","68f1da5a90ad734984f7ff47","2025-10-17T05:56:03.573Z","2025-10-17T05:56:03.573Z"
"68f1da5a90ad734984f7fa5a","optional","68f1da5a90ad734984f7ff47","2025-10-17T05:56:03.573Z","2025-10-17T05:56:03.573Z"
"68f1da5290ad734984f7ce2f","optional","68f1da5a90ad734984f7ff47","2025-10-17T05:56:03.573Z","2025-10-17T05:56:03.573Z"
"68f1da5290ad734984f7d04e","optional","68f1da5a90ad734984f7ff47","2025-10-17T05:56:03.573Z","2025-10-17T05:56:03.573Z"
"68f1da5a90ad734984f7fa83","optional","68f1da5a90ad734984f7ff47","2025-10-17T05:56:03.573Z","2025-10-17T05:56:03.573Z"
"68f1da5a90ad734984f80137","optional","68f1da5a90ad734984f7ff47","2025-10-17T05:56:03.573Z","2025-10-17T05:56:03.573Z"
"68f1da5690ad734984f7e4c7","optional","68f1da5a90ad734984f7ff47","2025-10-17T05:56:03.573Z","2025-10-17T05:56:03.573Z"
"68f1da5290ad734984f7db4d","optional","68f1da5a90ad734984f7ff53","2025-10-17T05:56:03.573Z","2025-10-17T05:56:03.573Z"
"68f1da5290ad734984f7d332","optional","68f1da5a90ad734984f7ff56","2025-10-17T05:56:03.573Z","2025-10-17T05:56:03.573Z"
"68f1da5290ad734984f7d244","optional","68f1da5a90ad734984f7ff63","2025-10-17T05:56:03.573Z","2025-10-17T05:56:03.573Z"
"68f1da5690ad734984f7ea00","optional","68f1da5a90ad734984f7ff63","2025-10-17T05:56:03.573Z","2025-10-17T05:56:03.573Z"
"68f1da5690ad734984f7ee5a","optional","68f1da5a90ad734984f7ff63","2025-10-17T05:56:03.573Z","2025-10-17T05:56:03.573Z"
"68f1da5790ad734984f7f0f0","optional","68f1da5a90ad734984f7ff63","2025-10-17T05:56:03.573Z","2025-10-17T05:56:03.573Z"
"68f1da5a90ad734984f7f2ca","optional","68f1da5a90ad734984f7ff63","2025-10-17T05:56:03.573Z","2025-10-17T05:56:03.573Z"
"68f1da5a90ad734984f7f3c6","optional","68f1da5a90ad734984f7ff63","2025-10-17T05:56:03.573Z","2025-10-17T05:56:03.573Z"
"68f1da5690ad734984f7e37d","optional","68f1da5a90ad734984f7ff67","2025-10-17T05:56:03.573Z","2025-10-17T05:56:03.573Z"
"68f1da5690ad734984f7ec7f","optional","68f1da5a90ad734984f7ff67","2025-10-17T05:56:03.573Z","2025-10-17T05:56:03.573Z"
"68f1da5690ad734984f7edfb","optional","68f1da5a90ad734984f7ff67","2025-10-17T05:56:03.573Z","2025-10-17T05:56:03.573Z"
"68f1da5a90ad734984f7f443","optional","68f1da5a90ad734984f7ff67","2025-10-17T05:56:03.573Z","2025-10-17T05:56:03.573Z"
"68f1da5690ad734984f7e51f","optional","68f1da5a90ad734984f7ff82","2025-10-17T05:56:03.574Z","2025-10-17T05:56:03.574Z"
"68f1da5690ad734984f7edbb","optional","68f1da5a90ad734984f7ff83","2025-10-17T05:56:03.574Z","2025-10-17T05:56:03.574Z"
"68f1da5a90ad734984f7fd2c","optional","68f1da5a90ad734984f7ff91","2025-10-17T05:56:03.574Z","2025-10-17T05:56:03.574Z"
"68f1da5690ad734984f7ed39","optional","68f1da5a90ad734984f7ff94","2025-10-17T05:56:03.574Z","2025-10-17T05:56:03.574Z"
"68f1da5290ad734984f7cd57","optional","68f1da5a90ad734984f7ff9b","2025-10-17T05:56:03.574Z","2025-10-17T05:56:03.574Z"
"68f1da5290ad734984f7d287","optional","68f1da5a90ad734984f7ff9b","2025-10-17T05:56:03.574Z","2025-10-17T05:56:03.574Z"
"68f1da5290ad734984f7d4a6","optional","68f1da5a90ad734984f7ff9b","2025-10-17T05:56:03.574Z","2025-10-17T05:56:03.574Z"
"68f1da5690ad734984f7e342","optional","68f1da5a90ad734984f7ff9b","2025-10-17T05:56:03.574Z","2025-10-17T05:56:03.574Z"
"68f1da5290ad734984f7d781","optional","68f1da5a90ad734984f7ff9b","2025-10-17T05:56:03.574Z","2025-10-17T05:56:03.574Z"
"68f1da5a90ad734984f7f353","optional","68f1da5a90ad734984f7ff9b","2025-10-17T05:56:03.574Z","2025-10-17T05:56:03.574Z"
"68f1da5290ad734984f7d991","optional","68f1da5a90ad734984f7ff9b","2025-10-17T05:56:03.574Z","2025-10-17T05:56:03.574Z"
"68f1da5690ad734984f7e48e","optional","68f1da5a90ad734984f7ff9e","2025-10-17T05:56:03.574Z","2025-10-17T05:56:03.574Z"
"68f1da5290ad734984f7dd9b","optional","68f1da5a90ad734984f7ffa5","2025-10-17T05:56:03.574Z","2025-10-17T05:56:03.574Z"
"68f1da5a90ad734984f7ff0e","optional","68f1da5a90ad734984f7ffa5","2025-10-17T05:56:03.574Z","2025-10-17T05:56:03.574Z"
"68f1da5690ad734984f7e132","optional","68f1da5a90ad734984f7ffa5","2025-10-17T05:56:03.574Z","2025-10-17T05:56:03.574Z"
"68f1da5690ad734984f7ea9d","optional","68f1da5a90ad734984f7ffa5","2025-10-17T05:56:03.574Z","2025-10-17T05:56:03.574Z"
"68f1da5790ad734984f7f24a","optional","68f1da5a90ad734984f7ffb0","2025-10-17T05:56:03.574Z","2025-10-17T05:56:03.574Z"
"68f1da5a90ad734984f7f7a6","optional","68f1da5a90ad734984f7ffb3","2025-10-17T05:56:03.574Z","2025-10-17T05:56:03.574Z"
"68f1da5a90ad734984f7fb2d","optional","68f1da5a90ad734984f7ffb3","2025-10-17T05:56:03.574Z","2025-10-17T05:56:03.574Z"
"68f1da5690ad734984f7ea23","optional","68f1da5a90ad734984f7ffb3","2025-10-17T05:56:03.573Z","2025-10-17T05:56:03.573Z"
"68f1da5690ad734984f7e49b","optional","68f1da5a90ad734984f7ffba","2025-10-17T05:56:03.574Z","2025-10-17T05:56:03.574Z"
"68f1da5a90ad734984f7fe39","optional","68f1da5a90ad734984f7ffba","2025-10-17T05:56:03.574Z","2025-10-17T05:56:03.574Z"
"68f1da5290ad734984f7d152","optional","68f1da5a90ad734984f7ffba","2025-10-17T05:56:03.574Z","2025-10-17T05:56:03.574Z"
"68f1da5290ad734984f7cd5e","optional","68f1da5a90ad734984f7ffbb","2025-10-17T05:56:03.574Z","2025-10-17T05:56:03.574Z"
"68f1da5a90ad734984f7f809","optional","68f1da5a90ad734984f7ffbb","2025-10-17T05:56:03.574Z","2025-10-17T05:56:03.574Z"
"68f1da5690ad734984f7e11c","optional","68f1da5a90ad734984f7ffbb","2025-10-17T05:56:03.574Z","2025-10-17T05:56:03.574Z"
"68f1da5a90ad734984f7f567","optional","68f1da5a90ad734984f7ffbb","2025-10-17T05:56:03.574Z","2025-10-17T05:56:03.574Z"
"68f1da5290ad734984f7cc5c","optional","68f1da5a90ad734984f7ffc9","2025-10-17T05:56:03.574Z","2025-10-17T05:56:03.574Z"
"68f1da5790ad734984f7f113","optional","68f1da5a90ad734984f7ffc9","2025-10-17T05:56:03.574Z","2025-10-17T05:56:03.574Z"
"68f1da5a90ad734984f7fcff","optional","68f1da5a90ad734984f7ffc9","2025-10-17T05:56:03.574Z","2025-10-17T05:56:03.574Z"
"68f1da5290ad734984f7ce09","optional","68f1da5a90ad734984f7ffc9","2025-10-17T05:56:03.574Z","2025-10-17T05:56:03.574Z"
"68f1da5290ad734984f7cf9c","optional","68f1da5a90ad734984f7ffc9","2025-10-17T05:56:03.574Z","2025-10-17T05:56:03.574Z"
"68f1da5290ad734984f7d02e","optional","68f1da5a90ad734984f7ffc9","2025-10-17T05:56:03.574Z","2025-10-17T05:56:03.574Z"
"68f1da5290ad734984f7d177","optional","68f1da5a90ad734984f7ffc9","2025-10-17T05:56:03.574Z","2025-10-17T05:56:03.574Z"
"68f1da5790ad734984f7f043","optional","68f1da5a90ad734984f7ffd1","2025-10-17T05:56:03.574Z","2025-10-17T05:56:03.574Z"
"68f1da5a90ad734984f7fd83","optional","68f1da5a90ad734984f7ffdf","2025-10-17T05:56:03.575Z","2025-10-17T05:56:03.575Z"
"68f1da5290ad734984f7cc1c","optional","68f1da5a90ad734984f7ffdf","2025-10-17T05:56:03.574Z","2025-10-17T05:56:03.574Z"
"68f1da5290ad734984f7cfc9","optional","68f1da5a90ad734984f7ffdf","2025-10-17T05:56:03.574Z","2025-10-17T05:56:03.574Z"
"68f1da5290ad734984f7deb3","optional","68f1da5a90ad734984f7ffdf","2025-10-17T05:56:03.575Z","2025-10-17T05:56:03.575Z"
"68f1da5690ad734984f7e4c6","optional","68f1da5a90ad734984f7ffdf","2025-10-17T05:56:03.575Z","2025-10-17T05:56:03.575Z"
"68f1da5690ad734984f7e784","optional","68f1da5a90ad734984f7ffdf","2025-10-17T05:56:03.575Z","2025-10-17T05:56:03.575Z"
"68f1da5690ad734984f7ea3c","optional","68f1da5a90ad734984f7ffdf","2025-10-17T05:56:03.575Z","2025-10-17T05:56:03.575Z"
"68f1da5690ad734984f7e002","optional","68f1da5a90ad734984f7ffdf","2025-10-17T05:56:03.575Z","2025-10-17T05:56:03.575Z"
"68f1da5690ad734984f7e9f2","optional","68f1da5a90ad734984f7ffdf","2025-10-17T05:56:03.575Z","2025-10-17T05:56:03.575Z"
"68f1da5a90ad734984f7f7e8","optional","68f1da5a90ad734984f7ffdf","2025-10-17T05:56:03.575Z","2025-10-17T05:56:03.575Z"
"68f1da5290ad734984f7d699","optional","68f1da5a90ad734984f7ffdf","2025-10-17T05:56:03.575Z","2025-10-17T05:56:03.575Z"
"68f1da5690ad734984f7e232","optional","68f1da5a90ad734984f7ffdf","2025-10-17T05:56:03.575Z","2025-10-17T05:56:03.575Z"
"68f1da5790ad734984f7f242","optional","68f1da5a90ad734984f7ffdf","2025-10-17T05:56:03.575Z","2025-10-17T05:56:03.575Z"
"68f1da5a90ad734984f7fe82","optional","68f1da5a90ad734984f7ffdf","2025-10-17T05:56:03.575Z","2025-10-17T05:56:03.575Z"
"68f1da5290ad734984f7d44e","optional","68f1da5a90ad734984f7ffe1","2025-10-17T05:56:03.575Z","2025-10-17T05:56:03.575Z"
"68f1da5290ad734984f7dab2","optional","68f1da5a90ad734984f7ffe4","2025-10-17T05:56:03.575Z","2025-10-17T05:56:03.575Z"
"68f1da5690ad734984f7dff1","optional","68f1da5a90ad734984f7ffe4","2025-10-17T05:56:03.575Z","2025-10-17T05:56:03.575Z"
"68f1da5290ad734984f7dc1b","optional","68f1da5a90ad734984f7ffe4","2025-10-17T05:56:03.575Z","2025-10-17T05:56:03.575Z"
"68f1da5a90ad734984f7f8c2","optional","68f1da5a90ad734984f7ffe4","2025-10-17T05:56:03.575Z","2025-10-17T05:56:03.575Z"
"68f1da5290ad734984f7cf70","optional","68f1da5a90ad734984f7ffe7","2025-10-17T05:56:03.575Z","2025-10-17T05:56:03.575Z"
"68f1da5290ad734984f7cba9","optional","68f1da5a90ad734984f7ffe7","2025-10-17T05:56:03.575Z","2025-10-17T05:56:03.575Z"
"68f1da5290ad734984f7da57","optional","68f1da5a90ad734984f7ffeb","2025-10-17T05:56:03.575Z","2025-10-17T05:56:03.575Z"
"68f1da5690ad734984f7e860","optional","68f1da5a90ad734984f7ffeb","2025-10-17T05:56:03.575Z","2025-10-17T05:56:03.575Z"
"68f1da5290ad734984f7d0ff","optional","68f1da5a90ad734984f7ffed","2025-10-17T05:56:03.575Z","2025-10-17T05:56:03.575Z"
"68f1da5290ad734984f7d056","optional","68f1da5a90ad734984f7fffa","2025-10-17T05:56:03.575Z","2025-10-17T05:56:03.575Z"
"68f1da5290ad734984f7d9ce","optional","68f1da5a90ad734984f7fffa","2025-10-17T05:56:03.575Z","2025-10-17T05:56:03.575Z"
"68f1da5a90ad734984f7ff3e","optional","68f1da5a90ad734984f7fffa","2025-10-17T05:56:03.576Z","2025-10-17T05:56:03.576Z"
"68f1da5290ad734984f7da23","optional","68f1da5a90ad734984f7fffa","2025-10-17T05:56:03.575Z","2025-10-17T05:56:03.575Z"
"68f1da5690ad734984f7ec31","optional","68f1da5a90ad734984f7fffa","2025-10-17T05:56:03.575Z","2025-10-17T05:56:03.575Z"
"68f1da5a90ad734984f7fda7","optional","68f1da5a90ad734984f7fffa","2025-10-17T05:56:03.575Z","2025-10-17T05:56:03.575Z"
"68f1da5690ad734984f7e1bd","optional","68f1da5a90ad734984f7fffa","2025-10-17T05:56:03.575Z","2025-10-17T05:56:03.575Z"
"68f1da5690ad734984f7e794","optional","68f1da5a90ad734984f7fffa","2025-10-17T05:56:03.575Z","2025-10-17T05:56:03.575Z"
"68f1da5a90ad734984f7f55d","optional","68f1da5a90ad734984f7fffa","2025-10-17T05:56:03.575Z","2025-10-17T05:56:03.575Z"
"68f1da5a90ad734984f7fbfe","optional","68f1da5a90ad734984f80001","2025-10-17T05:56:03.576Z","2025-10-17T05:56:03.576Z"
"68f1da5790ad734984f7f098","optional","68f1da5a90ad734984f80003","2025-10-17T05:56:03.576Z","2025-10-17T05:56:03.576Z"
"68f1da5290ad734984f7d303","optional","68f1da5a90ad734984f80003","2025-10-17T05:56:03.576Z","2025-10-17T05:56:03.576Z"
"68f1da5290ad734984f7d2a9","optional","68f1da5a90ad734984f80004","2025-10-17T05:56:03.576Z","2025-10-17T05:56:03.576Z"
"68f1da5290ad734984f7d4a9","optional","68f1da5a90ad734984f80004","2025-10-17T05:56:03.576Z","2025-10-17T05:56:03.576Z"
"68f1da5290ad734984f7cb9c","optional","68f1da5a90ad734984f80004","2025-10-17T05:56:03.576Z","2025-10-17T05:56:03.576Z"
"68f1da5290ad734984f7de85","optional","68f1da5a90ad734984f80004","2025-10-17T05:56:03.576Z","2025-10-17T05:56:03.576Z"
"68f1da5790ad734984f7f225","optional","68f1da5a90ad734984f80004","2025-10-17T05:56:03.576Z","2025-10-17T05:56:03.576Z"
"68f1da5690ad734984f7eb90","optional","68f1da5a90ad734984f80004","2025-10-17T05:56:03.576Z","2025-10-17T05:56:03.576Z"
"68f1da5790ad734984f7f019","optional","68f1da5a90ad734984f80004","2025-10-17T05:56:03.576Z","2025-10-17T05:56:03.576Z"
"68f1da5690ad734984f7e457","optional","68f1da5a90ad734984f80020","2025-10-17T05:56:03.576Z","2025-10-17T05:56:03.576Z"
"68f1da5290ad734984f7db93","optional","68f1da5a90ad734984f80020","2025-10-17T05:56:03.576Z","2025-10-17T05:56:03.576Z"
"68f1da5290ad734984f7d0d2","optional","68f1da5a90ad734984f8002c","2025-10-17T05:56:03.576Z","2025-10-17T05:56:03.576Z"
"68f1da5290ad734984f7d8e0","optional","68f1da5a90ad734984f8002c","2025-10-17T05:56:03.576Z","2025-10-17T05:56:03.576Z"
"68f1da5690ad734984f7ea00","optional","68f1da5a90ad734984f8002c","2025-10-17T05:56:03.576Z","2025-10-17T05:56:03.576Z"
"68f1da5790ad734984f7f0f0","optional","68f1da5a90ad734984f8002c","2025-10-17T05:56:03.576Z","2025-10-17T05:56:03.576Z"
"68f1da5a90ad734984f7f2c5","optional","68f1da5a90ad734984f8002c","2025-10-17T05:56:03.576Z","2025-10-17T05:56:03.576Z"
"68f1da5a90ad734984f7f7f5","optional","68f1da5a90ad734984f8002d","2025-10-17T05:56:03.576Z","2025-10-17T05:56:03.576Z"
"68f1da5a90ad734984f7f8fc","optional","68f1da5a90ad734984f8002f","2025-10-17T05:56:03.576Z","2025-10-17T05:56:03.576Z"
"68f1da5a90ad734984f7fdcf","optional","68f1da5a90ad734984f80034","2025-10-17T05:56:03.576Z","2025-10-17T05:56:03.576Z"
"68f1da5290ad734984f7d140","optional","68f1da5a90ad734984f80034","2025-10-17T05:56:03.576Z","2025-10-17T05:56:03.576Z"
"68f1da5690ad734984f7e2b9","optional","68f1da5a90ad734984f80034","2025-10-17T05:56:03.576Z","2025-10-17T05:56:03.576Z"
"68f1da5a90ad734984f80132","optional","68f1da5a90ad734984f80034","2025-10-17T05:56:03.576Z","2025-10-17T05:56:03.576Z"
"68f1da5290ad734984f7d700","optional","68f1da5a90ad734984f80034","2025-10-17T05:56:03.576Z","2025-10-17T05:56:03.576Z"
"68f1da5290ad734984f7de86","optional","68f1da5a90ad734984f80034","2025-10-17T05:56:03.576Z","2025-10-17T05:56:03.576Z"
"68f1da5a90ad734984f7f3bc","optional","68f1da5a90ad734984f8003e","2025-10-17T05:56:03.577Z","2025-10-17T05:56:03.577Z"
"68f1da5790ad734984f7f158","optional","68f1da5a90ad734984f8003e","2025-10-17T05:56:03.576Z","2025-10-17T05:56:03.576Z"
"68f1da5690ad734984f7e23f","optional","68f1da5a90ad734984f80048","2025-10-17T05:56:03.576Z","2025-10-17T05:56:03.576Z"
"68f1da5290ad734984f7d136","optional","68f1da5a90ad734984f8005b","2025-10-17T05:56:03.576Z","2025-10-17T05:56:03.576Z"
"68f1da5290ad734984f7da80","optional","68f1da5a90ad734984f8005c","2025-10-17T05:56:03.576Z","2025-10-17T05:56:03.576Z"
"68f1da5290ad734984f7ddd8","optional","68f1da5a90ad734984f8005c","2025-10-17T05:56:03.576Z","2025-10-17T05:56:03.576Z"
"68f1da5690ad734984f7edd6","optional","68f1da5a90ad734984f8005c","2025-10-17T05:56:03.576Z","2025-10-17T05:56:03.576Z"
"68f1da5290ad734984f7d98e","optional","68f1da5a90ad734984f8005c","2025-10-17T05:56:03.576Z","2025-10-17T05:56:03.576Z"
"68f1da5a90ad734984f7fced","optional","68f1da5a90ad734984f8005e","2025-10-17T05:56:03.576Z","2025-10-17T05:56:03.576Z"
"68f1da5690ad734984f7e081","optional","68f1da5a90ad734984f8005e","2025-10-17T05:56:03.576Z","2025-10-17T05:56:03.576Z"
"68f1da5290ad734984f7d025","optional","68f1da5a90ad734984f80060","2025-10-17T05:56:03.577Z","2025-10-17T05:56:03.577Z"
"68f1da5290ad734984f7d5a4","optional","68f1da5a90ad734984f80061","2025-10-17T05:56:03.577Z","2025-10-17T05:56:03.577Z"
"68f1da5290ad734984f7daa6","optional","68f1da5a90ad734984f80061","2025-10-17T05:56:03.577Z","2025-10-17T05:56:03.577Z"
"68f1da5290ad734984f7d49c","optional","68f1da5a90ad734984f80061","2025-10-17T05:56:03.577Z","2025-10-17T05:56:03.577Z"
"68f1da5a90ad734984f7feac","optional","68f1da5a90ad734984f80061","2025-10-17T05:56:03.577Z","2025-10-17T05:56:03.577Z"
"68f1da5690ad734984f7eaa5","optional","68f1da5a90ad734984f80061","2025-10-17T05:56:03.577Z","2025-10-17T05:56:03.577Z"
"68f1da5290ad734984f7d2bc","optional","68f1da5a90ad734984f80061","2025-10-17T05:56:03.577Z","2025-10-17T05:56:03.577Z"
"68f1da5790ad734984f7f13c","essential","68f1da5a90ad734984f80068","2025-10-17T05:56:03.577Z","2025-10-17T05:56:03.577Z"
"68f1da5290ad734984f7d04b","optional","68f1da5a90ad734984f8006c","2025-10-17T05:56:03.589Z","2025-10-17T05:56:03.589Z"
"68f1da5a90ad734984f7f7e1","essential","68f1da5a90ad734984f80075","2025-10-17T05:56:03.589Z","2025-10-17T05:56:03.589Z"
"68f1da5a90ad734984f7f3cf","essential","68f1da5a90ad734984f80075","2025-10-17T05:56:03.589Z","2025-10-17T05:56:03.589Z"
"68f1da5690ad734984f7e601","essential","68f1da5a90ad734984f80075","2025-10-17T05:56:03.589Z","2025-10-17T05:56:03.589Z"
"68f1da5690ad734984f7e649","optional","68f1da5a90ad734984f8007e","2025-10-17T05:56:03.577Z","2025-10-17T05:56:03.577Z"
"68f1da5290ad734984f7d278","optional","68f1da5a90ad734984f8007e","2025-10-17T05:56:03.577Z","2025-10-17T05:56:03.577Z"
"68f1da5a90ad734984f7f3f6","optional","68f1da5a90ad734984f80088","2025-10-17T05:56:03.577Z","2025-10-17T05:56:03.577Z"
"68f1da5a90ad734984f7f665","optional","68f1da5a90ad734984f8008a","2025-10-17T05:56:03.577Z","2025-10-17T05:56:03.577Z"
"68f1da5a90ad734984f7fd8c","optional","68f1da5a90ad734984f8008a","2025-10-17T05:56:03.577Z","2025-10-17T05:56:03.577Z"
"68f1da5290ad734984f7dc89","optional","68f1da5a90ad734984f8008a","2025-10-17T05:56:03.577Z","2025-10-17T05:56:03.577Z"
"68f1da5690ad734984f7e6f5","optional","68f1da5a90ad734984f80090","2025-10-17T05:56:03.577Z","2025-10-17T05:56:03.577Z"
"68f1da5290ad734984f7ccc5","optional","68f1da5a90ad734984f80091","2025-10-17T05:56:03.577Z","2025-10-17T05:56:03.577Z"
"68f1da5290ad734984f7d17a","optional","68f1da5a90ad734984f80091","2025-10-17T05:56:03.577Z","2025-10-17T05:56:03.577Z"
"68f1da5690ad734984f7e8a5","optional","68f1da5a90ad734984f80091","2025-10-17T05:56:03.577Z","2025-10-17T05:56:03.577Z"
"68f1da5290ad734984f7db48","optional","68f1da5a90ad734984f80091","2025-10-17T05:56:03.577Z","2025-10-17T05:56:03.577Z"
"68f1da5790ad734984f7f194","optional","68f1da5a90ad734984f80091","2025-10-17T05:56:03.577Z","2025-10-17T05:56:03.577Z"
"68f1da5290ad734984f7cd1b","optional","68f1da5a90ad734984f800a0","2025-10-17T05:56:03.591Z","2025-10-17T05:56:03.591Z"
"68f1da5690ad734984f7e78c","optional","68f1da5a90ad734984f800ac","2025-10-17T05:56:03.590Z","2025-10-17T05:56:03.590Z"
"68f1da5290ad734984f7d815","optional","68f1da5a90ad734984f800ac","2025-10-17T05:56:03.590Z","2025-10-17T05:56:03.590Z"
"68f1da5690ad734984f7e125","optional","68f1da5a90ad734984f800c0","2025-10-17T05:56:03.590Z","2025-10-17T05:56:03.590Z"
"68f1da5690ad734984f7e9d6","optional","68f1da5a90ad734984f800c0","2025-10-17T05:56:03.590Z","2025-10-17T05:56:03.590Z"
"68f1da5290ad734984f7da6c","optional","68f1da5a90ad734984f800c8","2025-10-17T05:56:03.590Z","2025-10-17T05:56:03.590Z"
"68f1da5690ad734984f7e477","optional","68f1da5a90ad734984f800c8","2025-10-17T05:56:03.590Z","2025-10-17T05:56:03.590Z"
"68f1da5690ad734984f7e1ee","optional","68f1da5a90ad734984f800c8","2025-10-17T05:56:03.590Z","2025-10-17T05:56:03.590Z"
"68f1da5a90ad734984f7fade","optional","68f1da5a90ad734984f800c8","2025-10-17T05:56:03.590Z","2025-10-17T05:56:03.590Z"
"68f1da5a90ad734984f7fdd2","optional","68f1da5a90ad734984f800c8","2025-10-17T05:56:03.590Z","2025-10-17T05:56:03.590Z"
"68f1da5a90ad734984f7f63d","optional","68f1da5a90ad734984f800cd","2025-10-17T05:56:03.590Z","2025-10-17T05:56:03.590Z"
"68f1da5a90ad734984f7fd8d","optional","68f1da5a90ad734984f800cd","2025-10-17T05:56:03.590Z","2025-10-17T05:56:03.590Z"
"68f1da5690ad734984f7ead0","optional","68f1da5a90ad734984f800ce","2025-10-17T05:56:03.590Z","2025-10-17T05:56:03.590Z"
"68f1da5690ad734984f7e2b5","optional","68f1da5a90ad734984f800ce","2025-10-17T05:56:03.590Z","2025-10-17T05:56:03.590Z"
"68f1da5290ad734984f7cf1c","optional","68f1da5a90ad734984f800d3","2025-10-17T05:56:03.590Z","2025-10-17T05:56:03.590Z"
"68f1da5690ad734984f7e406","optional","68f1da5a90ad734984f800d3","2025-10-17T05:56:03.590Z","2025-10-17T05:56:03.590Z"
"68f1da5290ad734984f7cc06","optional","68f1da5a90ad734984f800d3","2025-10-17T05:56:03.590Z","2025-10-17T05:56:03.590Z"
"68f1da5290ad734984f7dc06","optional","68f1da5a90ad734984f800d4","2025-10-17T05:56:03.590Z","2025-10-17T05:56:03.590Z"
"68f1da5290ad734984f7d931","optional","68f1da5a90ad734984f800d4","2025-10-17T05:56:03.590Z","2025-10-17T05:56:03.590Z"
"68f1da5a90ad734984f7f40d","essential","68f1da5a90ad734984f800d7","2025-10-17T05:56:03.590Z","2025-10-17T05:56:03.590Z"
"68f1da5290ad734984f7cd83","optional","68f1da5a90ad734984f800db","2025-10-17T05:56:03.590Z","2025-10-17T05:56:03.590Z"
"68f1da5a90ad734984f7ffef","optional","68f1da5a90ad734984f800db","2025-10-17T05:56:03.590Z","2025-10-17T05:56:03.590Z"
"68f1da5a90ad734984f800a2","optional","68f1da5a90ad734984f800db","2025-10-17T05:56:03.590Z","2025-10-17T05:56:03.590Z"
"68f1da5290ad734984f7d3b9","optional","68f1da5a90ad734984f800db","2025-10-17T05:56:03.590Z","2025-10-17T05:56:03.590Z"
"68f1da5290ad734984f7d88a","optional","68f1da5a90ad734984f800db","2025-10-17T05:56:03.590Z","2025-10-17T05:56:03.590Z"
"68f1da5690ad734984f7e784","optional","68f1da5a90ad734984f800db","2025-10-17T05:56:03.590Z","2025-10-17T05:56:03.590Z"
"68f1da5690ad734984f7ecc0","optional","68f1da5a90ad734984f800db","2025-10-17T05:56:03.590Z","2025-10-17T05:56:03.590Z"
"68f1da5290ad734984f7cc90","optional","68f1da5a90ad734984f800db","2025-10-17T05:56:03.590Z","2025-10-17T05:56:03.590Z"
"68f1da5290ad734984f7da0e","optional","68f1da5a90ad734984f800db","2025-10-17T05:56:03.590Z","2025-10-17T05:56:03.590Z"
"68f1da5290ad734984f7dca7","optional","68f1da5a90ad734984f800db","2025-10-17T05:56:03.590Z","2025-10-17T05:56:03.590Z"
"68f1da5690ad734984f7e00a","optional","68f1da5a90ad734984f800db","2025-10-17T05:56:03.590Z","2025-10-17T05:56:03.590Z"
"68f1da5690ad734984f7eb8b","optional","68f1da5a90ad734984f800db","2025-10-17T05:56:03.590Z","2025-10-17T05:56:03.590Z"
"68f1da5690ad734984f7e0d4","optional","68f1da5a90ad734984f800e2","2025-10-17T05:56:03.590Z","2025-10-17T05:56:03.590Z"
"68f1da5790ad734984f7f166","optional","68f1da5a90ad734984f800e2","2025-10-17T05:56:03.590Z","2025-10-17T05:56:03.590Z"
"68f1da5a90ad734984f7f3bc","optional","68f1da5a90ad734984f800e2","2025-10-17T05:56:03.590Z","2025-10-17T05:56:03.590Z"
"68f1da5290ad734984f7d2b8","optional","68f1da5a90ad734984f800e2","2025-10-17T05:56:03.590Z","2025-10-17T05:56:03.590Z"
"68f1da5290ad734984f7d6e8","optional","68f1da5a90ad734984f800e5","2025-10-17T05:56:03.591Z","2025-10-17T05:56:03.591Z"
"68f1da5690ad734984f7eb63","optional","68f1da5a90ad734984f800e5","2025-10-17T05:56:03.591Z","2025-10-17T05:56:03.591Z"
"68f1da5a90ad734984f7fd55","optional","68f1da5a90ad734984f800e5","2025-10-17T05:56:03.591Z","2025-10-17T05:56:03.591Z"
"68f1da5a90ad734984f7f8c9","optional","68f1da5a90ad734984f800e5","2025-10-17T05:56:03.591Z","2025-10-17T05:56:03.591Z"
"68f1da5290ad734984f7d9dd","optional","68f1da5a90ad734984f800ff","2025-10-17T05:56:03.591Z","2025-10-17T05:56:03.591Z"
"68f1da5290ad734984f7dafa","optional","68f1da5a90ad734984f8010c","2025-10-17T05:56:03.591Z","2025-10-17T05:56:03.591Z"
"68f1da5a90ad734984f7f7aa","optional","68f1da5a90ad734984f8010c","2025-10-17T05:56:03.591Z","2025-10-17T05:56:03.591Z"
"68f1da5a90ad734984f7fb60","optional","68f1da5a90ad734984f8010c","2025-10-17T05:56:03.591Z","2025-10-17T05:56:03.591Z"
"68f1da5a90ad734984f7f521","optional","68f1da5a90ad734984f8010c","2025-10-17T05:56:03.591Z","2025-10-17T05:56:03.591Z"
"68f1da5290ad734984f7d1e3","optional","68f1da5a90ad734984f8010c","2025-10-17T05:56:03.591Z","2025-10-17T05:56:03.591Z"
"68f1da5790ad734984f7f0b5","optional","68f1da5a90ad734984f8010e","2025-10-17T05:56:03.591Z","2025-10-17T05:56:03.591Z"
"68f1da5a90ad734984f7f930","optional","68f1da5a90ad734984f80112","2025-10-17T05:56:03.591Z","2025-10-17T05:56:03.591Z"
"68f1da5690ad734984f7e4d2","optional","68f1da5a90ad734984f80112","2025-10-17T05:56:03.591Z","2025-10-17T05:56:03.591Z"
"68f1da5690ad734984f7e6c3","optional","68f1da5a90ad734984f80112","2025-10-17T05:56:03.591Z","2025-10-17T05:56:03.591Z"
"68f1da5a90ad734984f7f94c","optional","68f1da5a90ad734984f80112","2025-10-17T05:56:03.591Z","2025-10-17T05:56:03.591Z"
"68f1da5a90ad734984f7f8cc","optional","68f1da5a90ad734984f80113","2025-10-17T05:56:03.591Z","2025-10-17T05:56:03.591Z"
"68f1da5290ad734984f7d1ca","optional","68f1da5a90ad734984f80113","2025-10-17T05:56:03.591Z","2025-10-17T05:56:03.591Z"
"68f1da5a90ad734984f7ff00","optional","68f1da5a90ad734984f80117","2025-10-17T05:56:03.591Z","2025-10-17T05:56:03.591Z"
"68f1da5290ad734984f7d82e","essential","68f1da5a90ad734984f8011e","2025-10-17T05:56:03.591Z","2025-10-17T05:56:03.591Z"
"68f1da5290ad734984f7cee3","optional","68f1da5a90ad734984f8011e","2025-10-17T05:56:03.591Z","2025-10-17T05:56:03.591Z"
"68f1da5290ad734984f7d4f3","optional","68f1da5a90ad734984f8011e","2025-10-17T05:56:03.591Z","2025-10-17T05:56:03.591Z"
"68f1da5690ad734984f7dfa0","optional","68f1da5a90ad734984f8011e","2025-10-17T05:56:03.591Z","2025-10-17T05:56:03.591Z"
"68f1da5690ad734984f7eb92","optional","68f1da5a90ad734984f8011e","2025-10-17T05:56:03.591Z","2025-10-17T05:56:03.591Z"
"68f1da5a90ad734984f7f5cc","optional","68f1da5a90ad734984f8011e","2025-10-17T05:56:03.591Z","2025-10-17T05:56:03.591Z"
"68f1da5a90ad734984f7f558","optional","68f1da5a90ad734984f80121","2025-10-17T05:56:03.591Z","2025-10-17T05:56:03.591Z"
"68f1da5a90ad734984f7fb76","optional","68f1da5a90ad734984f80128","2025-10-17T05:56:03.593Z","2025-10-17T05:56:03.593Z"
"68f1da5690ad734984f7e9d6","optional","68f1da5a90ad734984f80129","2025-10-17T05:56:03.593Z","2025-10-17T05:56:03.593Z"
"68f1da5a90ad734984f80027","optional","68f1da5a90ad734984f80129","2025-10-17T05:56:03.593Z","2025-10-17T05:56:03.593Z"
"68f1da5290ad734984f7d5ae","optional","68f1da5a90ad734984f8012a","2025-10-17T05:56:03.593Z","2025-10-17T05:56:03.593Z"
"68f1da5690ad734984f7e3da","optional","68f1da5a90ad734984f8012a","2025-10-17T05:56:03.593Z","2025-10-17T05:56:03.593Z"
"68f1da5290ad734984f7d387","optional","68f1da5a90ad734984f8012f","2025-10-17T05:56:03.593Z","2025-10-17T05:56:03.593Z"
"68f1da5690ad734984f7e58e","optional","68f1da5a90ad734984f8012f","2025-10-17T05:56:03.593Z","2025-10-17T05:56:03.593Z"
"68f1da5a90ad734984f7ffd6","optional","68f1da5a90ad734984f8012f","2025-10-17T05:56:03.593Z","2025-10-17T05:56:03.593Z"
"68f1da5a90ad734984f7fb2d","optional","68f1da5a90ad734984f8012f","2025-10-17T05:56:03.593Z","2025-10-17T05:56:03.593Z"
"68f1da5690ad734984f7e017","optional","68f1da5a90ad734984f8012f","2025-10-17T05:56:03.593Z","2025-10-17T05:56:03.593Z"
"68f1da5690ad734984f7e9b9","optional","68f1da5a90ad734984f80144","2025-10-17T05:56:03.591Z","2025-10-17T05:56:03.591Z"
"68f1da5290ad734984f7dc95","optional","68f1da5a90ad734984f80146","2025-10-17T05:56:03.591Z","2025-10-17T05:56:03.591Z"
"68f1da5690ad734984f7e857","optional","68f1da5a90ad734984f80146","2025-10-17T05:56:03.591Z","2025-10-17T05:56:03.591Z"
"68f1da5790ad734984f7f0af","optional","68f1da5a90ad734984f80146","2025-10-17T05:56:03.591Z","2025-10-17T05:56:03.591Z"
"68f1da5290ad734984f7db38","optional","68f1da5a90ad734984f8014a","2025-10-17T05:56:03.591Z","2025-10-17T05:56:03.591Z"
"68f1da5a90ad734984f7fc7a","optional","68f1da5a90ad734984f8014a","2025-10-17T05:56:03.591Z","2025-10-17T05:56:03.591Z"
"68f1da5290ad734984f7d6e7","optional","68f1da5a90ad734984f80155","2025-10-17T05:56:03.591Z","2025-10-17T05:56:03.591Z"
"68f1da5a90ad734984f7f6a8","essential","68f1da5a90ad734984f80155","2025-10-17T05:56:03.592Z","2025-10-17T05:56:03.592Z"
"68f1da5a90ad734984f80069","optional","68f1da5a90ad734984f80155","2025-10-17T05:56:03.592Z","2025-10-17T05:56:03.592Z"
"68f1da5a90ad734984f80103","essential","68f1da5a90ad734984f80155","2025-10-17T05:56:03.592Z","2025-10-17T05:56:03.592Z"
"68f1da5290ad734984f7d1a6","optional","68f1da5a90ad734984f80155","2025-10-17T05:56:03.591Z","2025-10-17T05:56:03.591Z"
"68f1da5a90ad734984f7f7ec","optional","68f1da5a90ad734984f80155","2025-10-17T05:56:03.592Z","2025-10-17T05:56:03.592Z"
"68f1da5290ad734984f7dd74","optional","68f1da5a90ad734984f80155","2025-10-17T05:56:03.592Z","2025-10-17T05:56:03.592Z"
"68f1da5690ad734984f7e339","optional","68f1da5a90ad734984f80155","2025-10-17T05:56:03.592Z","2025-10-17T05:56:03.592Z"
"68f1da5790ad734984f7f237","optional","68f1da5a90ad734984f80155","2025-10-17T05:56:03.592Z","2025-10-17T05:56:03.592Z"
"68f1da5290ad734984f7db10","optional","68f1da5a90ad734984f80156","2025-10-17T05:56:03.592Z","2025-10-17T05:56:03.592Z"
"68f1da5a90ad734984f7f617","optional","68f1da5a90ad734984f80156","2025-10-17T05:56:03.592Z","2025-10-17T05:56:03.592Z"
"68f1da5a90ad734984f7f9cf","optional","68f1da5a90ad734984f80156","2025-10-17T05:56:03.592Z","2025-10-17T05:56:03.592Z"
"68f1da5690ad734984f7e445","optional","68f1da5a90ad734984f8015e","2025-10-17T05:56:03.592Z","2025-10-17T05:56:03.592Z"
"68f1da5690ad734984f7e79e","optional","68f1da5a90ad734984f8015e","2025-10-17T05:56:03.592Z","2025-10-17T05:56:03.592Z"
"68f1da5a90ad734984f7f913","optional","68f1da5a90ad734984f8015e","2025-10-17T05:56:03.592Z","2025-10-17T05:56:03.592Z"
"68f1da5690ad734984f7ea17","optional","68f1da5a90ad734984f8015e","2025-10-17T05:56:03.592Z","2025-10-17T05:56:03.592Z"
"68f1da5a90ad734984f7f84e","optional","68f1da5a90ad734984f8015e","2025-10-17T05:56:03.592Z","2025-10-17T05:56:03.592Z"
"68f1da5790ad734984f7eee7","optional","68f1da5a90ad734984f8015f","2025-10-17T05:56:03.592Z","2025-10-17T05:56:03.592Z"
"68f1da5290ad734984f7dd18","optional","68f1da5a90ad734984f8015f","2025-10-17T05:56:03.592Z","2025-10-17T05:56:03.592Z"
"68f1da5a90ad734984f7f6d8","optional","68f1da5a90ad734984f80166","2025-10-17T05:56:03.593Z","2025-10-17T05:56:03.593Z"
"68f1da5290ad734984f7cfbf","optional","68f1da5a90ad734984f80166","2025-10-17T05:56:03.592Z","2025-10-17T05:56:03.592Z"
"68f1da5690ad734984f7e11c","optional","68f1da5a90ad734984f80166","2025-10-17T05:56:03.593Z","2025-10-17T05:56:03.593Z"
"68f1da5690ad734984f7e92b","optional","68f1da5a90ad734984f80166","2025-10-17T05:56:03.593Z","2025-10-17T05:56:03.593Z"
"68f1da5790ad734984f7f09e","optional","68f1da5a90ad734984f80166","2025-10-17T05:56:03.593Z","2025-10-17T05:56:03.593Z"
"68f1da5790ad734984f7f104","optional","68f1da5a90ad734984f80166","2025-10-17T05:56:03.593Z","2025-10-17T05:56:03.593Z"
"68f1da5290ad734984f7d4fc","optional","68f1da5a90ad734984f8016a","2025-10-17T05:56:03.593Z","2025-10-17T05:56:03.593Z"
"68f1da5690ad734984f7ecb4","optional","68f1da5a90ad734984f8016a","2025-10-17T05:56:03.593Z","2025-10-17T05:56:03.593Z"
"68f1da5a90ad734984f7f76d","optional","68f1da5a90ad734984f8016a","2025-10-17T05:56:03.593Z","2025-10-17T05:56:03.593Z"
"68f1da5a90ad734984f7f7bd","optional","68f1da5a90ad734984f8016a","2025-10-17T05:56:03.593Z","2025-10-17T05:56:03.593Z"
"68f1da5290ad734984f7d07c","optional","68f1da5a90ad734984f8016f","2025-10-17T05:56:03.592Z","2025-10-17T05:56:03.592Z"
"68f1da5a90ad734984f7f412","optional","68f1da5a90ad734984f8016f","2025-10-17T05:56:03.592Z","2025-10-17T05:56:03.592Z"
"68f1da5790ad734984f7f0e4","optional","68f1da5a90ad734984f8016f","2025-10-17T05:56:03.592Z","2025-10-17T05:56:03.592Z"
"68f1da5a90ad734984f7f8f9","optional","68f1da5a90ad734984f8016f","2025-10-17T05:56:03.592Z","2025-10-17T05:56:03.592Z"
"68f1da5290ad734984f7d27d","optional","68f1da5a90ad734984f80170","2025-10-17T05:56:03.592Z","2025-10-17T05:56:03.592Z"
"68f1da5690ad734984f7e321","optional","68f1da5a90ad734984f80170","2025-10-17T05:56:03.592Z","2025-10-17T05:56:03.592Z"
"68f1da5a90ad734984f7fa7e","optional","68f1da5a90ad734984f80170","2025-10-17T05:56:03.592Z","2025-10-17T05:56:03.592Z"
"68f1da5a90ad734984f7faf5","optional","68f1da5a90ad734984f80170","2025-10-17T05:56:03.592Z","2025-10-17T05:56:03.592Z"
"68f1da5290ad734984f7d53a","optional","68f1da5a90ad734984f80173","2025-10-17T05:56:03.592Z","2025-10-17T05:56:03.592Z"
"68f1da5690ad734984f7edd7","optional","68f1da5a90ad734984f80173","2025-10-17T05:56:03.592Z","2025-10-17T05:56:03.592Z"
"68f1da5790ad734984f7f21c","optional","68f1da5a90ad734984f80173","2025-10-17T05:56:03.592Z","2025-10-17T05:56:03.592Z"
"68f1da5290ad734984f7de34","optional","68f1da5a90ad734984f80173","2025-10-17T05:56:03.592Z","2025-10-17T05:56:03.592Z"
"68f1da5690ad734984f7eb4a","optional","68f1da5a90ad734984f80173","2025-10-17T05:56:03.592Z","2025-10-17T05:56:03.592Z"
"68f1da5790ad734984f7f0d5","optional","68f1da5a90ad734984f80173","2025-10-17T05:56:03.592Z","2025-10-17T05:56:03.592Z"
"68f1da5290ad734984f7d24c","optional","68f1da5a90ad734984f80174","2025-10-17T05:56:03.592Z","2025-10-17T05:56:03.592Z"
"68f1da5690ad734984f7e6ad","optional","68f1da5a90ad734984f80174","2025-10-17T05:56:03.592Z","2025-10-17T05:56:03.592Z"
"68f1da5690ad734984f7edcc","optional","68f1da5a90ad734984f8017d","2025-10-17T05:56:03.592Z","2025-10-17T05:56:03.592Z"
"68f1da5690ad734984f7ee69","optional","68f1da5a90ad734984f8017d","2025-10-17T05:56:03.592Z","2025-10-17T05:56:03.592Z"
"68f1da5a90ad734984f7fb5d","optional","68f1da5a90ad734984f80185","2025-10-17T05:56:03.592Z","2025-10-17T05:56:03.592Z"
