ID,ORIGINURI,UUIDHISTORY,OCCUPATIONGROUPCODE,CODE,DEFINITION,SCOPENOTE,REGULATEDPROFESSIONNOTE,OCCUPATIONTYPE,ISLOCALIZED,PREFERREDLABEL,ALTLABELS,DESCRIPTION,PREFERREDLABEL_SW,ALTLABELS_SW,DESCRIPTION_SW,DEFINITION_SW,SCOPENOTE_SW,HAS_DUPLICATE_ALTLABELS_SW,PREFERREDLABEL_NOT_IN_ALTLABELS_SW,POSSIBLY_TRUNCATED_SW
687671c0ebd2bf665349dd44,http://data.europa.eu/esco/occupation/42abcbcb-721b-4da6-9c06-f6951969d056,"5518c5d9-e155-491b-be63-971ddd3351f2
0f7310a9-d811-4240-a178-04e96b63d0e3
fbaeea54-c252-460d-af08-9603a07cb7cf
d4683786-56dc-4ebf-9b47-5770234aa3e0
b68b64ba-c2f8-4cc8-a253-70bd8a6b02ec",1324,1324.3.2.27,,,http://data.europa.eu/esco/regulated-professions/unregulated,escooccupation,True,import export manager in perfume and cosmetics,"senior import export manager in perfume and cosmetics
graduate import export manager in perfume and cosmetics
assistant import export manager in perfume and cosmetics
assistant export manager in perfume and cosmetics
senior import manager in perfume and cosmetics
trainee import manager in perfume and cosmetics
international trade compliance manager in perfume and cosmetics
international trade manager in perfume and cosmetics
graduate export manager in perfume and cosmetics
senior export manager in perfume and cosmetics
import export manager in perfume and cosmetics
assistant import manager in perfume and cosmetics
graduate import manager in perfume and cosmetics
trainee import export manager in perfume and cosmetics
customs compliance manager in perfume and cosmetics
trainee export manager in perfume and cosmetics","Import export managers in perfume and cosmetics install and maintain procedures for cross-border business, coordinating internal and external parties.",BATCH_SPLIT_ERROR,BATCH_SPLIT_ERROR,BATCH_SPLIT_ERROR,BATCH_SPLIT_ERROR,BATCH_SPLIT_ERROR,False,False,True
687671c0ebd2bf665349dd45,http://data.europa.eu/esco/occupation/d9632b0a-3c95-4a8a-a15c-c5413beda52e,"786f4dad-9a28-47f6-bbc8-27156af90b8e
a340f6a4-55fd-4681-804f-eec92c1c7b18
b766f860-f8da-4a23-a77c-089b22cb0487
b4594cf7-9f65-40da-ad4b-5dae2f7f724a
1074ef39-305c-427b-beea-e3800844c4da",1324,1324.3.2.28,,,http://data.europa.eu/esco/regulated-professions/unregulated,escooccupation,True,import export manager in pharmaceutical goods,"import export manager in pharmaceutical goods
customs compliance manager in pharmaceutical goods
senior import export manager in pharmaceutical goods
trainee import export manager in pharmaceutical goods
assistant export manager in pharmaceutical goods
graduate export manager in pharmaceutical goods
international trade manager in pharmaceutical goods
graduate import manager in pharmaceutical goods
trainee export manager in pharmaceutical goods
senior import manager in pharmaceutical goods
assistant import manager in pharmaceutical goods
trainee import manager in pharmaceutical goods
assistant import export manager in pharmaceutical goods
international trade compliance manager in pharmaceutical goods
senior export manager in pharmaceutical goods
graduate import export manager in pharmaceutical goods","Import export managers in pharmaceutical goods install and maintain procedures for cross-border business, coordinating internal and external parties.",BATCH_SPLIT_ERROR,BATCH_SPLIT_ERROR,BATCH_SPLIT_ERROR,BATCH_SPLIT_ERROR,BATCH_SPLIT_ERROR,False,False,True
687671c0ebd2bf665349dd46,http://data.europa.eu/esco/occupation/afcf9d03-6e51-4548-8cec-cfa50972929d,"d59159ee-c84b-4772-816e-5040723a1a94
ab7c76cf-52f7-436e-8f8d-d5e07dd21a4e
baa6875e-0c3f-4f30-b112-d7e748fc86d6
470a8856-8904-488b-96c3-db0af568de9e
febe39c8-3cf3-4606-b0b1-bb5a1a8fad7b",1324,1324.3.2.29,,,http://data.europa.eu/esco/regulated-professions/unregulated,escooccupation,True,"import export manager in sugar, chocolate and sugar confectionery","graduate import manager in sugar, chocolate and sugar confectionery
assistant import export manager in sugar, chocolate and sugar confectionery
graduate import export manager in sugar, chocolate and sugar confectionery
graduate export manager in sugar, chocolate and sugar confectionery
import export manager in sugar, chocolate and sugar confectionery
senior export manager in sugar, chocolate and sugar confectionery
international trade manager in sugar, chocolate and sugar confectionery
assistant export manager in sugar, chocolate and sugar confectionery
assistant import manager in sugar, chocolate and sugar confectionery
customs compliance manager in sugar, chocolate and sugar confectionery
senior import export manager in sugar, chocolate and sugar confectionery
trainee import manager in sugar, chocolate and sugar confectionery
international trade compliance manager in sugar, chocolate and sugar confectionery
senior import manager in sugar, chocolate and sugar confectionery
trainee export manager in sugar, chocolate and sugar confectionery
trainee import export manager in sugar, chocolate and sugar confectionery","Import export managers in sugar, chocolate and sugar confectionery install and maintain procedures for cross-border business, coordinating internal and external parties.",BATCH_SPLIT_ERROR,BATCH_SPLIT_ERROR,BATCH_SPLIT_ERROR,BATCH_SPLIT_ERROR,BATCH_SPLIT_ERROR,False,False,True
687671c0ebd2bf665349dd47,http://data.europa.eu/esco/occupation/9faaae26-804d-48f3-97b0-84f7e1aceae8,"68481ebf-f32d-4dab-8060-1d58cc3b4658
7a13e86d-d674-4113-a4fb-d3dc697189f9
c47b9f93-8e42-48fd-829c-4cc4c218d18a
6bd3f772-be37-4cb1-9e50-3c9d027d0e7a
b5fbf5e1-cb7c-483a-9e3a-1a4f23bc9ea4",1324,1324.3.2.3,,,http://data.europa.eu/esco/regulated-professions/unregulated,escooccupation,True,import export manager in beverages,"trainee import manager in beverages
senior import export manager in beverages
assistant import export manager in beverages
graduate import manager in beverages
trainee export manager in beverages
senior export manager in beverages
graduate export manager in beverages
assistant export manager in beverages
senior import manager in beverages
international trade compliance manager in beverages
customs compliance manager in beverages
assistant import manager in beverages
international trade manager in beverages
trainee import export manager in beverages
graduate import export manager in beverages
import export manager in beverages","Import export managers in beverages install and maintain procedures for cross-border business, coordinating internal and external parties.",BATCH_SPLIT_ERROR,BATCH_SPLIT_ERROR,BATCH_SPLIT_ERROR,BATCH_SPLIT_ERROR,BATCH_SPLIT_ERROR,False,False,True
687671c0ebd2bf665349dd48,http://data.europa.eu/esco/occupation/972ef593-89c3-468b-aad5-81bc575feb58,"ab015fcc-a0ad-4981-8ba9-05997a269c0f
3bc984bb-40b4-43cf-a0c9-940127632cca
39383628-9da8-4798-97b1-c7b57829090a
ffe36352-e48f-4c98-bf51-e6f9ca66ba1d
1ae10153-457d-4569-b832-2a2062f9ef0e",1324,1324.3.2.30,,,http://data.europa.eu/esco/regulated-professions/unregulated,escooccupation,True,import export manager in textile industry machinery,"graduate import manager in textile industry machinery
senior import export manager in textile industry machinery
assistant export manager in textile industry machinery
import export manager in textile industry machinery
assistant import manager in textile industry machinery
senior import manager in textile industry machinery
trainee import manager in textile industry machinery
assistant import export manager in textile industry machinery
international trade compliance manager in textile industry machinery
senior export manager in textile industry machinery
international trade manager in textile industry machinery
trainee import export manager in textile industry machinery
customs compliance manager in textile industry machinery
graduate export manager in textile industry machinery
graduate import export manager in textile industry machinery
trainee export manager in textile industry machinery","Import export managers in textile industry machinery install and maintain procedures for cross-border business, coordinating internal and external parties.",BATCH_SPLIT_ERROR,BATCH_SPLIT_ERROR,BATCH_SPLIT_ERROR,BATCH_SPLIT_ERROR,BATCH_SPLIT_ERROR,False,False,True
687671c0ebd2bf665349dde9,http://data.europa.eu/esco/occupation/7f2761eb-4edc-48ad-9fbf-eed0a0db9a21,"b4c536f9-e4e7-462f-89c8-b4313217a5d5
e635e951-5e0a-43e7-9f49-6c4e17a0c3dd
a1f500e4-28c7-4746-8772-7845d8645278
b23dc040-0e0f-4683-b30d-8cfb8f50c6c7
272b51d4-a90f-4907-a727-a349e96ab2c6",2111,2111.3,,"Includes:
- people performing specialised activities within nuclear, molecular, optical physics, astrophysics, medical physics, economical physics and matter physics",http://data.europa.eu/esco/regulated-professions/unregulated,escooccupation,True,physicist,"Physicist Electronics
Physicists Nuclear
ballist physicist
biophysicist
forensic physicist
medical physicist
neurologist
nuclear physicist
petrophysicist
physicist
physics analyst
physics research scientist
physics researcher
physics scholar
physics science researcher
physics scientist","Physicists are scientists who study physical phenomena. They focus their research depending on their specialisation, which can range from atomic particle physics to the study of phenomena in the universe. They apply their findings for the improvement of society by contributing to the development of energy supplies, treatment of illness, game development, cutting-edge equipment, and daily use objects.",BATCH_SPLIT_ERROR,BATCH_SPLIT_ERROR,BATCH_SPLIT_ERROR,BATCH_SPLIT_ERROR,BATCH_SPLIT_ERROR,False,False,True
687671c0ebd2bf665349ddea,http://data.europa.eu/esco/occupation/1c862e14-80f8-4aa8-8f1c-fd2ca95b63ad,"da59ed5a-c24e-4606-8d23-24a513499844
fd5e0b3c-566c-48fb-9473-5e6cd33abbb6
d1ce08c4-36b0-4a20-85d7-9dcd8b0f86c7
c9b275d0-a25f-474b-a561-b221d0674581
cb49d6c3-61f8-4cf6-a773-8af24673a26f",2112,2112.1,,,http://data.europa.eu/esco/regulated-professions/unregulated,escooccupation,True,meteorologist,"atmospheric research scientist
meteorologist
atmospheric science researcher
atmospheric researcher
atmospheric analyst
meteorology research analyst
atmospheric scientist
marine meteorologist
meteorology research scientist
meteorology analyst
meteorology researcher
atmospheric research analyst
meteorology science researcher
meteorology scientist","Meteorologists study climate processes, measure and predict weather patterns and provide consultancy services to a variety of weather information users. They work out models for weather forecasting, develop instruments to collect meteorological data and compile statistics and databases.",BATCH_SPLIT_ERROR,BATCH_SPLIT_ERROR,BATCH_SPLIT_ERROR,BATCH_SPLIT_ERROR,BATCH_SPLIT_ERROR,False,False,True
687671c0ebd2bf665349ddeb,http://data.europa.eu/esco/occupation/2960c96e-7228-4327-b0a1-85fc13691844,"abb4c028-8eff-4632-8086-0325c5e36095
1aa7b7f0-391e-4176-a02a-c11450a9ae34
533e400f-62b9-4266-8af9-4a004c7b0113
237496ca-d17a-4f09-b384-f2f0809b4967
54e3c17d-52cd-4143-8836-52ee9e7e5408",2112,2112.1.1,,,http://data.europa.eu/esco/regulated-professions/unregulated,escooccupation,True,aviation meteorologist,"aviation meteorologist
aviation meteorological specialist
meteorologist
meteorological aviation inspector
air meteorologist
specialist in aviation meteorology
airline meteorologist
air navigation meteorologist
meteorological technician","Aviation meteorologists forecast weather conditions in airports. They provide day-to-day, hour-to-hour observations, analysis, forecasts, warnings, and advice to pilots, airport operators and airlines in meteorological matters. They report weather conditions expected at airports, current conditions, and en route forecasts.",BATCH_SPLIT_ERROR,BATCH_SPLIT_ERROR,BATCH_SPLIT_ERROR,BATCH_SPLIT_ERROR,BATCH_SPLIT_ERROR,False,False,True
687671c0ebd2bf665349ddec,http://data.europa.eu/esco/occupation/3dbd758c-6dc0-41fe-8248-2250c9bfa4ab,"2aaf5788-d73d-47bd-aea5-5281cf1878f4
64c4767a-f25a-41c7-8499-ed9c7e048049
d5e68c46-9878-4204-9468-094e6762cd79
0971ee55-3bbf-418a-962f-b13f5b2839b3
1b34e917-9e5b-42b2-b0dc-27d0f3837219",2112,2112.1.2,,,http://data.europa.eu/esco/regulated-professions/unregulated,escooccupation,True,climatologist,"climate science researcher
climate research scientist
climatology analyst
climatologist
climatology researcher
climatology scientist
climate scholar
climatology scholar
climatologists
climate research analyst
climate scientist
climate researcher
climate analyst
climatology research analyst
climatology research scientist
climatology science researcher","Climatologists study the average change in weather and climate from a long-term perspective. They research and analyse historic weather conditions in order to forecast climatic conditions trends such as changes in temperature, global warming, or regional evolutive weather conditions. They use these findings for advising on environmental policy, construction, agricultural projects, and societal matters.",BATCH_SPLIT_ERROR,BATCH_SPLIT_ERROR,BATCH_SPLIT_ERROR,BATCH_SPLIT_ERROR,BATCH_SPLIT_ERROR,False,False,True
687671c0ebd2bf665349dded,http://data.europa.eu/esco/occupation/0809ea8a-4f77-4351-a7f1-b9a7b99b6c0b,"76c86e96-0f4f-44ce-8ca0-8d69eab8aa6f
88f49867-ba85-4222-b2ea-4052de5f46e5
2e8db764-2bff-410c-a5c6-9b141ab58d6c
d43d7281-9509-40f3-9fe9-64411fe9ed05
333a74c7-167a-4c2e-8fb9-f20d69eee66a",2112,2112.1.3,,,http://data.europa.eu/esco/regulated-professions/unregulated,escooccupation,True,weather forecaster,"weather forecast anchor
meteorology science researcher
media weather forecaster
senior weather forecaster
meteorology research analyst
weather anchor
meteorology scientist
meteorology analyst
numerical weather forecaster
on-line weather forecaster
meteorology researcher
weather presenter
operational weather forecaster
weather forecast presenter
weather forecasters
weather forecaster","Weather forecasters gather meteorological data. They predict the weather according to these data. Weather forecasters present these forecasts to the audience via radio, television or online.",BATCH_SPLIT_ERROR,BATCH_SPLIT_ERROR,BATCH_SPLIT_ERROR,BATCH_SPLIT_ERROR,BATCH_SPLIT_ERROR,False,False,True
687671c1ebd2bf665349de75,http://data.europa.eu/esco/occupation/d2df16f3-87d7-4c6e-a640-95cee39a8f4e,"9dfccfec-6d8c-481b-93fa-70b8fe9e7e08
57d462bd-1bbb-42cc-a75c-08a4332c21ee
6254f2c3-45e5-466c-9693-d1ecd6dce4de
509c603e-c362-4a52-93e8-c2e482e8fd60
debb554e-fddb-4a97-bbc4-0ec434d7a4ca",2145,2145.1.3,,,http://data.europa.eu/esco/regulated-professions/unregulated,escooccupation,True,cider master,"cider master
cider maker
cider production manager
cider manufacture manager
master cider maker",Cider masters envision the manufacturing process of cider. They ensure brewing quality and follow one of several brewing processes. They modify existing brewing formulas and processing techniques in order to develop new cider products and cider-based beverages.,BATCH_SPLIT_ERROR,BATCH_SPLIT_ERROR,BATCH_SPLIT_ERROR,BATCH_SPLIT_ERROR,BATCH_SPLIT_ERROR,False,False,True
687671c1ebd2bf665349de76,http://data.europa.eu/esco/occupation/4b709f9e-6112-4d58-81b0-2d6e6a69d61b,"fb01cf8b-c0bc-49d9-be16-81db088dbe1f
8f0556b2-37a5-4e0a-8064-b3ff67b05eef
919980e9-357b-43a7-8fdd-1b31bbd3cf38
f84a6866-4228-4ee9-99d9-be0d69c91f7d
1d1b1085-51db-4909-94ab-bbea0dc779b6",2145,2145.1.4,,,http://data.europa.eu/esco/regulated-professions/unregulated,escooccupation,True,food technologist,"food technology specialist
food technologist
food technology expert
food tech expert
food tech specialist","Food technologists develop processes for manufacturing foodstuffs and related products based on chemical, physical, and biological principles and technology. They design and plan layouts or equipment, oversee staff, engage in controlling, and improve food technologies in food production processes.",BATCH_SPLIT_ERROR,BATCH_SPLIT_ERROR,BATCH_SPLIT_ERROR,BATCH_SPLIT_ERROR,BATCH_SPLIT_ERROR,False,False,True
687671c1ebd2bf665349de77,http://data.europa.eu/esco/occupation/7bc02fa7-7aaa-41a6-be5b-ab7a7b6684d3,"affe7b32-66af-4ce1-8984-265d5347ad58
95fffb7a-bd47-4014-9f03-a9ff1e11d40c
4eb76d79-3938-4636-a3bc-982bda8001d1
f19fad44-86dd-4d6c-a0c2-910d99fb2937
1898ccb3-a006-447f-9675-17988f69e196",2145,2145.1.5,,,http://data.europa.eu/esco/regulated-professions/unregulated,escooccupation,True,gas distribution engineer,"gas distribution process engineer
gas distribution pipeline engineer
natural gas transmission system engineer
gas distribution technology engineering specialist
gas distribution engineer
gas distribution technology engineering expert
gas distribution system engineer
gas distribution engineering expert
gas distribution network engineer
gas distribution technology engineering consultant
gas distribution technology engineer
gas distributions engineer
gas distribution technology engineering adviser
gas distribution engineering consultant
gas distribution engineering adviser
gas transmission engineer
natural gas distribution engineer
gas distribution research engineer
gas distribution engineering specialist
LPG distribution engineer
gas transmission system engineer","Gas distribution engineers design and construct transport systems for natural gas, connecting the gas distribution network to the consumer by designing piping works and mains. They research methods to ensure sustainability, and to decrease environmental impact, as well as optimising cost efficiency.",BATCH_SPLIT_ERROR,BATCH_SPLIT_ERROR,BATCH_SPLIT_ERROR,BATCH_SPLIT_ERROR,BATCH_SPLIT_ERROR,False,False,True
687671c1ebd2bf665349de78,http://data.europa.eu/esco/occupation/89860c2a-d217-432a-8636-84aa17f09c15,"ea40f855-889c-4072-9fa0-c29c5b9b53d0
cb5bb87a-5997-48d5-95e3-e65c85e50bcb
d8295395-8e32-4bce-9f98-b83b9850c2a9
50f5698e-9a89-4af3-ade6-9263cad6f9ef
284e0da5-9783-47bd-b673-62f7cc6c55f6",2145,2145.1.6,,,http://data.europa.eu/esco/regulated-professions/unregulated,escooccupation,True,gas production engineer,"gas production engineering expert
gas production engineering specialist
gas production technology engineering consultant
gas production technology engineering adviser
gas production technology engineer
gas production engineering consultant
gas production engineering adviser
petroleum production engineer
gas production engineer
gas production technology engineering specialist
gas production engineers
gas production technology engineering expert","Gas production engineers develop methods to optimise the extraction and production of gas for energy and utilities. They design systems for gas production, supervise production operations and develop improvements on existing systems.",BATCH_SPLIT_ERROR,BATCH_SPLIT_ERROR,BATCH_SPLIT_ERROR,BATCH_SPLIT_ERROR,BATCH_SPLIT_ERROR,False,False,True
687671c1ebd2bf665349de79,http://data.europa.eu/esco/occupation/497a65bf-04e5-48ed-939e-2a68419f8144,"4aefd378-b1f5-429e-814c-7539159507fe
37ab9006-3e59-46b4-b85e-d886dfaab504
f4f6d856-09cc-4fee-8572-26a85ab1248e
f2eae8b0-1032-45a3-874a-3acdf05760e7
89839f2b-4dd0-4235-8c4a-6ab8a33263ae",2145,2145.1.7,,,http://data.europa.eu/esco/regulated-professions/unregulated,escooccupation,True,oenologist,"winery cellar master
wine producer
oenologist
wine maker
wine advisor
wine production expert
wine production specialist",Oenologists track the wine manufacturing process in its entirety and supervise the workers in wineries. They supervise and coordinate production to ensure the quality of the wine and also give advice by determining the value and classification of wines being produced.,BATCH_SPLIT_ERROR,BATCH_SPLIT_ERROR,BATCH_SPLIT_ERROR,BATCH_SPLIT_ERROR,BATCH_SPLIT_ERROR,False,False,True
687671c1ebd2bf665349deed,http://data.europa.eu/esco/occupation/068df7d1-516f-4829-b339-294cb0cf6318,"e0207436-062b-40f3-b2dd-18d1f7bd57e6
dc91189e-f3a3-49d6-81c0-70494faff240
d3a08219-2d63-41d1-b53f-722b3352cfee
9f2fa86a-081a-424e-b2ed-109698bff44d
3eee7ebf-8572-4b6a-ad28-7a4c26f0c937",2166,2166.11,,,http://data.europa.eu/esco/regulated-professions/unregulated,escooccupation,True,performance lighting designer,"lighting designer
lighting technician and designer
lighting designer & technician
performance lighting creator
lighting technician & designer
lighting designer and technician
theatre lighting designer
performance lighting designer","Performance lighting designers develop a lighting design concept for a performance and supervise the execution of it. Their work is based on research and artistic vision. Their design is influenced by and influences other designs and must be conform with these designs and the overall artistic vision. Therefore, the designers work closely with artistic directors, operators and the artistic team. During rehearsals and performance, they coach the operators to obtain optimal timing and manipulation. Performance lighting designers develop lighting plots, cue lists and other documentation to support the operators and production crew. They sometimes also work as autonomous artists, creating light art outside a performance context.",BATCH_SPLIT_ERROR,BATCH_SPLIT_ERROR,BATCH_SPLIT_ERROR,BATCH_SPLIT_ERROR,BATCH_SPLIT_ERROR,False,False,True
687671c1ebd2bf665349deee,http://data.europa.eu/esco/occupation/c995fe34-0909-4ce3-b7b7-97945efede56,"c94b305f-e557-49c2-8c31-fb42c9a0d9b3
bd8ef92c-8c31-416c-a1d2-abef1897dcbc
8bc9d18a-1c0b-4e08-8d36-be71a617b363
4af56be5-c0b9-41ff-9500-4f199480abf7
f4bf1a39-2c47-42ed-bc0f-ae6ef52ab7af",2166,2166.12,,This occupation is focused on live performance and not on media or broadcast activities. Includes activities in event and rental companies.,http://data.europa.eu/esco/regulated-professions/unregulated,escooccupation,True,performance video designer,"projection & video designer
video designer
graphics and video designer
video & graphics designer
video and projection designer
visual designer
projection designer
projection and video designer
graphics & video designer
video & projection designer
video and graphics designer
video jockey
performance video designer","Performance video designers develop a projected image design concept for a performance and supervise the execution of it. Their work is based on research and artistic vision. Their design is influenced by and influences other designs and must be conform with these designs and the overall artistic vision. Therefore, the designers work closely with artistic directors, operators and the artistic team. Performance video designers prepare media fragments to be used in a performance, which can involve recording, composing, manipulating and editing. They develop plans, mapping, cue lists and other documentation to support the operators and production crew. They sometimes also work as autonomous artists, creating video art outside a performance context.",BATCH_SPLIT_ERROR,BATCH_SPLIT_ERROR,BATCH_SPLIT_ERROR,BATCH_SPLIT_ERROR,BATCH_SPLIT_ERROR,False,False,True
687671c1ebd2bf665349deef,http://data.europa.eu/esco/occupation/b1c0714d-77f1-4732-8fd8-9f0739fb9974,"64d66dd1-05e0-47a4-ba1d-42a8aab51ac1
4ca12a62-3db8-4f21-b66a-86903d44aa0d
c7e8338e-eb64-41bc-85ff-e5f699814f13
0fe19960-628f-4976-b219-49dfd154e796
6dd8d578-33fb-4e0c-91cf-03466d1066c4",2166,2166.13,,,http://data.europa.eu/esco/regulated-professions/unregulated,escooccupation,True,special effects artist,"special effect image designer
special effects artist
special effects animator
digital effects specialist
visual effects artist
special effects technician
senior special effects artist
digital effects artist
special effects specialist","Special effects artists create illusions for movies, videos and computer games. They use computer software.",BATCH_SPLIT_ERROR,BATCH_SPLIT_ERROR,BATCH_SPLIT_ERROR,BATCH_SPLIT_ERROR,BATCH_SPLIT_ERROR,False,False,True
687671c1ebd2bf665349def0,http://data.europa.eu/esco/occupation/364d9e9f-b14c-4905-b9e5-5de623dba268,"bf15d42b-3928-4566-8620-793d08de84f4
ef621135-899d-4889-a2e2-9789394676c2
09437217-d754-4b11-823c-0631ae19403d
6f233f0c-e76d-4594-8e4d-b76921c1393e
8af4ef3a-915f-41ab-8a27-f86b55641e3e",2166,2166.14,,,http://data.europa.eu/esco/regulated-professions/unregulated,escooccupation,True,stop-motion animator,"stop motion animation specialist
3D stop-motion animator
puppet animator
stop motion animator
stop motion animators
2D stop-motion animator
stop-motion clay animator
stop-motion animator
stop-motion animation artist
stop motion animation designer
stop-motion artist
stop motion artist
stop motion animation artist
stop-motion puppet animator
model animator",Stop-motion animators create animations by using puppets or clay models.,BATCH_SPLIT_ERROR,BATCH_SPLIT_ERROR,BATCH_SPLIT_ERROR,BATCH_SPLIT_ERROR,BATCH_SPLIT_ERROR,False,False,False
687671c1ebd2bf665349def1,http://data.europa.eu/esco/occupation/951b9d94-9bf1-4771-877d-3a26b75d9e53,"5335094c-3617-4a16-97cf-c82aadab9798
83051e96-aeb1-494c-ab57-a2f01eee89ed
0fbcdb44-0b64-4127-b5da-333c3ad6ea71
8666a177-61ae-4ebb-9ee6-e9afadce4f47
a8d9c26d-b6c1-43d5-b169-18d1ef3d798a",2166,2166.2,,"Excludes:
- [3D animator](urn:esco:occupation:52df9d56-efd4-48d0-ad93-59231943fc4c)
- people performing the organisation of the shots in which the 3D concepts are used",http://data.europa.eu/esco/regulated-professions/unregulated,escooccupation,True,animation layout artist,"layout technical director
layout animator
background layout artist
set up technical director
2D layout artist
3D layout artist
3D layout animator
senior layout artist
animation layout designer
animation layout artist
lead layout artist
2D layout animator
layout artist","Animation layout artists work with the cameramen and director to coordinate and create optimal 3D animation shots. They translate 2D storyboards into 3D animated shots and are responsible for camera angles, frames and lighting of animation scenes. Animation layout artists decide which action takes place in which animation scene.",BATCH_SPLIT_ERROR,BATCH_SPLIT_ERROR,BATCH_SPLIT_ERROR,BATCH_SPLIT_ERROR,BATCH_SPLIT_ERROR,False,False,True
687671c1ebd2bf665349df1a,http://data.europa.eu/esco/occupation/1d75ea5a-f902-4b47-8d63-5c6d2a5c0bb5,"a3306421-6561-424f-900f-69486b6c7a6d
4bc133ee-f7b1-4e33-a0c4-c6cf4d472d1c
f82a33cd-2b16-4a71-a1ae-7119e8f30664
c07bb7fc-cc9d-4780-90db-41e4911cacb4
4bef91fc-0a37-4ff2-9bfa-ddef84a61979",2263,2263.3.1,,,http://data.europa.eu/esco/regulated-professions/unregulated,escooccupation,True,ergonomist,"ergonomic researcher
ergonomic scientist
ergonomic science researcher
ergonomists
ergonomist
ergonomic research scientist
ergonomic research analyst
ergonomic analyst","Ergonomists analyse the design of equipment, furniture, and systems in order to improve it toward safer, healthier, and more efficient ones. They strive to improve the interaction of people with equipment and the environment.",BATCH_SPLIT_ERROR,BATCH_SPLIT_ERROR,BATCH_SPLIT_ERROR,BATCH_SPLIT_ERROR,BATCH_SPLIT_ERROR,False,False,True
687671c1ebd2bf665349df1b,http://data.europa.eu/esco/occupation/bf802371-4758-4268-a780-58e3d269831b,"a1300e46-2995-4aaf-88cb-1012ec418a51
f328b65d-e053-4ee0-bdb2-6523efa23dd8
28d859a3-927b-4241-a4d0-0a5f14f28177
7e5e9d12-64b7-4714-a248-4d1cb123ac68
cecaddce-d777-4e63-aca6-52ebe97b2625",2263,2263.5,,,http://data.europa.eu/esco/regulated-professions/unregulated,escooccupation,True,radiation protection officer,"radiation protection manager
radiation protection officer
radiation protection advisor
radiation protection team leader
radiation protection supervisor",Radiation protection officers are responsible for the protection from harmful effects caused by exposure to ionising radiation. They ensure compliance with legislation and regulations by enforcing safety measures. Furthermore they develop radiation protection plans in particular for nuclear plants and facilities.,BATCH_SPLIT_ERROR,BATCH_SPLIT_ERROR,BATCH_SPLIT_ERROR,BATCH_SPLIT_ERROR,BATCH_SPLIT_ERROR,False,False,True
687671c1ebd2bf665349df1c,http://data.europa.eu/esco/occupation/a317e9c2-62d5-4a24-8ad4-5cb7b9db3f3b,"193bb731-5fca-49b3-b2ca-b4314434f6db
65a64ef3-c03a-4b71-aa95-1f7bed89d66f
c858e8d8-748a-4a34-8b04-2e095e00cf0b
ae90fc8f-f41c-4604-9201-166bfba0ec00
d767aaf2-a5ce-4151-92e2-4cbc1910ffcc",2264,2264.1,,,http://data.europa.eu/esco/regulated-professions/unregulated,escooccupation,True,advanced physiotherapist,"Geriatric Physiotherapist
advanced physiotherapist
clinical lead physiotherapist
lead cardiovascular physiotherapist
lead manipulative physiotherapist
lead neurological physiotherapist
lead neuromuscular physiotherapist
lead neuromusculoskeletal physiotherapist
lead occupational physiotherapist
lead remedial physiotherapist
lead respiratory physiotherapist
physiotherapy lead
physiotherapy manager
physiotherapy team lead
physiotherapy team leader
senior occupational health physiotherapist
senior physiotherapist
senior specialist physiotherapist
specialist physiotherapist","Advanced physiotherapists are highly specialised. They make complex decisions and manage risks in unpredictable contexts and within a defined area. They may focus on a specific area of clinical practice, education, research or professional management.",BATCH_SPLIT_ERROR,BATCH_SPLIT_ERROR,BATCH_SPLIT_ERROR,BATCH_SPLIT_ERROR,BATCH_SPLIT_ERROR,False,False,True
687671c1ebd2bf665349df1d,http://data.europa.eu/esco/occupation/006cc1f9-2841-41c3-991a-dc3f2f3bd533,"1885d1e8-a45b-4523-b5b1-8835d97e8294
42c949c4-9955-4fe6-92cf-272013f68e00
b5dd2f0a-0b66-4c24-be0a-a5941796ae88
fe1c4626-3f1e-4997-9c66-a9281b71c879
b968f668-97f3-4495-901f-bb1491784591",2264,2264.2,,,http://data.europa.eu/esco/regulated-professions/unregulated,escooccupation,True,physiotherapist,"Ergonomic Physiotherapist
Musculoskeletal- and Orthopaedic Physiotherapist
Orthopaedic Manual Physiotherapist
Orthopaedic Therapist
Paediatric physical therapist
Palliative Physiotherapist
bobath physiotherapist
business physiotherapist
cardiovascular physiotherapist
chiropractic therapist
chiropractor
eurythmy therapist
health and well-being therapist
health promotion worker
hydrotherapist
manipulative physiotherapist
masseuse
neurodevelopmental physiotherapist
neurological physiotherapist
neuromuscular physiotherapist
neuromusculoskeletal physiotherapist
occupational physiotherapist
occupational therapist
osteopath
physical therapist
physiotherapist
physiotherapist manager
rehabilitation therapist
remedial physiotherapist
respiratory physiotherapist
respiratory therapist
sports physiotherapist","Physiotherapists are autonomous health professionals who are responsible for developing, maintaining or restoring motor function and movement throughout the lifespan using evidence-based practice. They relieve pain and treat or prevent physical conditions associated with injury, disease or other impairments. Physiotherapists empower patients and their carers to manage the condition outside clinical settings. They work within their scope of practice and their professional Code of Conduct.",BATCH_SPLIT_ERROR,BATCH_SPLIT_ERROR,BATCH_SPLIT_ERROR,BATCH_SPLIT_ERROR,BATCH_SPLIT_ERROR,False,False,True
687671c1ebd2bf665349df1e,http://data.europa.eu/esco/occupation/8a53f8d3-d995-4c7b-a70d-d79f76bdcb3f,"7bf4d3e0-ec15-4837-9c4c-ca9e85905907
18167be2-e535-4c26-aa93-938fb4affef5
eacc968c-2241-43cd-a9f4-76a1f3e2fcd4
e1f3e82f-7816-4942-8e3a-ad3d1e2ef078
30a2192f-ddc1-4c35-8b47-0174da7768df",2265,2265.1,,"Includes:
- people performing education activities to develop healthy and balanced food habits in people's daily lives",http://data.europa.eu/esco/regulated-professions/unregulated,escooccupation,True,dietitian,"Food Service dietician
dietician
dietitian
public health nutritionist
specialist dietician","Dietitians assess specific nutritional requirements of populations or individuals throughout their lives and translate this into advice which will maintain, reduce risk to, or restore people’s health. Using evidence-based approaches, dietitians work to empower individuals, families and groups to provide or select food which is nutritionally adequate, safe, tasty and sustainable. Beyond healthcare, dietitians improve the nutritional environment for all through governments, industry, academia and research.",BATCH_SPLIT_ERROR,BATCH_SPLIT_ERROR,BATCH_SPLIT_ERROR,BATCH_SPLIT_ERROR,BATCH_SPLIT_ERROR,False,False,True
687671c1ebd2bf665349df79,http://data.europa.eu/esco/occupation/d185c066-cddf-4a8c-a931-5eefc21fc2a1,"1d101716-b1c6-43d1-9e01-2d36919cb3cb
60fbf01c-6cf1-4661-a2ab-e7082a2f003a
77032680-fd5a-4082-94a5-85f04fca296a
394eb641-8aad-48cc-800a-42bc59ab855f
da5c4b1f-a62a-4c39-80c8-f958e3d7ebd4",2320,2320.1.8,,,http://data.europa.eu/esco/regulated-professions/unregulated,escooccupation,True,cabin crew instructor,"inflight service instructor
flight service instructor
trainer of cabin crew
instructor of cabin crew
cabin service instructor
flight attendant trainer
cabin crew instructor
cabin crew trainer
flight attendant instructor","Cabin crew instructors teach trainees all the matters regarding the operations in aircraft cabins. They teach, depending on the type of airplane, the operation carried out in the aircraft, the pre and post flight checks, the safety procedures, the service equipment, and client service procedures and formalities.",BATCH_SPLIT_ERROR,BATCH_SPLIT_ERROR,BATCH_SPLIT_ERROR,BATCH_SPLIT_ERROR,BATCH_SPLIT_ERROR,False,False,True
687671c1ebd2bf665349df7a,http://data.europa.eu/esco/occupation/9e1a31bf-2963-40f4-95af-cedc3fbac537,"a24e287d-6e12-4f2a-ae01-5a3c942b1829
f378a67a-c35b-4afa-b02c-6953983a94ae
0103a737-650b-4804-86af-c6434baeee3a
1fcc6713-f87a-4a7a-b8a4-5dbb3686e855
c2c730b9-84af-4ea8-873e-c713907d1b13",2320,2320.1.9,,,http://data.europa.eu/esco/regulated-professions/unregulated,escooccupation,True,design and applied arts vocational teacher,"educator in design and applied arts
design and applied arts teacher
applied arts and crafts vocational teacher
vocational teacher in design and applied arts
design and applied arts vocational teacher
vocational instructor in design and applied arts
art and design teacher
vocational design and applied arts educator
design and applied arts instructor
art and design instructor
teacher of applied arts and crafts
vocational teacher in art and design","Design and applied arts vocational teachers instruct students in their specialised field of study, applied arts and crafts, which is predominantly practical in nature. They provide theoretical instruction in service of the practical skills and techniques the students must subsequently master for an applied arts and crafts profession, such as graphic designer or interior designer. Design and applied arts vocational teachers monitor the students' progress, assist individually when necessary, and evaluate their knowledge and performance on the subject of applied arts and crafts through assignments, tests and examinations.",BATCH_SPLIT_ERROR,BATCH_SPLIT_ERROR,BATCH_SPLIT_ERROR,BATCH_SPLIT_ERROR,BATCH_SPLIT_ERROR,False,False,True
687671c1ebd2bf665349df7b,http://data.europa.eu/esco/occupation/5efb2c08-ba3a-4659-a2e4-1883f54e77b6,"00c6c0bb-ef73-4b73-98de-76e19c340870
caef34cf-eed9-4039-a139-26c89c762b70
5d48f8f1-6f59-4c8e-8efc-09cf2bee7207
768a663e-460e-471b-9d67-b755f4bc7e89
bc947468-d926-4d5c-8887-5bbcbda27aad",2330,2330.1,,,http://data.europa.eu/esco/regulated-professions/unregulated,escooccupation,True,secondary school teacher,"Master, high school
Master, secondary education
Mistress, high school
Mistress: secondary education
academy school teacher
academy teacher
art teacher
comprehensive school teacher
design & technology teacher
general studies teacher
geography teacher
grammar school teacher
high school teacher
history teacher
home economics teacher
language teacher
maths teacher
physical education teacher
religious education teacher
science teacher
secondary school educator
secondary school schoolteacher
secondary school teacher
secondary school teaching assistant","Secondary school teachers provide education to students, commonly children and young adults, in a secondary school setting. They are usually specialist subject teachers, who instruct in their own field of study. They prepare lesson plans and materials, monitor the students' progress, assist individually when necessary and evaluate their knowledge and performance through assignments, tests and examinations.",BATCH_SPLIT_ERROR,BATCH_SPLIT_ERROR,BATCH_SPLIT_ERROR,BATCH_SPLIT_ERROR,BATCH_SPLIT_ERROR,False,False,True
687671c1ebd2bf665349df7c,http://data.europa.eu/esco/occupation/80ec8f3e-2cda-4ea6-a382-ece99589ccdd,"5a8c9990-30f9-417c-b008-c589ea4c1131
dce03240-7be5-4692-8bf5-40ebc14d38fa
90ac8109-37e9-40af-97cb-e56dc6b29381
f1f45fd3-fde8-463d-a537-1c5ca706a030
0f9124ad-df72-4fe6-bf36-a48fc526b48f",2330,2330.1.1,,,http://data.europa.eu/esco/regulated-professions/unregulated,escooccupation,True,art teacher secondary school,"secondary school art teacher
high school art teacher
teacher of art in high school
art teacher
art tutor in high school
high school art tutor
teacher of art in secondary school
secondary school art tutor
art teacher in high school
art teacher high school
art tutor in secondary school
art teacher secondary school","Art teachers at secondary schools provide education toÂ students, commonly children and young adults, in aÂ secondary school setting. They are usually subject teachers, specialised and instructing in their own field of study, art. They prepare lesson plans and materials, monitor the students progress, assist individually when necessary, and evaluate the students knowledge and performance on the subject of artÂ through assignments, tests and examinations.",BATCH_SPLIT_ERROR,BATCH_SPLIT_ERROR,BATCH_SPLIT_ERROR,BATCH_SPLIT_ERROR,BATCH_SPLIT_ERROR,False,False,True
687671c1ebd2bf665349df7d,http://data.europa.eu/esco/occupation/c011a88b-95ab-46ad-ad30-539e3fc56092,"fce5cd31-8ee3-4250-96ef-d2256ebe7fc2
4f0afc54-afc6-4818-b085-5a939dd3ab1a
ecc2531d-4f85-4818-bcd4-ae660f822445
fbb4807c-ed3a-4fe6-9487-a44eed37286e
56dc040a-7015-484c-aeef-87b96ea9d6d8",2330,2330.1.10,,,http://data.europa.eu/esco/regulated-professions/unregulated,escooccupation,True,literature teacher at secondary school,"literature teacher high school
secondary school literature tutor
high school literature teacher
high school literature tutor
literature teacher in high school
teacher of literature in high school
english literature teacher
english literature teacher in secondary schools
literature teacher
literature teacher at secondary school","Literature teachers at secondary schools provide education to students, commonly children and young adults, in a secondary school setting. They are usually subject teachers, specialised and instructing in their own field of study, literature. They prepare lesson plans and materials, monitor the students' progress, assist individually when necessary, and evaluate the students' knowledge and performance on the subject of literature through assignments, tests and examinations.",BATCH_SPLIT_ERROR,BATCH_SPLIT_ERROR,BATCH_SPLIT_ERROR,BATCH_SPLIT_ERROR,BATCH_SPLIT_ERROR,False,False,True
687671c1ebd2bf665349dfa6,http://data.europa.eu/esco/occupation/46db7e2e-d44d-412a-9a80-02d43111aca8,"7a20c4c4-d3aa-4967-849a-fb5a2bdb470a
824edb63-d16b-4cd2-aaad-36aa35a5b6ca
8cc49e17-32fb-49b2-ae18-57e5b15fda86
e09deca2-f771-4e1c-8802-d92bca175eb6
2d84dca1-3229-4899-b7e7-cc5ba1139411",2355,2355.5,,,http://data.europa.eu/esco/regulated-professions/unregulated,escooccupation,True,photography teacher,"teacher of photography
media arts teacher
photography teacher
educator in photography
teacher of media arts
photography tutor
photography educator
instructor in photography
photography instructor
tutor in photography","Photography teachers instruct students in the various techniques and styles of photography, such as (group) portrait, nature, travel, macro, underwater, black and white, panoramic, motion, etc. They provide students with a notion of photography history, but mainly focus on a practice-based approach in their courses, in which they assist students in experimenting with and mastering different photography techniques and encourage them to develop their own style. Photography teachers monitor students' progress and set up exhibitions to show of students' work to the public.",BATCH_SPLIT_ERROR,BATCH_SPLIT_ERROR,BATCH_SPLIT_ERROR,BATCH_SPLIT_ERROR,BATCH_SPLIT_ERROR,False,False,True
687671c1ebd2bf665349dfa7,http://data.europa.eu/esco/occupation/72bcb223-da77-4ed5-a03a-796fd5ece728,"dfd6a87d-7ed5-4ac3-8141-1eae4adee757
ad36dcd0-58ce-4767-8877-b7ace7f6fe23
759e2992-60db-4229-bcd5-1d687c52749d
570c420a-2fec-4d14-a05b-ab2ccbac623d
f5276739-2a6d-4d4c-80e2-23036ffde5fc",2355,2355.6,,,http://data.europa.eu/esco/regulated-professions/unregulated,escooccupation,True,visual arts teacher,"Tutor, handicrafts: private tuition
Tutor, painting: private tuition
arts and crafts instructor
arts and crafts teacher
educator in visual arts
instructor of arts and crafts
instructor of visual arts
painting teacher
sculpture teacher
specialist teacher in visual arts
specialist visual arts teacher
teacher of visual arts
visual arts educator
visual arts instructor
visual arts teacher","Visual arts teachers instruct students in various styles of visual arts, such as drawing, painting, and sculpting, in a recreational context. They provide students with an overview of art history, but primarily utilise a practice-based approach in their courses, in which they assist students to experiment with and master different artistic techniques, and encourage them to develop their own style.",BATCH_SPLIT_ERROR,BATCH_SPLIT_ERROR,BATCH_SPLIT_ERROR,BATCH_SPLIT_ERROR,BATCH_SPLIT_ERROR,False,False,True
687671c1ebd2bf665349dfa8,http://data.europa.eu/esco/occupation/9e657046-67ce-4e16-ab2e-ddb918638910,"1f4b11db-5ba8-4510-9f23-f44c5563e218
42d6a7d3-09f9-4b0a-a3c7-73306cd708c9
19250ad2-5f31-4991-b9fb-825dc0f07b41
03d68d4d-0d8f-454e-941e-742deef549a9
8251c730-b72c-4836-ad0f-e00d8e176829",2356,2356.1,,,http://data.europa.eu/esco/regulated-professions/unregulated,escooccupation,True,ICT trainer,"Consultant, Information Communication Technology: training
Consultant, computer training
ICT instructor
ICT trainer
ICT trainers
IT trainer
Trainer, internet
Trainer, software
blended learning trainer
distance-learning trainer
system trainer","ICT trainers conduct training-needs analysis and design programs to train students in the use of software packages and information systems accordingly. They produce and update existing training materials (content and method), deliver effective training in classroom, online or informally, monitor, evaluate and report effectiveness of training. They maintain and update expertise on specialised ICT subjects and evaluate and report on students' performance.",BATCH_SPLIT_ERROR,BATCH_SPLIT_ERROR,BATCH_SPLIT_ERROR,BATCH_SPLIT_ERROR,BATCH_SPLIT_ERROR,False,False,True
687671c1ebd2bf665349dfa9,http://data.europa.eu/esco/occupation/4588cd69-e6a5-4668-94c7-f02a3d86a649,"5a242059-0478-42dd-b2eb-5fd29abc1ec6
2edb36d6-cebe-4c75-91e0-7cabc12ef580
67863f45-73da-4256-8cce-94508853e0ab
bcac68bb-4eeb-43b3-a32d-fddb2acd1831
cf43ce63-ef29-48eb-a7a5-74e8e57d529c",2356,2356.1.1,,,http://data.europa.eu/esco/regulated-professions/unregulated,escooccupation,True,digital literacy teacher,"digital literacy educator
computer literacy instructor
digital literacy trainer
digital literacy teacher
digital literacy instructor
computer literacy teacher
digital literacy teaching practitioner
digital literacy lecturer
teacher of digital literacy
educator in digital literacy","Digital literacy teachers instruct students in the theory and practice of (basic) computer usage. They teach students digital literacy and, optionally, more advanced principles of computer science. They prepare the students with knowledge of software programmes ensure that computer hardware equipment is properly used. Digital literacy teachers construct and revise course content and assignments, and update them according to technological developments.",BATCH_SPLIT_ERROR,BATCH_SPLIT_ERROR,BATCH_SPLIT_ERROR,BATCH_SPLIT_ERROR,BATCH_SPLIT_ERROR,False,False,True
687671c1ebd2bf665349dfaa,http://data.europa.eu/esco/occupation/abab3d6a-82b9-49bd-8a4b-7bc678130558,"e6c7300c-c3a5-426b-895d-ec02dbccc35e
f9b24439-2df1-4c44-9d28-c5472e03767e
ae9b18bb-d1ca-4276-bbdd-a01125459029
312206a3-3cfb-47a1-beec-d2f067203898
5b0000a7-e210-4d7a-9047-df0ba91fd746",2359,2359.1,,,http://data.europa.eu/esco/regulated-professions/unregulated,escooccupation,True,academic advisor,"degree program guidance practitioner
academic student advisor
degree program advisor
higher education advisor
degree program coach
post-secondary level student advisor
education advisor
student career guide
academic advisor","Academic advisors assist students, at post-secondary level, in recognising and achieving their educational goals. They advise students on their schedule selection of school programmes, communicate to them degree requirements, and assist them in career planning. Academic advisors also discuss the student's academic performance and its implications and make suggestions for improvement including study advice. They also work closely with other university administrators and professors and ensure they are up to date on university or college regulation, program, or requirement changes.",BATCH_SPLIT_ERROR,BATCH_SPLIT_ERROR,BATCH_SPLIT_ERROR,BATCH_SPLIT_ERROR,BATCH_SPLIT_ERROR,False,False,True
687671c1ebd2bf665349e0b4,http://data.europa.eu/esco/occupation/af69484e-b43f-4685-b22d-f3418df45c4d,"64ea6be4-3436-4525-a086-59ac938fa250
253fb3c9-3152-43e5-8218-82ef95e71f14
a06ca090-029e-41dd-ba39-5b546a32d516
70fd4879-456b-4fd2-afdf-9a2dda66e6d3
fa178cd5-3562-4b9e-9b54-be05200e5e9f",2634,2634.2.4,,,http://data.europa.eu/esco/regulated-professions/unregulated,escooccupation,True,psychotherapist,"Clinical officer Specialist, Mental Health & Psychiatry
body psychotherapist
child psychotherapist
cognitive behavioural therapist
existential psychotherapist
expert in psychotherapy
expert psychotherapist
geriatric psychotherapist
gestalt psychotherapist
group psychotherapist
humanistic psychotherapist
hypno-psychotherapist
integrative psychotherapist
multi-modal psychotherapist
neuro-linguistic psychotherapist
person-centered psychotherapist
person-centred psychotherapist
positive psychotherapist
practitioner of psychotherapy
psychoanalytical psychotherapist
psychodrama psychotherapist
psychodynamic psychotherapist
psychotherapist
psychotherapy practitioner
psycoterapy expert
reality therapy psychotherapist
specialist psychotherapist
systemic therapist
transactional analytic psychotherapist
transpersonal psychotherapist
youth psychotherapist","Psychotherapists assist and treat healthcare users with varying degrees of psychological, psychosocial, or psychosomatic behavioural disorders and pathogenic conditions by means of psychotherapeutic methods. They promote personal development and well-being and provide advice on improving relationships, capabilities, and problem-solving techniques. They use science-based psychotherapeutic methods such as behavioural therapy, existential analysis and logotherapy, psychoanalysis or systemic family therapy in order to guide the patients in their development and help them search for appropriate solutions to their problems. Psychotherapists are not required to have academic degrees in psychology or a medical qualification in psychiatry. It is an independent occupation from psychology, psychiatry, and counselling.",BATCH_SPLIT_ERROR,BATCH_SPLIT_ERROR,BATCH_SPLIT_ERROR,BATCH_SPLIT_ERROR,BATCH_SPLIT_ERROR,False,False,True
687671c1ebd2bf665349e0b5,http://data.europa.eu/esco/occupation/5727b567-993d-4d41-a13d-81a6af1a9a8e,"8d897ffa-b576-477d-8a52-6f9feadc75d4
135dad04-fb2f-4cc4-a94d-ad995c231650
d86d6c0b-0450-4192-bc20-fbc3a34b97dd
b8d8ca6e-a069-4c7c-92eb-72ef7dcd5af7
b119a70b-e6ee-44a5-a7fb-242844b9cbe5",2635,2635.1,,"Excludes:
- people performing counselling services in the medical therapeutic sense",http://data.europa.eu/esco/regulated-professions/unregulated,escooccupation,True,social counsellor,"Counsellor, Disaster & Truama
crisis counsellor
crisis counselor
crisis intervension counsellor
crisis intervention counsellor
crisis situation counsellor
crisis situation counselor
gerontology counsellor
personal counsellor
rehabilitation support counsellor
relationship advisor
social counselling worker
social counsellor
social counselor
social psychologist
social therapist
youth counseller
youth counsellor","Social counsellors provide support and guidance to individuals in the social work area, to help them solve specific problems in their personal life. It involves addressing personal and relationship issues, dealing with inner conflicts, crisis moments such as depression and addiction, in an attempt to empower individuals to achieve change and improve their life quality.",BATCH_SPLIT_ERROR,BATCH_SPLIT_ERROR,BATCH_SPLIT_ERROR,BATCH_SPLIT_ERROR,BATCH_SPLIT_ERROR,False,False,True
687671c1ebd2bf665349e0b6,http://data.europa.eu/esco/occupation/f7f8c077-26ec-455f-8311-aeafbc24d9a5,"fa396e93-cd81-4ede-a342-f0fc7b73715e
e14d7489-cbea-4e60-96c8-c5b348d93a7b
e78f96e4-10a7-412a-9555-d5e31c8c2c85
bedeb852-51aa-435b-add7-c2a8bfec99ed
218af17f-0a07-4bb4-a64d-61eca5e3bb85",2635,2635.1.1,,,http://data.europa.eu/esco/regulated-professions/unregulated,escooccupation,True,bereavement counsellor,"family and bereavement support officer
bereavement support worker
bereavement counselor
adult bereavement counsellor
community bereavement support officer
bereavement support counsellor
bereavement advice counsellor
bereavement officer
bereavement social counsellor
family bereavement counsellor
bereavement service coordinator
bereavement counsellor","Bereavement counsellors support and guide patients and their families to better cope with the death of the loved ones by assisting them in emergent situations, at the hospices and at the memorial services. They train other professionals and communities anticipating the supportive needs of bereavement and responding to the education requirements.",BATCH_SPLIT_ERROR,BATCH_SPLIT_ERROR,BATCH_SPLIT_ERROR,BATCH_SPLIT_ERROR,BATCH_SPLIT_ERROR,False,False,True
687671c1ebd2bf665349e0b7,http://data.europa.eu/esco/occupation/5d758e75-a116-485a-b800-5db08ffd3ba1,"32c24efe-eaa4-415a-9630-da95d90d6ab7
c2d7389b-518f-434c-9ead-95aa71569b6e
0205ea19-926e-42e6-b3c8-eed54ffce254
c721e231-6631-457c-bdf7-fc403b4bfa1c
1fb0f2e5-7f12-45e6-a656-e90c743d21ac",2635,2635.1.2,,,http://data.europa.eu/esco/regulated-professions/unregulated,escooccupation,True,drug and alcohol addiction counsellor,"Counsellor, AIDS/HIV
addictions counsellor
alcohol counsellor
drug and alcohol addiction counsellor
drug and alcohol addiction counselor
drug and alcohol addiction social counsellor
drug and alcohol worker
drug counsellor
substance abuse counsellor","Drug and alcohol addiction counsellors provide assistance and counselling to individuals and families dealing with drug and alcohol addictions, monitoring their progress, advocating for them, performing crisis interventions and group therapy. They also assist the persons with the consequences of their addictions which can be unemployment, physical or mental disorders and poverty. Drug and alcohol addiction counsellors may also prepare educational programs for high-risk populations.",BATCH_SPLIT_ERROR,BATCH_SPLIT_ERROR,BATCH_SPLIT_ERROR,BATCH_SPLIT_ERROR,BATCH_SPLIT_ERROR,False,False,True
687671c1ebd2bf665349e0b8,http://data.europa.eu/esco/occupation/83dc2d94-9e30-493a-bd93-6346e05fe146,"1378de58-a969-4906-b796-3e40a13b0ee2
951a432b-224a-492e-8e02-e56e443e2efd
f46311fc-d629-48cd-9b93-1305e070fc9d
ee2afa02-c4b8-46e5-90a0-a038256a317b
4034f21c-f538-49a9-9b5f-a3f5e0fd71ae",2635,2635.1.3,,,http://data.europa.eu/esco/regulated-professions/unregulated,escooccupation,True,family planning counsellor,"Assistant, medical: family planning
family planning advisor
family planning clinic advisor
family planning counsellor
family planning counselor
family planning social counsellor
pregnancy advisor
reproductive health advisor
senior sexual health advisor
sexual health advisor
sexual health lead","Family planning counsellors provide support and counselling to adults and adolescents on issues such as reproduction, contraceptive methods, pregnancy or termination of pregnancy, in compliance with the legislation and practices. They also provide information about maintaining optimum health practices, sexual disease prevention and treatment recommendation referrals, working in collaboration with the professional doctors.",BATCH_SPLIT_ERROR,BATCH_SPLIT_ERROR,BATCH_SPLIT_ERROR,BATCH_SPLIT_ERROR,BATCH_SPLIT_ERROR,False,False,True
687671c1ebd2bf665349e24e,http://data.europa.eu/esco/occupation/24f1eb3a-e99c-4c38-9bda-ba2ba6bf9fa4,"342a383c-055c-43c1-bbfe-480fd055f2fa
72ef1b6f-7ebd-4c85-8978-7ecdab321ce9
d6750b13-dbe2-44b6-9bea-77cc492b3e24
6fba8241-9159-4b31-b98d-c0d48b59f47f
f05ff607-9f1d-4f49-a42b-7f8c4b327472",3240,3240.2.4,,"Excludes:
- [animal artificial insemination technician](urn:esco:occupation:15cc27b1-7358-48ed-9fb8-69ffe9f1fc98)
- [veterinary technician](urn:esco:occupation:99ebf2c2-1811-4c77-b2e6-7008cba29ea0)",http://data.europa.eu/esco/regulated-professions/unregulated,escooccupation,True,veterinary nurse,"Vaccinator, veterinary
animal nurse
animal nursing specialist
veterinary nurse
veterinary nurses
veterinary nursing specialist
veterinary practice assistant",Veterinary nurses support animals undergoing veterinary treatment and give advice to veterinary clients in the promotion of animal health and disease prevention in accordance with national legislation.,BATCH_SPLIT_ERROR,BATCH_SPLIT_ERROR,BATCH_SPLIT_ERROR,BATCH_SPLIT_ERROR,BATCH_SPLIT_ERROR,False,False,True
687671c1ebd2bf665349e24f,http://data.europa.eu/esco/occupation/bdc74965-1d1a-4f8e-a490-9cf71f494e02,"6709b70e-0d9d-426c-a8ac-701e9207d01c
c197e3c0-9abf-49ff-bade-65c62c766efa
5e1fad7f-dbc1-47d9-940c-424a51b87dcf
77b4186c-973b-41ab-b218-db9f9200f697
3b286f2a-9e66-4674-ac33-38f33f1b8e27",3251,3251.1,,,http://data.europa.eu/esco/regulated-professions/unregulated,escooccupation,True,dental chairside assistant,"Assistant, dental: school service
Auxiliary, dental
dental assistant
dental chairside assistant
dental support worker
orthodontic nurse
qualified dental nurse
trainee dental nurse","Dental chairside assistants support dental practitioners in clinical treatments, as preparation and helping in practical execution and follow-up, and administrative tasks under supervision and following the orders of the dental practitioner.",BATCH_SPLIT_ERROR,BATCH_SPLIT_ERROR,BATCH_SPLIT_ERROR,BATCH_SPLIT_ERROR,BATCH_SPLIT_ERROR,False,False,True
687671c1ebd2bf665349e250,http://data.europa.eu/esco/occupation/d18deca3-3063-4970-9ddc-e3c70404a28c,"7c891410-7569-4f80-8b28-b929b2a72013
61dd524c-a31b-45ef-9a8a-6f15edb18e06
15259715-1c85-4108-9c4a-c7f73b5a1c3c
c864e76c-60e1-4b05-bca2-c6cd348ffe31
0e517641-2f60-456f-bac1-77de63865161",3251,3251.2,,,http://data.europa.eu/esco/regulated-professions/unregulated,escooccupation,True,dental hygienist,"dental therapist
oral health practitioner
oral health specialist
trainee dental hygienist
registered dental hygienist
orthodontic therapist
dental hygienist
qualified dental hygienist
oral health therapist","Dental hygienists work in cleaning and polishing teeth, supra- and sub-gingival scaling of the teeth, application of prophylactic materials to the teeth, collecting data, administering comprehensive advice on oral hygiene and the care of the mouth, according to patients` needs under the supervision of dental practitioners following her/his directions.",BATCH_SPLIT_ERROR,BATCH_SPLIT_ERROR,BATCH_SPLIT_ERROR,BATCH_SPLIT_ERROR,BATCH_SPLIT_ERROR,False,False,True
687671c1ebd2bf665349e251,http://data.europa.eu/esco/occupation/14eb2c85-fce5-40b6-bcd0-46ac99994b0d,"5b4bd700-2a94-40fa-9b69-7793a723d24c
32918944-f144-4acc-855d-956f6595e3ab
f88a7e99-9d01-4239-943d-43ea497cc674
269f3d1b-709a-48d1-8618-1d6387ceeb23
8840a52f-a75b-4d2a-9829-7342966d8457",3252,3252.1,,"Excludes:
- people providing treatment or assistance to patients",http://data.europa.eu/esco/regulated-professions/unregulated,escooccupation,True,medical records clerk,"Analyst, medical records
Clerk, information: health
clerical officer
clinical records administrator
health records assistant
health records clerk
health records staff member
medical note summariser
medical records assistant
medical records clerk
medical records filing clerk
medical records officer
medical records staff member
patients records assistant","Medical records clerks organise, keep up-to-date and archive patients` records for medical staff availability. They transfer medical information from a patient’s paper records to an electronic template.",BATCH_SPLIT_ERROR,BATCH_SPLIT_ERROR,BATCH_SPLIT_ERROR,BATCH_SPLIT_ERROR,BATCH_SPLIT_ERROR,False,False,True
687671c1ebd2bf665349e252,http://data.europa.eu/esco/occupation/6219f0ef-6414-4d01-9221-41ac25dcb409,"57acfddb-a328-4578-90f7-8febf906f780
f26abd97-5b9f-417b-a907-aa7174ccc72f
51733cf3-4669-403f-9ae4-827e7207321b
d16f9c99-04b5-4e2e-9dcf-8e62431c721c
0734ae57-f5a8-460d-974c-b9a9e2092078",3252,3252.1.1,,,http://data.europa.eu/esco/regulated-professions/unregulated,escooccupation,True,clinical coder,"Clerk, coding: clinical
Coder, data-processing
Coder, statistics
Technician, disease registry
Technician, health information
accredited clinical coder
accredited medical coder
clinical coder
clinical coding expert
clinical coding officer
clinical records technician
diagnostic coder
medical coder
medical coding officer","Clinical coders read patients' medical records. They analyse and interpret medical statements about diseases, injuries and procedures. Clinical coders convert this information into health classification codes in order to calculate treatment reimbursements, to produce statistics and to monitor health care performance.",BATCH_SPLIT_ERROR,BATCH_SPLIT_ERROR,BATCH_SPLIT_ERROR,BATCH_SPLIT_ERROR,BATCH_SPLIT_ERROR,False,False,True
687671c1ebd2bf665349e2df,http://data.europa.eu/esco/occupation/33cd8ff4-62f2-4a3f-b053-6e009ecef6da,"f404803e-76c0-4a7e-9e27-f7c55ebc0df9
5d90ee93-163a-444a-b090-5367a0d3db8f
8ea487f0-f195-4378-a01b-2d9a3fe19824
07029cdc-29b7-49da-9115-fb63707d8509
3b53e378-8b50-485b-b5e9-3d1409639c1c",3331,3331.2.1.22,,,http://data.europa.eu/esco/regulated-professions/unregulated,escooccupation,True,import export specialist in meat and meat products,"import export specialist in meat and meat products
graduate export specialist in meat and meat products
customs compliance specialist in meat and meat products
graduate import specialist in meat and meat products
international trade compliance specialist in meat and meat products
senior import specialist in meat and meat products
senior import export specialist in meat and meat products
trainee export specialist in meat and meat products
graduate import export specialist in meat and meat products
trainee import export specialist in meat and meat products
senior export specialist in meat and meat products
assistant export specialist in meat and meat products
assistant import export specialist in meat and meat products
assistant import specialist in meat and meat products
trainee import specialist in meat and meat products",Import export specialists in meat and meat products have and apply deep knowledge of import and export goods including customs clearance and documentation.,BATCH_SPLIT_ERROR,BATCH_SPLIT_ERROR,BATCH_SPLIT_ERROR,BATCH_SPLIT_ERROR,BATCH_SPLIT_ERROR,False,False,True
687671c1ebd2bf665349e2e0,http://data.europa.eu/esco/occupation/e7117cdc-ee3d-45b0-9680-6b3a60c7c9b3,"8696b3a2-21ed-4013-80f3-1de0709d832a
9e4f6ae5-9c67-4b0d-9425-00c144f63706
96cba019-5304-4d9e-a2da-42740c9cd34c
aef71482-b7ec-42c9-a6da-1f9cb3bc0279
b292e5ec-7baa-45d0-8ecd-cfd49f9187fd",3331,3331.2.1.23,,,http://data.europa.eu/esco/regulated-professions/unregulated,escooccupation,True,import export specialist in metals and metal ores,"assistant export specialist in metals and metal ores
customs compliance specialist in metals and metal ores
graduate export specialist in metals and metal ores
international trade compliance specialist in metals and metal ores
trainee import export specialist in metals and metal ores
senior export specialist in metals and metal ores
senior import specialist in metals and metal ores
senior import export specialist in metals and metal ores
trainee export specialist in metals and metal ores
import export specialist in metals and metal ores
trainee import specialist in metals and metal ores
assistant import export specialist in metals and metal ores
graduate import specialist in metals and metal ores
graduate import export specialist in metals and metal ores
assistant import specialist in metals and metal ores",Import export specialists in metals and metal ores have and apply deep knowledge of import and export goods including customs clearance and documentation.,BATCH_SPLIT_ERROR,BATCH_SPLIT_ERROR,BATCH_SPLIT_ERROR,BATCH_SPLIT_ERROR,BATCH_SPLIT_ERROR,False,False,True
687671c1ebd2bf665349e2e1,http://data.europa.eu/esco/occupation/ba1e5427-46e0-4b6c-b196-5312d136dd3b,"af5e0d31-b2ae-42c5-898c-76886fffe736
3322723c-2705-4124-ad57-083aa94a5098
feb0f598-2b85-41f8-be3a-734510488628
1f9137f7-e6e0-4f23-abb5-71141aad9ed0
ce272248-dad7-41cb-976e-82fdb12c4c1e",3331,3331.2.1.24,,,http://data.europa.eu/esco/regulated-professions/unregulated,escooccupation,True,"import export specialist in mining, construction, civil engineering machinery","trainee export specialist in mining, construction, civil engineering machinery
assistant export specialist in mining, construction, civil engineering machinery
assistant import specialist in mining, construction, civil engineering machinery
import export specialist in mining, construction, civil engineering machinery
graduate import export specialist in mining, construction, civil engineering machinery
senior export specialist in mining, construction, civil engineering machinery
senior import export specialist in mining, construction, civil engineering machinery
trainee import specialist in mining, construction, civil engineering machinery
graduate export specialist in mining, construction, civil engineering machinery
graduate import specialist in mining, construction, civil engineering machinery
customs compliance specialist in mining, construction, civil engineering machinery
senior import specialist in mining, construction, civil engineering machinery
international trade compliance specialist in mining, construction, civil engineering machinery
assistant import export specialist in mining, construction, civil engineering machinery
trainee import export specialist in mining, construction, civil engineering machinery","Import export specialists in mining, construction, civil engineering machinery have and apply deep knowledge of import and export goods including customs clearance and documentation.",BATCH_SPLIT_ERROR,BATCH_SPLIT_ERROR,BATCH_SPLIT_ERROR,BATCH_SPLIT_ERROR,BATCH_SPLIT_ERROR,False,False,True
687671c1ebd2bf665349e2e2,http://data.europa.eu/esco/occupation/621b7aa1-b678-49ee-8caa-91b496f8bc5b,"9cc21745-762d-4d01-9a8a-47ab1e071617
6f2b9a96-efa5-4447-b863-58bf816817fe
dd9d11a9-ca1f-429a-b20b-9c2b843977b4
5853affc-5d74-461c-8c72-d6412439560a
91373679-049a-413e-958e-6f7a2bf23fff",3331,3331.2.1.25,,,http://data.europa.eu/esco/regulated-professions/unregulated,escooccupation,True,import export specialist in office furniture,"customs compliance specialist in office furniture
international trade compliance specialist in office furniture
import export specialist in office furniture
assistant import specialist in office furniture
graduate import export specialist in office furniture
assistant import export specialist in office furniture
trainee import export specialist in office furniture
graduate import specialist in office furniture
senior export specialist in office furniture
trainee export specialist in office furniture
trainee import specialist in office furniture
senior import export specialist in office furniture
assistant export specialist in office furniture
senior import specialist in office furniture
graduate export specialist in office furniture",Import export specialists in office furniture have and apply deep knowledge of import and export goods including customs clearance and documentation.,BATCH_SPLIT_ERROR,BATCH_SPLIT_ERROR,BATCH_SPLIT_ERROR,BATCH_SPLIT_ERROR,BATCH_SPLIT_ERROR,False,False,True
687671c1ebd2bf665349e2e3,http://data.europa.eu/esco/occupation/c143d51a-5267-41a8-a73b-9022cf74c495,"31a021e7-7842-4716-a8b9-43c3eacb64a2
943be025-d1f8-4fba-8ea3-d33bf7c7e469
13ff70d1-8cae-4b2f-b862-525054f50d65
e6369fc4-52c0-4a38-8f0e-b46538056c58
3dff9f29-3903-4bf9-90c0-9f323638fae9",3331,3331.2.1.26,,,http://data.europa.eu/esco/regulated-professions/unregulated,escooccupation,True,import export specialist in office machinery and equipment,"trainee import specialist in office machinery and equipment
senior export specialist in office machinery and equipment
graduate export specialist in office machinery and equipment
international trade compliance specialist in office machinery and equipment
assistant import export specialist in office machinery and equipment
graduate import export specialist in office machinery and equipment
graduate import specialist in office machinery and equipment
trainee import export specialist in office machinery and equipment
trainee export specialist in office machinery and equipment
assistant import specialist in office machinery and equipment
senior import specialist in office machinery and equipment
import export specialist in office machinery and equipment
assistant export specialist in office machinery and equipment
senior import export specialist in office machinery and equipment
customs compliance specialist in office machinery and equipment",Import export specialists in office machinery and equipment have and apply deep knowledge of import and export goods including customs clearance and documentation.,BATCH_SPLIT_ERROR,BATCH_SPLIT_ERROR,BATCH_SPLIT_ERROR,BATCH_SPLIT_ERROR,BATCH_SPLIT_ERROR,False,False,True
687671c1ebd2bf665349e41a,http://data.europa.eu/esco/occupation/fa1aef45-49a4-4446-94b4-e2b563d9d025,"00d71dc3-62b5-426d-aeb6-7c86b607f42a
ee514708-38e8-4ad5-92b1-4666fa631066
e1c2df60-b790-4c40-833e-0172e6ad2a68
a88fe275-8174-4ba9-9ee1-d3b52412dc44
f973b0c1-8fcb-4519-9c4c-ae42e14969fd",5111,5111.2.3,,,http://data.europa.eu/esco/regulated-professions/unregulated,escooccupation,True,train attendant,"train attendant
train steward
train on-board staff member
train customer service representative
train on-board steward
train on-board customer service representative
train stewardess
train on-board stewardess","Train attendants work on trains to provide services to passengers such as welcoming passengers, answering their questions and serving meals.",BATCH_SPLIT_ERROR,BATCH_SPLIT_ERROR,BATCH_SPLIT_ERROR,BATCH_SPLIT_ERROR,BATCH_SPLIT_ERROR,False,False,True
687671c1ebd2bf665349e41b,http://data.europa.eu/esco/occupation/9cee6106-04cf-401a-ae4c-b4b8652d6915,"a227bc77-a44e-410c-9d15-bf73747c22b3
24158f80-8f5b-421d-aa6f-116a218b4956
a870a19f-ad52-4da5-9788-ebde0cb2eded
009ee850-2306-4eb6-898d-366826b5e11e
3fbb396e-d3b8-490f-9165-62f8ed076b64",5112,5112.1,,,http://data.europa.eu/esco/regulated-professions/unregulated,escooccupation,True,chief conductor,"Conductor, sleeping car
chief conductor
chief guard
chief train conductor
conductor crew supervisor
train chief conductor
train conductor
train conductors supervisor
train crew supervisor","Chief conductors are responsible for the safe performance of all operational tasks on board of passenger trains outside the drivers cab, such as supervising safe opening and closing of the train's doors. They supervise and ensure the continuous care for the safety of passengers, especially in the case of technical incidents and emergency situations. They ensure the operational communication to the driver and to traffic control staff as defined in operational regulations. In case of several staff members attending the train, they supervise the team of conductors. They also carry out commercial activities such as ticket control and selling, and provide support and information to passengers as well as gastronomic services.",BATCH_SPLIT_ERROR,BATCH_SPLIT_ERROR,BATCH_SPLIT_ERROR,BATCH_SPLIT_ERROR,BATCH_SPLIT_ERROR,False,False,True
687671c1ebd2bf665349e41c,http://data.europa.eu/esco/occupation/9653fb92-ad48-4865-a471-f270302fa93b,"e1728b1c-934b-4c80-a1b4-949774edc0ae
30ac3f3c-12ca-4a5f-9ead-bc93d14b8b1f
da2f6d61-f5e4-4686-ac99-59fdd1709723
63b7b3a9-b898-4cbe-83f9-f300736d1a0d
0594ec8b-8168-482f-abd7-3bd06044828b",5112,5112.2,,,http://data.europa.eu/esco/regulated-professions/unregulated,escooccupation,True,railway passenger service agent,"railway transportation service representative
railway customer transit agent
passenger representative
railway passenger agent
railway passenger service agent
railway station customer service agent
railway station customer service representative
railway customer service agent
railway customer service representative
customer transit agent","Railway passenger service agents spend time with railway station customers, answer their questions and react quickly and safely to unexpected situations. They provide information, mobility assistance, and security in railway stations. They provide accurate and up to date information on train arrival and departure times, train connections, and help customers plan their travels.",BATCH_SPLIT_ERROR,BATCH_SPLIT_ERROR,BATCH_SPLIT_ERROR,BATCH_SPLIT_ERROR,BATCH_SPLIT_ERROR,False,False,True
687671c1ebd2bf665349e41d,http://data.europa.eu/esco/occupation/ea034d66-0d35-4891-b82c-6434cad2c76f,"a84e3d3e-df99-4141-84d7-c51ea98e0539
fc41b700-560e-407f-bba8-d89aff90a2f8
6b03a86c-1b1c-4bb4-9075-7ec8ddbd217c
f5f38fd1-2a0e-4620-822e-98a738a04644
0cc5190c-e38f-4436-b22d-7526685d7214",5112,5112.3,,,http://data.europa.eu/esco/regulated-professions/unregulated,escooccupation,True,train conductor,"Attendant, pullman car
Attendant, sleeping car
Conductor, pullman car
conductor on trains
rail conductor
railway conductor
train attendant
train conductor
train guard","Train conductors assist passengers in the boarding and leaving of the train. They answer questions from passengers concerning train rules, stations, and provide timetable information. They collect tickets, fares, and passes from passengers and support the chief conductor in performing his operational tasks e.g in regard to door closing or certain operational communication. They ensure the safety of passengers respond to technical incidents and emergency situations.",BATCH_SPLIT_ERROR,BATCH_SPLIT_ERROR,BATCH_SPLIT_ERROR,BATCH_SPLIT_ERROR,BATCH_SPLIT_ERROR,False,False,True
687671c1ebd2bf665349e41e,http://data.europa.eu/esco/occupation/7720f392-6ea0-4455-a805-7b7eef38a709,"91366f8c-14d7-4614-8402-4ae3bff706f6
c52319f0-46c3-4181-b5fb-82dfa79b35c1
619221b1-c41d-4157-a013-653b5624e6a6
6c6932b3-2a0e-4a43-840c-0bbbe24962c5
341938fa-ab01-4338-b13f-64a78f2ae716",5112,5112.3.1,,"Excludes:
- drivers",http://data.europa.eu/esco/regulated-professions/unregulated,escooccupation,True,passenger fare controller,"Conductor, bus
cable vehicle attendant
controller
controller of cable vehicle fares
fare controller
passenger fare controller
passenger ticket attendant
passenger ticket controller
ticket conductor
ticket controller
ticket inspector","Passenger fare controllers collect tickets, fares, and passes from passengers. They answer questions from passengers concerning transport rules, station, and timetable information.",BATCH_SPLIT_ERROR,BATCH_SPLIT_ERROR,BATCH_SPLIT_ERROR,BATCH_SPLIT_ERROR,BATCH_SPLIT_ERROR,False,False,True
687671c1ebd2bf665349e424,http://data.europa.eu/esco/occupation/9ab80ce6-504f-474f-bb91-98163e9d45fd,"c3aeab66-f139-4e6b-8902-ed068e2ef3a3
ca3b76f3-d837-4b42-99f4-324b87041031
83ccf61f-8dd2-47a7-a05e-906d2caab072
6bc912b5-f2aa-4a4c-a94d-60099fc319bb
bfeb8657-b62e-40e0-84a9-04c43a2ad629",5120,5120.1.1,,,http://data.europa.eu/esco/regulated-professions/unregulated,escooccupation,True,diet cook,"health care cook
nursing home cook
dietary cook
nursery cook
special diet cook
diet chef
dietary aide
diet cook",Diet cooks prepare and present meals according to special dietary or nutrition needs.,BATCH_SPLIT_ERROR,BATCH_SPLIT_ERROR,BATCH_SPLIT_ERROR,BATCH_SPLIT_ERROR,BATCH_SPLIT_ERROR,False,False,False
687671c1ebd2bf665349e425,http://data.europa.eu/esco/occupation/b9de6d8b-1cf6-4722-bf8c-d73aad03bf87,"8d93d8ef-f79d-4da2-8ecd-61f362fb7c54
866b72b2-61e4-45ab-8b02-293b83607bcd
ddfa9063-3e4d-4b44-8f99-a3b68d3326d5
de6f5c20-9019-4b1c-aa98-b20ca076d270
951b3f7b-acb3-4739-a4e9-6928c2cac7f5",5120,5120.1.2,,,http://data.europa.eu/esco/regulated-professions/unregulated,escooccupation,True,fish cook,"Cook, fish and chips
Cook, restaurant
fish chef
fish cook
fish frier
fish fryer
fish restaurant chef
fish restaurant cook
fish section chef
fish section cook
fish station chef
fish station cook
poissonnier
saucier
sea food cook
sea food restaurant cook
seafood cook
seafood restaurant cook",Fish cooks are responsible for preparing and presenting fish dishes using a variety of techniques. They may also prepare the accompanying sauces and purchase fresh fish for these dishes.,BATCH_SPLIT_ERROR,BATCH_SPLIT_ERROR,BATCH_SPLIT_ERROR,BATCH_SPLIT_ERROR,BATCH_SPLIT_ERROR,False,False,True
687671c1ebd2bf665349e426,http://data.europa.eu/esco/occupation/bbaa1444-2c0a-4f76-8375-d72e3ea968fd,"7a15437e-b602-4923-9505-e323dde1a306
34a0ba61-f565-4361-afc8-d167fe22764d
5fd674bd-a534-4833-9b5e-311316bfa099
4c3fb33c-5070-4fb0-9cdd-7fb8c652f7ba
b93c18c7-6d09-4c9e-8edc-e3870c670d95",5120,5120.1.3,,,http://data.europa.eu/esco/regulated-professions/unregulated,escooccupation,True,grill cook,"barbecue cook
line cook
rotisserie chef
grill chef
barbecue chef
grill cook
steakhouse cook
line chef
grill section chef
grill station chef
rotisserie cook
grill station cook
steakhouse chef
grill section cook","Grill cooks prepare and present meat, vegetables and fish using grill equipment such as grills and rotisseries.",BATCH_SPLIT_ERROR,BATCH_SPLIT_ERROR,BATCH_SPLIT_ERROR,BATCH_SPLIT_ERROR,BATCH_SPLIT_ERROR,False,False,True
687671c1ebd2bf665349e427,http://data.europa.eu/esco/occupation/11e6d39e-1295-40e7-8eea-3eb042bc7e34,"8f423905-2a88-4dcd-85b9-30305b0a720a
96b597a3-5f80-494c-804f-d77a9559f519
06c9f21c-bb8a-407b-8208-ccbe0271cfcf
e9583416-61a0-47a9-a54e-c719ef693fde
57979047-fd3d-4358-b753-0cda294155e6",5120,5120.1.4,,"Excludes:
- [cook](urn:esco:occupation:90f75f67-495d-49fa-ab57-2f320e251d7e)

Includes:
- industrial chef",http://data.europa.eu/esco/regulated-professions/unregulated,escooccupation,True,industrial cook,"Cook, work camp
catering cook
catering worker
industrial cook
institutional cook
institutional food preparation worker","Industrial cooks create new food designs and recipes. They prepare, measure and mix ingredients to prepare foodstuff products. They control and regulate temperatures, monitor cooking process, assign specific baking tasks, and direct workers in task performance.",BATCH_SPLIT_ERROR,BATCH_SPLIT_ERROR,BATCH_SPLIT_ERROR,BATCH_SPLIT_ERROR,BATCH_SPLIT_ERROR,False,False,True
687671c1ebd2bf665349e428,http://data.europa.eu/esco/occupation/a1b86a8b-ad91-4192-b386-bbf89bb11699,"f7e3d615-3fa7-46eb-b88a-e13f94d1615b
a9cc6f67-298b-4e4d-8761-101b0c7354dd
87e1ab0f-0c13-4e5b-a6ea-4dd9e2da4511
e71d73f0-80c5-417e-a0fd-a2b46d73123b
29937ee5-2888-4fe4-8d49-605ef99707eb",5131,5131.1,,,http://data.europa.eu/esco/regulated-professions/unregulated,escooccupation,True,restaurant host/restaurant hostess,"Attendant, restaurant seating
front of house host
front of house hostess
maître d'hôtel
meeter and greeter
restaurant host
restaurant host/restaurant hostess
restaurant hostess",Restaurant hosts/hostesses welcome customers to a hospitality service unit and provide initial services.,BATCH_SPLIT_ERROR,BATCH_SPLIT_ERROR,BATCH_SPLIT_ERROR,BATCH_SPLIT_ERROR,BATCH_SPLIT_ERROR,False,False,True
687671c1ebd2bf665349e484,http://data.europa.eu/esco/occupation/51ca3c6e-1c9b-49e4-aa09-9e77d1a59547,"774f0446-b37b-439e-a421-ce1dc4bad3a1
3952ce6f-e948-47fe-9166-23fce80ea6a4
11000dd3-5cd8-4f44-92a0-721d9a31fbc7
60c4cb95-97d8-4b9c-9717-6beb4f727e01
76079ab9-7623-481e-bc65-a2271b5c4620",5223,5223.7.19,,,http://data.europa.eu/esco/regulated-professions/unregulated,escooccupation,True,fruit and vegetables specialised seller,"organic fruit and vegetable specialised seller
organic fruit salesperson
organic fruit specialised seller
greengrocers shop salesperson
greengrocers store specialised seller
organic vegetable salesperson
greengrocers store salesperson
vegetable salesperson
organic fruit and vegetable salesperson
organic vegetable specialised seller
fruit specialised seller
fruit salesperson
fruiterers shop salesperson
greengrocers shop specialised seller
fruit and vegetables specialized seller
greengrocery counter salesperson
greengrocery salesperson
greengrocery counter specialised seller
fruiterers shop specialised seller
greengrocery specialised seller
vegetable specialised seller
fruit and vegetables specialised seller",Fruit and vegetables specialised sellers sell fruit and vegetables in specialised shops.,BATCH_SPLIT_ERROR,BATCH_SPLIT_ERROR,BATCH_SPLIT_ERROR,BATCH_SPLIT_ERROR,BATCH_SPLIT_ERROR,False,False,False
687671c1ebd2bf665349e485,http://data.europa.eu/esco/occupation/a10222e7-1940-4ca3-86c1-99b115535969,"33428d14-01ce-4fa3-bcf7-0315fac469b2
d1d40647-9949-44dc-8134-79a73d6be4f3
f0239526-fde5-4f26-825e-0cf14d2dd37d
8ce9f90c-2e21-466b-9f05-6f0435fe093f
e59442fa-73d9-4b2e-9c5c-05b3cd76f309",5223,5223.7.2,,,http://data.europa.eu/esco/regulated-professions/unregulated,escooccupation,True,audio and video equipment specialised seller,"audio-visual shop salesperson
home entertainment shop specialised seller
audio and video salesperson
audio and video shop salesperson
home entertainment shop salesperson
multimedia equipment specialised seller
audio and video specialised seller
audio and video shop specialised seller
audio-visual salesperson
hi-fi specialised seller
hi-fi shop salesperson
audio and video equipment salesperson
audio and video equipment specialized seller
home entertainment specialised seller
home entertainment salesperson
audio-visual shop specialised seller
audio-visual specialised seller
hi-fi salesperson
hi-fi shop specialised seller
multimedia equipment salesperson
audio and video equipment specialised seller","Audio and video equipment specialised sellers sell audio and video equipment such as radio and television, CD, DVD etc. players and recorders in specialised shops.",BATCH_SPLIT_ERROR,BATCH_SPLIT_ERROR,BATCH_SPLIT_ERROR,BATCH_SPLIT_ERROR,BATCH_SPLIT_ERROR,False,False,True
687671c1ebd2bf665349e486,http://data.europa.eu/esco/occupation/4b1b1c9c-579c-45c8-8a34-db39f544c031,"b1a13a24-3eaf-4ff8-8e99-bff355165028
b5d4177e-59d9-48c6-b80d-5d5577302f59
6cffbd03-8dfa-4ad0-bbed-087c5e3d0b2d
115bacf1-b888-45b5-b4ed-5609c9a9691e
6411f045-4b60-47eb-83de-fbb49ba85252",5223,5223.7.20,,,http://data.europa.eu/esco/regulated-professions/unregulated,escooccupation,True,furniture specialised seller,"home furnishing salesperson
home furnishings salesperson
home furnishing specialised seller
lightning equipment and accessories salesperson
furniture and lighting sales person
furniture salesperson
furniture and lighting specialised seller
furniture specialized seller
lightning equipment and accessories specialised seller
home furnishings specialised seller
home articles salesperson
home articles specialised seller
furniture specialised seller",Furniture specialised sellers sell furniture and other household articles in specialised shops.,BATCH_SPLIT_ERROR,BATCH_SPLIT_ERROR,BATCH_SPLIT_ERROR,BATCH_SPLIT_ERROR,BATCH_SPLIT_ERROR,False,False,False
687671c1ebd2bf665349e487,http://data.europa.eu/esco/occupation/03b9d7c4-9590-4e0d-97a7-470254e165d4,"65f38d3b-a67e-45f7-93a2-ca880cf38abd
2477f883-04bc-4bd9-beb8-c31c4b0db694
a8462754-539d-4817-9cfb-297b8f960f1a
c6566354-c6e1-4950-9b16-e327908722d0
81bc25c3-f653-4c75-9df1-38f439f07842",5223,5223.7.21,,,http://data.europa.eu/esco/regulated-professions/unregulated,escooccupation,True,hardware and paint specialised seller,"hardware, paint and glass specialised seller
hardware and paint specialized seller
hardware and paint DIY specialised seller
paint and accessories salesperson
hardware, paint and glass salesperson
home decorating salesperson
glass and mirror specialised seller
hardware salesperson
home decorating specialised seller
paint and accessories specialised seller
hardware and paint do it yourself specialised seller
hardware and paint DIY salesperson
hardware specialised seller
glass and mirror salesperson
hardware and paint do it yourself salesperson
hardware and paint specialised seller","Hardware and paint specialised sellers sell hardware, paints and other hardware in specialised shops.",BATCH_SPLIT_ERROR,BATCH_SPLIT_ERROR,BATCH_SPLIT_ERROR,BATCH_SPLIT_ERROR,BATCH_SPLIT_ERROR,False,False,True
687671c1ebd2bf665349e488,http://data.europa.eu/esco/occupation/80fe3002-3ae4-4d3b-8969-0f2ce1049d7d,"459103ee-9130-4c29-8b29-95742a2e640d
f9de29dc-cc37-45f6-9685-d7f47d9f5dcc
dc2fc18a-c373-48f5-ad29-0a6fb11a9611
cef31939-70d3-4aef-aa8c-632cce6e5ff1
ec80e528-224b-495b-a65c-037df0f5fee4",5223,5223.7.22,,,http://data.europa.eu/esco/regulated-professions/unregulated,escooccupation,True,jewellery and watches specialised seller,"luxury watches and diamond jewellery specialised seller
diamonds and precious metal jewellery salesperson
diamonds and precious metal jewellery specialised seller
luxury watches, diamonds and jewellery salesperson
jewelry and watches specialized seller
jewellery specialised seller
diamond specialised seller
luxury watches and diamond jewellery salesperson
jewellery salesperson
diamond salesperson
jewellery and watches salesperson
jewellery and watches specialised seller","Jewellery and watches specialised sellers sell, maintain and clean jewels and watches in specialised shops.",BATCH_SPLIT_ERROR,BATCH_SPLIT_ERROR,BATCH_SPLIT_ERROR,BATCH_SPLIT_ERROR,BATCH_SPLIT_ERROR,False,False,True
687671c1ebd2bf665349e48e,http://data.europa.eu/esco/occupation/399afb40-d58b-4f4a-aa52-a0378fccaf65,"95a1aef0-71c6-4ca7-b409-c4e80a8c382f
31a4e380-96f3-4ad4-b88b-206c8fbebf96
27ab5edf-4c2c-45f1-9b6a-1fff7a761517
9f39bdb0-a503-4046-921b-9fb38bbb46d9
fde40593-d9eb-4577-85e1-410954fef608",5223,5223.7.28,,"Excludes:
- [animal groomers](urn:esco:occupation:5a940ae0-3fa4-40f9-8ca4-17bf792da243)
- [animal trainers](urn:esco:occupation:fc1da244-880f-407d-bfa7-789a2f468ea0)",http://data.europa.eu/esco/regulated-professions/unregulated,escooccupation,True,pet and pet food specialised seller,"animal food specialised seller
pet salesperson
pet superstore salesperson
pet food specialised seller
animal salesperson
pet food salesperson
pet and pet food salesperson
animal food salesperson
pet superstore specialised seller
pet supplies salesperson
animal specialised seller
pet specialised seller
pet supplies specialised seller
pet and pet food superstore salesperson
animal care products salesperson
animal care products specialised seller
pet and pet food superstore specialised seller
pet and pet food specialized seller
pet and pet food specialised seller","Pet and pet food specialised sellers sell pets, pet foods, accessories, care products and related services in specialised shops.",BATCH_SPLIT_ERROR,BATCH_SPLIT_ERROR,BATCH_SPLIT_ERROR,BATCH_SPLIT_ERROR,BATCH_SPLIT_ERROR,False,False,True
687671c1ebd2bf665349e48f,http://data.europa.eu/esco/occupation/ccf0becd-247d-4497-9ee7-25a46c1ffb7a,"1e4ce309-254f-4fe6-a613-738d7e1ac032
de68732b-6a01-49b6-a7b1-cfbe25f48637
808ce482-6a07-4e01-88e1-daacba309a4f
218222f9-5a3d-4001-982a-da473e9b0d6b
2e2d42b4-a744-4255-b5a1-8235424f0a57",5223,5223.7.29,,,http://data.europa.eu/esco/regulated-professions/unregulated,escooccupation,True,press and stationery specialised seller,"News agent
kiosk salesperson
kiosk specialised seller
magazines and stationery shop salesperson
magazines and stationery shop specialised seller
newsagent retail salesperson
newsagent retail specialised seller
newsagents salesperson
newsagents shop salesperson
newsagents shop specialised seller
newsagents specialised seller
newspaper kiosk salesperson
newspaper kiosk specialised seller
newspaper seller
newspapers and magazines salesperson
newspapers and magazines shop salesperson
newspapers and magazines shop specialised seller
newspapers and magazines specialised seller
paper shop salesperson
paper shop specialised seller
press and stationery specialised seller
press and stationery specialized seller
stationery salesperson
stationery shop salesperson
stationery shop specialised seller
stationery specialised seller","Press and stationery specialised sellers sell newspapers and office supplies such as pens, pencils, paper, etc. in specialised shops.",BATCH_SPLIT_ERROR,BATCH_SPLIT_ERROR,BATCH_SPLIT_ERROR,BATCH_SPLIT_ERROR,BATCH_SPLIT_ERROR,False,False,True
687671c1ebd2bf665349e490,http://data.europa.eu/esco/occupation/3a17bd32-8a00-47cb-82aa-2b5660cf1192,"aa5a1198-4697-4fcf-8d77-36c9a965338a
52001489-f58b-4c62-b7cd-e8a94f6b9922
cb9786c2-f2e0-4187-8b29-1e931f214214
309a0bf3-792b-4737-9ea9-38d38bef7076
d2c78000-f85c-457e-9305-ecf7d663ee29",5223,5223.7.3,,,http://data.europa.eu/esco/regulated-professions/unregulated,escooccupation,True,audiology equipment specialised seller,"audiology shop salesperson
audiology centre salesperson
hearing help specialised seller
audiology salesperson
audiology specialised seller
hearing help salesperson
audiology shop specialised seller
audiology equipment specialized seller
hearing aid salesperson
audiology centre specialised seller
audiology equipment salesperson
hearing aid specialised seller
audiology equipment specialised seller",Audiology equipment specialised seller sell goods and equipment in specialised shops.,BATCH_SPLIT_ERROR,BATCH_SPLIT_ERROR,BATCH_SPLIT_ERROR,BATCH_SPLIT_ERROR,BATCH_SPLIT_ERROR,False,False,False
687671c1ebd2bf665349e491,http://data.europa.eu/esco/occupation/4ae3ad16-2d33-406c-8497-c66f7d61b914,"f986144c-5f68-4a51-8eae-ddd043e9c781
e8c51eae-eef2-4206-89e8-afa11aef6c33
c6ee6e35-dbbf-4bd3-bace-b9c6a8d1244d
55fe8638-6ffe-4730-a66b-8ec7c3af0c6f
e97a2847-ac60-4bd8-86dd-183572b531b5",5223,5223.7.30,,,http://data.europa.eu/esco/regulated-professions/unregulated,escooccupation,True,second-hand goods specialised seller,"army surplus goods salesperson
second hand bookshop salesperson
vintage clothes salesperson
second-hand goods specialized seller
thrift shop specialised seller
army surplus goods specialised seller
second-hand goods salesperson
charity shop specialised seller
thrift shop salesperson
vintage clothes specialised seller
charity shop salesperson
second hand goods specialised seller
second-hand goods specialised seller","Second-hand goods specialised sellers sell second-hand goods such as books, clothes, appliances etc. in specialised shops.",BATCH_SPLIT_ERROR,BATCH_SPLIT_ERROR,BATCH_SPLIT_ERROR,BATCH_SPLIT_ERROR,BATCH_SPLIT_ERROR,False,False,True
687671c1ebd2bf665349e492,http://data.europa.eu/esco/occupation/72149e37-f4f4-4570-8c17-27444160aa16,"3341c94e-3f53-4578-afc4-f13d33b69aa6
a5042514-14ab-4d2a-9058-91075e1b9409
081cbec2-046f-4796-a3aa-32563fe02f25
dd2c16b3-1b17-4e9d-8539-c67f550c2cf3
5b8c5ff4-c1c6-4c59-88b9-21fe05813e8d",5223,5223.7.31,,,http://data.europa.eu/esco/regulated-professions/unregulated,escooccupation,True,shoe and leather accessories specialised seller,"leather accessories salesperson
childrens shoes salesperson
footwear specialised seller
sports shoes salesperson
sports shoes specialised seller
leather accessories specialised seller
childrens shoes specialised seller
shoe and leather accessories specialized seller
footwear salesperson
shoe and leather accessories salesperson
shoe and leather accessories specialised seller",Shoe and leather accessories specialised sellers sell footwear in specialised shops.,BATCH_SPLIT_ERROR,BATCH_SPLIT_ERROR,BATCH_SPLIT_ERROR,BATCH_SPLIT_ERROR,BATCH_SPLIT_ERROR,False,False,False
687671c1ebd2bf665349e4c5,http://data.europa.eu/esco/occupation/a30734bb-2f10-4747-a94c-75f5ec3c63a4,"3edb9326-9b00-4f8a-b759-ff1d4b5af615
94e3dfeb-04ea-4921-b67d-8512cc936cc8
20c85cfe-be08-412b-80d0-d1b269e81329
c61ada6b-d50f-4b51-9984-8aa8d7b73b83
324d3f75-c31a-4698-8cb5-f84191e96312",5329,5329.1,,,http://data.europa.eu/esco/regulated-professions/unregulated,escooccupation,True,hospital porter,"Orderly, hospital
general hospital porter
general porter
hospital porter
hospital portering
hospital portering service provider
hospital portering staff member
hospital stretcher bearer
hospital stretcher carrier
porter
stretcher bearer
stretcher carrier","Hospital porters are professional healthcare assistants who transport people on stretchers around the hospital site, as well as and items.",BATCH_SPLIT_ERROR,BATCH_SPLIT_ERROR,BATCH_SPLIT_ERROR,BATCH_SPLIT_ERROR,BATCH_SPLIT_ERROR,False,False,True
687671c1ebd2bf665349e4c6,http://data.europa.eu/esco/occupation/5ee264b2-9bc5-40f6-9db3-c87143af6b2d,"d18c51d0-0b24-4845-a333-e39990d781b9
9a3dd581-f6cd-4b9d-8d17-357eff84a235
f0ba4d72-be77-458c-b458-ebcebfdc58bb
1a1a25cc-1e5a-449a-8483-7b6e2c84b0f2
9d353139-2d6c-499f-97aa-cf54c5163411",5329,5329.2,,,http://data.europa.eu/esco/regulated-professions/unregulated,escooccupation,True,phlebotomist,"phlebotomy practitioner
phlebotomist
specialist in phlebotomy
phlebotomy specialist
practitioner of phlebotomy
venipuncturist
clinical phlebotomist
phlebotomy technician","Phlebotomists take blood samples from patients for laboratory analysis, ensuring patient safety during the blood collection process. They transport the specimen to the laboratory, following strict instructions from the doctor of medicine.",BATCH_SPLIT_ERROR,BATCH_SPLIT_ERROR,BATCH_SPLIT_ERROR,BATCH_SPLIT_ERROR,BATCH_SPLIT_ERROR,False,False,True
687671c1ebd2bf665349e4c7,http://data.europa.eu/esco/occupation/7005c266-d1a9-42ac-8c36-b42d5d755463,"61e829cf-34f8-4bb0-baa1-3e5073d45b87
a9b91c6c-edaf-4f67-bf94-69bf999e71d7
ab4e60a5-6e11-4e4b-a241-94a8e4694df9
c2a7ba50-be20-4b88-a06c-a137bb0ded4b
c3ef8f23-592b-4059-822f-0e74a966ae1e",5329,5329.3,,"Excludes:
- people performing patients treatment
- people performing assistance in medical treatment",http://data.europa.eu/esco/regulated-professions/unregulated,escooccupation,True,sterile services technician,"Aide, sterilization
disinfection assistant
sterile services technician","Sterile services technicians ensure decontamination of medical devices in compliance with strict hygienic procedures. They dismantle and re-assemble sophisticated medical equipment through sterilising, cleaning, and repackaging it for further usage, under supervision, following the orders of the doctor of medicine or other qualified medical personnel.",BATCH_SPLIT_ERROR,BATCH_SPLIT_ERROR,BATCH_SPLIT_ERROR,BATCH_SPLIT_ERROR,BATCH_SPLIT_ERROR,False,False,True
687671c1ebd2bf665349e4c8,http://data.europa.eu/esco/occupation/88721b6c-d2ce-41c6-8878-73c0d3aacf39,"35749f2c-0dd2-4688-825d-7bcc1a2219d1
221ba296-0fd7-4a1a-a79e-6a3867819c5f
c5453e3e-2038-49a6-b279-dbe29e8059af
db7f0c23-491c-472c-8234-6b27918b6934
ecabfa57-f0f6-4a33-b0f5-fd91ecdbe0d0",5411,5411.1,,,http://data.europa.eu/esco/regulated-professions/unregulated,escooccupation,True,firefighter,"Fighter, fire
Firefighter, aircraft accidents
Firefighter, forest
Fireman, aircraft accidents
Fireman, fighting fires
Fireman, forest
Firewoman, aircraft accidents
Firewoman, forest
Patrolwoman, forest: fire
Salvage man, fire
Salvage woman, fire
airfield firefighter
fire brigade officer
firefighter
fireman
firewoman
operational firefighter
senior firefighter","Firefighters are responsible for emergency response in case of a fire outbreak or other hazardous situations. They oversee the evacuation of the endangered premises and ensure victims are rescued and taken care of by the appropriate professionals. Once the premises are clear of victims, they ensure the fire is extinguished, compliant with health and safety regulations. They also regulate the clean-up of the scene and assess the damage.",BATCH_SPLIT_ERROR,BATCH_SPLIT_ERROR,BATCH_SPLIT_ERROR,BATCH_SPLIT_ERROR,BATCH_SPLIT_ERROR,False,False,True
687671c1ebd2bf665349e4c9,http://data.europa.eu/esco/occupation/1cd93859-d796-4559-90c4-4b4597cd6e54,"450eba2e-fe8e-43d5-beea-8dad7b0d2f37
f15b9f8e-c35c-4d70-bc3f-a860b6f6afa5
e7230388-6fda-4404-884c-9dbc925f92c8
2fc13f54-2458-45cb-9d4f-02705d69376e
3d35ec12-45f8-457a-8a75-92247c6c0fb3",5411,5411.1.1,,,http://data.europa.eu/esco/regulated-professions/unregulated,escooccupation,True,industrial firefighter,"industrial fire team member
fire auxiliary
factory firefighter
industrial firefighter
site emergency response team member
emergency response team member
industrial fireman
industrial firewoman
site firefighter",Industrial firefighters are responsible for emergency response in case of a fire outbreak or other hazardous situations in industrial areas or facilities. They actively respond to contain fires and the outbreak of other hazardous substances to protect the industrial crews and premises. They ensure the industrial facility complies with health and safety regulations. They also regulate the clean-up of the scene and assess the damage.,BATCH_SPLIT_ERROR,BATCH_SPLIT_ERROR,BATCH_SPLIT_ERROR,BATCH_SPLIT_ERROR,BATCH_SPLIT_ERROR,False,False,True
687671c1ebd2bf665349e529,http://data.europa.eu/esco/occupation/5f9e0588-e819-42f7-9975-f53198666c07,"80f67b08-dca9-468a-b160-e17100f46b35
6b0094fe-db80-470e-96c0-c149dc82e39e
b7a7a5cb-12df-48cc-960d-957d22f491ce
2712a494-5cd0-41e8-be73-bf3aea19155e
16346cd4-071f-4c75-ab9d-91231bcc13e0",7125,7125.1,,,http://data.europa.eu/esco/regulated-professions/unregulated,escooccupation,True,plate glass installer,"Glazier, roofing
Setter, glass: buildings
Technologist Glass and Glazing
glass installer
glass pane installer
glazier
glazing installer
plate glass fitter
plate glass installer
plate glass window installer","Plate glass installers fit panes of glass into windows and other structural elements like glass doors, walls, façades and other structures.",BATCH_SPLIT_ERROR,BATCH_SPLIT_ERROR,BATCH_SPLIT_ERROR,BATCH_SPLIT_ERROR,BATCH_SPLIT_ERROR,False,False,True
687671c1ebd2bf665349e52a,http://data.europa.eu/esco/occupation/211716b7-2857-40c8-a078-da983c78c70a,"7034d766-49d1-4804-a830-f6860b279703
93e2146a-97cb-489f-9c9d-a001c01be640
ad7e2686-3fa6-4337-bac4-22c193f0185c
ccb581c8-727f-481b-b0e8-e522839797dd
b70a1a07-ddca-4dcb-9c2c-fb2b90c06d7e",7125,7125.2,,,http://data.europa.eu/esco/regulated-professions/unregulated,escooccupation,True,vehicle glazier,"windscreen repair technician
mobile vehicle glass technician
windscreen replacement technician
smart repair technician
auto glazier
mobile vehicle glazier
mobile autoglazier
vehicle glazier
mobile windscreen technician
mobile windscreen fitter
mobile automotive glazier
windscreen repairer
mobile auto glazier
autoglazier
automotive glazier
mobile windscreen replacement technician
mobile windscreen repairer
vehicle glass technician
windscreen technician
windscreen fitter
mobile windscreen repair technician","Vehicle glaziers install glass in motor vehicles taking into account the automobile manufacturer specifications such as glass type, thickness, size and shape. They order and inspect windows for specific automobile models and prepare the damaged areas to install new glass.",BATCH_SPLIT_ERROR,BATCH_SPLIT_ERROR,BATCH_SPLIT_ERROR,BATCH_SPLIT_ERROR,BATCH_SPLIT_ERROR,False,False,True
687671c1ebd2bf665349e52b,http://data.europa.eu/esco/occupation/3df28a39-9bfe-4e36-b394-a189ef967a74,"2f4e2970-7458-4702-af4f-b3ffe1ee22e9
d36127b3-319b-4ade-9eba-7d511463aacc
d514aada-e051-4d74-a747-b8dbe8986612
85e07a4c-e28c-450e-906c-92341901e85e
38211ccf-1cb6-4db3-8aca-bd194a6209c8",7126,7126.1,,,http://data.europa.eu/esco/regulated-professions/unregulated,escooccupation,True,bathroom fitter,"replacement bathroom installer
bathroom joiner and fitter
replacement bathroom fitter
bathroom installation worker
bathroom refurbishment team member
bathroom carpenter and joiner
bathroom fitting specialist
bathroom furniture fitter
bathroom fitter
bathroom installer
bathroom installation specialist
bathroom refurbishment team worker","Bathroom fitters install bathroom elements. They take the necessary measurements, prepare the room, removing old elements if necessary, and install the new bathroom equipment, including the connection of water, gas and sewage pipes and electricity lines.",BATCH_SPLIT_ERROR,BATCH_SPLIT_ERROR,BATCH_SPLIT_ERROR,BATCH_SPLIT_ERROR,BATCH_SPLIT_ERROR,False,False,True
687671c1ebd2bf665349e52c,http://data.europa.eu/esco/occupation/6f74ebc4-ab7e-42a8-ad94-921f3d0ef0c6,"60ae6728-d0ec-48bd-bc16-c111db77e0a5
8d8b65bf-c819-4242-b55c-0c23e384bf68
17bedb25-b05c-4f09-9054-1fca5af3aa64
acacd387-434a-48db-a3a5-0889d4515740
6fdaac2e-a42f-4bfb-890e-df19c88f8b74",7126,7126.10,,,http://data.europa.eu/esco/regulated-professions/unregulated,escooccupation,True,sewerage network operative,"sewerage network operative
sewerage network repair operative
sewerage network clearing operative
wastewater infrastructure operator
wastewater infrastructure operative
wastewater system operative
sewerage network operator
wastewater treatment works operative
wastewater distribution equipment operative
wastewater systems operative
wastewater network operative
sewerage system maintenance operative
sewerage network maintenance operative
sewerage network inspection operative","Sewerage network operatives maintain sewerage systems which remove and transport wastewater and sewerage. They inspect pipes, pumping stations, and mains, looking for leaks or other faults, and repair any problems. They clear blockages, and perform maintenance duties, using network maps and specialised software.",BATCH_SPLIT_ERROR,BATCH_SPLIT_ERROR,BATCH_SPLIT_ERROR,BATCH_SPLIT_ERROR,BATCH_SPLIT_ERROR,False,False,True
687671c1ebd2bf665349e52d,http://data.europa.eu/esco/occupation/73d77554-2016-46fa-ac3d-44a02e8d1a89,"a276edfe-cb0e-4658-8326-761f36446665
a0450007-2726-4b79-aad9-b7a5056c1e12
c4aa38da-362f-46b2-9787-68eb1ca440d8
1b14133c-4b28-4324-b37f-e5d073d81349
26feada3-200f-4b2b-90f9-19ff0933a036",7126,7126.11,,,http://data.europa.eu/esco/regulated-professions/unregulated,escooccupation,True,sewer construction worker,"Jointer, pipe-laying
Layer, drain
Layer, pipe
Layer-jointer, mains pipes
sewage infrastructure construction worker
sewage pipe layer
sewage pipelayer
sewage system construction worker
sewage system worker
sewer construction worker
sewer infrastructure construction worker
sewer system construction worker
waste water infrastructure construction worker
waste water pipe layer
waste water pipelayer
waste water system construction worker
waste water system worker","Sewer construction workers install sewer pipes to transport wastewater out of structures and to a body of water or treatment facility. They dig trenches and insert the pipes, making sure they have the correct angle and are connected watertight. Sewer construction workers also construct other elements of sewage infrastructure, such as manholes, and maintain and repair existing systems.",BATCH_SPLIT_ERROR,BATCH_SPLIT_ERROR,BATCH_SPLIT_ERROR,BATCH_SPLIT_ERROR,BATCH_SPLIT_ERROR,False,False,True
687671c1ebd2bf665349e637,http://data.europa.eu/esco/occupation/303931a2-860a-4f76-83ac-3c190d67287e,"b62140e5-c330-4d35-b9ad-1a61c297e213
ccd81fef-74d6-4583-aa7c-8918b1e3e6f7
6368b0e0-2592-42fe-b6e1-f1b2fcd8ec01
f954c256-34a5-481f-bd15-c5e0a2762a9e
2d2daa86-a7cd-4482-915c-0f5003519b99",7514,7514.3,,"Includes:
- people working in olive oil, soya seeds, sunflower oil and vegetable oil industries
- people using electrical equipment for oil extraction",http://data.europa.eu/esco/regulated-professions/unregulated,escooccupation,True,oilseed presser,"Coconut oil marker
Expeller, oil
Preparer, sim-sim seeds
oil press operator
oil presser
oil production operator
oil production worker
oilseed presser",Oilseed pressers operate hydraulic presses that extracts oil from oilseed.,BATCH_SPLIT_ERROR,BATCH_SPLIT_ERROR,BATCH_SPLIT_ERROR,BATCH_SPLIT_ERROR,BATCH_SPLIT_ERROR,False,False,True
687671c1ebd2bf665349e638,http://data.europa.eu/esco/occupation/3d7b36e2-bfb8-4b67-9585-6787c1dda13e,"3c540244-c5dd-4173-9695-c1adc2a7b409
ffbfd9c2-7573-486f-9b79-6096f7c45dff
89517e0d-2e91-4486-bbca-13e18fcd33ec
29612757-b4b0-49f0-b14b-33fb6ad189a9
ae8a0877-ea6f-4577-bbbf-4bbf65ed1d03",7515,7515.1,,,http://data.europa.eu/esco/regulated-professions/unregulated,escooccupation,True,coffee taster,"Taster, liquor
Taster, tea
Taster, wine
coffee beverage taster
coffee drinks taster
coffee taster
coffee tasting expert
coffee tasting specialist","Coffee tasters taste coffee samples in order to evaluate the features of the product or to prepare blending formulas. They determine the product's grade, estimate its market value, and explore how these products may appeal to different consumer tastes. They write blending formulas for workers who prepare coffee products for commercial purposes.",BATCH_SPLIT_ERROR,BATCH_SPLIT_ERROR,BATCH_SPLIT_ERROR,BATCH_SPLIT_ERROR,BATCH_SPLIT_ERROR,False,False,True
687671c1ebd2bf665349e639,http://data.europa.eu/esco/occupation/abc849b6-9e75-41ce-b1aa-4d488280a8a3,"fe660baa-2409-42ec-bddd-413bd959e093
e22f7bae-ace5-41ee-abc8-8e6e4308b717
8a04e25b-18e3-4912-9ce4-186f377706e3
f4a7b1e9-8163-4388-b3b9-8449a8aa494d
016748cd-aa19-40af-abce-7941bd3ffe1e",7515,7515.2,,,http://data.europa.eu/esco/regulated-professions/unregulated,escooccupation,True,farm milk controller,"Hand, farm: milch
dairy milk analyst
dairy milk controller
farm milk analyst
farm milk controller
farm milk monitor",Farm milk controllers are responsible for measuring and analysing the production and quality of the milk and providing advise accordingly.,BATCH_SPLIT_ERROR,BATCH_SPLIT_ERROR,BATCH_SPLIT_ERROR,BATCH_SPLIT_ERROR,BATCH_SPLIT_ERROR,False,False,True
687671c1ebd2bf665349e63a,http://data.europa.eu/esco/occupation/b4306d87-7992-47fc-914a-4485a4e7003c,"fb990eaf-27dd-4294-8c05-e0d97c3219e6
05d4b18c-1eec-423c-b98a-caf5277a7de0
d06ac35b-bad6-4f27-bf59-e7bf53f4ae9f
61f8625e-e66a-40d9-a99d-bfed1541beee
b73e7b2f-1274-49d7-823e-1a69ffc795bd",7515,7515.3,,,http://data.europa.eu/esco/regulated-professions/unregulated,escooccupation,True,food grader,"Grader, fruit
Grader, meat
Grader, vegetable
Taster, food
Taster, juice
food grader
food product grader","Food graders inspect, sort and grade food products. They grade food products according to sensory criteria or with the help of machinery. They determine the product's use by grading them into the appropriate classes and discarding damaged or expired foods. Food graders measure and weigh the products and report their findings so the food can be further processed.",BATCH_SPLIT_ERROR,BATCH_SPLIT_ERROR,BATCH_SPLIT_ERROR,BATCH_SPLIT_ERROR,BATCH_SPLIT_ERROR,False,False,True
687671c1ebd2bf665349e63b,http://data.europa.eu/esco/occupation/dc3cc282-488d-4d8f-be80-191c6b521823,"f80254ce-8ccf-47a0-b077-c60fa87fb833
50a1d094-f93c-4155-b71c-a1d187f7a685
24417e01-efc8-4b99-bb2d-a84737138cca
d3228c77-11a7-40c6-b87d-8b68e38a71dc
461b68ab-c8c2-4527-a754-f25f1a770483",7515,7515.4,,,http://data.europa.eu/esco/regulated-professions/unregulated,escooccupation,True,malt master,"Brewer, busaa
Brewer, kangara
Brewer, miti-ni-dawa
Brewer, muratina
malt expert
malt master
malter
malting expert
malting master","Malt masters evaluate and grade different malts on a sensory basis for brewing purposes. They assess the look, the smell, and the taste of raw materials and unfinished products in order to maintain the consistency of products. They use their knowledge to prepare mixtures as part of product development.",BATCH_SPLIT_ERROR,BATCH_SPLIT_ERROR,BATCH_SPLIT_ERROR,BATCH_SPLIT_ERROR,BATCH_SPLIT_ERROR,False,False,True
687671c1ebd2bf665349e63c,http://data.europa.eu/esco/occupation/a2a126ac-d90d-4e9f-97d1-9b8dff2ff946,"319feff1-7a8f-43b9-bcad-1b1c5af82fce
3d4258b0-1098-48d9-af20-d2f6b4607170
7f495fec-1d7a-486d-8f54-5ac4e7137ab4
892eed08-2439-440a-b816-d64e351f8870
7f2d7d0d-5f1b-4ba5-8d92-00b43691136d",7515,7515.5,,,http://data.europa.eu/esco/regulated-professions/unregulated,escooccupation,True,master coffee roaster,master coffee roaster,Master coffee roasters design new coffee styles and ensure the quality of blends and recipes pragmatically. They write blending formulas to guide workers who prepare coffee blends for commercial purposes.,BATCH_SPLIT_ERROR,BATCH_SPLIT_ERROR,BATCH_SPLIT_ERROR,BATCH_SPLIT_ERROR,BATCH_SPLIT_ERROR,False,False,True
687671c1ebd2bf665349e63d,http://data.europa.eu/esco/occupation/066a9d8f-3948-409c-a3cf-ed8ed37cfe22,"b6bc51ee-389d-423c-84fc-164789cfaeed
3f772e3d-2d5a-4a9d-b82e-f5a007b43639
15fc5cfe-35b0-44d4-ba57-ebd9f30913ed
f1ef9f43-bd01-45b4-ae9d-98e844ec2c00
ce4fa7af-e301-4ee4-b650-a19bbbaba144",7516,7516.1,,,http://data.europa.eu/esco/regulated-professions/unregulated,escooccupation,True,curing room worker,"Blender, snuff
Blender, tobacco
Bulker, tobacco
Conditioner, tobacco leaves
Curer, bacon
Curer, meat
Cutter, tobacco
Dipper, tobacco
Drier, snuff
Flavourer, tobacco
Maker, snuff
Maker, tobacco cake
Mixer, snuff
Mixer, tobacco
Stemmer, tobacco
Stover, tobacco
curing room assistant
curing room attendant
curing room operative
curing room worker
tobacco curer
tobacco curing room worker
tobacco drier
tobacco drier operator
tobacco dryer
tobacco drying machine operator
tobacco drying machine tender
tobacco drying worker
tobacco roaster","Curing room workers assist in the blending, aging, and fermenting of tobacco strips and stems for the production of cigars, chewing tobacco and snuff.",BATCH_SPLIT_ERROR,BATCH_SPLIT_ERROR,BATCH_SPLIT_ERROR,BATCH_SPLIT_ERROR,BATCH_SPLIT_ERROR,False,False,True
687671c1ebd2bf665349e63e,http://data.europa.eu/esco/occupation/5f84de7d-5008-45c4-a993-8066388e0756,"fe8ace59-4b49-4432-b4fd-f1148f0b7501
e7c3b34e-b86f-45aa-8767-d61d2ffad3cc
b59e7736-cf4f-40c8-8587-09f66e395935
29c55de0-4bd2-4295-a8e1-96d61c43ad2a
5f98e9bc-2f7a-4e1f-bfd3-0cbd345110d3",7516,7516.2,,,http://data.europa.eu/esco/regulated-professions/unregulated,escooccupation,True,leaf sorter,"Grader, tobacco
Screener, snuff
Sorter, cigar
Worker, tobacco: leaf stripping
cigar leaf sorter
hand leaf sorter
leaf inspector
leaf quality analyst
leaf quality inspector
leaf quality tester
leaf selector
leaf sorter
leaf sorter (tobacco)
manual leaf sorter
tobacco leaf selector
tobacco leaf separator
tobacco leaf sorter
tobacco leaf sorting attendant
wrapper leaf inspector","Leaf sorters analyse colour and condition of tobacco leaves in order to determine whether they should be used as cigar wrappers or binders. They select leaves without visible defects taking into account colour variations, tears, tar spots, tight grain, and sizes as per specifications. They fold wrapper leaves into bundles for stripping.",BATCH_SPLIT_ERROR,BATCH_SPLIT_ERROR,BATCH_SPLIT_ERROR,BATCH_SPLIT_ERROR,BATCH_SPLIT_ERROR,False,False,True
687671c1ebd2bf665349e63f,http://data.europa.eu/esco/occupation/9f686e81-c236-42cb-b848-1918eb36e16a,"0dfa34d7-e2ca-4733-bf57-abc05ccef76c
699f9cbd-267b-4199-8af9-2d16dc877d05
16d73393-e196-4318-8d38-a52474cb8691
e4b922ce-eb2d-46c0-b71b-159fdc85d32b
8cdbe711-f546-4ea9-8eba-672a1958feaa",7516,7516.3,,,http://data.europa.eu/esco/regulated-professions/unregulated,escooccupation,True,leaf tier,"Maker, tobacco plug
Maker, traditional smoking tobacco
Moulder, cigar
Roller, cigar
Stripper, tobacco
Worker, tobacco: conditioning
Worker, tobacco: cutting
Worker, tobacco: leaf stemming
cigar bunch maker
cigar buncher
cigar leaf tier
cigarette leaf tier
hand leaf tier
leaf bundling attendant
leaf tier
leaf tier (tobacco)
manual leaf tier
tobacco leaf binder
tobacco leaf bundler
tobacco leaf tier
tobacco processing operative",Leaf tiers tie tobacco leaves manually into bundles for processing. They select loose leaves by hand and arrange them with butt ends together. They wind tie leaf around butts.,BATCH_SPLIT_ERROR,BATCH_SPLIT_ERROR,BATCH_SPLIT_ERROR,BATCH_SPLIT_ERROR,BATCH_SPLIT_ERROR,False,False,True
687671c1ebd2bf665349e640,http://data.europa.eu/esco/occupation/44b0f118-2a70-4eec-b301-89d7fd84a3d0,"df17f858-2e78-482f-b619-c6136f414b15
d94846f8-f4d7-43e7-ae88-358950ca3e3d
d21407f2-44bb-458e-87fb-175afe47034b
b8f5b8a7-4999-43e2-ba60-c3378ba3b48a
273b15f8-c617-472b-a7e7-d3e2912699b7",7521,7521.1,,,http://data.europa.eu/esco/regulated-professions/unregulated,escooccupation,True,wood drying kiln operator,"Tender, veneer dryer
dry kiln operator
dry kiln specialist
dry kiln technician
drying kiln operator
drying kiln specialist
drying kiln technician
wood drying kiln operative
wood drying kiln operator
wood drying kiln specialist
wood drying kiln technician
wood drying kiln worker
wood-drying kiln operator
wood-drying kiln specialist
wood-drying kiln technician","Wood drying kiln operators control the process of applying heat to moist or 'green' wood in order to obtain usable dry wood. Depending on the type of kiln, the drying operator will be responsible for moving the wood into and out of the kiln, temperature control, and ventilation.",BATCH_SPLIT_ERROR,BATCH_SPLIT_ERROR,BATCH_SPLIT_ERROR,BATCH_SPLIT_ERROR,BATCH_SPLIT_ERROR,False,False,True
687671c1ebd2bf665349e641,http://data.europa.eu/esco/occupation/b0cb4f78-c361-48cf-97aa-25104ac2647c,"3439490e-591e-4db0-b744-f22b327b877c
1b7beeb2-112a-4e5a-82a7-dc221d089dac
01526882-6a8b-47f4-a8e9-e514001d2ef0
39e45afb-5e94-47fa-90c8-3543f441ba01
46898f8e-4ddf-440e-8e3c-a620e0aec20d",7521,7521.2,,,http://data.europa.eu/esco/regulated-professions/unregulated,escooccupation,True,wood treater,"Dipper, wood treatment
Impregnator, wood
Operator, machine: painting (wood)
Operator, machine: seasoning (wood)
Operator, machine: tempering (wood)
Operator, tank: timber treating
Seasoner, wood
Worker, wood: incising
wood treater
wood treating machine operator
wood treating machine specialist
wood treating machine technician
wood treating machine worker
wood treatment operative
wood treatment operator
wood treatment specialist
wood treatment technician
wood treatment worker","Wood treaters apply treatments to wood to make it resistant to environmental factors like mould, cold, moisture, or staining. Treatments may also contribute to the colour of the wood. Wood treaters may use chemicals, heat, gasses, UV light, or a combination of these to treat wood.",BATCH_SPLIT_ERROR,BATCH_SPLIT_ERROR,BATCH_SPLIT_ERROR,BATCH_SPLIT_ERROR,BATCH_SPLIT_ERROR,False,False,True
687671c1ebd2bf665349e642,http://data.europa.eu/esco/occupation/59088d93-bd71-4fd7-a39e-8cc9dd37dfae,"fb7575ed-907e-4062-93d4-f7d46baecf27
aadd22c2-8ec6-4529-9484-6e46cfb95521
794906d0-0696-45f8-b214-b79f31d0429d
535b9e4c-1a19-447b-9747-a1ec57ab3e2d
01ab664d-068c-4217-a9ff-c3d927cd4abf",7522,7522.1,,,http://data.europa.eu/esco/regulated-professions/unregulated,escooccupation,True,antique furniture reproducer,"antique furniture carver
reproduction antique furniture copier
furniture reproducer
reproduction period furniture craftswoman
reproduction furniture worker
reproduction furniture craftsman
reproduction period furniture craftsperson
antique furniture copier
reproduction antique furniture craftswoman
reproduction furniture maker
reproduction period furniture craftsman
period furniture maker
period furniture reproducer
antique furniture maker
reproduction furniture craftsperson
reproduction furniture craftswoman
reproduction antique furniture craftsman
reproduction antique furniture worker
reproduction antique furniture maker
reproduction antique furniture craftsperson
period furniture copier
period furniture carver
reproduction antique furniture carver
reproduction period furniture maker
antique furniture reproducer
reproduction period furniture worker","Antique furniture reproducers duplicate and recreate antique furniture. They prepare drawings and templates of the article, create, fit and assemble parts and finish the article after original specifications.",BATCH_SPLIT_ERROR,BATCH_SPLIT_ERROR,BATCH_SPLIT_ERROR,BATCH_SPLIT_ERROR,BATCH_SPLIT_ERROR,False,False,True
687671c1ebd2bf665349e643,http://data.europa.eu/esco/occupation/e1416610-ad08-4f37-8b46-9f99632a5c0f,"0fde3aa3-112d-421f-b4f9-f9384f7cff1d
ac174e8a-3669-492a-8d07-88a5c42e5a47
dc00043c-eb3b-4476-9ed0-fb00d103b332
f399d0cf-e343-4383-93b3-e28836982281
ec40ddd7-6c89-4827-b81b-000b25d090f7",7522,7522.2,,,http://data.europa.eu/esco/regulated-professions/unregulated,escooccupation,True,cabinet maker,"Maker hand cart
Maker, coffin
Maker, furniture: cane
Maker, instrument case
Maker, mkokoteni
Maker, model: wooden
cabinet maker
cabinetmaker
chair maker
craftsman cabinet maker
craftsman cabinetmaker
craftswoman cabinet maker
craftswoman cabinetmaker
furniture constructor
furniture design and maker
furniture fitter
hand crafted furniture builder
hand crafted furniture constructor
hand crafted furniture fitter
hand crafted furniture maker
maker of beds
maker of chairs
maker of kitchen cabinets
maker of settees
manufacture of storage units","Cabinet makers build cabinets or other pieces of furniture by cutting, shaping and fitting pieces of wood. They use different kind of power and hand tools, such as lathes, planers and saws.",BATCH_SPLIT_ERROR,BATCH_SPLIT_ERROR,BATCH_SPLIT_ERROR,BATCH_SPLIT_ERROR,BATCH_SPLIT_ERROR,False,False,True
687671c1ebd2bf665349e644,http://data.europa.eu/esco/occupation/501a3798-08bf-4475-88d2-0e8c9befb101,"463a355f-bee6-494a-8472-6fbd46ef034e
ad48db37-a925-448b-b5f7-fb86650d5752
d3209476-0482-4558-b6ed-68460e34752c
1524987b-cbfe-41a6-9825-298783d3e5a0
a76f9ea0-8fa9-4f43-8d6f-f67926922098",7522,7522.3,,,http://data.europa.eu/esco/regulated-professions/unregulated,escooccupation,True,cooper,"Cartwright
Maker, cask
Maker, tank: wooden
barrel assembler
barrel constuctor
barrel maker
cooper
master barrel builder
master cooper
wooden barrel assembler
wooden barrel builder
wooden barrel constuctor
wooden barrel maker","Coopers build barrels and related products made of segments of wood, like wooden buckets. They shape the wood, fit hoops around them, and shape the barrel to hold the product, which contemporarily is usually premium alcoholic beverages.",BATCH_SPLIT_ERROR,BATCH_SPLIT_ERROR,BATCH_SPLIT_ERROR,BATCH_SPLIT_ERROR,BATCH_SPLIT_ERROR,False,False,True
687671c1ebd2bf665349e645,http://data.europa.eu/esco/occupation/fb6df00f-4810-442b-8f93-89b9580c7c9f,"823def1f-d143-49a7-ae64-a0b720ba1cf6
3a9e8d08-8088-44e6-9135-b0ca738c297b
22e0b02e-f823-4ac1-b4b2-1ed6b2333c12
46998f37-4e83-4a31-9900-c133eb5c4e5a
d31ee997-4138-453d-976c-16fd6e991c3b",7522,7522.5,,,http://data.europa.eu/esco/regulated-professions/unregulated,escooccupation,True,furniture finisher,"furniture finishing worker
furniture finishing operative
wooden furniture finisher
furniture stainer
furniture machine finisher
furniture painter
furniture varnisher
furniture polisher
wooden furniture production worker
furniture finishing technician
wood furniture varnisher
furniture sander
wooden furniture varnisher
furniture hand finisher
wood furniture painter
wooden furniture painter
wooden furniture stainer
French polisher
wood furniture stainer
furniture finisher
wooden furniture production operative
wooden furniture sander
furniture sprayer
wood furniture finisher
wooden furniture polisher
wood furniture sprayer","Furniture finishers treat the surface of wood furniture using hand and power tools to sand, clean and polish. They apply wood coatings onto wooden surfaces by using different techniques such as brushing or using a spray gun. They choose and apply the right coatings with protective and/or decorative purposes.",BATCH_SPLIT_ERROR,BATCH_SPLIT_ERROR,BATCH_SPLIT_ERROR,BATCH_SPLIT_ERROR,BATCH_SPLIT_ERROR,False,False,True
687671c1ebd2bf665349e669,http://data.europa.eu/esco/occupation/24e9f120-eae8-411a-8daf-c48e8ae2f5f6,"9dd2388f-72bf-4ae2-93fb-9b0acd126bae
6f8b084d-2c2b-4698-b926-70195d1891e8
5d5014ce-e3e6-4461-8676-66587e57786f
57268e8d-d3c0-4c1f-847b-9433d96fbe71
42cab3c2-920a-4d87-897c-6719d87872ae",7536,7536.1,,,http://data.europa.eu/esco/regulated-professions/unregulated,escooccupation,True,leather goods manual operator,"leather parts manipulator
manual operator
leather goods manual operator
hand operator
leather components manipulator",Leather goods manual operators handle tools to prepare the joint of the pieces in order to ready the pieces to be stitched or to close the already existing pieces stitched together in order to give shape to the leather good products.,BATCH_SPLIT_ERROR,BATCH_SPLIT_ERROR,BATCH_SPLIT_ERROR,BATCH_SPLIT_ERROR,BATCH_SPLIT_ERROR,False,False,True
687671c1ebd2bf665349e66a,http://data.europa.eu/esco/occupation/8f592e05-8035-4646-b33e-a4ea2c2314e3,"55b5ec1f-4368-4923-a985-e251371fd82c
1cbee09e-066c-44f7-a2ee-6f08073f5bdf
cf2935c3-8b15-4e48-96b1-53624cd29cd8
4099c425-ca67-44b7-a624-f563a5a0d988
524f26eb-4a01-41ab-b417-8d575e99e0cf",7536,7536.1.1,,,http://data.europa.eu/esco/regulated-professions/unregulated,escooccupation,True,leather goods finishing operator,"Skiver, footwear
leather goods finishing operator","Leather goods finishing operators organise leather goods products to be finished applying different types of finishing, e.g. creamy, oily, waxy, polishing, plastic-coated, etc. They use tools, means and materials to incorporate the handles and metallic applications in bags, suitcases, and other accessories. They study the sequence of operations according to the information received from the supervisor and from the technical sheet of the model. They apply techniques for ironing, creaming or oiling, for the application of liquids for waterproofing, leather washing, cleaning, polishing, waxing, brushing, burning tips, remotion of glue waste, and painting the tops following technical specifications. They also check visually the quality of the finished product by paying close attention to the absence of wrinkles, straight seams, and cleanliness. They correct anomalies or defects that can be solved by finishing and reported to the supervisor.",BATCH_SPLIT_ERROR,BATCH_SPLIT_ERROR,BATCH_SPLIT_ERROR,BATCH_SPLIT_ERROR,BATCH_SPLIT_ERROR,False,False,True
687671c1ebd2bf665349e66b,http://data.europa.eu/esco/occupation/1d188cae-90e9-4950-9666-3e1a9500de50,"c41455f5-da2b-4d2e-831d-4d937b36a25e
e1a12f10-0efc-47b0-8aca-44173b441d5e
66537ef6-4d4d-4e07-be9a-314069bb073e
6c7e6337-230b-4fec-92b7-04fc1f93e6d0
b93bd35e-1946-44a6-9b07-61c622d556e9",7536,7536.1.2,,"Excludes:
- people using machines",http://data.europa.eu/esco/regulated-professions/unregulated,escooccupation,True,leather goods hand cutting operator,"Clicker Cutter
Cutter, footwear
Cutter, glove
cutter
die cutter
die cutter operator
die cutting operator
die-cutter operator
die-cutting operator
leather cutter
leather die cutter
leather die cutting operator
leather die-cutting operator
leather goods hand cutting operator
leather hand cutting operator","Leather goods hand cutting operators check leather and their materials and cutting dies, select areas to be cut, position pieces on the leather and other materials, match the leather goods components (pieces) and check cut pieces against specifications and quality requirements. All the activities and tasks are performed manually.",BATCH_SPLIT_ERROR,BATCH_SPLIT_ERROR,BATCH_SPLIT_ERROR,BATCH_SPLIT_ERROR,BATCH_SPLIT_ERROR,False,False,True
687671c1ebd2bf665349e66c,http://data.europa.eu/esco/occupation/e666c384-2a14-4cd9-981f-7067dc0bb9a9,"62ff40dc-a0f5-4b75-9744-a0967f8607d5
191ebe88-616f-4d18-b29c-0edd2008207d
db79f6bb-e65e-4f1f-89c1-e3f6133d418e
df6e783e-f280-477f-91f6-ecb8b9b70e32
a9e89f34-5321-4aad-a85b-1db1eb1dd31c",7536,7536.1.3,,,http://data.europa.eu/esco/regulated-professions/unregulated,escooccupation,True,leather goods hand stitcher,"Maker, saddle
hand sewer, leather goods
leather goods hand sewer
leather goods hand stitcher","Leather goods hand stitchers join the cut pieces of leather and other materials using simple tools such as needles, pliers and scissors to close the product. They also perform hand stitches for decorative purposes.",BATCH_SPLIT_ERROR,BATCH_SPLIT_ERROR,BATCH_SPLIT_ERROR,BATCH_SPLIT_ERROR,BATCH_SPLIT_ERROR,False,False,True
687671c1ebd2bf665349e66d,http://data.europa.eu/esco/occupation/f8e76759-811e-4b39-9adf-3e77429cff8f,"d160296e-1c76-4a59-a6bf-7084e09d5552
eea71dc8-799c-47be-93fe-33c069165741
44d8462f-6ca5-433e-ac3c-0b7d2d11c692
9acb2c5b-c83a-4860-a9d9-d4e2b7bb483a
eb24dc38-cb8f-4557-a8e6-dc543810bd8f",7536,7536.2,,,http://data.europa.eu/esco/regulated-professions/unregulated,escooccupation,True,shoemaker,"Eyeletter, footwear
Maker, whip
Rounder, footwear
cobbler
custom shoemaker
hand craft shoe maker
shoe repairer
shoemaker
traditional shoe manufacturer",Shoemakers use hand or machine operations for traditional manufacturing of a various range of footwear. They also repair all types of footwear in a repair shop.,BATCH_SPLIT_ERROR,BATCH_SPLIT_ERROR,BATCH_SPLIT_ERROR,BATCH_SPLIT_ERROR,BATCH_SPLIT_ERROR,False,False,True
687671c1ebd2bf665349e6fa,http://data.europa.eu/esco/occupation/88b21b2f-350c-4f41-9680-a53f8ea708ed,"94101fac-1325-4632-b640-5902380d865a
c10c7f00-8c80-456b-822b-29b08434e5df
671b996a-2ad6-41eb-bf17-aa486c6add2f
c7195f38-59f6-468f-a36e-2b20067b6209
f3d515cc-069d-4bdc-8641-5a5be4a441b9",8142,8142.6,,,http://data.europa.eu/esco/regulated-professions/unregulated,escooccupation,True,filament winding operator,"FRP winding machine operator
GRP pipe winding operator
Winder, filament: hand
fiberglass container winding operator
fiberglass pipe winding operator
fiberglass tank winding operator
fibreglass container winding operator
fibreglass pipe winding operator
fibreglass tank winding operator
filament winder operative
filament winder operator
filament winding machine operative
filament winding machine operator
filament winding machine tender
filament winding operator
winding machine operative","Filament winding operators tend, control and maintain machines that coat filament, usually fibreglass or carbon, in resin and wind them around a rotation mould to produce pipes, containers, tubes and other hollow cylindrical products.",BATCH_SPLIT_ERROR,BATCH_SPLIT_ERROR,BATCH_SPLIT_ERROR,BATCH_SPLIT_ERROR,BATCH_SPLIT_ERROR,False,False,True
687671c1ebd2bf665349e6fb,http://data.europa.eu/esco/occupation/502fe307-ae65-46cb-a485-e559b9a35266,"da6d538f-e83c-4cbf-92b9-fec1efc42aac
ffba2a43-9534-44fd-9f1f-a36e8a303d66
84ab12f0-bfe5-4c7f-a07d-170012c26ae8
409d8491-8792-49ec-bb45-b2284e457d41
c29ffe97-5561-46ee-a0c9-1473214d2134",8142,8142.7,,"Includes:
- people producing jewellery and bijouterie",http://data.europa.eu/esco/regulated-professions/unregulated,escooccupation,True,injection moulding operator,"injection moulding setter
plastic moulding operative
plastic injection moulding operator
injection moulding operative
plastic molding operator
plastic molding worker
thermoplastic moulding worker
injection molding worker
injection molding setter
injection moulding machine operator
injection molding operator
thermoplastic moulding operative
thermoplastic molding worker
plastic moulding worker
plastic moulder
thermoplastic moulder
injection molding operative
wax injection operator
injection moulder
plastic molding operative
injection molding machine operator
thermoplastic molding operator
plastic injection moulding machine operator
plastic injection molding machine operator
thermoplastic molding operative
injection moulding worker
plastic injection molding operator
injection moulding operator","Injection moulding operators operate and monitor injection moulding machines, in order to cast products from thermoplastic materials. They regulate the temperature, pressure, and volume of plastic, according to pre-defined specifications. Injection moulding operators also remove finished products and cut-away excess material, using a knife or other hand tools.",BATCH_SPLIT_ERROR,BATCH_SPLIT_ERROR,BATCH_SPLIT_ERROR,BATCH_SPLIT_ERROR,BATCH_SPLIT_ERROR,False,False,True
687671c1ebd2bf665349e6fc,http://data.europa.eu/esco/occupation/a4ab8347-782f-4ca1-940d-44ffea256ebf,"6cf2bafc-94a3-4980-8ee4-a8f2d7414b28
4b397e29-acd8-40cf-a6a0-466158af0bb4
f16351e5-783b-41a7-85df-2c80d8b7d895
c55dd4c0-e36e-4d91-85b9-919ea6d476c4
64d5ea4b-6535-45ca-a3ec-b033b7d875d0",8142,8142.7.1,,,http://data.europa.eu/esco/regulated-professions/unregulated,escooccupation,True,optical disc moulding machine operator,"optical disc moulding machine specialist
optical disc molding machine operator
optical disc moulding machine tender
optical molding machine operator
optical disc moulding machine operative
optical disc injection moulding machine specialist
injection molding machine tender
optical disc injection moulding machine technician
molding machine tender
optical disc injection moulding machine operator
injection moulding machine tender
optical disc moulding machine technician
moulding machine tender
optical disc moulding machine worker
optical disc molding machine tender
optical disc moulding machine operator","Optical disc moulding machine operators tend moulding machines that melts polycarbonate pellets and inject the plastic into a mould cavity. The plastic is then cooled and solidifies, bearing the marks that can be digitally read.",BATCH_SPLIT_ERROR,BATCH_SPLIT_ERROR,BATCH_SPLIT_ERROR,BATCH_SPLIT_ERROR,BATCH_SPLIT_ERROR,False,False,True
687671c1ebd2bf665349e6fd,http://data.europa.eu/esco/occupation/4a30b421-2fda-42d6-b7e1-1c31753f061d,"a64a8819-07e4-4315-87a7-0a39a7f594ef
c2548cf6-ea54-4e8a-82f5-34751ed7b4d3
a0623c11-3665-433e-8b5c-9c794c5ab04a
4cf56122-7514-4fb4-a2f6-d7ce7e4c1f78
fab9f18c-a456-4eec-877d-c192c38daf16",8142,8142.8,,,http://data.europa.eu/esco/regulated-professions/unregulated,escooccupation,True,insulating tube winder,"hand winder, insulating tubes
winding technician
insulating tube winder
winder, insulating tubes
tube winder
tube winding machine operative
convolute tube winder
tube winding machine tender
tube winding machine setter
tube winding machine operator",Insulating tube winders set up and operate a machine to wind up insulating tubes and cut them to specified dimensions.,BATCH_SPLIT_ERROR,BATCH_SPLIT_ERROR,BATCH_SPLIT_ERROR,BATCH_SPLIT_ERROR,BATCH_SPLIT_ERROR,False,False,True
687671c1ebd2bf665349e6fe,http://data.europa.eu/esco/occupation/84d45916-eef7-4c58-a73c-3639c9965014,"7e1afaa9-6abe-4aca-bb0f-ae2796d7b03f
4532430e-9105-4f2a-af98-9c3222afc4ee
ff3744ca-ea34-477f-b3f4-db6ec2abec34
47e36b3e-bb45-4892-b022-8550e11bbffb
f7ec8959-268a-495c-87bb-a300e12992f2",8142,8142.9,,,http://data.europa.eu/esco/regulated-professions/unregulated,escooccupation,True,plastic furniture machine operator,"plastic furniture machine worker
plastic furniture manufacturer
plastic furniture machine operative
plastic furniture assembler
plastic furniture maker
plastic furniture machine setter
plastic furniture assembly worker
plastic furniture production operative
plastic furniture machine tender
plastic furniture machine operator
plastic furniture production process worker","Plastic furniture machine operators tend plastic processing machines that produce pieces such as plastic chairs and tables. They inspect each resulting product, detect abnormalities and remove inadequate pieces. In some cases, they may assemble different plastic parts to obtain the final product.",BATCH_SPLIT_ERROR,BATCH_SPLIT_ERROR,BATCH_SPLIT_ERROR,BATCH_SPLIT_ERROR,BATCH_SPLIT_ERROR,False,False,True
687671c1ebd2bf665349e722,http://data.europa.eu/esco/occupation/7d99ed04-fda7-4f35-9f02-0db18078159c,"154b0075-0192-46a6-84c0-5e70eddff2fb
6c157f98-1dbb-46ea-a963-d9cbf15be822
4dacb5fe-dbef-4ec1-8b09-d8f99046c45a
4d26e222-bf2c-4d4c-8cde-297d161606bc
7aac1f26-641b-478d-b5d4-787936046730",8155,8155.1.2,,,http://data.europa.eu/esco/regulated-professions/unregulated,escooccupation,True,leather finishing operator,"Finisher, footwear
Finisher, luggage
Finisher, pelt
finisher
finishing machinist
finishing operators
finishing range operator
leather embossing machine operator
leather finishing coating machine operator
leather finishing operator
milling drum operator
plating machine operator
spray booth operator","Leather finishing operators use machines for finishing leather according to the required specifications for surface characteristics, as provided by the client. Surface characteristics refer to colour nuance, quality, pattern and special properties, such as waterproofness, antiflame retardance, antifogging of the leather. They arrange the dosage of finishing mixes to apply to the leather and do the routine maintenance of the machinery.",BATCH_SPLIT_ERROR,BATCH_SPLIT_ERROR,BATCH_SPLIT_ERROR,BATCH_SPLIT_ERROR,BATCH_SPLIT_ERROR,False,False,True
687671c1ebd2bf665349e723,http://data.europa.eu/esco/occupation/2082e125-d06b-43e6-957f-b7aa3c48dc2f,"5858b75f-9009-4cb8-a8c8-20d6528d3dac
2cc96cb6-40f0-4ebb-be53-938ad040d7a6
3483955b-bfb9-4a2a-92cb-fc719fd57923
03bcadda-356c-4fdf-9721-67b7e8a82f2e
95890d4f-235c-422e-b47a-0f078258085a",8156,8156.1,,,http://data.europa.eu/esco/regulated-professions/unregulated,escooccupation,True,automated cutting machine operator,"automatic cutting system operator
automatic cutting machine tender
leather goods automatic cutting system operator
automated cutting system operator
automated cutting machine operator
leather goods automated cutting machine operator
automated cutting machine tender
automatic cutting machine operator
automatic footwear cutting clicker
leather goods automated cutting system operator","Automated cutting machine operators send files from the computer to the cutting machine, place the material to be cut and digitize and select the fault in the materials surface in order to perform the nesting of the parts, unless the machine makes it automatically. They give the order to the machine to cut, collect the cut pieces and do the final quality control analysis against specifications and quality requirements. They also monitor the status of the cutting machine working devices.",BATCH_SPLIT_ERROR,BATCH_SPLIT_ERROR,BATCH_SPLIT_ERROR,BATCH_SPLIT_ERROR,BATCH_SPLIT_ERROR,False,False,True
687671c1ebd2bf665349e724,http://data.europa.eu/esco/occupation/1b4e795d-6e49-4b7b-bb34-585edfd6eb18,"01b51a79-2df7-4fc9-b96a-a779767fd5e2
54425b54-853f-4de6-999b-3510c8810cbc
36dfd422-8282-4340-9a40-1ac94bb26390
d67c0308-6d37-4a74-a1ec-8cec67f0022e
bcc45812-552d-408c-9d2d-efd1e86a14f1",8156,8156.2,,,http://data.europa.eu/esco/regulated-professions/unregulated,escooccupation,True,footwear production machine operator,"footwear production machinist
footwear production cutting machine operator
footwear production machine sewer
footwear production sewer
footwear production machine tender
footwear production machine operator
footwear production machine cutter
footwear production sewing machine operator","Footwear production machine operators tend specific machines in the industrial production of footwear. They operate machinery for lasting, cutting, closing, and finishing footwear products. They also perform routine maintenance of the machinery.",BATCH_SPLIT_ERROR,BATCH_SPLIT_ERROR,BATCH_SPLIT_ERROR,BATCH_SPLIT_ERROR,BATCH_SPLIT_ERROR,False,False,True
687671c1ebd2bf665349e725,http://data.europa.eu/esco/occupation/16ad07cd-2fd2-4f93-b442-89918c10bbbf,"1d52f11a-bb24-48fb-a70b-98976205adcb
7ebbcb1f-b3ba-4306-9cec-034bcd9ee263
3751e7c9-fc1f-49c4-9f9d-8b9a09f7b83c
96136b38-0d34-4d55-9189-b1fe36a8ea78
699b2b69-75ac-4c97-982a-7981e8359698",8156,8156.2.1,,,http://data.europa.eu/esco/regulated-professions/unregulated,escooccupation,True,cutting machine operator,"Splitter, footwear
belts & handles cutting machine attendant
belts & handles cutting machine operator
belts & handles cutting machine tender
belts and handles cutting machine attendant
belts and handles cutting machine operator
belts and handles cutting machine tender
belts cutting machine operator
boot and shoe clicker
bottom stock manufacturing machine operator
bottoms cutting machine operator
cutting machine operator
cutting machine tender
cutting operative
cutting operator
cutting operator for footwear bottoms
cutting operator for linings and other materials
footwear clicker
footwear machine tender
handles cutting machine operator
leather goods cutting attendant for linings and other materials
leather goods cutting machine tender
leather goods cutting operator for linings and other materials
leather goods cutting technician for linings and other materials
leather goods cutting technologist for linings and other materials
leather goods cutting worker for linings and other materials
leather goods machine cutting operator
leather goods machine operator
leather goods machine tender
linings and other materials cutting operator
machine cutting operator
shoe clicker
shoe cuting machine operator
shoe cutting machine operator
sole cuter
sole cutter
sole trimer
sole trimmer
soul cuter
soul cutter
soul trimer
soul trimmer
triming machine operative
triming machine operator
triming machine tender
triming machine tendor
trimming machine operative
trimming machine operator
trimming machine tender
trimming machine tendor","Cutting machine operators check leather, textiles, synthetic materials, dyes and footwear. They select areas of materials to be cut in terms of quality and stretch direction, take the decision of where and how to cut and programme and execute specific technology or machine. The equipment used for large surfaces of materials is frequently an automatic knife. Cutting machine operators position and handle leather or other materials. They adjust cutting machines, match footwear components and pieces, and check cut pieces against specifications and quality requirements.",BATCH_SPLIT_ERROR,BATCH_SPLIT_ERROR,BATCH_SPLIT_ERROR,BATCH_SPLIT_ERROR,BATCH_SPLIT_ERROR,False,False,True
687671c1ebd2bf665349e726,http://data.europa.eu/esco/occupation/e614861b-4685-4699-a12d-965cdd65ec64,"ba8b25d9-4f38-4d3e-8451-d01e77870cdb
b2f38081-0a46-4ce1-8a76-2885a221e7ae
b8418142-ce4c-48f8-8826-623bfd57c675
b6407712-4530-48d0-99f1-5a179f360fde
050b2486-4e4a-47ac-80c9-f1cd8648d995",8156,8156.2.2,,,http://data.europa.eu/esco/regulated-professions/unregulated,escooccupation,True,footwear maintenance technician,footwear maintenance technician,"Footwear maintenance technicians are the professionals who install, program and tune different types of cutting, stitching, assembling and finishing equipment used in footwear production. They perform preventive and corrective maintenance, and verify periodically working conditions and performance. They analyse faults, correct problems, repair and substitute components or pieces, and do routine lubrications, providing information on their use and energetic consumption mainly to the decision makers inside the company.",BATCH_SPLIT_ERROR,BATCH_SPLIT_ERROR,BATCH_SPLIT_ERROR,BATCH_SPLIT_ERROR,BATCH_SPLIT_ERROR,False,False,True
687671c1ebd2bf665349e781,http://data.europa.eu/esco/occupation/d63b95e6-cf44-479e-bea2-e93498d171d0,"b8396347-dc28-4576-b0ee-019aeb030b08
c971ff1c-e8ae-429e-aeab-33cc7e1303f0
c3f1d917-8ed9-404b-b09f-6036ca1af9fa
723c3f9c-b744-40b0-8526-4fa24f22c514
de6a4de0-b523-4756-bec8-e8c1712d616d",8172,8172.5.5,,,http://data.europa.eu/esco/regulated-professions/unregulated,escooccupation,True,wood router operator,"CNC wood router operative
CNC wood router operator
CNC wood router setter
CNC wood routing machine operative
CNC wood routing machine operator
CNC wood routing machine setter
CNC wood routing machine tender
Operator, machine: cutting (wood)
wood carving machine operative
wood carving machine operator
wood carving machine setter
wood carving machine specialist
wood carving machine technician
wood carving machine tender
wood router
wood router operator
wood router specialist
wood router technician
wood routing machine operative
wood routing machine operator
wood routing machine setter
wood routing machine tender","Wood router operators work with industrial routers to cut wood into the desired shape. Routers have a routing head that moves over the wood, going up and down to regulate the depth of the incision. Contemporary industrial wood routers usually are computer controlled for extremely fine and consistent results.",BATCH_SPLIT_ERROR,BATCH_SPLIT_ERROR,BATCH_SPLIT_ERROR,BATCH_SPLIT_ERROR,BATCH_SPLIT_ERROR,False,False,True
687671c1ebd2bf665349e782,http://data.europa.eu/esco/occupation/7109cdfd-1618-43b6-8317-8dc90fa583e6,"2ddeb69b-f9e4-44b1-ba00-8a050eab788c
41fd41dd-870f-4f46-942b-62da8fbf9df3
88602aea-e3e0-41d5-97fd-a48b1a62944b
ea7bd027-59a5-4b88-a9b8-fc23d04ce3e3
7f36d7e2-edea-4240-81f9-a0f34870fef0",8172,8172.6,,,http://data.europa.eu/esco/regulated-professions/unregulated,escooccupation,True,wood fuel pelletiser,"wood pelletiser worker
wood pellet machine worker
wood pellet machine operator
wood pelletiser technician
wood pellet machine technician
wood fuel pelletiser
wood pelletiser operator
wood pelletiser
wood pellet machine specialist
wood pelletiser specialist","Wood fuel pelletisers operate a hammer mill to turn wood waste products into pellets for use as fuel. The milled product is afterward pressed through a die, producing the standardised shape and size of a pellet.",BATCH_SPLIT_ERROR,BATCH_SPLIT_ERROR,BATCH_SPLIT_ERROR,BATCH_SPLIT_ERROR,BATCH_SPLIT_ERROR,False,False,True
687671c1ebd2bf665349e783,http://data.europa.eu/esco/occupation/43c86ca8-7357-4e8e-9a1c-bae427f61c5e,"eaf5146c-97a8-4fb5-95df-6a7d43dc0d33
1d6df8b0-7e30-4d83-a6b9-853608402a3b
0573e3f0-e846-4559-a8d0-396865a96c00
4e015c8e-fbdd-4509-9574-3d3db3c1771b
ffcf3dc6-718a-4aad-b854-fae4cfc8ef3a",8181,8181.1,,,http://data.europa.eu/esco/regulated-professions/unregulated,escooccupation,True,auger press operator,"Operator, press: extruding (clay)
auger extrusion press operator
auger press operative
auger press operative manual control
auger press operator
auger press operator, manual control
auger press worker
auger press worker, manual control
drain tile press operator
flue tile press operator
manual control auger press operative
manual control auger press operator
manual control auger press worker
sewer pipe press operator","Auger press operators control and adjust an auger-press in order to perform clay forming, extrusion and cutting operations on products according to specifications.",BATCH_SPLIT_ERROR,BATCH_SPLIT_ERROR,BATCH_SPLIT_ERROR,BATCH_SPLIT_ERROR,BATCH_SPLIT_ERROR,False,False,True
687671c1ebd2bf665349e784,http://data.europa.eu/esco/occupation/5c4ba833-da16-4bd0-a4b2-c08a2eaf5884,"8b0e5c60-aaad-40d5-b624-08a211c48847
200fa7f2-ce6b-473e-9a4d-5a5cd494b0b9
0648cf56-8bb1-4b5c-a32e-446cd4894d9c
fa401974-28c9-4682-8800-1ec99e4b4430
61c9e096-727c-410d-9353-25751736f294",8181,8181.10,,,http://data.europa.eu/esco/regulated-professions/unregulated,escooccupation,True,kiln firer,"Operator, machine: painting (ceramics)
bisque kiln firer
bisque kiln operator
decorating-kiln firer
decorating-kiln operator
glost kiln firer
glost kiln operator
kiln filler
kiln fireman
kiln firer
kiln hand
kiln man
kiln woman
round kiln firer
tunnel kiln firer","Kiln firers operate kilns in order to fire decorations or glazes. They determine the level and uniformity of oven temperature, regulate the temperature, and give directions to a helper in preparing firebox and lighting fires.",BATCH_SPLIT_ERROR,BATCH_SPLIT_ERROR,BATCH_SPLIT_ERROR,BATCH_SPLIT_ERROR,BATCH_SPLIT_ERROR,False,False,True
687671c1ebd2bf665349e785,http://data.europa.eu/esco/occupation/b6a62e85-5ffe-41aa-8f2a-9959365dfe85,"cc32f586-42a2-4f0f-a6e6-fad5d6329030
b7782a6b-1abc-4536-b258-facafd4c1269
fdb1ac25-8cfc-4138-af79-c6d81613732c
cb1e4b73-798b-4b7b-b322-5ad13ea6966e
09f19a2e-a196-4af6-a827-ad3e2b0ce4aa",8181,8181.2,,,http://data.europa.eu/esco/regulated-professions/unregulated,escooccupation,True,brick and tile caster,"Operator, machine: ceramics production
Operator, machine: clay slips production
Operator, machine: mixing (clay)
Operator, machine: pottery and porcelain production
auger-press operator
brick and tile caster
brick and tile making machine operative
brick and tile making machine operator
brick and tile-making machine operative
brick and tile-making machine operator
brick caster
castables operative
castables worker
caster (brick and tile)
cutter operator, brick
cutter operator, tile
pug mill operator
tile caster",Brick and tile casters operate and maintain mixing machines used in brick and tile products development.,BATCH_SPLIT_ERROR,BATCH_SPLIT_ERROR,BATCH_SPLIT_ERROR,BATCH_SPLIT_ERROR,BATCH_SPLIT_ERROR,False,False,True
687671c1ebd2bf665349e83e,urn:icatus:2016:312,"516a4de9-da07-4963-a9b2-1330e97ab1a6
c9d19d46-96a2-4b89-ad1f-8a194573cb27
9b967228-67d6-4ee2-8028-ff7bb5f32635
8329725b-cc46-4643-bbe1-bc001f37f69f",I31,I31_0_2,,"Includes:
- Serving food

Excludes:
- [Preparing meals/snacks](urn:icatus:2016:311)
- [Cleaning up after food preparation/meals/snacks](urn:icatus:2016:313)
- [Storing, arranging, preserving food stocks](urn:icatus:2016:314)
- [Unpaid volunteer household maintenance, management, construction, renovation and repair](urn:icatus:2016:511)",,localoccupation,True,serving meals and snacks,"serving meals and snacks
serving food","Refers to the serving of meals/snacks.

Examples:
- Served food to my family",BATCH_SPLIT_ERROR,BATCH_SPLIT_ERROR,BATCH_SPLIT_ERROR,BATCH_SPLIT_ERROR,BATCH_SPLIT_ERROR,False,False,True
687671c1ebd2bf665349e83f,urn:icatus:2016:313,"813e8820-9bba-4570-92ef-201844ea15fb
10ede507-a74e-4d0f-aff9-388bdc6688ec
6c54820f-699c-44ad-a5e5-1a2923ffe716
9dcd80d1-3c2d-487f-aa7f-1f0b3a0cf005",I31,I31_0_3,,"Includes:
- Washing dishes
- Cleaning table

Excludes:
- [Preparing meals/snacks](urn:icatus:2016:311)
- [Serving meals/snacks](urn:icatus:2016:312)
- [Storing, arranging, preserving food stocks](urn:icatus:2016:314)
- [Unpaid volunteer household maintenance, management, construction, renovation and repair](urn:icatus:2016:511)",,localoccupation,True,"cleaning up after preparation of food, meals and snacks","cleaning up after preparation of food, meals and snacks
clearing up after cooking
kitchen tidying and dishwashing","Refers to activities before and after washing up, e.g. drying up, tidying away dishes, etc. related to food preparation.

Examples:
- Loaded/unloaded the dishwasher
- Cleared the table after breakfast/lunch/snacks/dinner/supper/coffee
- Washed dishes
- Washed own kitchen after meals",BATCH_SPLIT_ERROR,BATCH_SPLIT_ERROR,BATCH_SPLIT_ERROR,BATCH_SPLIT_ERROR,BATCH_SPLIT_ERROR,False,False,True
687671c1ebd2bf665349e840,urn:icatus:2016:314,"4a077b65-bc64-4d9a-a93b-962964f44c99
af2c8358-98fb-4b5d-919c-5703ed7f8096
84aaf7bc-9357-4c87-b6cd-df5c7cda7fc6
a912e62c-7155-4968-bbef-9dd4ded25771",I31,I31_0_4,,"Includes:
- Sorting out berries for preserving

Excludes:
- [Preparing meals/snacks](urn:icatus:2016:311)
- [Serving meals/snacks](urn:icatus:2016:312)
- [Cleaning up after food preparation/meals/snacks](urn:icatus:2016:313)
- [Unpaid volunteer household maintenance, management, construction, renovation and repair](urn:icatus:2016:511)",,localoccupation,True,"storing, arranging, preserving food stocks","storing, arranging, preserving food stocks
managing food supplies","Refers to the storing, arranging and preserving food stocks.

Examples:
- Cleared the food back to the fridge
- Cleaned the vegetables/fruits, canned tomatoes",BATCH_SPLIT_ERROR,BATCH_SPLIT_ERROR,BATCH_SPLIT_ERROR,BATCH_SPLIT_ERROR,BATCH_SPLIT_ERROR,False,False,True
687671c1ebd2bf665349e841,urn:icatus:2016:32,"0fcc2d56-a83b-449e-9b43-034a8dd89e40
2a6d9d37-1e48-4ac4-acad-176f393dbed9
6e9ae173-0995-4be6-b5c0-736b03833f19
3f0cbf11-6f99-443c-b1a3-76a3e1f64b6c",I32,I32_0,,"Includes:
- [Indoor cleaning](urn:icatus:2016:321)
- [Outdoor cleaning](urn:icatus:2016:322)
- [Recycling and disposal of garbage](urn:icatus:2016:323)
- [Upkeep of in/outdoor plants, hedges, garden, grounds, landscape, etc.](urn:icatus:2016:324)
- [Tending furnace, boiler, fireplace for heating and water supply](urn:icatus:2016:325)

Excludes:
- Cleaning and maintenance of the dwelling and surroundings of other households
- [Other activities related to cleaning and upkeep of dwelling and surroundings](urn:icatus:2016:329)
- [Providing paid domestic services](urn:icatus:2016:136)
- [Food and meals management and preparation](urn:icatus:2016:31)
- [Do-it-yourself decoration, maintenance and repair](urn:icatus:2016:33)
- [Care and maintenance of textiles and footwear](urn:icatus:2016:34)
- [Household management for own final use](urn:icatus:2016:35)
- [Pet care](urn:icatus:2016:36)
 [Shopping for own household and family members](urn:icatus:2016:37)
- Shopping for other households and non-family members
- [Travelling, moving, transporting or accompanying goods or persons related to unpaid domestic services for household and family members](urn:icatus:2016:38)
- Travelling, moving, transporting or accompanying goods or persons related to unpaid domestic services for other households and non-family members
- [Other unpaid domestic services for household and family members](urn:icatus:2016:39)
- Other unpaid domestic services for other households and non-family members
- [Unpaid volunteer household maintenance, management, construction, renovation and repair](urn:icatus:2016:511)",,localoccupation,True,cleaning or gardening,"cleaning or gardening
cleaning and looking after your home or garden
indoor cleaning
house cleaning
room and space tidying
outdoor cleaning
yard upkeep
yard and garden cleaning
recycling and disposal of garbage
waste sorting
upkeep of in/outdoor plants, hedges, garden, grounds, landscape, etc
plant care
garden and plant care
lawn and landscape maintenance
tending furnace, boiler, fireplace for heating and water supply
heating system maintenance
residential heating care
fuel-based heating preparation","Refers to the cleaning and maintenance of own dwelling and surroundings.

Examples:
- Polished floors
- Tidied up kids room
- Routine cleaning of rooms, bathrooms, kitchen, etc.
- Sweeping, vacuuming, washing, scrubbing, making beds, tidying, picking up, dusting, washing windows, arranging the home
- Polishing/waxing floors and furniture
- Seasonal cleaning
- Cleaning after renovations
- Cleaning before/after having guests
- Swept entrance
- Routine outdoor cleaning of garage, yard, pool, frontage, pavement and lawns, outhouse, etc.
- Raking of leaves, snow shovelling, putting on storm windows
- Sorting garbage
- Separating papers, bottles, tins, etc.
- Took out garbage, waste
- Bringing large trash to scrap yard
- Watered plants
- Trimmed/mowing grass
- Planted trees in my garden; or on the hedge
- Planted trees outside own home for shade
- Care of indoor and outdoor plants
- Care of outdoor garden, landscaping, trimming, grounds/yard/lawn maintenance
- Checked the boiler
- Heated up sauna
- Lit the boiler
- Prepared the heating material
- Warmed water for bath
- Went down into the cellar and put firewood in the boiler
- Tending furnace, boiler, fireplace for heating",BATCH_SPLIT_ERROR,BATCH_SPLIT_ERROR,BATCH_SPLIT_ERROR,BATCH_SPLIT_ERROR,BATCH_SPLIT_ERROR,False,False,True
687671c1ebd2bf665349e842,urn:icatus:2016:321,"e96ae3eb-a8d7-493e-85a3-26d0bb8d40f1
679aa1a6-fcdb-4607-b9eb-feb543001012
02aeaefb-cb68-4f4d-b164-ffc5f871d872
b6d6764a-a5e3-4c59-b8df-7f03cdf395c4",I32,I32_0_1,,"Includes:
- Routine cleaning of rooms, bathrooms, kitchen, etc.
- Sweeping, vacuuming, washing, scrubbing, making beds, tidying, picking up, dusting, washing windows, arranging the home
- Polishing/waxing floors and furniture
- Seasonal cleaning
- Cleaning after renovations
- Cleaning before/after having guests

Excludes:
- [Outdoor cleaning](urn:icatus:2016:322)
- [Recycling and disposal of garbage](urn:icatus:2016:323)
- [Upkeep of in/outdoor plants, hedges, garden, grounds, landscape, etc.](urn:icatus:2016:324)
- [Unpaid volunteer household maintenance, management, construction, renovation and repair](urn:icatus:2016:511)",,localoccupation,True,indoor cleaning,"indoor cleaning
house cleaning
room and space tidying","Refers to the cleaning and maintenance of indoors of the dwelling.

Examples:
- Polished floors
- Tidied up kids room",BATCH_SPLIT_ERROR,BATCH_SPLIT_ERROR,BATCH_SPLIT_ERROR,BATCH_SPLIT_ERROR,BATCH_SPLIT_ERROR,False,False,True
687671c1ebd2bf665349e86f,urn:icatus:2016:32,"3fe683d0-d47d-4b44-8ecb-c13df4b31b1b
f3d76f78-ed07-4dff-a87e-bb06c312dfb0",I5132,I5132_0,,"Includes:
- [Indoor cleaning](urn:icatus:2016:321)
- [Outdoor cleaning](urn:icatus:2016:322)
- [Recycling and disposal of garbage](urn:icatus:2016:323)
- [Upkeep of in/outdoor plants, hedges, garden, grounds, landscape, etc.](urn:icatus:2016:324)
- [Tending furnace, boiler, fireplace for heating and water supply](urn:icatus:2016:325)

Excludes:
- Cleaning and maintenance of the dwelling and surroundings of own household
- [Other activities related to cleaning and upkeep of dwelling and surroundings](urn:icatus:2016:329)
- [Providing paid domestic services](urn:icatus:2016:136)
- [Food and meals management and preparation](urn:icatus:2016:31)
- [Do-it-yourself decoration, maintenance and repair](urn:icatus:2016:33)
- [Care and maintenance of textiles and footwear](urn:icatus:2016:34)
- [Household management for own final use](urn:icatus:2016:35)
- [Pet care](urn:icatus:2016:36)
- [Shopping for own household and family members](urn:icatus:2016:37)
- Shopping for other households and non-family members
- [Travelling, moving, transporting or accompanying goods or persons related to unpaid domestic services for household and family members](urn:icatus:2016:38)
- Travelling, moving, transporting or accompanying goods or persons related to unpaid domestic services for other households and non-family members
- [Other unpaid domestic services for household and family members](urn:icatus:2016:39)
- Other unpaid domestic services for other households and non-family members
- [Unpaid volunteer household maintenance, management, construction, renovation and repair](urn:icatus:2016:511)",,localoccupation,True,cleaning or gardening,"cleaning or gardening
cleaning and looking after someone else's home or garden
indoor cleaning
house cleaning
room and space tidying
outdoor cleaning
yard upkeep
yard and garden cleaning
recycling and disposal of garbage
waste sorting
upkeep of in/outdoor plants, hedges, garden, grounds, landscape, etc
plant care
garden and plant care
lawn and landscape maintenance
tending furnace, boiler, fireplace for heating and water supply
heating system maintenance
residential heating care
fuel-based heating preparation","Refers to the cleaning and maintenance of the dwelling and surroundings of other households.

Examples:
- Polished floors in someone else's home
- Tidied up a friend's kid's room
- Routine cleaning of rooms, bathrooms, kitchen, etc., in another household
- Sweeping, vacuuming, washing, scrubbing, making beds, tidying, picking up, dusting, washing windows, arranging the home for others
- Polishing/waxing floors and furniture in someone else's house
- Seasonal cleaning in another household
- Cleaning after renovations in a friend's home
- Cleaning before/after guests in someone else's dwelling
- Swept entrance of another household
- Routine outdoor cleaning of garage, yard, pool, frontage, pavement and lawns, outhouse, etc., for others
- Raking of leaves, snow shovelling, putting on storm windows for someone else
- Sorting garbage in someone else's home
- Separating papers, bottles, tins, etc., in another household
- Took out garbage, waste for a friend
- Bringing large trash to scrap yard for someone else
- Watered plants in someone else's house or garden
- Trimmed/mowed grass in a friend's yard
- Planted trees in a friend's garden; or on the hedge
- Planted trees outside the home of a friend for shade
- Care of indoor and outdoor plants for others
- Care of outdoor garden, landscaping, trimming, grounds/yard/lawn maintenance for non-family members
- Checked the boiler in another household
- Heated up sauna for someone else
- Lit the boiler in someone else's home
- Prepared the heating material for another household
- Warmed water for bath in a friend's home
- Went down into the cellar and put firewood in the boiler for someone else
- Tending furnace, boiler, fireplace for heating in another household",BATCH_SPLIT_ERROR,BATCH_SPLIT_ERROR,BATCH_SPLIT_ERROR,BATCH_SPLIT_ERROR,BATCH_SPLIT_ERROR,False,False,True
687671c1ebd2bf665349e843,urn:icatus:2016:322,"506de9db-904f-413a-9fdd-46109a2ccfbb
105a7fd0-8745-4d64-adf3-e0a07387531b
08206463-ab80-4513-98af-a70fcabf1a91
d2afb29d-ed9c-4698-a5f1-2479f2bd8104",I32,I32_0_2,,"Includes:
- Routine outdoor cleaning of garage, yard, pool, frontage, pavement and lawns, outhouse, etc.
- Raking of leaves, snow shovelling, putting on storm windows

Excludes:
- [Indoor cleaning](urn:icatus:2016:321)
- [Recycling and disposal of garbage](urn:icatus:2016:323)
- [Upkeep of in/outdoor plants, hedges, garden, grounds, landscape, etc.](urn:icatus:2016:324)
- [Unpaid volunteer household maintenance, management, construction, renovation and repair](urn:icatus:2016:511)",,localoccupation,True,outdoor cleaning,"outdoor cleaning
yard upkeep
yard and garden cleaning","Refers to the cleaning and maintenance of outdoors of the dwelling.

Examples:
- Swept entrance",BATCH_SPLIT_ERROR,BATCH_SPLIT_ERROR,BATCH_SPLIT_ERROR,BATCH_SPLIT_ERROR,BATCH_SPLIT_ERROR,False,False,True
687671c1ebd2bf665349e844,urn:icatus:2016:323,"a2e9c789-56bf-4b55-b076-0e82b2cce065
12f13f75-8334-4144-b9b4-47ffdcb4a814
f71f345c-343c-4b5f-a9a5-5869d8d3893f
1b481654-45cb-4123-8151-2b7b3e263977",I32,I32_0_3,,"Includes:
- Sorting garbage
- Take out garbage

Excludes:
- [Indoor cleaning](urn:icatus:2016:321)
- [Outdoor cleaning](urn:icatus:2016:322)
- [Upkeep of in/outdoor plants, hedges, garden, grounds, landscape, etc.](urn:icatus:2016:324)
- [Unpaid volunteer household maintenance, management, construction, renovation and repair](urn:icatus:2016:511)",,localoccupation,True,recycling and disposal of garbage,"recycling and disposal of garbage
waste sorting","Refers to the disposal and recycling of garbage.

Examples:
- Sorting trash
- Separating papers, bottles, tins, etc.
- Took out garbage, waste
- Bringing large trash to scrap yard",BATCH_SPLIT_ERROR,BATCH_SPLIT_ERROR,BATCH_SPLIT_ERROR,BATCH_SPLIT_ERROR,BATCH_SPLIT_ERROR,False,False,True
687671c1ebd2bf665349e845,urn:icatus:2016:324,"8835c7b0-e819-4679-af02-47d8a190d99a
29b50696-063d-4b2a-bba0-39bd3238c3bc
152b027a-87a5-43f2-bfa2-32aebb8c57e5
78ec63fb-0e33-4db9-8df7-74f77772cef5",I32,I32_0_4,,"Includes:
- Care of indoor and outdoor plants
- Care of outdoor garden, landscaping, trimming, grounds/yard/lawn maintenance

Excludes:
- [Indoor cleaning](urn:icatus:2016:321)
- [Outdoor cleaning](urn:icatus:2016:322)
- [Recycling and disposal of garbage](urn:icatus:2016:323)
- [Unpaid volunteer household maintenance, management, construction, renovation and repair](urn:icatus:2016:511)",,localoccupation,True,"upkeep of in/outdoor plants, hedges, garden, grounds, landscape, etc","upkeep of in/outdoor plants, hedges, garden, grounds, landscape, etc
plant care
garden and plant care
lawn and landscape maintenance","Refers to the care of indoor and outdoor plants.

Examples:
- Watered plants
- Trimmed/mowing grass
- Planted trees in my garden; or on the hedge
- Planted trees outside own home for shade",BATCH_SPLIT_ERROR,BATCH_SPLIT_ERROR,BATCH_SPLIT_ERROR,BATCH_SPLIT_ERROR,BATCH_SPLIT_ERROR,False,False,True
687671c1ebd2bf665349e846,urn:icatus:2016:325,"1f10dcaa-d50c-47a1-9c27-f38a1856086b
be886b8d-a8bd-487e-acca-f945ae3a74a2
e52e9b8b-f961-45bc-bfb6-13ea643ac14c
8133bf46-2133-49c5-8caf-a93422ec07e3",I32,I32_0_5,,"Includes:
- Tending furnace, boiler, fireplace for heating

Excludes:
- Providing paid domestic services
- Gathering firewood and other natural products used as fuel for own final use
- Fetching water from natural and other sources for own final use
- [Unpaid volunteer household maintenance, management, construction, renovation and repair](urn:icatus:2016:511)",,localoccupation,True,"tending furnace, boiler, fireplace for heating and water supply","tending furnace, boiler, fireplace for heating and water supply
heating system maintenance
residential heating care
fuel-based heating preparation","Refers to activities related to tending furnace, boiler, fireplace for heating and water supply.

Examples:
- Checked the boiler
- Heated up sauna
- Lit the boiler
- Prepared the heating material
- Warmed water for bath
- Went down into the cellar and put firewood in the boiler",BATCH_SPLIT_ERROR,BATCH_SPLIT_ERROR,BATCH_SPLIT_ERROR,BATCH_SPLIT_ERROR,BATCH_SPLIT_ERROR,False,False,True
687671c1ebd2bf665349e847,urn:icatus:2016:33,"917c013c-556c-41ab-a6b1-5ec5497aa1af
19aba5f8-5758-4fd6-a9ce-bb7f3f918511
e70a8e1d-692f-4d29-9248-433d74adeb2f
8b5141c8-6c1c-4efc-8ace-e43eecb6d62d",I33,I33_0,,"Includes:
- [Do-it-yourself improvement, maintenance and repair of own dwelling](urn:icatus:2016:331)
- [Installation, servicing and repair of personal and household goods including ICT equipment](urn:icatus:2016:332)
- [Vehicle maintenance and repairs](urn:icatus:2016:333)

Excludes:
- Decorating, maintaining and repairing of dwellings, personal and household goods of others
- [Other activities related to do-it-yourself decoration, maintenance and repair](urn:icatus:2016:339)
- [Providing paid domestic services](urn:icatus:2016:136)
- [Food and meals management and preparation](urn:icatus:2016:31)
- [Cleaning and maintaining of own dwelling and surroundings](urn:icatus:2016:32)
- Cleaning and maintaining of dwelling and surroundings of others
- [Care and maintenance of textiles and footwear](urn:icatus:2016:34)
- [Household management for own final use](urn:icatus:2016:35)
- [Pet care](urn:icatus:2016:36)
- [Shopping for own household and family members](urn:icatus:2016:37)
- Shopping for other households and non-family members
- [Travelling, moving, transporting or accompanying goods or persons related to unpaid domestic services for household and family members](urn:icatus:2016:38)
- Travelling, moving, transporting or accompanying goods or persons related to unpaid domestic services for other households and non-family members
- [Other unpaid domestic services for household and family members](urn:icatus:2016:39)
- Other unpaid domestic services for other households and non-family members
- [Unpaid volunteer household maintenance, management, construction, renovation and repair](urn:icatus:2016:511)",,localoccupation,True,fixing or building things,"fixing or building things
fixing things in your home or car
do-it-yourself improvement, maintenance and repair of own dwelling
DIY home repairs
home renovation and repairs
self-maintenance of home
installation, servicing and repair of personal and household goods including ICT equipment
household tech setup and repair
household equipment setup
gadget installation and repair
ICT and appliance servicing
home appliance installation and maintenance
servicing personal electronic devices
vehicle maintenance and repairs
DIY Vehicle Upkeep","Refers to decorating, maintaining and repairing of own dwelling, personal and household goods.

Examples:
- Painted walls of living room
- Decorating own house by painting designs and fixing artistic objects
- Decorating child's bedroom
- Re-wallpapering
- Covered floors with wet clay to maintain them
- Applied clay on walls to maintain them
- Repaired boiler, oil tank, etc.
- Painting, plastering, minor repairs to ceiling, floor, walls, roof; paving of driveway, carpentry work, plumbing, wiring
- Installed my desktop
- Installed washing machine
- Repaired own laptop/note book
- Installed printer
- Installed Playstation/Xbox
- Assembling of household equipment and appliances, cleaning/servicing/repairing of household appliances, furniture and other durable goods
- Installing computers or other devices
- Installing media equipment
- Checked the air of the car tyres (myself/at home)
- Serviced lawn mower (myself)
- Changed oil and filters in car engine
- Replaced broken fan belt
- Cleaning, greasing, other maintenance and repair of cars, motorcycles, bicycles, etc.
",BATCH_SPLIT_ERROR,BATCH_SPLIT_ERROR,BATCH_SPLIT_ERROR,BATCH_SPLIT_ERROR,BATCH_SPLIT_ERROR,False,False,True
687671c1ebd2bf665349e848,urn:icatus:2016:331,"0f1deed5-5f40-41f6-a88f-07b04f4ab469
c2017a17-3280-464b-8700-fdc8fa90b611
ac8e6dad-1832-4e14-808b-382be6f78e20
9fcac3dd-7d25-40d0-8638-7419dc48bdf2",I33,I33_0_1,,"Includes:
- Painting, plastering, minor repairs to ceiling, floor, walls, roof; paving of driveway, carpentry work, plumbing, wiring

Excludes:
- [Unpaid volunteer household maintenance, management, construction, renovation and repair](urn:icatus:2016:511)",,localoccupation,True,"do-it-yourself improvement, maintenance and repair of own dwelling","do-it-yourself improvement, maintenance and repair of own dwelling
DIY home repairs
home renovation and repairs
self-maintenance of home","Refers to do-it-yourself activities to improve, maintain and repair own dwelling.

Examples:
- Painted walls of living room
- Decorating own house by painting designs and fixing artistic objects
- Decorating child's bedroom
- Re-wallpapering
- Covered floors with wet clay to maintain them
- Applied clay on walls to maintain them
- Repaired boiler, oil tank, etc.",BATCH_SPLIT_ERROR,BATCH_SPLIT_ERROR,BATCH_SPLIT_ERROR,BATCH_SPLIT_ERROR,BATCH_SPLIT_ERROR,False,False,True
687671c1ebd2bf665349e849,urn:icatus:2016:332,"6233d0d2-ed61-415a-8da2-90212832798e
ba9ee416-f390-4073-b4e4-8d88d89e22ee
34dd9105-ce98-4b56-9cf9-b8c352cf0150
9189b88a-0e44-42aa-8d4b-38b1d6c8718e",I33,I33_0_2,,"Includes:
- Assembling of household equipment and appliances, cleaning/servicing/repairing of household appliances, furniture and other durable goods
- Installing computers or other devices
- Installing media equipment

Excludes:
- [Unpaid volunteer household maintenance, management, construction, renovation and repair](urn:icatus:2016:511)",,localoccupation,True,"installation, servicing and repair of personal and household goods including ICT equipment","installation, servicing and repair of personal and household goods including ICT equipment
household tech setup and repair
household equipment setup
gadget installation and repair
ICT and appliance servicing
home appliance installation and maintenance
servicing personal electronic devices","Refers to the installing, and repair service of personal and household goods including information and communications technology (ICT) and media equipment.

Examples:
- Installed my desktop
- Installed washing machine
- Repaired own laptop/note book
- Installed printer
- Installed Playstation/Xbox",BATCH_SPLIT_ERROR,BATCH_SPLIT_ERROR,BATCH_SPLIT_ERROR,BATCH_SPLIT_ERROR,BATCH_SPLIT_ERROR,False,False,True
687671c1ebd2bf665349e84a,urn:icatus:2016:333,"a42e732a-f04e-4271-9298-a3ac651dbdcb
2bb6b24f-ce7d-4354-bdc5-cc1ee4a409be
640cb83a-dbd6-4157-8b09-f09b754d311f
ede6a27c-5f17-4ad5-99d1-5c1fd56c27e6",I33,I33_0_3,,"Includes:
- Cleaning, greasing, other maintenance and repair of cars, motorcycles, bicycles, etc.

Excludes:
- [Unpaid volunteer household maintenance, management, construction, renovation and repair](urn:icatus:2016:511)",,localoccupation,True,vehicle maintenance and repairs,"vehicle maintenance and repairs
DIY Vehicle Upkeep","Refers to do-it yourself activities to maintain and repair vehicles for own household and family members.

Examples:
- Checked the air of the car tyres (myself/at home)
- Serviced lawn mower (myself)
- Changed oil and filters in car engine
- Replaced broken fan belt",BATCH_SPLIT_ERROR,BATCH_SPLIT_ERROR,BATCH_SPLIT_ERROR,BATCH_SPLIT_ERROR,BATCH_SPLIT_ERROR,False,False,True
687671c1ebd2bf665349e84b,urn:icatus:2016:34,"12895e61-82fb-4c4d-99d8-1fe5cac5e4a5
866c3976-286e-49bd-87a8-2520294ab6c1
fbc46a13-c5b2-43a3-9685-2679817fb4c3
7126a115-1145-423c-8d2f-f32a5b3544c1",I34,I34_0,,"Includes:
- [Hand/machine-washing](urn:icatus:2016:341)
- [Drying; hanging out, bringing in wash](urn:icatus:2016:342)
- [Ironing/pressing/folding](urn:icatus:2016:343)
- [Mending/repairing and care of clothes and shoes; cleaning and polishing shoes](urn:icatus:2016:344)

Excludes:
- Caring and maintaining of textiles and footwear for other households and non-family members
- [Other activities related to care of textiles and footwear](urn:icatus:2016:349)
- [Providing paid domestic services](urn:icatus:2016:136)
- [Food and meals management and preparation](urn:icatus:2016:31)
- [Cleaning and maintaining of own dwelling and surroundings](urn:icatus:2016:32)
- Cleaning and maintaining dwellings and surroundings of others
- [Do-it-yourself decoration, maintenance and repair](urn:icatus:2016:33)
- [Household management for own final use](urn:icatus:2016:35)
- [Pet care](urn:icatus:2016:36)
- [Shopping for own household and family members](urn:icatus:2016:37)
- Shopping for other households and non-family members
- [Travelling, moving, transporting or accompanying goods or persons related to unpaid domestic services for household and family members](urn:icatus:2016:38)
- Travelling, moving, transporting or accompanying goods or persons related to unpaid domestic services for other households and non-family members
- [Other unpaid domestic services for household and family members](urn:icatus:2016:39)
- Other unpaid domestic services for other households and non-family members
- [Unpaid direct volunteering for other households](urn:icatus:2016:51)",,localoccupation,True,washing or fixing clothes,"washing or fixing clothes
cleaning or fixing clothes and shoes
drying, hanging out, bringing in wash
laundry drying and handling
hand/machine-washing
washing clothes by hand or machine
ironing, pressing, folding
smoothing out laundry
mending/repairing and care of clothes and shoes, cleaning and polishing shoes
clothes and shoes maintenance
textile repair and maintenance","Refers to caring and maintaining of textiles and footwear for own household and family members.

Examples:
- Hung out laundry
- Put clothes in the dryer machine
- Loaded clothes dryer
- Hand washing, loading and unloading washing machine, sorting wash
- Hand-washing, soaking, rinsing
- Sorting of laundry
- Ironing and pressing
- Tasks connected with ironing and pressing
- Folding and putting things away
- Put laundry in closet/drawer
- Sorting/folding clothes
- Ironed shirt
- Folding sheets and putting them into the cupboard
- Emptied the drying rack
- Mending, repairing clothing and shoes
- Mending, repairing other textiles such as bedsheets, table cloths, curtains, etc.
- Polishing footwear
- Repairing clothes
- Repairing and polishing shoes
- Putting seasonal clothes into storage
- Unspecified making and care for textiles
- Alteration of clothes (including ironing on transfers to t-shirts, dyeing clothing)
- Changed a zipper
- Cleaned boots",BATCH_SPLIT_ERROR,BATCH_SPLIT_ERROR,BATCH_SPLIT_ERROR,BATCH_SPLIT_ERROR,BATCH_SPLIT_ERROR,False,False,True
687671c1ebd2bf665349e84c,urn:icatus:2016:341,"d8b14971-81fb-4aa3-8a68-eebf02e1fb36
d1934beb-ecbe-4bce-a7a2-dfc831457809
3ea63c2e-52cd-4cbb-9764-022e7cf5e4dd
fdcc9693-b00e-4743-a1c5-51dc174e7df2",I34,I34_0_1,,"Includes:
- Hand washing, loading and unloading washing machine, sorting wash

Excludes:
- [Drying,hanging out, bringing in wash](urn:icatus:2016:342)
- [Ironing, pressing, folding](urn:icatus:2016:343)
- [Unpaid volunteer household maintenance, management, construction, renovation and repair](urn:icatus:2016:511)",,localoccupation,True,hand/machine-washing,"hand/machine-washing
washing clothes by hand or machine","Refers to activities related to the cleaning of textiles and clothing for household and family members.

Examples:
- Hand-washing, soaking, rinsing
- Sorting of laundry",BATCH_SPLIT_ERROR,BATCH_SPLIT_ERROR,BATCH_SPLIT_ERROR,BATCH_SPLIT_ERROR,BATCH_SPLIT_ERROR,False,False,True
687671c1ebd2bf665349e84d,urn:icatus:2016:342,"d9d2c605-dd1e-4258-a4ed-85b72b573dad
0482ff61-c3a0-4d5d-9b77-71eb02bc2317
ce9d5ea3-f932-4342-bcf4-d09f92815904
3d8183df-22f8-48cd-8d5b-d2bb0f97e070",I34,I34_0_2,,"Includes:
- Hanging out laundry
- Drying/Spinning
- Bringing in wash

Excludes:
- [Hand/machine-washing](urn:icatus:2016:341)
- [Ironing, pressing, folding](urn:icatus:2016:343)
- [Unpaid volunteer household maintenance, management, construction, renovation and repair](urn:icatus:2016:511)",,localoccupation,True,"drying, hanging out, bringing in wash","drying, hanging out, bringing in wash
laundry drying and handling","Refers to activities to dry textiles and clothing for household and family members.

Examples:
- Hung out laundry
- Put clothes in the dryer machine
- Loaded clothes dryer",BATCH_SPLIT_ERROR,BATCH_SPLIT_ERROR,BATCH_SPLIT_ERROR,BATCH_SPLIT_ERROR,BATCH_SPLIT_ERROR,False,False,True
687671c1ebd2bf665349e84e,urn:icatus:2016:343,"f315cbd6-1ebd-4c4f-a870-be9f3cb13efe
2f31cd4c-0b25-4c71-a770-01fface1ed31
a0dee944-c5d1-4d71-ad37-0dd949f9a1b0
fd23e480-5090-4946-9973-aeb87b88495c",I34,I34_0_3,,"Includes:
- Ironing and pressing
- Tasks connected with ironing and pressing
- Folding and putting things away

Excludes:
- [Hand/machine-washing](urn:icatus:2016:341)
- [Drying,hanging out, bringing in wash](urn:icatus:2016:342)
- [Unpaid volunteer household maintenance, management, construction, renovation and repair](urn:icatus:2016:511)",,localoccupation,True,"ironing, pressing, folding","ironing, pressing, folding
smoothing out laundry","Refers to activities to iron, press and fold textiles and clothing for household and family members.

Examples:
- Put laundry in closet/drawer
- Sorting/folding clothes
- Ironed shirt
- Folding sheets and putting them into the cupboard
- Emptied the drying rack",BATCH_SPLIT_ERROR,BATCH_SPLIT_ERROR,BATCH_SPLIT_ERROR,BATCH_SPLIT_ERROR,BATCH_SPLIT_ERROR,False,False,True
687671c1ebd2bf665349e84f,urn:icatus:2016:344,"3b4b7bd6-12b7-4a45-b5b0-966be00195d5
bca12f3c-77de-408c-9865-289bcc0d7cd3
3a1311de-5080-4de1-a6ff-812d4d304e23
c97b5510-f64f-41f3-91a5-34a17c29862f",I34,I34_0_4,,"Includes:
- Mending, repairing clothing and shoes
- Mending, repairing other textiles such as bedsheets, table cloths, curtains, etc.
- Polishing footwear

Excludes:
- [Unpaid volunteer household maintenance, management, construction, renovation and repair](urn:icatus:2016:511)",,localoccupation,True,"mending/repairing and care of clothes and shoes, cleaning and polishing shoes","mending/repairing and care of clothes and shoes, cleaning and polishing shoes
clothes and shoes maintenance
textile repair and maintenance","Refers to maintaining, repairing and caring of clothes and shoes for household and family members.

Examples:
- Repairing clothes
- Repairing and polishing shoes
- Putting seasonal clothes into storage
- Unspecified making and care for textiles
- Alteration of clothes (including ironing on transfers to t-shirts, dyeing clothing)
- Changed a zipper
- Cleaned boots",BATCH_SPLIT_ERROR,BATCH_SPLIT_ERROR,BATCH_SPLIT_ERROR,BATCH_SPLIT_ERROR,BATCH_SPLIT_ERROR,False,False,True
687671c1ebd2bf665349e850,urn:icatus:2016:35,"326c80dd-a4a1-4e72-ae85-7996b3833a02
7889e52e-7acc-4913-bc5a-ce3598391f77
36e1b6c2-2a8e-4f97-868a-6f69085ceec3
5d4231a3-7a43-43fd-a82e-2787f02d1575",I35,I35_0,,"Includes:
- [Paying household bills](urn:icatus:2016:351)
- [Budgeting, planning, organizing duties and activities in the household](urn:icatus:2016:352)

Excludes:
- Management of the other people's household
- [Other activities related to household management](urn:icatus:2016:359)
- [Providing paid domestic services](urn:icatus:2016:136)
- [Food and meals management and preparation](urn:icatus:2016:31)
- [Cleaning and maintaining of own dwelling and surroundings](urn:icatus:2016:32)
- Cleaning and maintaining of dwellings and surroundings of others
- [Do-it-yourself decoration, maintenance and repair](urn:icatus:2016:33)
- [Care and maintenance of textiles and footwear](urn:icatus:2016:34)
- [Pet care](urn:icatus:2016:36)
- [Shopping for own household and family members](urn:icatus:2016:37)
- Shopping for other households and non-family members
- [Travelling, moving, transporting or accompanying goods or persons related to unpaid domestic services for household and family members](urn:icatus:2016:38)
- Travelling, moving, transporting or accompanying goods or persons related to unpaid domestic services for other households and non-family members
- Other unpaid domestic services for other households and non-family members
- [Unpaid volunteer household maintenance, management, construction, renovation and repair](urn:icatus:2016:511)",,localoccupation,True,managing and planning,"managing and planning
managing and planning for your household
budgeting, planning, organizing duties and activities in the household
financial planning for the household
organizing home activities
planning monthly budget
planning holidays
planning chores
paying household bills","Refers to the management of own household. Activities can be undertaken outside or from home.

Examples:
- Planning family trip
- Borrowed for household expenses
- Organized repayments
- Planning monthly budget
- Planning holidays
- Planning chores
- Paid internet online
- Paid electricity bill
- Paid for fuel/cooking gas
- Paying rent, utilities, cable television, internet, etc.",BATCH_SPLIT_ERROR,BATCH_SPLIT_ERROR,BATCH_SPLIT_ERROR,BATCH_SPLIT_ERROR,BATCH_SPLIT_ERROR,False,False,True
687671c1ebd2bf665349e851,urn:icatus:2016:351,"3793a11b-6754-48fe-8341-251c4454a2be
267d0577-a9a1-4aec-8e00-82cc576dc147
d22a633c-5457-4e56-a9e4-0850b64f1bba
7d65b890-c1b4-4df5-a7c8-f6d21f30d13a",I35,I35_0_1,,"Includes:
- Paying rent, utilities, cable television, internet, etc.

Excludes:
- [Budgeting, planning, organizing duties and activities in the household](urn:icatus:2016:352)
- [Unpaid volunteer household maintenance, management, construction, renovation and repair](urn:icatus:2016:511)",,localoccupation,True,paying household bills,paying household bills,"Refers to the time spent on paying own household bills.

Examples:
- Paid internet online
- Paid electricity bill
- Paid for fuel/cooking gas",BATCH_SPLIT_ERROR,BATCH_SPLIT_ERROR,BATCH_SPLIT_ERROR,BATCH_SPLIT_ERROR,BATCH_SPLIT_ERROR,False,False,True
687671c1ebd2bf665349e870,urn:icatus:2016:33,"02ea4f8d-574a-477e-8e54-2c753f9b4c97
427c76df-ce30-4e57-826c-d89aa6916c64",I5133,I5133_0,,"Includes:
- Do-it-yourself improvement, maintenance and repair of dwellings of others
- [Installation, servicing and repair of personal and household goods including ICT equipment](urn:icatus:2016:332)
- [Vehicle maintenance and repairs](urn:icatus:2016:333)

Excludes:
- Decorating, maintaining and repairing of own dwelling, personal and household goods
- [Other activities related to do-it-yourself decoration, maintenance and repair](urn:icatus:2016:339)
- [Providing paid domestic services](urn:icatus:2016:136)
- [Food and meals management and preparation](urn:icatus:2016:31)
- [Cleaning and maintaining of own dwelling and surroundings](urn:icatus:2016:32)
- Cleaning and maintaining of dwelling and surroundings of others
- [Care and maintenance of textiles and footwear](urn:icatus:2016:34)
- [Household management for own final use](urn:icatus:2016:35)
- [Pet care](urn:icatus:2016:36)
- [Shopping for own household and family members](urn:icatus:2016:37)
- Shopping for other households and non-family members
- [Travelling, moving, transporting or accompanying goods or persons related to unpaid domestic services for household and family members](urn:icatus:2016:38)
- Travelling, moving, transporting or accompanying goods or persons related to unpaid domestic services for other households and non-family members
- [Other unpaid domestic services for household and family members](urn:icatus:2016:39)
- Other unpaid domestic services for other households and non-family members
- [Unpaid volunteer household maintenance, management, construction, renovation and repair](urn:icatus:2016:511)
",,localoccupation,True,fixing or building things,"fixing or building things
fixing things in someone else's home or car
do-it-yourself improvement, maintenance and repair of someone else's dwelling
DIY home repairs
home renovation and repairs
self-maintenance of home
installation, servicing and repair of personal and household goods including ICT equipment
household tech setup and repair
household equipment setup
gadget installation and repair
ICT and appliance servicing
home appliance installation and maintenance
servicing personal electronic devices
vehicle maintenance and repairs
DIY Vehicle Upkeep","Refers to decorating, maintaining and repairing of dwellings, personal and household goods of others.

Examples:
- Painted walls of someone else's living room
- Decorating a friend's house by painting designs and fixing artistic objects
- Decorating a friend's child's bedroom
- Re-wallpapering for someone else
- Covered floors with wet clay to maintain them in someone else's home
- Applied clay on walls to maintain them in someone else's dwelling
- Repaired someone else's boiler, oil tank, etc.
- Painting, plastering, minor repairs to ceiling, floor, walls, roof; paving of driveway, carpentry work, plumbing, wiring for others
- Installed someone else's desktop
- Installed a washing machine for someone
- Repaired a friend's laptop/notebook
- Installed someone else's printer
- Installed someone else's Playstation/Xbox
- Assembling of household equipment and appliances, cleaning/servicing/repairing of household appliances, furniture and other durable goods for others
- Installing computers or other devices for others
- Installing media equipment for others
- Checked the air of someone else's car tyres
- Serviced someone else's lawn mower
- Changed oil and filters in someone else's car engine
- Replaced broken fan belt in someone else's vehicle
- Cleaning, greasing, other maintenance and repair of others' cars, motorcycles, bicycles, etc.
",BATCH_SPLIT_ERROR,BATCH_SPLIT_ERROR,BATCH_SPLIT_ERROR,BATCH_SPLIT_ERROR,BATCH_SPLIT_ERROR,False,False,True
687671c1ebd2bf665349e871,urn:icatus:2016:34,"dc7fcea6-25e8-4244-b01e-4b2b2012e9dd
48ebe5d3-d642-4c37-b8eb-2c5946f747fd",I5134,I5134_0,,"Includes:
- [Hand/machine-washing](urn:icatus:2016:341)
- [Drying; hanging out, bringing in wash](urn:icatus:2016:342)
- [Ironing/pressing/folding](urn:icatus:2016:343)
- [Mending/repairing and care of clothes and shoes; cleaning and polishing shoes](urn:icatus:2016:344)

Excludes:
- Caring and maintaining of textiles and footwear for own household and family members
- [Other activities related to care of textiles and footwear](urn:icatus:2016:349)
- [Providing paid domestic services](urn:icatus:2016:136)
- [Food and meals management and preparation](urn:icatus:2016:31)
- [Cleaning and maintaining of own dwelling and surroundings](urn:icatus:2016:32)
- Cleaning and maintaining dwellings and surroundings of others
- [Do-it-yourself decoration, maintenance and repair](urn:icatus:2016:33)
- [Household management for own final use](urn:icatus:2016:35)
- [Pet care](urn:icatus:2016:36)
- [Shopping for own household and family members](urn:icatus:2016:37)
- Shopping for other households and non-family members
- [Travelling, moving, transporting or accompanying goods or persons related to unpaid domestic services for household and family members](urn:icatus:2016:38)
- Travelling, moving, transporting or accompanying goods or persons related to unpaid domestic services for other households and non-family members
- [Other unpaid domestic services for household and family members](urn:icatus:2016:39)
- Other unpaid domestic services for other households and non-family members
- [Unpaid direct volunteering for other households](urn:icatus:2016:51)
",,localoccupation,True,washing or fixing clothes,"washing or fixing clothes
cleaning or fixing clothes and shoes
drying, hanging out, bringing in wash
laundry drying and handling
hand/machine-washing
washing clothes by hand or machine
ironing, pressing, folding
smoothing out laundry
mending/repairing and care of clothes and shoes, cleaning and polishing shoes
clothes and shoes maintenance
textile repair and maintenance","Refers to caring and maintaining of textiles and footwear for other households and non-family members.

Examples:
- Hung out someone else's laundry
- Put clothes in the dryer machine for someone else
- Loaded clothes dryer in another household
- Hand washing, loading and unloading washing machine, sorting wash for non-family members
- Hand-washing, soaking, rinsing clothes for others
- Sorting of laundry for another household
- Ironing and pressing garments for someone else
- Tasks connected with ironing and pressing clothes for non-family members
- Folding and putting things away in someone else's home
- Put laundry in closet/drawer in another household
- Sorting/folding clothes for a friend
- Ironed a shirt for someone else
- Folding sheets and putting them into the cupboard for others
- Emptied the drying rack in someone else's home
- Mending, repairing clothing and shoes for others
- Mending, repairing other textiles such as bedsheets, table cloths, curtains, etc., for non-family members
- Polishing footwear for someone else
- Repairing clothes for a friend
- Repairing and polishing shoes for others
- Putting seasonal clothes into storage for someone else
- Unspecified making and care for textiles for non-family members
- Alteration of clothes (including ironing on transfers to t-shirts, dyeing clothing) for others
- Changed a zipper on someone else's clothing
- Cleaned boots for a non-family member",BATCH_SPLIT_ERROR,BATCH_SPLIT_ERROR,BATCH_SPLIT_ERROR,BATCH_SPLIT_ERROR,BATCH_SPLIT_ERROR,False,False,True
687671c1ebd2bf665349e872,urn:icatus:2016:35,"d91c02b6-705f-4ac9-b40e-8cd7ed71984e
92060f6b-d503-48bd-a16f-229d1035ab20",I5135,I5135_0,,"Includes:
- [Paying household bills](urn:icatus:2016:351)
- [Budgeting, planning, organizing duties and activities in the household](urn:icatus:2016:352)

Excludes:
- Management of own household
- [Other activities related to household management](urn:icatus:2016:359)
- [Providing paid domestic services](urn:icatus:2016:136)
- [Food and meals management and preparation](urn:icatus:2016:31)
- [Cleaning and maintaining of own dwelling and surroundings](urn:icatus:2016:32)
- Cleaning and maintaining of dwellings and surroundings of others
- [Do-it-yourself decoration, maintenance and repair](urn:icatus:2016:33)
- [Care and maintenance of textiles and footwear](urn:icatus:2016:34)
- [Pet care](urn:icatus:2016:36)
- [Shopping for own household and family members](urn:icatus:2016:37)
- Shopping for other households and non-family members
- [Travelling, moving, transporting or accompanying goods or persons related to unpaid domestic services for household and family members](urn:icatus:2016:38)
- Travelling, moving, transporting or accompanying goods or persons related to unpaid domestic services for other households and non-family members
- Other unpaid domestic services for other households and non-family members
- [Unpaid volunteer household maintenance, management, construction, renovation and repair](urn:icatus:2016:511)",,localoccupation,True,managing and planning,"managing and planning
managing and planning for other households
budgeting, planning, organizing duties and activities in the household
financial planning for the household
organizing home activities
planning monthly budget
planning holidays
planning chores
paying household bills","Refers to the management of the other people's household. Activities can be undertaken outside or from home.

Examples:
- Planning a trip for another household
- Borrowed money for someone else's household expenses
- Organized repayments for another household
- Planning monthly budget for a non-family member
- Planning holidays for another household
- Planning chores for someone else's home
- Paid internet bill online for another household
- Paid electricity bill for someone else
- Paid for fuel/cooking gas for another household
- Paying rent, utilities, cable television, internet, etc., for someone else",BATCH_SPLIT_ERROR,BATCH_SPLIT_ERROR,BATCH_SPLIT_ERROR,BATCH_SPLIT_ERROR,BATCH_SPLIT_ERROR,False,False,True
687671c1ebd2bf665349e852,urn:icatus:2016:352,"010c2848-2873-43a4-8602-a998e3f5ba53
a05f275f-60b9-4404-baa1-d484425f22cb
e0a8e3d9-e639-4d5a-82b6-159936420b87
437924be-f9a7-46e2-97b0-05a5a3e53f43",I35,I35_0_2,,"Includes:
- Planning monthly budget
- Planning holidays
- Planning chores

Excludes:
- [Paying household bills](urn:icatus:2016:351)
- [Unpaid volunteer household maintenance, management, construction, renovation and repair](urn:icatus:2016:511)",,localoccupation,True,"budgeting, planning, organizing duties and activities in the household","budgeting, planning, organizing duties and activities in the household
financial planning for the household
organizing home activities
planning monthly budget
planning holidays
planning chores","Refers to the budgeting, planning, organizing duties or activities in the household.

Examples:
- Planning family trip
- Borrowed for household expenses
- Organized repayments",BATCH_SPLIT_ERROR,BATCH_SPLIT_ERROR,BATCH_SPLIT_ERROR,BATCH_SPLIT_ERROR,BATCH_SPLIT_ERROR,False,False,True
687671c1ebd2bf665349e853,urn:icatus:2016:36,"ea13bbf7-c555-4683-be97-fb3e366720eb
d0a490b7-bfea-4cb1-bcee-1e17f0f78cea
5f112c3c-7ede-4372-b224-c7d2fd14705f
26278dcd-bb21-4ef2-afbb-cd67adab1716",I36,I36_0,,"Includes:
- [Daily pet care](urn:icatus:2016:361)
- [Using veterinary care or other pet care services (grooming, stabling, holiday or day care)](urn:icatus:2016:362)

Excludes:
- Care of other households or non-family member's pets
- [Other activities related to pet care](urn:icatus:2016:369)
- [Providing paid domestic services](urn:icatus:2016:136)
- [Food and meals management and preparation](urn:icatus:2016:31)
- [Cleaning and maintaining of own dwelling and surroundings](urn:icatus:2016:32)
- Cleaning and maintaining of dwellings and surroundings of others
- [Do-it-yourself decoration, maintenance and repair](urn:icatus:2016:33)
- [Care and maintenance of textiles and footwear](urn:icatus:2016:34)
- [Household management for own final use](urn:icatus:2016:35)
- [Shopping for own household and family members](urn:icatus:2016:37)
- Shopping for other households and non-family members
- [Travelling, moving, transporting or accompanying goods or persons related to unpaid domestic services for household and family members](urn:icatus:2016:38)
- Travelling, moving, transporting or accompanying goods or persons related to unpaid domestic services for other households and non-family members
- [Other unpaid domestic services for household and family members](urn:icatus:2016:39)
- Other unpaid domestic services for other households and non-family members
- [Unpaid direct volunteering for other households](urn:icatus:2016:51)
- Unpaid direct volunteering for own household
- [Shopping for pets](urn:icatus:2016:37)
- [Travel and waiting time related to pet care](urn:icatus:2016:38)",,localoccupation,True,taking care of pets,"taking care of pets
daily pet care
pet care routine
using veterinary care or other pet care services (grooming, stabling, holiday or day care)
using pet care services","Refers to the care of own household or family member's pets.

Examples:
- Cleaned aquarium
- Walked dog
- Cooked food for pet
- Trained pet
- Played with cat
- Feeding, cleaning, grooming, walking, training and playing with pets
- Vet visit
- Using veterinary care
- Use of other pet care services including grooming, stabling, holiday or day care",BATCH_SPLIT_ERROR,BATCH_SPLIT_ERROR,BATCH_SPLIT_ERROR,BATCH_SPLIT_ERROR,BATCH_SPLIT_ERROR,False,False,True
687671c1ebd2bf665349e854,urn:icatus:2016:361,"f3108e08-bad8-41fa-b683-40ab7b6ddeea
12f5b711-24de-47f9-9edd-af0e2bba5fc1
cab26bd5-b28f-4e62-83c3-f2f5ae5706dd
8b26e33f-aeb3-4260-a29e-a28dfcde519d",I36,I36_0_1,,"Includes:
- Feeding, cleaning, grooming, walking, training and playing with pets

Excludes:
- [Using veterinary care or other pet care services (grooming, stabling, holiday or day care)](urn:icatus:2016:362)
- [Unpaid volunteer household maintenance, management, construction, renovation and repair](urn:icatus:2016:511)",,localoccupation,True,daily pet care,"daily pet care
pet care routine","Refers to daily activities to take care of pets such as feeding, cleaning, grooming, walking, training and playing with pets.

Examples:
- Cleaned aquarium
- Walked dog
- Cooked food for pet
- Trained pet
- Played with cat",BATCH_SPLIT_ERROR,BATCH_SPLIT_ERROR,BATCH_SPLIT_ERROR,BATCH_SPLIT_ERROR,BATCH_SPLIT_ERROR,False,False,True
687671c1ebd2bf665349e855,urn:icatus:2016:362,"c9da0a59-c60b-4124-b960-4d9dec8bd4f8
298e4a22-34d9-4a3e-9813-d2423ae6fbda
c79427c7-7848-48a6-b1fe-98c56468ee5a
e3916413-5e59-40a7-9921-98aa10559ca6",I36,I36_0_2,,"Includes:
- Using veterinary care
- Use of other pet care services including grooming, stabling, holiday or day care

Excludes:
- [Daily pet care](urn:icatus:2016:361)
- [Unpaid volunteer household maintenance, management, construction, renovation and repair](urn:icatus:2016:511)",,localoccupation,True,"using veterinary care or other pet care services (grooming, stabling, holiday or day care)","using veterinary care or other pet care services (grooming, stabling, holiday or day care)
using pet care services","Refers to the use of veterinary care or other pet care services such as grooming, stabling, holiday or day care.

Examples:
- Vet visit",BATCH_SPLIT_ERROR,BATCH_SPLIT_ERROR,BATCH_SPLIT_ERROR,BATCH_SPLIT_ERROR,BATCH_SPLIT_ERROR,False,False,True
687671c1ebd2bf665349e856,urn:icatus:2016:37,"41501c2a-0e5c-4438-8743-9c0b1010d4c8
fec16b3b-924b-4645-af0d-8b41b317968e
ba9c4696-ab5e-4df6-8c5e-040035edb288
1c88a946-d15d-41e6-9233-239b4931b892",I37,I37_0,,"Includes:
- [Shopping for/purchasing of goods and related activities](urn:icatus:2016:371)
- [Shopping for/availing of services and related activity](urn:icatus:2016:372)

Excludes:
- Purchase of consumer and capital goods, and services for other households and non-family members
- [Providing paid domestic services](urn:icatus:2016:136)
- [Acquiring supplies and disposing of products and other activities related to making and processing goods for own final use](urn:icatus:2016:229)
- [Food and meals management and preparation](urn:icatus:2016:31)
- [Cleaning and maintaining of own dwelling and surroundings](urn:icatus:2016:32)
- Cleaning and maintaining of dwellings and surroundings of others
- [Do-it-yourself decoration, maintenance and repair](urn:icatus:2016:33)
- [Care and maintenance of textiles and footwear](urn:icatus:2016:34)
- [Household management for own final use](urn:icatus:2016:35)
- [Pet care](urn:icatus:2016:36)
- [Travelling, moving, transporting or accompanying goods or persons related to unpaid domestic services for household and family members](urn:icatus:2016:38)
- Travelling, moving, transporting or accompanying goods or persons related to unpaid domestic services for other households and non-family members
- [Other unpaid domestic services for household and family members](urn:icatus:2016:39)
- Other unpaid domestic services for other households and non-family members
- [Unpaid volunteer shopping/purchasing goods and services](urn:icatus:2016:512)",,localoccupation,True,shopping for things or hiring people,"shopping for things or hiring people
shopping for your family or household
shopping for/availing of services and related activity
shopping services
acquiringing services
ordering services
availing of administrative services","Refers to the purchase of consumer and capital goods, and services for own household and family members.

Examples:
- Got internet installed at home
- Bought tickets for concert
- Shopping for/availing of repair and maintenance services
- Shopping for/availing of administrative services including banking, legal, renting, using automated teller machine (ATM), posting letter (including meetings/discussions with financial planners and advisers)
- Shopping for personal care services (not for oneself)
- Shopping for medical and health-care services (not for oneself)
- Shopping for/availing of childcare services
- Shopping for educational services
- Availing of government/public services
- Other specified shopping/availing of services
- Shopped for groceries
- Shopped for gas
- Shopped for microwave
- Searching online bookshops for a particular book
- Ordering clothes/shoes online
- Buying tickets to a show
- Shopping for/purchasing of consumer goods including shopping for/purchasing of consumer goods: food products and household supplies (groceries); takeout food; medical supplies; school supplies; gasoline; clothes
- Shopping for/purchasing of durable/capital goods including cars, household appliances, articles and equipment; furniture; house
",BATCH_SPLIT_ERROR,BATCH_SPLIT_ERROR,BATCH_SPLIT_ERROR,BATCH_SPLIT_ERROR,BATCH_SPLIT_ERROR,False,False,True
687671c1ebd2bf665349e857,urn:icatus:2016:371,"609745f4-9434-490a-b3dc-f774869f3e55
6e16a421-4616-4836-ba1a-37af5caf7c41
842cf12d-1b9b-4707-b6e7-9b050a09bdd2
301966e1-ce1b-46b7-89bc-88790b20afc9",I37,I37_0_1,,"Includes:
- Shopping for/purchasing of consumer goods including shopping for/purchasing of consumer goods: food products and household supplies (groceries); takeout food; medical supplies; school supplies; gasoline; clothes
- Shopping for/purchasing of durable/capital goods including cars, household appliances, articles and equipment; furniture; house

Excludes:
- [Shopping for/availing of services and related activity](urn:icatus:2016:372)
- [Unpaid volunteer shopping/purchasing goods and services](urn:icatus:2016:512)",,localoccupation,True,shopping for/purchasing of goods and related activities,"shopping for/purchasing of goods and related activities
shopping goods
acquiringing goods
ordering goods
online shopping
shopping for houshold need
","Refers to the purchase of consumer and capital goods, canvassing and comparing prices of a product, online shopping of goods.

Examples:
- Shopped for groceries
- Shopped for gas
- Shopped for microwave
- Searching online bookshops for a particular book
- Ordering clothes/shoes online
- Buying tickets to a show",BATCH_SPLIT_ERROR,BATCH_SPLIT_ERROR,BATCH_SPLIT_ERROR,BATCH_SPLIT_ERROR,BATCH_SPLIT_ERROR,False,False,True
687671c1ebd2bf665349e858,urn:icatus:2016:372,"d5ef053c-52a6-4179-9e1c-0737689d9b7c
12b2a5e9-a579-4a4a-91b5-e0767ea054c5
ca05d696-4c57-44b8-b14d-52734dee2b56
f5501e8d-cadf-476b-94b8-511ae3a966e5",I37,I37_0_2,,"Includes:
- Shopping for/availing of repair and maintenance services
- Shopping for/availing of administrative services including banking, legal, renting, using automated teller machine (ATM), posting letter (including meetings/discussions with financial planners and advisers)
- Shopping for personal care services (not for oneself)
- Shopping for medical and health-care services (not for oneself)
- Shopping for/availing of childcare services
- Shopping for educational services
- Availing of government/public services
- Other specified shopping/availing of services

Excludes:
- [Paying household bills](urn:icatus:2016:351)
- [Budgeting, planning, organizing duties and activities in the household](urn:icatus:2016:352)
- [Meetings and arrangements with schools and child care service providers](urn:icatus:2016:417)
- [Meetings and arrangements with adult care service providers](urn:icatus:2016:426)
- [Unpaid volunteer shopping/purchasing goods and services](urn:icatus:2016:512)",,localoccupation,True,shopping for/availing of services and related activity,"shopping for/availing of services and related activity
shopping services
acquiringing services
ordering services
availing of administrative services","Refers to the purchase/availing services. This group considers telephone calls in relation to canvassing, setting up appointments, etc., giving instructions to repairers, installers and going to place of service. Availing of all types of government services.

Examples:
- Got internet installed at home
- Bought tickets for concert",BATCH_SPLIT_ERROR,BATCH_SPLIT_ERROR,BATCH_SPLIT_ERROR,BATCH_SPLIT_ERROR,BATCH_SPLIT_ERROR,False,False,True
687671c1ebd2bf665349e859,urn:icatus:2016:41,"c3af9b66-2593-4243-8159-78c92d217268
66f7df00-5670-49e7-9baa-96783bfc541e
882ccef3-4a9d-4560-8df8-8c66d3f98343
353ae19d-98e6-4876-873d-a4c387d5a387",I41,I41_0,,"Includes:
- [Caring for children including feeding, cleaning, physical care](urn:icatus:2016:411)
- [Providing medical care to children](urn:icatus:2016:412)
- [Instructing, teaching, training, helping children](urn:icatus:2016:413)
- [Talking with and reading to children](urn:icatus:2016:414)
- [Playing and sports with children](urn:icatus:2016:415)
- [Minding children (passive care)](urn:icatus:2016:416)
- [Meetings and arrangements with schools and child care service providers](urn:icatus:2016:417)

Excludes:
- Provision of care (physical and medical) and instruction to children from other families
- [Other activities related to childcare and instruction](urn:icatus:2016:419)
- [Employment in corporations, government and non-profit institutions](urn:icatus:2016:11)
- [Providing paid personal care services in households and household enterprises](urn:icatus:2016:135)
- [Care for dependent adults](urn:icatus:2016:42)
- [Help to non-dependent adult household and family members](urn:icatus:2016:43)
- Help to non-dependent adults from other households and non-family members
- [Travelling and accompanying goods or persons related to unpaid caregiving services for household and family members](urn:icatus:2016:44)
- Travelling and accompanying goods or persons related to unpaid caregiving services for other households and non-family members
- [Other activities related to unpaid caregiving services for household and family members](urn:icatus:2016:49)
- Other activities related to unpaid caregiving services for other households and non-family members
- [Unpaid volunteer childcare and instruction](urn:icatus:2016:513)",,localoccupation,True,caring for and teaching children,"caring for and teaching children
caring for and teaching children in your family
caring for children including feeding, cleaning, physical care
providing physical care for children
instructing, teaching, training, helping children
tutoring and mentoring children
providing educational assistance to children
meetings and arrangements with schools and childcare service providers
school and daycare coordination
minding children (passive care)
supervising children
ensuring safety for children
playing and sports with children
recreational activities for children
providing medical care to children
managing medical needs of children
talking with and reading to children
reading and storytelling for children
communication and literacy support for children","Refers to the provision of care (physical and medical) and instruction to own children.

Examples:
- Fed child
- Bathed child
- Dressed kids
- Babysat little sibling
- Cuddling with my child
- Braided hair and sewed button to get child ready for school
- Putting children to bed
- Getting children ready for pre-school/playcentre/kindergarten/school/education facility
- Giving personal care to children
- Helped my child with homework
- Provided guidance to my kid
- Tutored my child
- Teaching children (in the role of a caregiver)
- Other specified teaching, training, helping activities
- Visited schools
- Interviewed babysitters
- Talked to teachers
- Attended Parent-Teacher (PTA) meeting
- Hiring nanny
- Teaching children (in the role of a caregiver)
- Other specified teaching, training, helping activities
- Watching my kid playing in garden
- Monitoring children playing outside or sleeping, preserving a safe environment
- Being an adult presence for children to turn to in need
- Supervising games
- Played soccer with my child
- Did puzzles with my kids
- Played board games with my grandchildren
- Did fingerpainting with children
- Games
- Sports
- Took care of my sick child
- Gave medicine to my child
- Bandaging my child's knee
- Giving medical/health-care to children
- Talking to children
- Reading to children
- Providing emotional support (cheering up) to children",BATCH_SPLIT_ERROR,BATCH_SPLIT_ERROR,BATCH_SPLIT_ERROR,BATCH_SPLIT_ERROR,BATCH_SPLIT_ERROR,False,False,True
687671c1ebd2bf665349e85a,urn:icatus:2016:411,"f6513a0d-7df7-4b37-8f7b-fbae9548d806
5d578f1f-ee80-42e9-b7cc-a070007208d5
d80857b4-9163-4cad-b6d5-94bdbafd19a5
065d8ed3-6e67-4b70-afcb-1293f4247bdd",I41,I41_0_1,,"Includes:
- Putting children to bed
- Getting children ready for pre-school/playcentre/kindergarten/school/education facility
- Giving personal care to children

Excludes:
- [Providing medical care to children](urn:icatus:2016:412)
- [Instructing, teaching, training, helping children](urn:icatus:2016:413)
- [Talking with and reading to children](urn:icatus:2016:414)
- [Playing and sports with children](urn:icatus:2016:415)
- [Minding children (passive care)](urn:icatus:2016:416)
- [Meetings and arrangements with schools and child care service providers](urn:icatus:2016:417)
- [Unpaid volunteer childcare and instruction](urn:icatus:2016:513)",,localoccupation,True,"caring for children including feeding, cleaning, physical care","caring for children including feeding, cleaning, physical care
providing physical care for children","Refers to the care of very young children or children who need constant care and supervision: carrying, feeding/nursing, cleaning, bathing, changing diapers.

Examples:
- Fed child
- Bathed child
- Dressed kids
- Babysat little sibling
- Cuddling with my child
- Braided hair and sewed button to get child ready for school",BATCH_SPLIT_ERROR,BATCH_SPLIT_ERROR,BATCH_SPLIT_ERROR,BATCH_SPLIT_ERROR,BATCH_SPLIT_ERROR,False,False,True
687671c1ebd2bf665349e85b,urn:icatus:2016:412,"5760460b-dd87-4fc7-b1ef-ec4bf48eeba9
f9a47180-440f-4e9a-9a0f-794cdf57a5e2
f1a01342-28f7-4238-bc2f-346a061b4c53
c711d382-ab15-442a-a023-021c4b390595",I41,I41_0_2,,"Includes:
- Giving medical/health-care to children

Excludes:
- [Caring for children including feeding, cleaning, physical care](urn:icatus:2016:411)
- [Instructing, teaching, training, helping children](urn:icatus:2016:413)
- [Talking with and reading to children](urn:icatus:2016:414)
- [Playing and sports with children](urn:icatus:2016:415)
- [Minding children (passive care)](urn:icatus:2016:416)
- [Meetings and arrangements with schools and child care service providers](urn:icatus:2016:417)
- [Unpaid volunteer childcare and instruction](urn:icatus:2016:513)",,localoccupation,True,providing medical care to children,"providing medical care to children
managing medical needs of children","Refers to the provision of medical/health care to children.

Examples:
- Took care of my sick child
- Gave medicine to my child
- Bandaging my child's knee",BATCH_SPLIT_ERROR,BATCH_SPLIT_ERROR,BATCH_SPLIT_ERROR,BATCH_SPLIT_ERROR,BATCH_SPLIT_ERROR,False,False,True
687671c1ebd2bf665349e85c,urn:icatus:2016:413,"7aab4eca-6cf7-49b1-924b-801818cd6b89
b20003de-15f8-472a-8496-390fd2ab0b71
f96223a3-3f3a-4c90-9465-7ef9dcc5217a
36d8f342-30aa-4bd3-8051-f91cb0a14603",I41,I41_0_3,,"Includes:
- Teaching children (in the role of a caregiver)
- Other specified teaching, training, helping activities

Excludes:
- [Caring for children including feeding, cleaning, physical care](urn:icatus:2016:411)
- [Providing medical care to children](urn:icatus:2016:412)
- [Talking with and reading to children](urn:icatus:2016:414)
- [Playing and sports with children](urn:icatus:2016:415)
- [Minding children (passive care)](urn:icatus:2016:416)
- [Meetings and arrangements with schools and child care service providers](urn:icatus:2016:417)
- [Unpaid volunteer childcare and instruction](urn:icatus:2016:513)",,localoccupation,True,"instructing, teaching, training, helping children","instructing, teaching, training, helping children
tutoring and mentoring children
providing educational assistance to children","Refers to instructing, teaching, tutoring, training and helping of children.

Examples:
- Helped my child with homework
- Provided guidance to my kid
- Tutored my child",BATCH_SPLIT_ERROR,BATCH_SPLIT_ERROR,BATCH_SPLIT_ERROR,BATCH_SPLIT_ERROR,BATCH_SPLIT_ERROR,False,False,True
687671c1ebd2bf665349e85d,urn:icatus:2016:414,"57cf1165-3ec8-4920-aa9e-88577a75990a
cf06d93d-0704-44ef-b596-9bf134b59a13
3b2f8f6b-b5d1-4464-b7ba-025d14d676f2
910972bb-e178-4b9b-9433-fb74a5e94ffe",I41,I41_0_4,,"Includes:
- Talking to children
- Reading to children
- Providing emotional support (cheering up) to children

Excludes:
- [Caring for children including feeding, cleaning, physical care](urn:icatus:2016:411)
- [Providing medical care to children](urn:icatus:2016:412)
- [Instructing, teaching, training, helping children](urn:icatus:2016:413)
- [Playing and sports with children](urn:icatus:2016:415)
- [Minding children (passive care)](urn:icatus:2016:416)
- [Meetings and arrangements with schools and child care service providers](urn:icatus:2016:417)
- [Unpaid volunteer childcare and instruction](urn:icatus:2016:513)",,localoccupation,True,talking with and reading to children,"talking with and reading to children
reading and storytelling for children
communication and literacy support for children","Refers to the talking with and reading to children as part of the care of a child. This group differs from '711 Talking, conversing, chatting' which is socialization.

Examples:
- Read book to the kids
- Talked to kids
- Read story to children",BATCH_SPLIT_ERROR,BATCH_SPLIT_ERROR,BATCH_SPLIT_ERROR,BATCH_SPLIT_ERROR,BATCH_SPLIT_ERROR,False,False,True
687671c1ebd2bf665349e85e,urn:icatus:2016:415,"823ca8bb-8195-4fed-836b-2c2a7b1c97f4
c7e2a958-0994-4bfa-8aff-c4966ab8c82a
c8125557-fac8-4f02-953c-e3c6d0a6119a
2e9075b7-40dd-4eca-812e-3a083ee0d51d",I41,I41_0_5,,"Includes:
- Games
- Sports

Excludes:
- [Caring for children including feeding, cleaning, physical care](urn:icatus:2016:411)
- [Providing medical care to children](urn:icatus:2016:412)
- [Instructing, teaching, training, helping children](urn:icatus:2016:413)
- [Talking with and reading to children](urn:icatus:2016:414)
- [Minding children (passive care)](urn:icatus:2016:416)
- [Meetings and arrangements with schools and child care service providers](urn:icatus:2016:417)
- [Unpaid volunteer childcare and instruction](urn:icatus:2016:513)",,localoccupation,True,playing and sports with children,"playing and sports with children
recreational activities for children","Refers to the playing games and sports with children.

Examples:
- Played soccer with my child
- Did puzzles with my kids
- Played board games with my grandchildren
- Did fingerpainting with children",BATCH_SPLIT_ERROR,BATCH_SPLIT_ERROR,BATCH_SPLIT_ERROR,BATCH_SPLIT_ERROR,BATCH_SPLIT_ERROR,False,False,True
687671c1ebd2bf665349e85f,urn:icatus:2016:416,"e65f45f0-3cfb-4a7b-824a-4b5f1ea14146
09ea42d8-0342-4166-847a-3472b01fc0c6
41f455d6-76c3-4cd5-adb5-f9c0f2ed2810
703c1874-0f54-4add-b1e1-72a1d0b11500",I41,I41_0_6,,"Includes:
- Monitoring children playing outside or sleeping, preserving a safe environment
- Being an adult presence for children to turn to in need
- Supervising games

Excludes:
- [Caring for children including feeding, cleaning, physical care](urn:icatus:2016:411)
- [Providing medical care to children](urn:icatus:2016:412)
- [Instructing, teaching, training, helping children](urn:icatus:2016:413)
- [Talking with and reading to children](urn:icatus:2016:414)
- [Playing and sports with children](urn:icatus:2016:415)
- [Meetings and arrangements with schools and child care service providers](urn:icatus:2016:417)
- [Unpaid volunteer childcare and instruction](urn:icatus:2016:513)",,localoccupation,True,minding children (passive care),"minding children (passive care)
supervising children
ensuring safety for children","Refers to the care for children without the active involvement implied in 411, 412, 413, 414 and 415.

Examples:
- Watching my kid playing in garden",BATCH_SPLIT_ERROR,BATCH_SPLIT_ERROR,BATCH_SPLIT_ERROR,BATCH_SPLIT_ERROR,BATCH_SPLIT_ERROR,False,False,True
687671c1ebd2bf665349e860,urn:icatus:2016:417,"654e6106-45a6-4313-8c5e-73df45394685
01f9dea7-152f-44d4-a6a7-23c7d6955b86
60f57c1a-4076-42bf-a9e0-389b67e63a01
51dc6548-2801-4d05-b6dd-0b7c55033962",I41,I41_0_7,,"Includes:
- Calls to schools
- Visiting schools
- Meeting babysitters

Excludes:
- [Caring for children including feeding, cleaning, physical care](urn:icatus:2016:411)
- [Providing medical care to children](urn:icatus:2016:412)
- [Instructing, teaching, training, helping children](urn:icatus:2016:413)
- [Talking with and reading to children](urn:icatus:2016:414)
- [Playing and sports with children](urn:icatus:2016:415)
- [Minding children (passive care)](urn:icatus:2016:416)
– [Unpaid volunteer childcare and instruction](urn:icatus:2016:513)",,localoccupation,True,meetings and arrangements with schools and childcare service providers,"meetings and arrangements with schools and childcare service providers
school and daycare coordination","Refers to meetings and arrangements of schools and care services for children.

Examples:
- Visited schools
- Interviewed babysitters
- Talked to teachers
- Attended Parent-Teacher (PTA) meeting
- Hiring nanny",BATCH_SPLIT_ERROR,BATCH_SPLIT_ERROR,BATCH_SPLIT_ERROR,BATCH_SPLIT_ERROR,BATCH_SPLIT_ERROR,False,False,True
687671c1ebd2bf665349e873,urn:icatus:2016:36,"9176f1cd-173b-462a-8615-c114e6254f43
0df3f70c-dba6-4d9c-ac05-be52ea1b692f",I5136,I5136_0,,"Includes:
- [Daily pet care](urn:icatus:2016:361)
- [Using veterinary care or other pet care services (grooming, stabling, holiday or day care)](urn:icatus:2016:362)

Excludes:
- Care of own household or family member's pets.
- [Other activities related to pet care](urn:icatus:2016:369)
- [Providing paid domestic services](urn:icatus:2016:136)
- [Food and meals management and preparation](urn:icatus:2016:31)
- [Cleaning and maintaining of own dwelling and surroundings](urn:icatus:2016:32)
- Cleaning and maintaining of dwellings and surroundings of others
- [Do-it-yourself decoration, maintenance and repair](urn:icatus:2016:33)
- [Care and maintenance of textiles and footwear](urn:icatus:2016:34)
- [Household management for own final use](urn:icatus:2016:35)
- [Shopping for own household and family members](urn:icatus:2016:37)
- Shopping for other households and non-family members
- [Travelling, moving, transporting or accompanying goods or persons related to unpaid domestic services for household and family members](urn:icatus:2016:38)
- Travelling, moving, transporting or accompanying goods or persons related to unpaid domestic services for other households and non-family members
- [Other unpaid domestic services for household and family members](urn:icatus:2016:39)
- Other unpaid domestic services for other households and non-family members
- [Unpaid direct volunteering for other households](urn:icatus:2016:51)
- Unpaid direct volunteering for own household
- [Shopping for pets](urn:icatus:2016:37)
- [Travel and waiting time related to pet care](urn:icatus:2016:38)",,localoccupation,True,taking care of pets,"taking care of pets
daily pet care
pet care routine
using veterinary care or other pet care services (grooming, stabling, holiday or day care)
using pet care services","Refers to the care of other households or non-family member's pets.

Examples:
- Cleaned someone else's aquarium
- Walked a friend's dog
- Cooked food for someone else's pet
- Trained a non-family member's pet
- Played with someone else's cat
- Feeding, cleaning, grooming, walking, training and playing with pets belonging to others
- Took a non-family member's pet to the vet
- Using veterinary care for someone else's pet
- Use of other pet care services including grooming, stabling, holiday or day care for others' pets",BATCH_SPLIT_ERROR,BATCH_SPLIT_ERROR,BATCH_SPLIT_ERROR,BATCH_SPLIT_ERROR,BATCH_SPLIT_ERROR,False,False,True
687671c1ebd2bf665349e874,urn:icatus:2016:37,"2569e0fe-9b80-4957-9623-924f3ef6d2f8
7650b853-5faa-4a3f-b918-31949d5be0be",I5137,I5137_0,,"Includes:
- [Shopping for/purchasing of goods and related activities](urn:icatus:2016:371)
- [Shopping for/availing of services and related activity](urn:icatus:2016:372)

Excludes:
- Purchase of consumer and capital goods, and services for own household and family members
- [Providing paid domestic services](urn:icatus:2016:136)
- [Acquiring supplies and disposing of products and other activities related to making and processing goods for own final use](urn:icatus:2016:229)
- [Food and meals management and preparation](urn:icatus:2016:31)
- [Cleaning and maintaining of own dwelling and surroundings](urn:icatus:2016:32)
- Cleaning and maintaining of dwellings and surroundings of others
- [Do-it-yourself decoration, maintenance and repair](urn:icatus:2016:33)
- [Care and maintenance of textiles and footwear](urn:icatus:2016:34)
- [Household management for own final use](urn:icatus:2016:35)
- [Pet care](urn:icatus:2016:36)
- [Travelling, moving, transporting or accompanying goods or persons related to unpaid domestic services for household and family members](urn:icatus:2016:38)
- Travelling, moving, transporting or accompanying goods or persons related to unpaid domestic services for other households and non-family members
- [Other unpaid domestic services for household and family members](urn:icatus:2016:39)
- Other unpaid domestic services for other households and non-family members
- [Unpaid volunteer shopping/purchasing goods and services](urn:icatus:2016:512)",,localoccupation,True,shopping for things or hiring people,"shopping for things or hiring people
shopping for other families or households
shopping for/availing of services and related activity
shopping services
acquiringing services
ordering services
availing of administrative services","Refers to the purchase of consumer and capital goods, and services for other households and non-family members.

Examples:
- Got internet installed at someone else's home
- Bought concert tickets for a non-family member
- Shopping for/availing of repair and maintenance services for others
- Shopping for/availing of administrative services for others including banking, legal, renting, using automated teller machine (ATM), posting letter (including meetings/discussions with financial planners and advisers)
- Shopping for personal care services (not for oneself, but for someone else)
- Shopping for medical and health-care services for someone else
- Shopping for/availing of childcare services for another household
- Shopping for educational services on behalf of others
- Availing of government/public services for a non-family member
- Other specified shopping/availing of services for others
- Shopped for groceries for someone else
- Shopped for gas for another household
- Shopped for a microwave for a friend
- Searching online bookshops for a particular book for someone else
- Ordering clothes/shoes online for a non-family member
- Buying tickets to a show for someone else
- Shopping for/purchasing of consumer goods for others, including food products and household supplies (groceries); takeout food; medical supplies; school supplies; gasoline; clothes
- Shopping for/purchasing of durable/capital goods for others, including cars, household appliances, articles and equipment; furniture; house",BATCH_SPLIT_ERROR,BATCH_SPLIT_ERROR,BATCH_SPLIT_ERROR,BATCH_SPLIT_ERROR,BATCH_SPLIT_ERROR,False,False,True
687671c1ebd2bf665349e875,urn:icatus:2016:41,"731e6a7b-3d9c-4722-96e0-6da68e023b8a
f1a70947-fc83-4ad8-bacb-1f8dbb128b35",I5141,I5141_0,,"Includes:
- [Caring for children including feeding, cleaning, physical care](urn:icatus:2016:411)
- [Providing medical care to children](urn:icatus:2016:412)
- [Instructing, teaching, training, helping children](urn:icatus:2016:413)
- [Talking with and reading to children](urn:icatus:2016:414)
- [Playing and sports with children](urn:icatus:2016:415)
- [Minding children (passive care)](urn:icatus:2016:416)
- [Meetings and arrangements with schools and child care service providers](urn:icatus:2016:417)

Excludes:
- Provision of care (physical and medical) and instruction to own children
- [Other activities related to childcare and instruction](urn:icatus:2016:419)
- [Employment in corporations, government and non-profit institutions](urn:icatus:2016:11)
- [Providing paid personal care services in households and household enterprises](urn:icatus:2016:135)
- [Care for dependent adults](urn:icatus:2016:42)
- [Help to non-dependent adult household and family members](urn:icatus:2016:43)
- Help to non-dependent adults from other households and non-family members
- [Travelling and accompanying goods or persons related to unpaid caregiving services for household and family members](urn:icatus:2016:44)
- Travelling and accompanying goods or persons related to unpaid caregiving services for other households and non-family members
- [Other activities related to unpaid caregiving services for household and family members](urn:icatus:2016:49)
- Other activities related to unpaid caregiving services for other households and non-family members
- [Unpaid volunteer childcare and instruction](urn:icatus:2016:513)",,localoccupation,True,caring for and teaching children,"caring for and teaching children
caring for and teaching children from other families
caring for children including feeding, cleaning, physical care
providing physical care for children
instructing, teaching, training, helping children
tutoring and mentoring children
providing educational assistance to children
meetings and arrangements with schools and childcare service providers
school and daycare coordination
minding children (passive care)
supervising children
ensuring safety for children
playing and sports with children
recreational activities for children
providing medical care to children
managing medical needs of children
talking with and reading to children
reading and storytelling for children
communication and literacy support for children","Refers to the provision of care (physical and medical) and instruction to children from other families.

Examples:
- Fed someone else's child
- Bathed another family's child
- Dressed kids from another household
- Babysat a friend's child
- Cuddling with someone else's child
- Braided hair and sewed button to get someone else's child ready for school
- Putting children from another household to bed
- Getting children ready for pre-school/playcentre/kindergarten/school/education facility on behalf of another family
- Giving personal care to non-family children
- Helped someone else's child with homework
- Provided guidance to a non-family child
- Tutored another family's child
- Teaching children (in the role of a caregiver for another family)
- Other specified teaching, training, helping activities for non-family children
- Visited schools for a child from another household
- Interviewed babysitters on behalf of another family
- Talked to teachers for someone else's child
- Attended Parent-Teacher (PTA) meeting for a child from another family
- Hiring nanny for another household
- Teaching children (in the role of a caregiver for someone else)
- Other specified teaching, training, helping activities for non-family children
- Watching a non-family child playing in the garden
- Monitoring other people's children playing outside or sleeping, preserving a safe environment
- Being an adult presence for non-family children to turn to in need
- Supervising games for someone else's kids
- Played soccer with a friend's child
- Did puzzles with someone else's kids
- Played board games with non-family children
- Did fingerpainting with a friend's children
- Games with children from other families
- Sports with someone else's children
- Took care of a sick child from another household
- Gave medicine to someone else's child
- Bandaging another family's child's knee
- Giving medical/health-care to non-family children
- Talking to someone else's children
- Reading to children from another household
- Providing emotional support (cheering up) to a child from another family",BATCH_SPLIT_ERROR,BATCH_SPLIT_ERROR,BATCH_SPLIT_ERROR,BATCH_SPLIT_ERROR,BATCH_SPLIT_ERROR,False,False,True
687671c1ebd2bf665349e87d,urn:icatus:2016:41,"639b535f-ceed-4dfb-a0a3-ce86a347a881
f1000a69-f42c-4b71-b08a-9519aa311ec4",I52,I52_5,,"Includes:
- Caring for children including feeding, cleaning, physical care — in community settings
- Providing medical care to children — at a population or group level
- Instructing, teaching, training, helping children — through public or group learning
- Talking with and reading to children — in group settings
- Playing and sports with children — in organized or supervised community contexts
- Minding children (passive care) — in group settings such as daycare or community spaces
- Meetings and arrangements with schools and child care service providers — involving community coordination and collective decision-making

Excludes:
- Caring for one's own children in the home
- Babysitting or minding children in a private household setting
- Helping children with homework within a family or household
- Preparing meals, bathing, or dressing children at home
- Reading, playing, or talking with children in a private, individual context
- Providing medical or emotional care to one’s own or a relative’s child in a non-community setting
- Any one-on-one caregiving done outside of organized, group, or community-based programs",,localoccupation,True,caring for and teaching children in the community,"caring for and teaching children in the community
caring for and teaching children in community settings
community-based child care and education
providing group child care (feeding, hygiene, physical care)
physical care for children in institutional or public settings
teaching, training, and guiding children in group environments
tutoring and mentoring children in community programs
educational support for children in non-household group settings
coordinating with schools and child services in the community
managing school and daycare engagement at the community level
passive supervision of children in community or public spaces
supervising and ensuring safety of children in group care
facilitating play and group recreation for children
organized sports and activities for children in the community
medical care for children in institutional or public settings
managing children’s health needs in community-based programs
reading to and talking with children in group learning settings
group storytelling and literacy activities for children
supporting communication and language development in community settings","Refers to the provision of physical, emotional, medical care and educational support to children in the community.
This includes both direct and indirect care, supervision, and instruction, delivered through formal or informal community-based settings, services, and activities.

Examples:
- Preparing meals or snacks for children at a community center
- Bathing or dressing children in a group care setting (e.g., shelter, childcare cooperative)
- Providing childcare during community events
- Offering tutoring or mentoring in after-school programs
- Conducting early childhood education sessions in local centers
- Coaching children in sports or physical education programs
- Organizing storytelling sessions or reading circles at libraries or community centers
- Supervising children at playgrounds, parks, or youth clubs
- Volunteering at schools, kindergartens, or community childcare programs
- Assisting children with homework in group learning environments
- Leading recreational or creative activities (e.g., painting, music, crafts) for children
- Administering basic health care or first aid to children at camps or daycares
- Coordinating medical or developmental screenings for children in the community
- Facilitating emotional and social support programs for children (e.g., peer support, social skills groups)
- Participating in PTA or school board meetings as a community advocate
- Organizing community-based safety or protection programs for children
- Supporting inclusive programs for children with special needs
- Arranging or managing community childcare or educational services
- Training other caregivers, volunteers, or educators on child care and teaching practices",BATCH_SPLIT_ERROR,BATCH_SPLIT_ERROR,BATCH_SPLIT_ERROR,BATCH_SPLIT_ERROR,BATCH_SPLIT_ERROR,False,False,True
687671c1ebd2bf665349e847,urn:icatus:2016:33,"917c013c-556c-41ab-a6b1-5ec5497aa1af
19aba5f8-5758-4fd6-a9ce-bb7f3f918511
e70a8e1d-692f-4d29-9248-433d74adeb2f
8b5141c8-6c1c-4efc-8ace-e43eecb6d62d",I33,I33_0,,"Includes:
- [Do-it-yourself improvement, maintenance and repair of own dwelling](urn:icatus:2016:331)
- [Installation, servicing and repair of personal and household goods including ICT equipment](urn:icatus:2016:332)
- [Vehicle maintenance and repairs](urn:icatus:2016:333)

Excludes:
- Decorating, maintaining and repairing of dwellings, personal and household goods of others
- [Other activities related to do-it-yourself decoration, maintenance and repair](urn:icatus:2016:339)
- [Providing paid domestic services](urn:icatus:2016:136)
- [Food and meals management and preparation](urn:icatus:2016:31)
- [Cleaning and maintaining of own dwelling and surroundings](urn:icatus:2016:32)
- Cleaning and maintaining of dwelling and surroundings of others
- [Care and maintenance of textiles and footwear](urn:icatus:2016:34)
- [Household management for own final use](urn:icatus:2016:35)
- [Pet care](urn:icatus:2016:36)
- [Shopping for own household and family members](urn:icatus:2016:37)
- Shopping for other households and non-family members
- [Travelling, moving, transporting or accompanying goods or persons related to unpaid domestic services for household and family members](urn:icatus:2016:38)
- Travelling, moving, transporting or accompanying goods or persons related to unpaid domestic services for other households and non-family members
- [Other unpaid domestic services for household and family members](urn:icatus:2016:39)
- Other unpaid domestic services for other households and non-family members
- [Unpaid volunteer household maintenance, management, construction, renovation and repair](urn:icatus:2016:511)",,localoccupation,True,fixing or building things,"fixing or building things
fixing things in your home or car
do-it-yourself improvement, maintenance and repair of own dwelling
DIY home repairs
home renovation and repairs
self-maintenance of home
installation, servicing and repair of personal and household goods including ICT equipment
household tech setup and repair
household equipment setup
gadget installation and repair
ICT and appliance servicing
home appliance installation and maintenance
servicing personal electronic devices
vehicle maintenance and repairs
DIY Vehicle Upkeep","Refers to decorating, maintaining and repairing of own dwelling, personal and household goods.

Examples:
- Painted walls of living room
- Decorating own house by painting designs and fixing artistic objects
- Decorating child's bedroom
- Re-wallpapering
- Covered floors with wet clay to maintain them
- Applied clay on walls to maintain them
- Repaired boiler, oil tank, etc.
- Painting, plastering, minor repairs to ceiling, floor, walls, roof; paving of driveway, carpentry work, plumbing, wiring
- Installed my desktop
- Installed washing machine
- Repaired own laptop/note book
- Installed printer
- Installed Playstation/Xbox
- Assembling of household equipment and appliances, cleaning/servicing/repairing of household appliances, furniture and other durable goods
- Installing computers or other devices
- Installing media equipment
- Checked the air of the car tyres (myself/at home)
- Serviced lawn mower (myself)
- Changed oil and filters in car engine
- Replaced broken fan belt
- Cleaning, greasing, other maintenance and repair of cars, motorcycles, bicycles, etc.
",BATCH_SPLIT_ERROR,BATCH_SPLIT_ERROR,BATCH_SPLIT_ERROR,BATCH_SPLIT_ERROR,BATCH_SPLIT_ERROR,False,False,True
687671c1ebd2bf665349e84b,urn:icatus:2016:34,"12895e61-82fb-4c4d-99d8-1fe5cac5e4a5
866c3976-286e-49bd-87a8-2520294ab6c1
fbc46a13-c5b2-43a3-9685-2679817fb4c3
7126a115-1145-423c-8d2f-f32a5b3544c1",I34,I34_0,,"Includes:
- [Hand/machine-washing](urn:icatus:2016:341)
- [Drying; hanging out, bringing in wash](urn:icatus:2016:342)
- [Ironing/pressing/folding](urn:icatus:2016:343)
- [Mending/repairing and care of clothes and shoes; cleaning and polishing shoes](urn:icatus:2016:344)

Excludes:
- Caring and maintaining of textiles and footwear for other households and non-family members
- [Other activities related to care of textiles and footwear](urn:icatus:2016:349)
- [Providing paid domestic services](urn:icatus:2016:136)
- [Food and meals management and preparation](urn:icatus:2016:31)
- [Cleaning and maintaining of own dwelling and surroundings](urn:icatus:2016:32)
- Cleaning and maintaining dwellings and surroundings of others
- [Do-it-yourself decoration, maintenance and repair](urn:icatus:2016:33)
- [Household management for own final use](urn:icatus:2016:35)
- [Pet care](urn:icatus:2016:36)
- [Shopping for own household and family members](urn:icatus:2016:37)
- Shopping for other households and non-family members
- [Travelling, moving, transporting or accompanying goods or persons related to unpaid domestic services for household and family members](urn:icatus:2016:38)
- Travelling, moving, transporting or accompanying goods or persons related to unpaid domestic services for other households and non-family members
- [Other unpaid domestic services for household and family members](urn:icatus:2016:39)
- Other unpaid domestic services for other households and non-family members
- [Unpaid direct volunteering for other households](urn:icatus:2016:51)",,localoccupation,True,washing or fixing clothes,"washing or fixing clothes
cleaning or fixing clothes and shoes
drying, hanging out, bringing in wash
laundry drying and handling
hand/machine-washing
washing clothes by hand or machine
ironing, pressing, folding
smoothing out laundry
mending/repairing and care of clothes and shoes, cleaning and polishing shoes
clothes and shoes maintenance
textile repair and maintenance","Refers to caring and maintaining of textiles and footwear for own household and family members.

Examples:
- Hung out laundry
- Put clothes in the dryer machine
- Loaded clothes dryer
- Hand washing, loading and unloading washing machine, sorting wash
- Hand-washing, soaking, rinsing
- Sorting of laundry
- Ironing and pressing
- Tasks connected with ironing and pressing
- Folding and putting things away
- Put laundry in closet/drawer
- Sorting/folding clothes
- Ironed shirt
- Folding sheets and putting them into the cupboard
- Emptied the drying rack
- Mending, repairing clothing and shoes
- Mending, repairing other textiles such as bedsheets, table cloths, curtains, etc.
- Polishing footwear
- Repairing clothes
- Repairing and polishing shoes
- Putting seasonal clothes into storage
- Unspecified making and care for textiles
- Alteration of clothes (including ironing on transfers to t-shirts, dyeing clothing)
- Changed a zipper
- Cleaned boots",BATCH_SPLIT_ERROR,BATCH_SPLIT_ERROR,BATCH_SPLIT_ERROR,BATCH_SPLIT_ERROR,BATCH_SPLIT_ERROR,False,False,True
687671c1ebd2bf665349e850,urn:icatus:2016:35,"326c80dd-a4a1-4e72-ae85-7996b3833a02
7889e52e-7acc-4913-bc5a-ce3598391f77
36e1b6c2-2a8e-4f97-868a-6f69085ceec3
5d4231a3-7a43-43fd-a82e-2787f02d1575",I35,I35_0,,"Includes:
- [Paying household bills](urn:icatus:2016:351)
- [Budgeting, planning, organizing duties and activities in the household](urn:icatus:2016:352)

Excludes:
- Management of the other people's household
- [Other activities related to household management](urn:icatus:2016:359)
- [Providing paid domestic services](urn:icatus:2016:136)
- [Food and meals management and preparation](urn:icatus:2016:31)
- [Cleaning and maintaining of own dwelling and surroundings](urn:icatus:2016:32)
- Cleaning and maintaining of dwellings and surroundings of others
- [Do-it-yourself decoration, maintenance and repair](urn:icatus:2016:33)
- [Care and maintenance of textiles and footwear](urn:icatus:2016:34)
- [Pet care](urn:icatus:2016:36)
- [Shopping for own household and family members](urn:icatus:2016:37)
- Shopping for other households and non-family members
- [Travelling, moving, transporting or accompanying goods or persons related to unpaid domestic services for household and family members](urn:icatus:2016:38)
- Travelling, moving, transporting or accompanying goods or persons related to unpaid domestic services for other households and non-family members
- Other unpaid domestic services for other households and non-family members
- [Unpaid volunteer household maintenance, management, construction, renovation and repair](urn:icatus:2016:511)",,localoccupation,True,managing and planning,"managing and planning
managing and planning for your household
budgeting, planning, organizing duties and activities in the household
financial planning for the household
organizing home activities
planning monthly budget
planning holidays
planning chores
paying household bills","Refers to the management of own household. Activities can be undertaken outside or from home.

Examples:
- Planning family trip
- Borrowed for household expenses
- Organized repayments
- Planning monthly budget
- Planning holidays
- Planning chores
- Paid internet online
- Paid electricity bill
- Paid for fuel/cooking gas
- Paying rent, utilities, cable television, internet, etc.",BATCH_SPLIT_ERROR,BATCH_SPLIT_ERROR,BATCH_SPLIT_ERROR,BATCH_SPLIT_ERROR,BATCH_SPLIT_ERROR,False,False,True
687671c1ebd2bf665349e853,urn:icatus:2016:36,"ea13bbf7-c555-4683-be97-fb3e366720eb
d0a490b7-bfea-4cb1-bcee-1e17f0f78cea
5f112c3c-7ede-4372-b224-c7d2fd14705f
26278dcd-bb21-4ef2-afbb-cd67adab1716",I36,I36_0,,"Includes:
- [Daily pet care](urn:icatus:2016:361)
- [Using veterinary care or other pet care services (grooming, stabling, holiday or day care)](urn:icatus:2016:362)

Excludes:
- Care of other households or non-family member's pets
- [Other activities related to pet care](urn:icatus:2016:369)
- [Providing paid domestic services](urn:icatus:2016:136)
- [Food and meals management and preparation](urn:icatus:2016:31)
- [Cleaning and maintaining of own dwelling and surroundings](urn:icatus:2016:32)
- Cleaning and maintaining of dwellings and surroundings of others
- [Do-it-yourself decoration, maintenance and repair](urn:icatus:2016:33)
- [Care and maintenance of textiles and footwear](urn:icatus:2016:34)
- [Household management for own final use](urn:icatus:2016:35)
- [Shopping for own household and family members](urn:icatus:2016:37)
- Shopping for other households and non-family members
- [Travelling, moving, transporting or accompanying goods or persons related to unpaid domestic services for household and family members](urn:icatus:2016:38)
- Travelling, moving, transporting or accompanying goods or persons related to unpaid domestic services for other households and non-family members
- [Other unpaid domestic services for household and family members](urn:icatus:2016:39)
- Other unpaid domestic services for other households and non-family members
- [Unpaid direct volunteering for other households](urn:icatus:2016:51)
- Unpaid direct volunteering for own household
- [Shopping for pets](urn:icatus:2016:37)
- [Travel and waiting time related to pet care](urn:icatus:2016:38)",,localoccupation,True,taking care of pets,"taking care of pets
daily pet care
pet care routine
using veterinary care or other pet care services (grooming, stabling, holiday or day care)
using pet care services","Refers to the care of own household or family member's pets.

Examples:
- Cleaned aquarium
- Walked dog
- Cooked food for pet
- Trained pet
- Played with cat
- Feeding, cleaning, grooming, walking, training and playing with pets
- Vet visit
- Using veterinary care
- Use of other pet care services including grooming, stabling, holiday or day care",BATCH_SPLIT_ERROR,BATCH_SPLIT_ERROR,BATCH_SPLIT_ERROR,BATCH_SPLIT_ERROR,BATCH_SPLIT_ERROR,False,False,True
687671c1ebd2bf665349e856,urn:icatus:2016:37,"41501c2a-0e5c-4438-8743-9c0b1010d4c8
fec16b3b-924b-4645-af0d-8b41b317968e
ba9c4696-ab5e-4df6-8c5e-040035edb288
1c88a946-d15d-41e6-9233-239b4931b892",I37,I37_0,,"Includes:
- [Shopping for/purchasing of goods and related activities](urn:icatus:2016:371)
- [Shopping for/availing of services and related activity](urn:icatus:2016:372)

Excludes:
- Purchase of consumer and capital goods, and services for other households and non-family members
- [Providing paid domestic services](urn:icatus:2016:136)
- [Acquiring supplies and disposing of products and other activities related to making and processing goods for own final use](urn:icatus:2016:229)
- [Food and meals management and preparation](urn:icatus:2016:31)
- [Cleaning and maintaining of own dwelling and surroundings](urn:icatus:2016:32)
- Cleaning and maintaining of dwellings and surroundings of others
- [Do-it-yourself decoration, maintenance and repair](urn:icatus:2016:33)
- [Care and maintenance of textiles and footwear](urn:icatus:2016:34)
- [Household management for own final use](urn:icatus:2016:35)
- [Pet care](urn:icatus:2016:36)
- [Travelling, moving, transporting or accompanying goods or persons related to unpaid domestic services for household and family members](urn:icatus:2016:38)
- Travelling, moving, transporting or accompanying goods or persons related to unpaid domestic services for other households and non-family members
- [Other unpaid domestic services for household and family members](urn:icatus:2016:39)
- Other unpaid domestic services for other households and non-family members
- [Unpaid volunteer shopping/purchasing goods and services](urn:icatus:2016:512)",,localoccupation,True,shopping for things or hiring people,"shopping for things or hiring people
shopping for your family or household
shopping for/availing of services and related activity
shopping services
acquiringing services
ordering services
availing of administrative services","Refers to the purchase of consumer and capital goods, and services for own household and family members.

Examples:
- Got internet installed at home
- Bought tickets for concert
- Shopping for/availing of repair and maintenance services
- Shopping for/availing of administrative services including banking, legal, renting, using automated teller machine (ATM), posting letter (including meetings/discussions with financial planners and advisers)
- Shopping for personal care services (not for oneself)
- Shopping for medical and health-care services (not for oneself)
- Shopping for/availing of childcare services
- Shopping for educational services
- Availing of government/public services
- Other specified shopping/availing of services
- Shopped for groceries
- Shopped for gas
- Shopped for microwave
- Searching online bookshops for a particular book
- Ordering clothes/shoes online
- Buying tickets to a show
- Shopping for/purchasing of consumer goods including shopping for/purchasing of consumer goods: food products and household supplies (groceries); takeout food; medical supplies; school supplies; gasoline; clothes
- Shopping for/purchasing of durable/capital goods including cars, household appliances, articles and equipment; furniture; house
",BATCH_SPLIT_ERROR,BATCH_SPLIT_ERROR,BATCH_SPLIT_ERROR,BATCH_SPLIT_ERROR,BATCH_SPLIT_ERROR,False,False,True
687671c1ebd2bf665349e861,urn:icatus:2016:42,"61ffd42e-15eb-4eef-9290-ae9298cbdd50
423ff2db-a7a1-4d41-a410-06b0128d2f3b
69b104fa-d1f9-4cd1-8d0a-4f38ecd3a403
5683fe88-803a-4dc7-add4-ebb5dfbb603f",I42,I42_0,,"Includes:
- [Assisting dependent adults with tasks of daily living](urn:icatus:2016:421)
- [Assisting dependent adults with medical care](urn:icatus:2016:422)
- [Assisting dependent adults with forms, administration, accounts](urn:icatus:2016:423)
- [Affective/emotional support for dependent adults](urn:icatus:2016:424)
- [Passive care of dependent adult](urn:icatus:2016:425)
- [Meetings and arrangements with adult care service providers](urn:icatus:2016:426)

Excludes:
- Assistance and care provided to dependent adults from other households and non-family members
- [Other activities related to care for dependent adults](urn:icatus:2016:429)
- [Employment in corporations, government and non-profit institutions](urn:icatus:2016:11)
- [Providing paid personal care services in households and household enterprises](urn:icatus:2016:135)
- [Childcare and instruction](urn:icatus:2016:41)
- [Help to non-dependent adult household and family members](urn:icatus:2016:43)
- Help to non-dependent adults from other households and non-family members
- [Travelling and accompanying goods or persons related to unpaid caregiving services for household and family members](urn:icatus:2016:44)
- Travelling and accompanying goods or persons related to unpaid caregiving services for other households and non-family members
- [Other activities related to unpaid caregiving services for household and family members](urn:icatus:2016:49)
- Other activities related to unpaid caregiving services for other households and non-family members
- [Unpaid direct volunteering for other households](urn:icatus:2016:51)",,localoccupation,True,caring for adults who are sick,"caring for adults who are sick
helping adults who need care or are sick
affective/emotional support for dependent adults
emotional care for dependent adults
supporting the emotional well-being of dependent adults
providing companionship to dependent adults
assisting dependent adults with forms, administration, accounts
assisting dependent adults with financial matters and administration
assisting dependent adults with finances and paperwork
managing paperwork for dependent adults
helping dependent adults manage their affairs
assisting dependent adults with medical care
supporting dependent adults in healthcare
supporting dependent adults with medical needs
assisting dependent adults with tasks of daily living
supporting dependent adults with daily activities
meetings and arrangements with adult care service providers
scheduling and coordinating care services for dependent adults
passive care of dependent adults
monitoring dependent adults
providing passive supervision for dependent adults","Refers to the assistance and care provided to dependent adults from own household and family members.

Dependent adults refers to persons suffering any physical or mental illness or any disability or impairment who require assistance or help from other person to undertake daily activities including older persons.
This does not include adults who require temporary assistance.

Examples:
- Cheered up my grandmother
- Completed insurance claim for my grandfather
- Collected pension for my father
- Paid taxes for my father
- Feeding elderly grandfather
- Assisted with showering dependent adult
- Made bed and cleaned room for dependent adult
- Met with dad's carer
- Supervised my dad
- Talking and listening to dependent adults
- Completing documents for the dependent adult
- Reading forms to the dependent adult
- Giving personal care to adults
- Feeding, washing, dressing, preparing them for bed
- Calls to institutions
- Visit institutions
- Meeting carers
- Monitoring dependent adults while undertaking activities or sleeping, preserving a safe environment
- Being a presence to turn to in need
- Supervising activities",BATCH_SPLIT_ERROR,BATCH_SPLIT_ERROR,BATCH_SPLIT_ERROR,BATCH_SPLIT_ERROR,BATCH_SPLIT_ERROR,False,False,True
687671c1ebd2bf665349e868,urn:icatus:2016:43,"fb87ad11-1676-427f-b41b-a231aa6024f2
24757233-4ede-4c09-bf5e-ef6ebb57e390
bed1ad6c-ce0d-421f-a93f-aece54a2762d
7b7dc4fa-a68e-4811-89d5-771a7be8ae4b",I43,I43_0,,"Includes:
- [Feeding, cleaning, physical care for non-dependent adult household and family members including for temporary illness](urn:icatus:2016:431)
- [Affective/emotional support for non-dependent adult household and family members](urn:icatus:2016:432)

Excludes:
- Provision of help to non-dependent adults from other households and non-family members
- [Other activities related to care for non-dependent adult household and family members](urn:icatus:2016:439)
- Other activities related to care for non-dependent adults of other households and non-family members
- [Employment in corporations, government and non-profit institutions](urn:icatus:2016:11)
- [Providing paid personal care services in households and household enterprises](urn:icatus:2016:135)
- [Childcare and instruction](urn:icatus:2016:41)
- [Care for dependent adults](urn:icatus:2016:42)
- [Travelling and accompanying goods or persons related to unpaid caregiving services for household and family members](urn:icatus:2016:44)
- Travelling and accompanying goods or persons related to unpaid caregiving services for other households and non-family members
- [Other activities related to unpaid caregiving services for household and family members](urn:icatus:2016:49)
- Other activities related to unpaid caregiving services for other households and non-family members
- [Unpaid direct volunteering for other households](urn:icatus:2016:51)",,localoccupation,True,caring for adults who are not sick,"caring for adults who are not sick
helping other adults in the house or family
affective/emotional support for non-dependent adult household and family members
emotional support for family members
offering encouragement and support
feeding, cleaning, physical care for non-dependent adult household and family members including for temporary illness","Refers to the provision of help to non-dependent adults from own household and family members.

Examples:
- Cheering up non-dependent adults
- Talking and listening to non-dependent adults
- Took care of my (non-dependent) mother with flu
- Giving personal care to temporary sick adults
- Giving medical/health-care to temporary sick adults
- Other specified physical care of temporary sick adults
",BATCH_SPLIT_ERROR,BATCH_SPLIT_ERROR,BATCH_SPLIT_ERROR,BATCH_SPLIT_ERROR,BATCH_SPLIT_ERROR,False,False,True
687671c1ebd2bf665349e870,urn:icatus:2016:33,"02ea4f8d-574a-477e-8e54-2c753f9b4c97
427c76df-ce30-4e57-826c-d89aa6916c64",I5133,I5133_0,,"Includes:
- Do-it-yourself improvement, maintenance and repair of dwellings of others
- [Installation, servicing and repair of personal and household goods including ICT equipment](urn:icatus:2016:332)
- [Vehicle maintenance and repairs](urn:icatus:2016:333)

Excludes:
- Decorating, maintaining and repairing of own dwelling, personal and household goods
- [Other activities related to do-it-yourself decoration, maintenance and repair](urn:icatus:2016:339)
- [Providing paid domestic services](urn:icatus:2016:136)
- [Food and meals management and preparation](urn:icatus:2016:31)
- [Cleaning and maintaining of own dwelling and surroundings](urn:icatus:2016:32)
- Cleaning and maintaining of dwelling and surroundings of others
- [Care and maintenance of textiles and footwear](urn:icatus:2016:34)
- [Household management for own final use](urn:icatus:2016:35)
- [Pet care](urn:icatus:2016:36)
- [Shopping for own household and family members](urn:icatus:2016:37)
- Shopping for other households and non-family members
- [Travelling, moving, transporting or accompanying goods or persons related to unpaid domestic services for household and family members](urn:icatus:2016:38)
- Travelling, moving, transporting or accompanying goods or persons related to unpaid domestic services for other households and non-family members
- [Other unpaid domestic services for household and family members](urn:icatus:2016:39)
- Other unpaid domestic services for other households and non-family members
- [Unpaid volunteer household maintenance, management, construction, renovation and repair](urn:icatus:2016:511)
",,localoccupation,True,fixing or building things,"fixing or building things
fixing things in someone else's home or car
do-it-yourself improvement, maintenance and repair of someone else's dwelling
DIY home repairs
home renovation and repairs
self-maintenance of home
installation, servicing and repair of personal and household goods including ICT equipment
household tech setup and repair
household equipment setup
gadget installation and repair
ICT and appliance servicing
home appliance installation and maintenance
servicing personal electronic devices
vehicle maintenance and repairs
DIY Vehicle Upkeep","Refers to decorating, maintaining and repairing of dwellings, personal and household goods of others.

Examples:
- Painted walls of someone else's living room
- Decorating a friend's house by painting designs and fixing artistic objects
- Decorating a friend's child's bedroom
- Re-wallpapering for someone else
- Covered floors with wet clay to maintain them in someone else's home
- Applied clay on walls to maintain them in someone else's dwelling
- Repaired someone else's boiler, oil tank, etc.
- Painting, plastering, minor repairs to ceiling, floor, walls, roof; paving of driveway, carpentry work, plumbing, wiring for others
- Installed someone else's desktop
- Installed a washing machine for someone
- Repaired a friend's laptop/notebook
- Installed someone else's printer
- Installed someone else's Playstation/Xbox
- Assembling of household equipment and appliances, cleaning/servicing/repairing of household appliances, furniture and other durable goods for others
- Installing computers or other devices for others
- Installing media equipment for others
- Checked the air of someone else's car tyres
- Serviced someone else's lawn mower
- Changed oil and filters in someone else's car engine
- Replaced broken fan belt in someone else's vehicle
- Cleaning, greasing, other maintenance and repair of others' cars, motorcycles, bicycles, etc.
",BATCH_SPLIT_ERROR,BATCH_SPLIT_ERROR,BATCH_SPLIT_ERROR,BATCH_SPLIT_ERROR,BATCH_SPLIT_ERROR,False,False,True
687671c1ebd2bf665349e871,urn:icatus:2016:34,"dc7fcea6-25e8-4244-b01e-4b2b2012e9dd
48ebe5d3-d642-4c37-b8eb-2c5946f747fd",I5134,I5134_0,,"Includes:
- [Hand/machine-washing](urn:icatus:2016:341)
- [Drying; hanging out, bringing in wash](urn:icatus:2016:342)
- [Ironing/pressing/folding](urn:icatus:2016:343)
- [Mending/repairing and care of clothes and shoes; cleaning and polishing shoes](urn:icatus:2016:344)

Excludes:
- Caring and maintaining of textiles and footwear for own household and family members
- [Other activities related to care of textiles and footwear](urn:icatus:2016:349)
- [Providing paid domestic services](urn:icatus:2016:136)
- [Food and meals management and preparation](urn:icatus:2016:31)
- [Cleaning and maintaining of own dwelling and surroundings](urn:icatus:2016:32)
- Cleaning and maintaining dwellings and surroundings of others
- [Do-it-yourself decoration, maintenance and repair](urn:icatus:2016:33)
- [Household management for own final use](urn:icatus:2016:35)
- [Pet care](urn:icatus:2016:36)
- [Shopping for own household and family members](urn:icatus:2016:37)
- Shopping for other households and non-family members
- [Travelling, moving, transporting or accompanying goods or persons related to unpaid domestic services for household and family members](urn:icatus:2016:38)
- Travelling, moving, transporting or accompanying goods or persons related to unpaid domestic services for other households and non-family members
- [Other unpaid domestic services for household and family members](urn:icatus:2016:39)
- Other unpaid domestic services for other households and non-family members
- [Unpaid direct volunteering for other households](urn:icatus:2016:51)
",,localoccupation,True,washing or fixing clothes,"washing or fixing clothes
cleaning or fixing clothes and shoes
drying, hanging out, bringing in wash
laundry drying and handling
hand/machine-washing
washing clothes by hand or machine
ironing, pressing, folding
smoothing out laundry
mending/repairing and care of clothes and shoes, cleaning and polishing shoes
clothes and shoes maintenance
textile repair and maintenance","Refers to caring and maintaining of textiles and footwear for other households and non-family members.

Examples:
- Hung out someone else's laundry
- Put clothes in the dryer machine for someone else
- Loaded clothes dryer in another household
- Hand washing, loading and unloading washing machine, sorting wash for non-family members
- Hand-washing, soaking, rinsing clothes for others
- Sorting of laundry for another household
- Ironing and pressing garments for someone else
- Tasks connected with ironing and pressing clothes for non-family members
- Folding and putting things away in someone else's home
- Put laundry in closet/drawer in another household
- Sorting/folding clothes for a friend
- Ironed a shirt for someone else
- Folding sheets and putting them into the cupboard for others
- Emptied the drying rack in someone else's home
- Mending, repairing clothing and shoes for others
- Mending, repairing other textiles such as bedsheets, table cloths, curtains, etc., for non-family members
- Polishing footwear for someone else
- Repairing clothes for a friend
- Repairing and polishing shoes for others
- Putting seasonal clothes into storage for someone else
- Unspecified making and care for textiles for non-family members
- Alteration of clothes (including ironing on transfers to t-shirts, dyeing clothing) for others
- Changed a zipper on someone else's clothing
- Cleaned boots for a non-family member",BATCH_SPLIT_ERROR,BATCH_SPLIT_ERROR,BATCH_SPLIT_ERROR,BATCH_SPLIT_ERROR,BATCH_SPLIT_ERROR,False,False,True
687671c1ebd2bf665349e872,urn:icatus:2016:35,"d91c02b6-705f-4ac9-b40e-8cd7ed71984e
92060f6b-d503-48bd-a16f-229d1035ab20",I5135,I5135_0,,"Includes:
- [Paying household bills](urn:icatus:2016:351)
- [Budgeting, planning, organizing duties and activities in the household](urn:icatus:2016:352)

Excludes:
- Management of own household
- [Other activities related to household management](urn:icatus:2016:359)
- [Providing paid domestic services](urn:icatus:2016:136)
- [Food and meals management and preparation](urn:icatus:2016:31)
- [Cleaning and maintaining of own dwelling and surroundings](urn:icatus:2016:32)
- Cleaning and maintaining of dwellings and surroundings of others
- [Do-it-yourself decoration, maintenance and repair](urn:icatus:2016:33)
- [Care and maintenance of textiles and footwear](urn:icatus:2016:34)
- [Pet care](urn:icatus:2016:36)
- [Shopping for own household and family members](urn:icatus:2016:37)
- Shopping for other households and non-family members
- [Travelling, moving, transporting or accompanying goods or persons related to unpaid domestic services for household and family members](urn:icatus:2016:38)
- Travelling, moving, transporting or accompanying goods or persons related to unpaid domestic services for other households and non-family members
- Other unpaid domestic services for other households and non-family members
- [Unpaid volunteer household maintenance, management, construction, renovation and repair](urn:icatus:2016:511)",,localoccupation,True,managing and planning,"managing and planning
managing and planning for other households
budgeting, planning, organizing duties and activities in the household
financial planning for the household
organizing home activities
planning monthly budget
planning holidays
planning chores
paying household bills","Refers to the management of the other people's household. Activities can be undertaken outside or from home.

Examples:
- Planning a trip for another household
- Borrowed money for someone else's household expenses
- Organized repayments for another household
- Planning monthly budget for a non-family member
- Planning holidays for another household
- Planning chores for someone else's home
- Paid internet bill online for another household
- Paid electricity bill for someone else
- Paid for fuel/cooking gas for another household
- Paying rent, utilities, cable television, internet, etc., for someone else",BATCH_SPLIT_ERROR,BATCH_SPLIT_ERROR,BATCH_SPLIT_ERROR,BATCH_SPLIT_ERROR,BATCH_SPLIT_ERROR,False,False,True
687671c1ebd2bf665349e873,urn:icatus:2016:36,"9176f1cd-173b-462a-8615-c114e6254f43
0df3f70c-dba6-4d9c-ac05-be52ea1b692f",I5136,I5136_0,,"Includes:
- [Daily pet care](urn:icatus:2016:361)
- [Using veterinary care or other pet care services (grooming, stabling, holiday or day care)](urn:icatus:2016:362)

Excludes:
- Care of own household or family member's pets.
- [Other activities related to pet care](urn:icatus:2016:369)
- [Providing paid domestic services](urn:icatus:2016:136)
- [Food and meals management and preparation](urn:icatus:2016:31)
- [Cleaning and maintaining of own dwelling and surroundings](urn:icatus:2016:32)
- Cleaning and maintaining of dwellings and surroundings of others
- [Do-it-yourself decoration, maintenance and repair](urn:icatus:2016:33)
- [Care and maintenance of textiles and footwear](urn:icatus:2016:34)
- [Household management for own final use](urn:icatus:2016:35)
- [Shopping for own household and family members](urn:icatus:2016:37)
- Shopping for other households and non-family members
- [Travelling, moving, transporting or accompanying goods or persons related to unpaid domestic services for household and family members](urn:icatus:2016:38)
- Travelling, moving, transporting or accompanying goods or persons related to unpaid domestic services for other households and non-family members
- [Other unpaid domestic services for household and family members](urn:icatus:2016:39)
- Other unpaid domestic services for other households and non-family members
- [Unpaid direct volunteering for other households](urn:icatus:2016:51)
- Unpaid direct volunteering for own household
- [Shopping for pets](urn:icatus:2016:37)
- [Travel and waiting time related to pet care](urn:icatus:2016:38)",,localoccupation,True,taking care of pets,"taking care of pets
daily pet care
pet care routine
using veterinary care or other pet care services (grooming, stabling, holiday or day care)
using pet care services","Refers to the care of other households or non-family member's pets.

Examples:
- Cleaned someone else's aquarium
- Walked a friend's dog
- Cooked food for someone else's pet
- Trained a non-family member's pet
- Played with someone else's cat
- Feeding, cleaning, grooming, walking, training and playing with pets belonging to others
- Took a non-family member's pet to the vet
- Using veterinary care for someone else's pet
- Use of other pet care services including grooming, stabling, holiday or day care for others' pets",BATCH_SPLIT_ERROR,BATCH_SPLIT_ERROR,BATCH_SPLIT_ERROR,BATCH_SPLIT_ERROR,BATCH_SPLIT_ERROR,False,False,True
687671c1ebd2bf665349e874,urn:icatus:2016:37,"2569e0fe-9b80-4957-9623-924f3ef6d2f8
7650b853-5faa-4a3f-b918-31949d5be0be",I5137,I5137_0,,"Includes:
- [Shopping for/purchasing of goods and related activities](urn:icatus:2016:371)
- [Shopping for/availing of services and related activity](urn:icatus:2016:372)

Excludes:
- Purchase of consumer and capital goods, and services for own household and family members
- [Providing paid domestic services](urn:icatus:2016:136)
- [Acquiring supplies and disposing of products and other activities related to making and processing goods for own final use](urn:icatus:2016:229)
- [Food and meals management and preparation](urn:icatus:2016:31)
- [Cleaning and maintaining of own dwelling and surroundings](urn:icatus:2016:32)
- Cleaning and maintaining of dwellings and surroundings of others
- [Do-it-yourself decoration, maintenance and repair](urn:icatus:2016:33)
- [Care and maintenance of textiles and footwear](urn:icatus:2016:34)
- [Household management for own final use](urn:icatus:2016:35)
- [Pet care](urn:icatus:2016:36)
- [Travelling, moving, transporting or accompanying goods or persons related to unpaid domestic services for household and family members](urn:icatus:2016:38)
- Travelling, moving, transporting or accompanying goods or persons related to unpaid domestic services for other households and non-family members
- [Other unpaid domestic services for household and family members](urn:icatus:2016:39)
- Other unpaid domestic services for other households and non-family members
- [Unpaid volunteer shopping/purchasing goods and services](urn:icatus:2016:512)",,localoccupation,True,shopping for things or hiring people,"shopping for things or hiring people
shopping for other families or households
shopping for/availing of services and related activity
shopping services
acquiringing services
ordering services
availing of administrative services","Refers to the purchase of consumer and capital goods, and services for other households and non-family members.

Examples:
- Got internet installed at someone else's home
- Bought concert tickets for a non-family member
- Shopping for/availing of repair and maintenance services for others
- Shopping for/availing of administrative services for others including banking, legal, renting, using automated teller machine (ATM), posting letter (including meetings/discussions with financial planners and advisers)
- Shopping for personal care services (not for oneself, but for someone else)
- Shopping for medical and health-care services for someone else
- Shopping for/availing of childcare services for another household
- Shopping for educational services on behalf of others
- Availing of government/public services for a non-family member
- Other specified shopping/availing of services for others
- Shopped for groceries for someone else
- Shopped for gas for another household
- Shopped for a microwave for a friend
- Searching online bookshops for a particular book for someone else
- Ordering clothes/shoes online for a non-family member
- Buying tickets to a show for someone else
- Shopping for/purchasing of consumer goods for others, including food products and household supplies (groceries); takeout food; medical supplies; school supplies; gasoline; clothes
- Shopping for/purchasing of durable/capital goods for others, including cars, household appliances, articles and equipment; furniture; house",BATCH_SPLIT_ERROR,BATCH_SPLIT_ERROR,BATCH_SPLIT_ERROR,BATCH_SPLIT_ERROR,BATCH_SPLIT_ERROR,False,False,True
687671c1ebd2bf665349e876,urn:icatus:2016:42,"dd82f8a7-0695-4e51-965a-a42ca9bf95dc
43c067d4-e8c5-4438-a088-e82442308a0d",I5142,I5142_0,,"Includes:
- [Assisting dependent adults with tasks of daily living](urn:icatus:2016:421)
- [Assisting dependent adults with medical care](urn:icatus:2016:422)
- [Assisting dependent adults with forms, administration, accounts](urn:icatus:2016:423)
- [Affective/emotional support for dependent adults](urn:icatus:2016:424)
- [Passive care of dependent adult](urn:icatus:2016:425)
- [Meetings and arrangements with adult care service providers](urn:icatus:2016:426)

Excludes:
- Assistance and care provided to dependent adults from own household and family members
- [Other activities related to care for dependent adults](urn:icatus:2016:429)
- [Employment in corporations, government and non-profit institutions](urn:icatus:2016:11)
- [Providing paid personal care services in households and household enterprises](urn:icatus:2016:135)
- [Childcare and instruction](urn:icatus:2016:41)
- [Help to non-dependent adult household and family members](urn:icatus:2016:43)
- Help to non-dependent adults from other households and non-family members
- [Travelling and accompanying goods or persons related to unpaid caregiving services for household and family members](urn:icatus:2016:44)
- Travelling and accompanying goods or persons related to unpaid caregiving services for other households and non-family members
- [Other activities related to unpaid caregiving services for household and family members](urn:icatus:2016:49)
- Other activities related to unpaid caregiving services for other households and non-family members
- [Unpaid direct volunteering for other households](urn:icatus:2016:51)",,localoccupation,True,caring for adults who are sick,"caring for adults who are sick
helping adults who need care or are sick
affective/emotional support for dependent adults
emotional care for dependent adults
supporting the emotional well-being of dependent adults
providing companionship to dependent adults
assisting dependent adults with forms, administration, accounts
assisting dependent adults with financial matters and administration
assisting dependent adults with finances and paperwork
managing paperwork for dependent adults
helping dependent adults manage their affairs
assisting dependent adults with medical care
supporting dependent adults in healthcare
supporting dependent adults with medical needs
assisting dependent adults with tasks of daily living
supporting dependent adults with daily activities
meetings and arrangements with adult care service providers
scheduling and coordinating care services for dependent adults
passive care of dependent adults
monitoring dependent adults
providing passive supervision for dependent adults","Refers to the assistance and care provided to dependent adults from other households and non-family members.

Dependent adults refers to persons suffering any physical or mental illness or any disability or impairment who require assistance or help from another person to undertake daily activities, including older persons.
This does not include adults who require temporary assistance.

Examples:
- Cheered up my neighbour's grandmother
- Completed insurance claim for my neighbour's grandfather
- Collected pension for my neighbour's father
- Paid taxes for my neighbour's father
- Feeding an elderly adult from another household
- Assisted with showering a dependent adult from another household
- Made bed and cleaned room for a dependent adult from a different household
- Met with the carer of a neighbour's dependent parent
- Supervised my neighbour's dependent father
- Talking and listening to dependent adults from other households
- Completing documents for a dependent adult who is not a family member
- Reading forms to a dependent adult from another household
- Giving personal care to dependent adults from other households
- Feeding, washing, dressing, preparing dependent adults for bed in another household
- Calls to institutions on behalf of dependent adults from other households
- Visit institutions in relation to dependent adults who are not family members
- Meeting carers of dependent adults from other households
- Monitoring dependent adults from another household while undertaking activities or sleeping, preserving a safe environment
- Being a presence for a dependent adult from another household to turn to in need
- Supervising activities for dependent adults from other households",BATCH_SPLIT_ERROR,BATCH_SPLIT_ERROR,BATCH_SPLIT_ERROR,BATCH_SPLIT_ERROR,BATCH_SPLIT_ERROR,False,False,True
687671c1ebd2bf665349e877,urn:icatus:2016:43,"e8508977-b4fb-417b-b0bb-77adf6016798
d6b03edb-7f9d-4f6e-a5d3-241c9360ba66",I5143,I5143_0,,"Includes:
- [Feeding, cleaning, physical care for non-dependent adult household and family members including for temporary illness](urn:icatus:2016:431)
- [Affective/emotional support for non-dependent adult household and family members](urn:icatus:2016:432)

Excludes:
- The provision of help to non-dependent adults from own household and family members
- [Other activities related to care for non-dependent adult household and family members](urn:icatus:2016:439)
- Other activities related to care for non-dependent adults of other households and non-family members
- [Employment in corporations, government and non-profit institutions](urn:icatus:2016:11)
- [Providing paid personal care services in households and household enterprises](urn:icatus:2016:135)
- [Childcare and instruction](urn:icatus:2016:41)
- [Care for dependent adults](urn:icatus:2016:42)
- [Travelling and accompanying goods or persons related to unpaid caregiving services for household and family members](urn:icatus:2016:44)
- Travelling and accompanying goods or persons related to unpaid caregiving services for other households and non-family members
- [Other activities related to unpaid caregiving services for household and family members](urn:icatus:2016:49)
- Other activities related to unpaid caregiving services for other households and non-family members
- [Unpaid direct volunteering for other households](urn:icatus:2016:51)",,localoccupation,True,caring for adults who are not sick,"caring for adults who are not sick
helping adults in another house or family
affective/emotional support for non-dependent adult household and non-family members
emotional support for non-family members
offering encouragement and support
feeding, cleaning, physical care for non-dependent adult household and non-family members including for temporary illness","Refers to the provision of help to non-dependent adults from other households and non-family members.

Examples:
- Cheering up non-dependent adults from other households
- Talking and listening to non-dependent adults who are not family members
- Took care of a neighbour’s (non-dependent) mother with flu
- Giving personal care to temporarily sick adults from another household
- Giving medical/health-care to temporarily sick adults who are not part of one’s own household or family
- Other specified physical care of temporarily sick non-dependent adults from other households",BATCH_SPLIT_ERROR,BATCH_SPLIT_ERROR,BATCH_SPLIT_ERROR,BATCH_SPLIT_ERROR,BATCH_SPLIT_ERROR,False,False,True
687671c1ebd2bf665349e878,urn:icatus:2016:515,"b7590569-cae9-4e94-8ecd-ed7424e506f1
efcee2d3-416d-432c-9fa7-1718dcb25db9
1de25aa9-9923-4ed6-8eb9-6115ed88b026
77cc4a9f-1df8-4312-8f6f-eaea9e2d726d",I51,I51_5,,"Includes unpaid volunteer activities such as:
- Production of goods as help
- Provision of services as help
- Purchasing inputs as help
- Disposing or selling outputs as help",,localoccupation,True,helping,"helping
helping in other people's businesses without getting paid
unpaid volunteer unpaid help in enterprises owned by other households
unpaid assistance in household enterprises","Refers to unpaid, non-compulsory activities to help in enterprises owned by other households as help to other households, not arranged by an organization.

Examples:
- Help my neighbour in his business",BATCH_SPLIT_ERROR,BATCH_SPLIT_ERROR,BATCH_SPLIT_ERROR,BATCH_SPLIT_ERROR,BATCH_SPLIT_ERROR,False,False,True
687671c1ebd2bf665349e879,urn:icatus:2016:521,"318cec0c-a90e-4222-86da-db4e2a3b645d
9685ff59-12ee-4f6e-b0c8-c80ff97302b6
259600fc-8d46-42b7-a4d0-8cc34b91ff6f
18ced3ad-8224-4290-8b4d-78de2fe50add",I52,I52_1,,"Includes unpaid volunteer activities such as:
- Work on construction, road repairs, building bridges, dams, etc. as help
- Work on clearing and preparing community land, cleaning (streets, markets, etc.) as help",,localoccupation,True,cleaning or fixing roads or buildings,"cleaning or fixing roads or buildings
cleaning or fixing roads or buildings without getting paid
unpaid volunteer work on road/building repair, clearing and preparing land, cleaning (streets, markets, etc.), and construction
community cleanup and repair volunteering
unpaid construction and land preparation work
volunteer maintenance and renovation activities","Refers to unpaid, non-compulsory activities to work on road/building repair, clearing and preparing land, cleaning (streets, markets, etc.), and construction as help, arranged by the community or an organization.

Examples:
- Volunteered cleaning the streets in the town (unpaid)
- Volunteered to pick up litter (unpaid)
- Volunteered to clear brush from trail (unpaid)
- Volunteered to help renovate home (unpaid)",BATCH_SPLIT_ERROR,BATCH_SPLIT_ERROR,BATCH_SPLIT_ERROR,BATCH_SPLIT_ERROR,BATCH_SPLIT_ERROR,False,False,True
