ID,ORIGINURI,PREFERREDLABEL_EN,PREFERREDLABEL_SW_gemini_2_5_flash,PREFERREDLABEL_SW_gemini_2_5_pro,PREFERREDLABEL_SW_gemini_3_flash_preview,PREFERREDLABEL_SW_gemini_3_pro_preview,DESCRIPTION_EN,DESCRIPTION_SW_gemini_2_5_flash,DESCRIPTION_SW_gemini_2_5_pro,DESCRIPTION_SW_gemini_3_flash_preview,DESCRIPTION_SW_gemini_3_pro_preview,ALTLABELS_SW_gemini_2_5_pro,ALTLABELS_SW_gemini_3_pro_preview,ALTLABELS_SW_gemini_2_5_flash,ALTLABELS_SW_gemini_3_flash_preview
687671c1ebd2bf665349e6b9,http://data.europa.eu/esco/occupation/3c0af499-39f6-4468-9ba4-b13a26d5f888,abrasive blasting operator,mwendeshaji wa usafishaji kwa mchanga,Opereta wa Upuliziaji kwa Kukwaruza,,mwendeshaji wa ulipuaji wa msuguano,"Abrasive blasting operators use the proper equipment and machinery to smoothen rough surfaces by abrasive blasting. Abrasive blasting is commonly used in the finishing process of metal workpieces and for blasting building materials used in masonry such as bricks, stones and concrete. They operate blasters or sand cabinets which forcibly thrust a stream of abrasive material such sand, soda or water, under high pressure, propelled by a centrifigal wheel, in order to shape and smoothen surfaces.","Waendeshaji wa usafishaji kwa mchanga hutumia vifaa na mashine zinazofaa ili kulainisha nyuso zenye ukwaru kwa usafishaji wa kukwaruza. Usafishaji kwa mchanga hutumiwa kwa kawaida katika mchakato wa kumalizia vipande vya chuma na kwa kusafisha vifaa vya ujenzi vinavyotumiwa katika uashi kama vile matofali, mawe na zege. Wanatunza mashine za kupuliza au kabati za mchanga ambazo hurusha kwa nguvu mkondo wa nyenzo za kukwaruza kama mchanga, soda au maji, chini ya shinikizo la juu, ikisukumwa na gurudumu la sentrifigali, ili kuunda na kulainisha nyuso.","Waendeshaji wa upuliziaji kwa kukwaruza hutumia vifaa na mashine zinazofaa kulainisha sehemu zenye ukakasi kwa njia ya upuliziaji wa kukwaruza. Upuliziaji wa kukwaruza hutumika sana katika mchakato wa umaliziaji wa vipande vya kazi vya metali na kwa kupulizia vifaa vya ujenzi vinavyotumika katika uashi kama vile matofali, mawe na zege. Wanaendesha vipuliziaji au makabati ya mchanga ambayo hurusha kwa nguvu mkondo wa nyenzo za kukwaruza kama vile mchanga, soda au maji, chini ya shinikizo kubwa, zikisukumwa na gurudumu la sentrifugi, ili kuunda na kulainisha sehemu.",,"Waendeshaji wa ulipuaji wa msuguano hutumia vifaa na mashine sahihi kulainisha nyuso mbaya kwa njia ya ulipuaji wa msuguano. Ulipuaji wa msuguano hutumika sana katika mchakato wa kumalizia kazi za vipande vya chuma na kwa kulipua vifaa vya ujenzi vinavyotumika katika uashi kama vile matofali, mawe na zege. Huendesha mashine za kulipua au kabati za mchanga ambazo husukuma kwa nguvu mtiririko wa nyenzo za msuguano kama vile mchanga, soda au maji, chini ya shinikizo kubwa, zikisukumwa na gurudumu la sentrifugo, ili kuunda na kulainisha nyuso.","Mtengenezaji kwa Kukwaruza
Mpuliziaji mchanga, sehemu za nje za majengo
Mpuliziaji, maji: kusafisha
Opereta, mashine: upuliziaji wa shoti (metali)
Mpakaji nta, upuliziaji mchanga kwenye kioo
mpuliziaji wa kukwaruza
opereta wa kabati la upuliziaji wa kukwaruza
opereta wa upuliziaji wa kukwaruza
Opereta wa Upuliziaji kwa Kukwaruza
mpuliziaji mchanga wa kukwaruza
mpuliziaji shoti wa kukwaruza
mpuliziaji changarawe
opereta wa upuliziaji mchanga
opereta wa upuliziaji mchanga
mpuliziaji mchanga
opereta wa upuliziaji mchanga
mpuliziaji wa kinu cha mchanga
msagaji wa kinu cha mchanga
mpuliziaji-mchanga
mpuliziaji mchanga
msuguaji
opereta msuguaji
opereta msuguaji
mpuliziaji shoti","mundaji kwa msuguano
mlipuaji mchanga, kuta za nje za majengo
mlipuaji, maji: kusafisha
mwendeshaji, mashine: ulipuaji wa gololi (chuma)
mng'arishaji, ulipuaji mchanga kwenye kioo
mlipuaji wa msuguano
mhudumu wa kabati la ulipuaji wa msuguano
mhudumu wa ulipuaji wa msuguano
mwendeshaji wa ulipuaji wa msuguano
mlipuaji wa mchanga wa msuguano
mlipuaji wa gololi za msuguano
mlipuaji wa changarawe
mhudumu wa ulipuaji mchanga
mwendeshaji wa ulipuaji mchanga
mlipuaji mchanga
mwendeshaji wa ulipuaji mchanga
mlipuaji wa kinu cha mchanga
msagaji wa kinu cha mchanga
mlipuaji-mchanga
mlipuaji mchanga
msugua msasa
mhudumu wa kusugua msasa
mwendeshaji wa kusugua msasa
mlipuaji wa gololi","Muunda Kikwaruzi
Msafishaji mchanga, nje ya majengo
Msafishaji, maji: kusafisha
Mwendeshaji, mashine: usafishaji kwa risasi (chuma)
Mpaka nta, usafishaji kioo kwa mchanga
msafishaji kwa mchanga
mfanyakazi wa kabati la usafishaji kwa mchanga
mfanyakazi wa usafishaji kwa mchanga
mwendeshaji wa usafishaji kwa mchanga
msafishaji kwa risasi
msafishaji kwa changarawe
mfanyakazi wa kupuliza mchanga
mwendeshaji wa kupuliza mchanga
msafishaji mchanga
mwendeshaji wa kusafisha kwa mchanga
msafishaji wa kinu cha mchanga
msagaji wa kinu cha mchanga
msafishaji-mchanga
msuguaji
mfanyakazi wa kusugua
mwendeshaji wa kusugua",
687671c1ebd2bf665349de63,http://data.europa.eu/esco/occupation/994fe880-dc26-4f0f-a3cd-500709b6a665,precision engineer,mhandisi wa usahihi,Mhandisi wa Usahihi,,mhandisi wa usahihi,"Precision engineers design processes, machines, fixtures and other equipment that have exceptionally low engineering tolerances, are repeatable and stable over time. They ensure prototypes are built and tested and make sure the designs meet system specifications and operational requirements.","Wahandisi wa usahihi hubuni michakato, mashine, vifaa vya kurekebishia na vifaa vingine ambavyo vina uvumilivu wa chini sana wa uhandisi, vinavyoweza kurudiwa na thabiti kwa muda mrefu. Wanahakikisha mifano ya awali inajengwa na kufanyiwa majaribio na kuhakikisha miundo inakidhi vipimo vya mfumo na mahitaji ya uendeshaji.","Wahandisi wa usahihi hubuni michakato, mashine, vifaa vya kushikilia na vifaa vingine ambavyo vina viwango vya chini sana vya uvumilivu wa kihandisi, vinaweza kurudiwa na ni thabiti kwa muda. Wanahakikisha prototaipu zinajengwa na kujaribiwa na kuhakikisha miundo inakidhi vipimo vya mfumo na mahitaji ya uendeshaji.",,"Wahandisi wa usahihi husanifu michakato, mashine, vishikilio na vifaa vingine ambavyo vina viwango vya chini sana vya uvumilivu wa kihandisi, vinaweza kurudiwa na ni thabiti kwa muda. Hahakikisha mifano ya awali inajengwa na kujaribiwa na kuhakikisha kuwa sanifu zinakidhi vipimo vya mfumo na mahitaji ya uendeshaji.","Mshauri wa uhandisi wa usahihi
wahandisi wa usahihi
Mshauri mwelekezi wa uhandisi wa usahihi
Mhandisi wa Usahihi
Mtaalamu wa uhandisi wa usahihi
Mtaalamu maalum wa uhandisi wa usahihi","mshauri wa uhandisi wa usahihi
wahandisi wa usahihi
mshauri elekezi wa uhandisi wa usahihi
mhandisi wa usahihi
mtaalamu wa uhandisi wa usahihi
bingwa wa uhandisi wa usahihi","mshauri wa uhandisi wa usahihi
wahandisi wa usahihi
mhandisi wa usahihi
mtaalamu bingwa wa uhandisi wa usahihi
mtaalamu wa uhandisi wa usahihi",
687671c0ebd2bf665349dcf2,http://data.europa.eu/esco/occupation/316309e4-5fce-4dca-85d1-07702217ea19,leather production manager,Meneja wa uzalishaji wa ngozi,Meneja wa Uzalishaji wa Ngozi,,meneja wa uzalishaji wa ngozi,Leather production managers plan all aspects of the leather production process. They ensure the required output of the factory in terms of quality and quantity of the leather. They organise the production staff. They monitor and ensure the operation of machinery and equipment. They cooperate with managers of each production department.,Mameneja wa uzalishaji wa ngozi hupanga nyanja zote za mchakato wa uzalishaji wa ngozi. Wanahakikisha matokeo yanayohitajika ya kiwanda kulingana na ubora na wingi wa ngozi. Wanapanga wafanyakazi wa uzalishaji. Wanafuatilia na kuhakikisha uendeshaji wa mitambo na vifaa. Wanashirikiana na mameneja wa kila idara ya uzalishaji.,Meneja wa uzalishaji wa ngozi hupanga nyanja zote za mchakato wa uzalishaji wa ngozi. Wanahakikisha kiwanda kinatoa matokeo yanayohitajika kwa kuzingatia ubora na wingi wa ngozi. Wanaandaa wafanyakazi wa uzalishaji. Wanasimamia na kuhakikisha uendeshaji wa mashine na vifaa. Wanashirikiana na mameneja wa kila idara ya uzalishaji.,,Mameneja wa uzalishaji wa ngozi hupanga vipengele vyote vya mchakato wa uzalishaji wa ngozi. Hahakikisha matokeo yanayohitajika ya kiwanda katika suala la ubora na kiasi cha ngozi. Hupanga wafanyakazi wa uzalishaji. Hufuatilia na kuhakikisha uendeshaji wa mashine na vifaa. Hushirikiana na mameneja wa kila idara ya uzalishaji.,"Mkurugenzi wa uendeshaji wa ngozi
Mkurugenzi wa utengenezaji wa ngozi
Meneja wa Uzalishaji wa Ngozi
Mkurugenzi wa uzalishaji wa ngozi
Meneja wa usafirishaji wa ngozi
Meneja wa uzalishaji wa ngozi","mkurugenzi wa shughuli za ngozi
mkurugenzi wa utengenezaji wa ngozi
meneja wa uzalishaji wa ngozi
mkurugenzi wa uzalishaji wa ngozi
meneja wa lojistiki ya ngozi
mameneja wa uzalishaji wa ngozi","mkurugenzi wa shughuli za ngozi
mkurugenzi wa utengenezaji wa ngozi
meneja wa uzalishaji wa ngozi
mkurugenzi wa uzalishaji wa ngozi
meneja wa lojistiki ya ngozi
mameneja wa uzalishaji wa ngozi",
687671c1ebd2bf665349e84b,urn:icatus:2016:34,washing or fixing clothes,Mfuliaji au mkarabati wa nguo,Kufua au kurekebisha nguo,,ufuaji au ukarabati wa nguo,"Refers to caring and maintaining of textiles and footwear for own household and family members.

Examples:
- Hung out laundry
- Put clothes in the dryer machine
- Loaded clothes dryer
- Hand washing, loading and unloading washing machine, sorting wash
- Hand-washing, soaking, rinsing
- Sorting of laundry
- Ironing and pressing
- Tasks connected with ironing and pressing
- Folding and putting things away
- Put laundry in closet/drawer
- Sorting/folding clothes
- Ironed shirt
- Folding sheets and putting them into the cupboard
- Emptied the drying rack
- Mending, repairing clothing and shoes
- Mending, repairing other textiles such as bedsheets, table cloths, curtains, etc.
- Polishing footwear
- Repairing clothes
- Repairing and polishing shoes
- Putting seasonal clothes into storage
- Unspecified making and care for textiles
- Alteration of clothes (including ironing on transfers to t-shirts, dyeing clothing)
- Changed a zipper
- Cleaned boots","Inahusu utunzaji na ukarabati wa nguo na viatu kwa ajili ya kaya nyingine na watu wasio wanafamilia.

Mifano:
- Alitundika dobi ya mtu mwingine
- Aliweka nguo kwenye mashine ya kukaushia kwa ajili ya mtu mwingine
- Alijaza mashine ya kukaushia nguo katika kaya nyingine
- Kufua kwa mikono, kujaza na kupakua mashine ya kufua, kupanga dobi kwa ajili ya watu wasio wanafamilia
- Kufua kwa mikono, kuloweka, kusafisha nguo kwa ajili ya wengine
- Kupanga dobi kwa ajili ya kaya nyingine
- Kupiga pasi na kunyoosha mavazi kwa ajili ya mtu mwingine
- Kazi zinazohusiana na kupiga pasi na kunyoosha nguo kwa ajili ya watu wasio wanafamilia
- Kukunja na kuweka vitu mahali pake katika nyumba ya mtu mwingine
- Aliweka dobi kwenye kabati/droo katika kaya nyingine
- Kupanga/kukunja nguo kwa ajili ya rafiki
- Alipiga pasi shati kwa ajili ya mtu mwingine
- Kukunja shuka na kuziweka kwenye kabati kwa ajili ya wengine
- Alipakua kichanja cha kukaushia katika nyumba ya mtu mwingine
- Kushona, kukarabati mavazi na viatu kwa ajili ya wengine
- Kushona, kukarabati nguo nyingine kama vile shuka, vitambaa vya meza, mapazia, n.k., kwa ajili ya watu wasio wanafamilia
- Kupiga rangi viatu kwa ajili ya mtu mwingine
- Kukarabati nguo kwa ajili ya rafiki
- Kukarabati na kupiga rangi viatu kwa ajili ya wengine
- Kuweka nguo za msimu ghalani kwa ajili ya mtu mwingine
- Utengenezaji na utunzaji wa nguo usioainishwa kwa ajili ya watu wasio wanafamilia
- Marekebisho ya nguo (ikiwa ni pamoja na kupiga pasi picha kwenye t-shati, kupaka rangi nguo) kwa ajili ya wengine
- Alibadilisha zipu kwenye nguo ya mtu mwingine
- Alisafisha buti kwa ajili ya mtu asiye mwanafamilia","Inarejelea utunzaji na matengenezo ya nguo na viatu kwa ajili ya kaya na wanafamilia.

Mifano:
- Alianika nguo
- Aliweka nguo kwenye mashine ya kukaushia
- Alijaza nguo kwenye kikaushio
- Kufua kwa mkono, kupakia na kupakua mashine ya kufulia, kuchagua nguo za kufua
- Kufua kwa mkono, kuloweka, kusuuza
- Uainishaji wa nguo chafu
- Kupiga pasi na kunyoosha
- Kazi zinazohusiana na kupiga pasi na kunyoosha
- Kukunja na kuweka vitu mahali pake
- Aliweka nguo zilizoofuliwa kwenye kabati/droo
- Kuchagua/kukunja nguo
- Alipiga pasi shati
- Alikunja mashuka na kuyaweka kabatini
- Alitoa nguo kwenye kianikio
- Kushona, kurekebisha nguo na viatu
- Kushona, kurekebisha nguo nyingine kama vile mashuka, vitambaa vya meza, mapazia, n.k.
- Kung'arisha viatu
- Kurekebisha nguo
- Kurekebisha na kung'arisha viatu
- Kuhifadhi nguo za msimu
- Utengenezaji na utunzaji usiobainishwa wa nguo
- Marekebisho ya nguo (pamoja na kupiga pasi picha kwenye fulana, kupaka nguo rangi)
- Alibadilisha zipu
- Alisafisha buti",,"Inarejelea utunzaji na udumishaji wa nguo na viatu kwa ajili ya kaya na wanafamilia.

Mifano:
- Kuanika nguo
- Kuweka nguo kwenye mashine ya kukaushia
- Kupakia mashine ya kukaushia nguo
- Kufua kwa mkono, kupakia na kupakua mashine ya kufulia, kuchagua nguo za kufua
- Kufua kwa mkono, kuloweka, kusuuza
- Kuchagua nguo za kufua
- Kupiga pasi na kukandamiza
- Kazi zinazohusiana na kupiga pasi na kukandamiza
- Kukunja na kuhifadhi vitu
- Kuweka nguo kabatini/kwenye droo
- Kuchagua/kukunja nguo
- Kupiga pasi shati
- Kukunja shuka na kuziweka kabatini
- Kutoa nguo kwenye kichanja cha kuanikia
- Kushona, kukarabati nguo na viatu
- Kushona, kukarabati nguo nyingine kama vile shuka, vitambaa vya mezani, mapazia, n.k.
- Kung'arisha viatu
- Kukarabati nguo
- Kukarabati na kung'arisha viatu
- Kuweka nguo za msimu stoo
- Utengenezaji na utunzaji wa nguo usioainishwa
- Ubadilishaji wa nguo (ikiwa ni pamoja na kupiga pasi picha kwenye t-shirt, kutia rangi nguo)
- Kubadilisha zipu
- Kusafisha buti","Kufua au kurekebisha nguo
Kusafisha au kurekebisha nguo na viatu
Kukausha, kuanika, kuingiza nguo zilizoofuliwa
Ukaushaji na ushughulikiaji wa nguo chafu
Kufua kwa mkono/mashine
Kufua nguo kwa mkono au mashine
Kupiga pasi, kunyoosha, kukunja
Kulainisha nguo zilizoofuliwa
Kushona/kurekebisha na kutunza nguo na viatu, kusafisha na kung'arisha viatu
Utunzaji wa nguo na viatu
Urekebishaji na utunzaji wa nguo","ufuaji au ukarabati wa nguo
usafishaji au ukarabati wa nguo na viatu
ukaushaji, uanikaji, uanuaji wa nguo
ukaushaji na ushughulikiaji wa nguo
ufuaji wa mkono/mashine
ufuaji wa nguo kwa mkono au mashine
upigaji pasi, ukandamizaji, ukunjaji
unyooshaji wa nguo
ushonaji/ukarabati na utunzaji wa nguo na viatu, usafishaji na ung'arishaji wa viatu
utunzaji wa nguo na viatu
ukarabati na utunzaji wa nguo","mfuliaji au mkarabati wa nguo
msafishaji au mkarabati wa nguo na viatu
mkaushaji, mtundikaji, mpakuaji wa nguo zilizofuliwa
mkaushaji na mshughulikiaji wa dobi
mfuaji wa mikono/mashine
mfuaji wa nguo kwa mikono au mashine
mpigaji pasi, mnyooshaji, mkunjaji
mnyooshaji wa dobi
mshonaji/mkarabati na mtunzaji wa nguo na viatu, msafishaji na mpigaji rangi viatu
mtunzaji wa nguo na viatu
mkarabati na mtunzaji wa nguo",
687671c1ebd2bf665349e0f2,http://data.europa.eu/esco/occupation/8bd74371-1818-47d5-a253-d703c51c5f26,copy editor,mhariri wa nakala,Mhariri Nakala,,mhariri wa nakala,"Copy editors ascertain that a text is agreeable to read. They ensure that a text adheres to the conventions of grammar and spelling. Copy editors read and revise materials for books, journals, magazines and other media.","Wahariri wa nakala huhakikisha kuwa maandishi yanavutia kusoma. Wanahakikisha kuwa maandishi yanazingatia kanuni za sarufi na tahajia. Wahariri wa nakala husoma na kurekebisha nyenzo za vitabu, majarida na vyombo vingine vya habari.","Wahariri nakala huhakikisha kuwa maandishi yanasomeka vizuri. Wanahakikisha kuwa maandishi yanazingatia kanuni za sarufi na tahajia. Wahariri nakala husoma na kurekebisha maandishi kwa ajili ya vitabu, majarida, magazeti na vyombo vingine vya habari.",,"Wahariri wa nakala huhakikisha kuwa maandishi yanavutia kusoma. Hahakikisha kuwa maandishi yanazingatia kanuni za sarufi na tahajia. Wahariri wa nakala husoma na kurekebisha nyenzo kwa ajili ya vitabu, majarida, magazeti na vyombo vingine vya habari.","Mhariri wa lugha
Msaidizi wa uhariri
Mhariri-nakala
Mhariri nakala mwandamizi
Mhariri Nakala","mhariri wa lugha
msaidizi wa uhariri
mhariri-nakala
mhariri mkuu wa nakala
mhariri wa nakala","mhariri wa lugha
msaidizi wa uhariri
mhariri-nakala
mhariri mwandamizi wa nakala
mhariri wa nakala",
687671c1ebd2bf665349e077,http://data.europa.eu/esco/occupation/0c448a27-10ec-43ba-b880-d9938bade424,digital forensics expert,mtaalamu wa uchunguzi wa kidijitali,Mtaalamu wa Uchunguzi wa Kidijitali,mtaalamu wa uchunguzi wa kidijitali,mtaalamu wa uchunguzi wa kidijitali,"Digital forensics experts retrieve and analyse information from computers and other types of data storage devices. They examine digital media that may have been hidden, encrypted or damaged, in a forensic manner with the aim to identify, preserve, recover, analyse and present facts and opinions about the digital information.","Wataalamu wa uchunguzi wa kidijitali hurejesha na kuchambua habari kutoka kwa kompyuta na aina nyingine za vifaa vya kuhifadhi data. Wanachunguza vyombo vya habari vya kidijitali ambavyo vinaweza kuwa vimefichwa, kusimbwa au kuharibiwa, kwa njia ya kiuchunguzi kwa lengo la kutambua, kuhifadhi, kurejesha, kuchambua na kuwasilisha ukweli na maoni kuhusu habari za kidijitali.","Wataalamu wa uchunguzi wa kidijitali hurejesha na kuchambua taarifa kutoka kwa kompyuta na aina nyingine za vifaa vya kuhifadhi data. Wao huchunguza midia ya kidijitali ambayo inaweza kuwa imefichwa, imesimbwa kwa njia fiche au kuharibiwa, kwa njia ya kitaalamu kwa lengo la kutambua, kuhifadhi, kurejesha, kuchambua na kuwasilisha ukweli na maoni kuhusu taarifa za kidijitali.","Wataalamu wa uchunguzi wa kidijitali hurejesha na kuchambua habari kutoka kwa kompyuta na aina nyingine za vifaa vya kuhifadhi data. Wanachunguza vyombo vya habari vya kidijitali ambavyo vinaweza kuwa vimefichwa, kusimbwa au kuharibiwa, kwa njia ya kisheria kwa lengo la kutambua, kuhifadhi, kurejesha, kuchambua na kuwasilisha ukweli na maoni kuhusu habari za kidijitali.","Wataalamu wa uchunguzi wa kidijitali hurejesha na kuchambua taarifa kutoka kwenye kompyuta na vifaa vingine vya kuhifadhia data. Wao huchunguza vyombo vya habari vya kidijitali ambavyo huenda vimefichwa, vimesimbwa kwa njia fiche au kuharibiwa, kwa njia ya kichunguzi kwa lengo la kutambua, kuhifadhi, kurejesha, kuchambua na kuwasilisha ukweli na maoni kuhusu taarifa za kidijitali.","Mtaalamu wa uchunguzi wa TEHAMA
Mtaalamu wa uchunguzi wa taarifa
Mtaalamu wa uchunguzi wa kompyuta
Mchunguzi wa kitaalamu wa kompyuta
Mchambuzi wa uchunguzi wa kidijitali
Mtaalamu wa Uchunguzi wa Kidijitali
Mtaalamu wa uchunguzi wa mtandaoni
Mtaalamu maalum wa uchunguzi wa kidijitali
Mchambuzi wa usalama wa mtandao
Mtaalamu wa uchunguzi wa kidijitali
Wataalamu wa uchunguzi wa kidijitali","mtaalamu wa uchunguzi wa TEHAMA
mtaalamu wa uchunguzi wa taarifa
mtaalamu wa uchunguzi wa kompyuta
mchunguzi wa kompyuta
mchambuzi wa uchunguzi wa kidijitali
mtaalamu wa uchunguzi wa kidijitali
mtaalamu wa uchunguzi wa mtandao
bingwa wa uchunguzi wa kidijitali
mchambuzi wa usalama wa mtandao
mtaalamu wa uchunguzi wa kidijitali
wataalamu wa uchunguzi wa kidijitali","mtaalamu wa uchunguzi wa ICT
mtaalamu wa uchunguzi wa habari
mtaalamu wa uchunguzi wa kompyuta
mchunguzi wa uchunguzi wa kompyuta
mchambuzi wa uchunguzi wa kidijitali
mtaalamu wa uchunguzi wa kidijitali
mtaalamu wa uchunguzi wa mtandao
mchambuzi wa usalama wa mtandao
wataalamu wa uchunguzi wa kidijitali","mtaalamu wa uchunguzi wa ICT
mtaalamu wa uchunguzi wa habari
mtaalamu wa uchunguzi wa kompyuta
mpelelezi wa uchunguzi wa kompyuta
mchambuzi wa uchunguzi wa kidijitali
mtaalamu wa uchunguzi wa kidijitali
mtaalamu wa uchunguzi wa mtandao
bingwa wa uchunguzi wa kidijitali
mchambuzi wa usalama wa mtandao
mtaalamu wa kisheria wa kidijitali
wataalamu wa uchunguzi wa kidijitali"
687671c1ebd2bf665349e01e,http://data.europa.eu/esco/occupation/98358049-fbcd-479e-a644-e92bde5af2e0,activism officer,afisa wa harakati,Afisa Uwanaharakati,ofisa wa harakati,afisa uwanaharakati,"Activism officers promote or hinder social, political, economic or environmental change by using different tactics such as persuasive research, media pressure or public campaigning.","Maafisa wa harakati huchochea au huzuia mabadiliko ya kijamii, kisiasa, kiuchumi au kimazingira kwa kutumia mbinu tofauti kama vile utafiti wa kushawishi, shinikizo la vyombo vya habari au kampeni za umma.","Maafisa uwanaharakati huendeleza au kuzuia mabadiliko ya kijamii, kisiasa, kiuchumi au kimazingira kwa kutumia mbinu mbalimbali kama vile utafiti wenye ushawishi, shinikizo la vyombo vya habari au kampeni za umma.","Maofisa wa harakati hukuza au kuzuia mabadiliko ya kijamii, kisiasa, kiuchumi au kimazingira kwa kutumia mbinu tofauti kama vile utafiti wa kushawishi, shinikizo la vyombo vya habari au kampeni za umma.","Maafisa uwanaharakati huhamasisha au kuzuia mabadiliko ya kijamii, kisiasa, kiuchumi au kimazingira kwa kutumia mbinu tofauti kama vile utafiti wa kushawishi, shinikizo la vyombo vya habari au kampeni za umma.","Afisa uwanaharakati na matukio
Afisa Uwanaharakati
Afisa uwanaharakati na ushirikishwaji
Mfanyakazi wa kampeni
Mwanaharakati
Afisa wa hisani
Afisa uwanaharakati na ushirikishwaji
Mwanakampeni
Afisa uwanaharakati na matukio
Mratibu wa uwanaharakati
Afisa wa matukio","afisa uwanaharakati na matukio
afisa uwanaharakati
afisa uwanaharakati na ushirikishwaji
mfanyakazi wa kampeni
mwanaharakati
afisa wa hisani
afisa uwanaharakati na ushirikishwaji
mpiga kampeni
afisa uwanaharakati na matukio
mratibu wa uwanaharakati
afisa matukio","afisa wa harakati na matukio
afisa wa harakati
afisa wa harakati na ushirikishwaji
mfanyakazi wa kampeni
mwanaharakati
afisa wa shirika la hisani
mwanakampeni
mratibu wa harakati
afisa wa matukio","ofisa wa harakati na matukio
ofisa wa harakati
ofisa wa harakati na ushirikiano
mfanyakazi wa kampeni
mwanaharakati
ofisa wa shirika la kutoa msaada
ofisa wa harakati na ushiriki
mpiga kampeni
ofisa wa harakati na matukio
mratibu wa harakati
ofisa wa matukio"
687671c1ebd2bf665349deb8,http://data.europa.eu/esco/occupation/ac37627c-a999-4779-997e-9795cc4f9a3d,power distribution engineer,mhandisi wa usambazaji wa umeme,Mhandisi wa Usambazaji Umeme,mhandisi wa usambazaji wa umeme,mhandisi wa usambazaji wa umeme,"Power distribution engineers design and operate facilities which distribute power from the distribution facility to the consumers. They research methods for the optimisation of power distribution, and ensure the consumers' needs are met. They also ensure compliance to safety regulations by monitoring the automated processes in plants and directing workflow.","Wahandisi wa usambazaji wa umeme hubuni na kuendesha vituo vinavyosambaza umeme kutoka kituo cha usambazaji hadi kwa walaji. Wanatafiti mbinu za kuboresha usambazaji wa umeme, na kuhakikisha mahitaji ya walaji yanatimizwa. Pia wanahakikisha uzingatiaji wa kanuni za usalama kwa kufuatilia michakato ya kiotomatiki katika mitambo na kuelekeza mtiririko wa kazi.","Wahandisi wa usambazaji umeme hubuni na kuendesha mitambo inayosambaza umeme kutoka kituo cha usambazaji hadi kwa wateja. Wao hutafiti mbinu za kuboresha usambazaji wa umeme, na kuhakikisha mahitaji ya wateja yanatimizwa. Pia huhakikisha uzingatiaji wa kanuni za usalama kwa kufuatilia michakato ya kiotomatiki katika mitambo na kuelekeza mtiririko wa kazi.","Wahandisi wa usambazaji wa umeme hubuni na kuendesha vifaa vinavyosambaza umeme kutoka kwenye kituo cha usambazaji hadi kwa walaji. Wanatafiti mbinu za kuboresha usambazaji wa umeme, na kuhakikisha mahitaji ya walaji yanatimizwa. Pia wanahakikisha uzingatiaji wa kanuni za usalama kwa kufuatilia michakato ya kiotomatiki katika mitambo na kuelekeza mtiririko wa kazi.","Wahandisi wa usambazaji wa umeme husanifu na kuendesha vituo ambavyo husambaza umeme kutoka kwenye kituo cha usambazaji hadi kwa watumiaji. Wao hutafiti mbinu za kuboresha usambazaji wa umeme, na kuhakikisha mahitaji ya watumiaji yanatimizwa. Pia huhakikisha utiifu wa kanuni za usalama kwa kufuatilia michakato ya kiotomatiki katika mitambo na kuelekeza mtiririko wa kazi.","Mtaalamu maalum wa uhandisi wa teknolojia ya usambazaji umeme
Mtaalamu wa uhandisi wa usambazaji umeme
Mshauri wa uhandisi wa usambazaji umeme
Mhandisi wa Usambazaji Umeme
Mtaalamu maalum wa uhandisi wa usambazaji umeme
Mshauri mwelekezi wa uhandisi wa teknolojia ya usambazaji umeme
Mhandisi wa mifumo ya usambazaji umeme
Mhandisi wa mfumo wa usambazaji umeme
Mshauri wa uhandisi wa teknolojia ya usambazaji umeme
Mtaalamu wa uhandisi wa teknolojia ya usambazaji umeme
Mhandisi wa teknolojia ya usambazaji umeme
Mhandisi wa usambazaji umeme
Mshauri mwelekezi wa uhandisi wa usambazaji umeme","mtaalamu wa teknolojia ya uhandisi wa usambazaji wa umeme
mtaalamu wa uhandisi wa usambazaji wa umeme
mshauri wa uhandisi wa usambazaji wa umeme
mhandisi wa usambazaji wa umeme
mtaalamu wa uhandisi wa usambazaji wa umeme
mshauri wa teknolojia ya uhandisi wa usambazaji wa umeme
mhandisi wa mifumo ya usambazaji wa umeme
mhandisi wa mfumo wa usambazaji wa umeme
mshauri wa teknolojia ya uhandisi wa usambazaji wa umeme
mtaalamu wa teknolojia ya uhandisi wa usambazaji wa umeme
mhandisi wa teknolojia ya usambazaji wa umeme
mhandisi wa usambazaji wa umeme
mshauri wa uhandisi wa usambazaji wa umeme","mtaalamu wa uhandisi wa teknolojia ya usambazaji wa umeme
mtaalamu mshauri wa uhandisi wa usambazaji wa umeme
mshauri wa uhandisi wa usambazaji wa umeme
mhandisi wa usambazaji wa umeme
mtaalamu wa uhandisi wa usambazaji wa umeme
mshauri wa uhandisi wa teknolojia ya usambazaji wa umeme
mhandisi wa mifumo ya usambazaji wa umeme
mhandisi wa mfumo wa usambazaji wa umeme
mhandisi wa teknolojia ya usambazaji wa umeme
wahandisi wa usambazaji wa umeme","mtaalamu wa uhandisi wa teknolojia ya usambazaji wa umeme
mtaalamu wa uhandisi wa usambazaji wa umeme
mshauri wa uhandisi wa usambazaji wa umeme
mhandisi wa usambazaji wa umeme
mtaalamu wa uhandisi wa usambazaji wa umeme
mshauri wa uhandisi wa teknolojia ya usambazaji wa umeme
mhandisi wa mifumo ya usambazaji wa umeme
mhandisi wa mfumo wa usambazaji wa umeme
mshauri wa uhandisi wa teknolojia ya usambazaji wa umeme
mtaalamu wa uhandisi wa teknolojia ya usambazaji wa umeme
mhandisi wa teknolojia ya usambazaji wa umeme
mhandisi wa usambazaji wa nishati
mshauri wa uhandisi wa usambazaji wa umeme"
687671c1ebd2bf665349e863,urn:icatus:2016:422,assisting dependent adults with medical care,Msaidizi wa watu wazima tegemezi katika huduma za matibabu,Kusaidia watu wazima tegemezi kwa huduma za matibabu,mtoa huduma ya matibabu kwa watu wazima wanaotegemewa,kusaidia watu wazima tegemezi kupata huduma ya matibabu,"Refers to the provision of medical/health care to dependent adults.

Examples:
– Prepared medicines for elderly mother","Inarejelea utoaji wa huduma za matibabu/afya kwa watu wazima tegemezi.

Mifano:
– Nilimwandalia dawa mama mzee","Inarejelea utoaji wa huduma za matibabu/afya kwa watu wazima tegemezi.

Mifano:
– Kuandaa dawa kwa ajili ya mama mzee","Inarejelea utoaji wa huduma ya matibabu/afya kwa watu wazima wanaotegemewa.

Mifano:
– Alitayarisha dawa kwa ajili ya mama mzee","Inarejelea utoaji wa huduma ya matibabu/afya kwa watu wazima tegemezi.

Mifano:
– Kuandaa dawa kwa ajili ya mama mzee","Kusaidia watu wazima tegemezi kwa huduma za matibabu
Kusaidia watu wazima tegemezi katika huduma za afya
Kusaidia watu wazima tegemezi wenye mahitaji ya kimatibabu","kusaidia watu wazima tegemezi kupata huduma ya matibabu
kusaidia watu wazima tegemezi katika huduma za afya
kusaidia watu wazima tegemezi wenye mahitaji ya kimatibabu","Msaidizi wa watu wazima tegemezi katika huduma za matibabu
kusaidia watu wazima tegemezi katika huduma ya afya
kusaidia watu wazima tegemezi wenye mahitaji ya matibabu","mtoa huduma ya matibabu kwa watu wazima wanaotegemewa
msaidizi wa watu wazima wanaotegemewa katika huduma ya afya
msaidizi wa watu wazima wanaotegemewa wenye mahitaji ya matibabu"
687671c1ebd2bf665349de2f,http://data.europa.eu/esco/occupation/7af81505-6681-49b5-b65e-401884a71f1f,groundwater monitoring technician,fundi ufuatiliaji wa maji ya ardhini,Fundi Sanifu wa Ufuatiliaji wa Maji ya Ardhini,fundi wa ufuatiliaji wa maji ya chini ya ardhi,fundi sanifu wa ufuatiliaji wa maji ya ardhini,"Groundwater monitoring technician monitor the environment, gathering data in the form of samples and performing tests in a laboratory or field, to investigate potential sources of pollution. They also perform maintenance tasks on the monitoring equipment.","Mafundi ufuatiliaji wa maji ya ardhini hufuatilia mazingira, wakikusanya data kwa njia ya sampuli na kufanya vipimo katika maabara au nyanjani, ili kuchunguza vyanzo vinavyoweza kusababisha uchafuzi. Pia hufanya kazi za matengenezo kwenye vifaa vya ufuatiliaji.","Mafundi sanifu wa ufuatiliaji wa maji ya ardhini hufuatilia mazingira, wakikusanya data kwa njia ya sampuli na kufanya majaribio maabarani au eneo la kazi, ili kuchunguza vyanzo vinavyoweza kusababisha uchafuzi. Pia hufanya kazi za matengenezo kwenye vifaa vya ufuatiliaji.","Mafundi wa ufuatiliaji wa maji ya chini ya ardhi hufuatilia mazingira, wakikusanya data kwa njia ya sampuli na kufanya vipimo katika maabara au nyanjani, ili kuchunguza vyanzo vinavyoweza kusababisha uchafuzi. Pia hufanya kazi za matengenezo kwenye vifaa vya ufuatiliaji.","Mafundi sanifu wa ufuatiliaji wa maji ya ardhini hufuatilia mazingira, kukusanya data kwa njia ya sampuli na kufanya majaribio maabara au nyanjani, ili kuchunguza vyanzo vinavyoweza kusababisha uchafuzi. Wao pia hufanya kazi za ukarabati wa vifaa vya ufuatiliaji.","Fundi sanifu wa ulinzi wa maji ya ardhini
Fundi sanifu wa maji ya ardhini
Fundi sanifu wa uchukuaji sampuli za maji ya ardhini
Fundi sanifu wa ulinzi wa mazingira
Fundi sanifu wa mfumo wa ufuatiliaji wa maji ya ardhini
Fundi sanifu wa maabara ya maji ya ardhini
Fundi Sanifu wa Ufuatiliaji wa Maji ya Ardhini
Fundi sanifu wa uhifadhi wa mazingira","fundi sanifu wa ulinzi wa maji ya ardhini
fundi sanifu wa maji ya ardhini
fundi sanifu wa sampuli za maji ya ardhini
fundi sanifu wa ulinzi wa mazingira
fundi sanifu wa mifumo ya ufuatiliaji wa maji ya ardhini
fundi sanifu wa maabara ya maji ya ardhini
fundi sanifu wa ufuatiliaji wa maji ya ardhini
fundi sanifu wa uhifadhi wa mazingira","fundi ulinzi wa maji ya ardhini
fundi wa maji ya ardhini
fundi uchukuaji sampuli za maji ya ardhini
fundi ulinzi wa mazingira
fundi wa mfumo wa ufuatiliaji wa maji ya ardhini
fundi maabara ya maji ya ardhini
fundi ufuatiliaji wa maji ya ardhini
fundi uhifadhi wa mazingira","fundi wa ulinzi wa maji ya chini ya ardhi
fundi wa maji ya chini ya ardhi
fundi wa uchukuaji sampuli za maji ya chini ya ardhi
fundi wa ulinzi wa mazingira
fundi wa mfumo wa ufuatiliaji wa maji ya chini ya ardhi
fundi wa maabara ya maji ya chini ya ardhi
fundi wa ufuatiliaji wa maji ya chini ya ardhi
fundi wa uhifadhi wa mazingira"
687671c1ebd2bf665349e760,http://data.europa.eu/esco/occupation/db25e659-d77c-4f4a-a8a2-ee199d060345,miller,msagaji,Msagaji,msagaji,msagaji,Millers tend mills to grind cereal crops to obtain flour. They regulate the flow of materials that go into mills and adjust the grind to a specified fineness. They ensure basic maintenance and cleaning of equipments. They evaluate sample of product to verify fineness of grind.,Wasagaji huendesha vinu ili kusaga mazao ya nafaka ili kupata unga. Wanadhibiti mtiririko wa vifaa vinavyoingia kwenye vinu na kurekebisha usagaji kwa ulaini maalum. Wanahakikisha matengenezo ya kimsingi na usafishaji wa vifaa. Wanatathmini sampuli ya bidhaa ili kuhakiki ulaini wa usagaji.,Wasagaji huendesha vinu vya kusaga mazao ya nafaka ili kupata unga. Wao hudhibiti mtiririko wa malighafi zinazoingia kwenye vinu na kurekebisha usagaji kufikia ulaini maalum. Wanahakikisha matengenezo ya msingi na usafi wa vifaa. Wanatathmini sampuli ya bidhaa ili kuthibitisha ulaini wa usagaji.,Wasagaji huendesha vinu ili kusaga mazao ya nafaka kupata unga. Hudhibiti mtiririko wa malighafi zinazoingia kwenye vinu na kurekebisha usagaji kwa kiwango maalum cha ulaini. Wanahakikisha matengenezo ya msingi na usafi wa vifaa. Wanatathmini sampuli ya bidhaa ili kuhakikisha ulaini wa unga uliosagwa.,Wasagaji husimamia vinu vya kusaga nafaka ili kupata unga. Hudhibiti mtiririko wa mali ghafi zinazoingia kwenye vinu na kurekebisha usagaji ili kupata ulaini uliobainishwa. Huhakikisha ukarabati wa kimsingi na usafi wa vifaa. Hutathmini sampuli ya bidhaa ili kuhakiki ulaini wa usagaji.,"Msagaji unga
Msagaji
Mfanyakazi wa kinu cha unga
Mfanyakazi wa kinu cha nafaka
Msagaji nafaka","msagaji unga
msagaji
mfanyakazi wa kiwanda cha kusaga unga
mfanyakazi wa kiwanda cha kusaga nafaka
msagaji nafaka","msagaji wa unga
msagaji
mfanyakazi wa kinu cha unga
mfanyakazi wa kinu cha nafaka
msagaji wa nafaka","msagaji unga
msagaji
mfanyakazi wa kinu cha unga
mfanyakazi wa kinu cha nafaka
msagaji nafaka"
687671c1ebd2bf665349e846,urn:icatus:2016:325,"tending furnace, boiler, fireplace for heating and water supply","Mhudumu wa tanuru, boila, na kiko kwa ajili ya upashaji joto na usambazaji wa maji","Kuhudumia tanuru, boileri, meko kwa ajili ya kupasha joto na usambazaji wa maji","mhudumu wa tanuru, boila, na jiko la kupashia joto na usambazaji wa maji","uhudumiaji wa tanuru, boya, na sehemu ya kuwashia moto kwa ajili ya joto na usambazaji wa maji","Refers to activities related to tending furnace, boiler, fireplace for heating and water supply.

Examples:
- Checked the boiler
- Heated up sauna
- Lit the boiler
- Prepared the heating material
- Warmed water for bath
- Went down into the cellar and put firewood in the boiler","Inahusu shughuli zinazohusiana na kuhudumia tanuru, boila, na kiko kwa ajili ya upashaji joto na usambazaji wa maji.","Inarejelea shughuli zinazohusiana na kuhudumia tanuru, boileri, meko kwa ajili ya kupasha joto na usambazaji wa maji.

Mifano:
- Alikagua boileri
- Alipasha joto sauna
- Aliwasha boileri
- Aliandaa vifaa vya kupasha joto
- Alipasha maji moto kwa ajili ya kuoga
- Alishuka kwenye chumba cha chini na kuweka kuni kwenye boileri","Inarejelea shughuli zinazohusiana na kuhudumia tanuru, boila, na jiko kwa ajili ya kupashia joto na usambazaji wa maji.

Mifano:
- Alikagua boila
- Alipasha joto sauna
- Aliwasha boila
- Aliandaa vifaa vya kupashia joto
- Alipasha moto maji ya kuoga
- Alishuka ghorofa ya chini na kuweka kuni kwenye boila","Inarejelea shughuli zinazohusiana na uhudumiaji wa tanuru, boya, na sehemu ya kuwashia moto kwa ajili ya joto na usambazaji wa maji.

Mifano:
- Alikagua boya
- Alipasha moto sauna
- Aliwasha boya
- Aliandaa vifaa vya kupashia joto
- Alipasha maji ya kuoga
- Alienda kwenye handaki na kuweka kuni kwenye boya","Kuhudumia tanuru, boileri, meko kwa ajili ya kupasha joto na usambazaji wa maji
Matengenezo ya mfumo wa kupasha joto
Utunzaji wa upashaji joto makazini
Maandalizi ya upashaji joto kwa kutumia nishati","uhudumiaji wa tanuru, boya, na sehemu ya kuwashia moto kwa ajili ya joto na usambazaji wa maji
ukarabati wa mfumo wa joto
utunzaji wa joto la makazi
maandalizi ya joto linalotokana na mafuta","Mhudumu wa tanuru, boila, na kiko kwa ajili ya upashaji joto na usambazaji wa maji
matengenezo ya mfumo wa upashaji joto
utunzaji wa upashaji joto wa makazi
maandalizi ya upashaji joto kwa kutumia nishati","mhudumu wa tanuru, boila, na jiko la kupashia joto na usambazaji wa maji
matengenezo ya mfumo wa kupashia joto
utunzaji wa mfumo wa kupashia joto wa makazi
maandalizi ya kupashia joto kwa kutumia nishati"
687671c1ebd2bf665349e546,http://data.europa.eu/esco/occupation/123a195c-103a-4b84-b3fd-6d40dbc15c54,coquille casting worker,mfanyakazi wa kumimina chuma kwenye kalibu ya chuma (coquille),Mfanyakazi wa uundaji kwa kalibu ya kudumu,mfanyakazi wa ukingiaji wa kokili,mfanyakazi wa ufuaji wa ukungu wa chuma,"Coquille casting workers manufacture castings, including pipes, tubes, hollow profiles and other products of the first processing of steel, by operating hand-controlled equipment in a foundry. They conduct the flow of molten ferrous and non-ferrous metals into coquilles, taking care to create the exact right circumstances to obtain the highest quality metal. They observe the flow of metal to identify faults. In case of a fault, they notify the authorised personnel and participate in the removal of the fault.","Wafanyakazi wa kumimina chuma kwenye kalibu ya chuma (coquille) hutengeneza bidhaa za chuma zilizomiminwa, ikiwa ni pamoja na mabomba, tyubu, wasifu wenye uwazi na bidhaa nyingine za usindikaji wa kwanza wa chuma, kwa kuendesha vifaa vinavyodhibitiwa kwa mkono katika kiwanda cha kuyeyusha chuma. Wanaongoza mtiririko wa metali za ferasi na zisizo za ferasi zilizoyeyushwa kwenye kalibu za chuma (coquilles), wakizingatia kuweka mazingira sahihi kabisa ili kupata chuma cha ubora wa juu zaidi. Wanatazama mtiririko wa chuma ili kutambua hitilafu. Ikitokea hitilafu, hutoa taarifa kwa wafanyakazi walioidhinishwa na kushiriki katika kuondoa hitilafu hiyo.","Wafanyakazi wa uundaji kwa kalibu ya kudumu hutengeneza bidhaa za uundaji, ikiwemo mabomba, neli, profaili zenye uwazi na bidhaa nyingine za uchakataji wa awali wa chuma, kwa kuendesha vifaa vinavyodhibitiwa kwa mikono katika kiwanda cha uyeyushaji. Wanaelekeza mtiririko wa metali za chuma na zisizo za chuma zilizoyeyushwa kwenye kalibu za kudumu, wakihakikisha wanatengeneza mazingira sahihi kabisa ili kupata metali ya ubora wa juu zaidi. Wanachunguza mtiririko wa metali ili kubaini kasoro. Ikitokea kasoro, wanawajulisha wafanyakazi walioidhinishwa na kushiriki katika kuondoa kasoro hiyo.","Wafanyakazi wa ukingiaji wa kokili hutengeneza bidhaa za ukingiaji, ikiwa ni pamoja na mabomba, tyubu, wasifu wenye uwazi na bidhaa nyingine za usindikaji wa kwanza wa chuma, kwa kuendesha vifaa vinavyodhibitiwa kwa mkono katika kiwanda cha ukingiaji. Wanaongoza mtiririko wa metali za ferasi na zisizo za ferasi zilizoyeyushwa kuingia kwenye kokili, wakizingatia kuunda mazingira sahihi kabisa ili kupata metali ya ubora wa juu zaidi. Wanatazama mtiririko wa metali ili kutambua hitilafu. Katika hali ya hitilafu, hutoa taarifa kwa wafanyakazi walioidhinishwa na kushiriki katika kuondoa hitilafu hiyo.","Wafanyakazi wa ufuaji wa ukungu wa chuma hutengeneza bidhaa za ufuaji, zikiwemo mabomba, mirija, profaili zenye uwazi na bidhaa nyingine za usindikaji wa awali wa chuma, kwa kuendesha vifaa vinavyodhibitiwa kwa mkono katika kiwanda cha ufuaji. Huelekeza mtiririko wa vyuma vya feri na visivyo vya feri vilivyoyeyushwa kuingia kwenye ukungu (coquilles), wakihakikisha kuweka mazingira sahihi kabisa ili kupata chuma chenye ubora wa juu zaidi. Huchunguza mtiririko wa chuma ili kubaini kasoro. Ikitokea kasoro, huwajulisha wafanyakazi walioidhinishwa na kushiriki katika kuondoa kasoro hiyo.","Muundaji
Mfanyakazi wa uundaji kwa kalibu ya kudumu
Watengenezaji viini vya kiwandani
Muundaji wa kiwandani
Waendeshaji mchakato wa kiwandani
Muundaji kwa kalibu ya kudumu
Wafanyakazi wa uundaji kwa kalibu ya kudumu
Waumbaji wa mchanga kiwandani
Wauundaji wa kiwandani","mmiminaji vyuma
mfanyakazi wa ufuaji wa ukungu wa chuma
watengenezaji wa kiini cha ufuaji
mmiminaji wa kiwanda cha ufuaji
waendeshaji wa mchakato wa ufuaji
mmiminaji wa ukungu wa chuma
wafanyakazi wa ufuaji wa ukungu wa chuma
wafinyanzi wa mchanga wa ufuaji
wamiminaji wa kiwanda cha ufuaji","mmiminaji chuma
mfanyakazi wa kumimina chuma kwenye kalibu ya chuma (coquille)
watengeneza viini vya kiwanda cha kuyeyusha chuma
mmiminaji chuma wa kiwanda cha kuyeyusha chuma
waendeshaji wa michakato ya kiwanda cha kuyeyusha chuma
mmiminaji chuma kwenye kalibu ya chuma (coquille)
wafanyakazi wa kumimina chuma kwenye kalibu ya chuma (coquille)
wafinyanzi wa mchanga wa kiwanda cha kuyeyusha chuma
wamiminaji chuma wa kiwanda cha kuyeyusha chuma","mkingiaji
mfanyakazi wa ukingiaji wa kokili
watengeneza viini vya ukingiaji
mkingiaji wa kiwanda cha ukingiaji
waendeshaji wa michakato ya kiwanda cha ukingiaji
mkingiaji wa kokili
wafanyakazi wa ukingiaji wa kokili
wafinyanzi wa mchanga wa kiwanda cha ukingiaji
wakingiaji wa kiwanda cha ukingiaji"
687671c0ebd2bf665349dde1,http://data.europa.eu/esco/occupation/f5166c6b-3467-4fc4-9343-d12e870d9def,contact centre manager,meneja wa kituo cha mawasiliano,Meneja wa kituo cha mawasiliano,meneja wa kituo cha mawasiliano,meneja wa kituo cha mawasiliano,"Contact centre managers coordinate and plan the daily operations of contact centres. They ensure that customer inquiries are satisfied efficiently and according to policies. They manage employees, resources and procedures to improve best practices and achieve high levels of customer satisfaction.","Wameneja wa vituo vya mawasiliano huratibu na kupanga shughuli za kila siku za vituo vya mawasiliano. Wanahakikisha kuwa maswali ya wateja yanajibiwa kwa ufanisi na kulingana na sera. Wanasimamia wafanyakazi, rasilimali na taratibu ili kuboresha mbinu bora na kufikia viwango vya juu vya kuridhika kwa wateja.","Meneja wa vituo vya mawasiliano huratibu na kupanga shughuli za kila siku za vituo vya mawasiliano. Wanahakikisha kwamba maswali ya wateja yanajibiwa kwa ufanisi na kulingana na sera. Wanasimamia wafanyakazi, rasilimali na taratibu ili kuboresha mbinu bora na kufikia viwango vya juu vya kuridhika kwa wateja.","Mameneja wa vituo vya mawasiliano huratibu na kupanga shughuli za kila siku za vituo vya mawasiliano. Wanahakikisha kuwa maswali ya wateja yanajibiwa kwa ufanisi na kulingana na sera. Wanasimamia wafanyakazi, rasilimali na taratibu ili kuboresha mbinu bora na kufikia viwango vya juu vya kuridhika kwa wateja.","Meneja wa kituo cha mawasiliano huratibu na kupanga shughuli za kila siku za vituo vya mawasiliano. Huhakikisha kuwa maswali ya wateja yanajibiwa kwa ufanisi na kulingana na sera. Husimamia wafanyakazi, rasilimali na taratibu ili kuboresha utendaji bora na kufikia viwango vya juu vya kuridhika kwa wateja.","Meneja wa huduma kwa wateja
Meneja wa kituo cha mawasiliano
Meneja wa kituo cha mawasiliano","meneja wa huduma kwa wateja
meneja wa kituo cha mawasiliano
meneja wa kituo cha mawasiliano","meneja wa huduma kwa wateja
meneja wa kituo cha mawasiliano","meneja wa huduma kwa wateja
meneja wa kituo cha mawasiliano
meneja wa kituo cha mawasiliano"
687671c1ebd2bf665349e5e1,http://data.europa.eu/esco/occupation/b3cd0522-14a9-4e21-a7ee-c9a1f9c0de51,carpet weaver,msukaji wa mazulia,Mfumi wa mazulia,mfuma mazulia,mfuma zulia,"Carpet weavers operate machinery to create textile floor coverings. They create carpets and rugs from wool or synthetic textiles using specialised equipment. Carpet weavers can use diverse methods such as weaving, knotting or tufting to create carpets of different styles.","Wasukaji wa mazulia huendesha mitambo ili kuunda vifuniko vya sakafu vya nguo. Wanatengeneza mazulia na mikeka kutoka kwa sufu au nguo za sintetiki kwa kutumia vifaa maalum. Wasukaji wa mazulia wanaweza kutumia mbinu mbalimbali kama vile kusuka, kufunga mafundo au kuweka vishada ili kuunda mazulia ya mitindo tofauti.","Wafumi wa mazulia huendesha mashine ili kutengeneza mazulia ya nguo ya sakafuni. Wanatengeneza mazulia na mikeka kutoka kwa sufi au nguo za sintetiki wakitumia vifaa maalum. Wafumi wa mazulia wanaweza kutumia mbinu mbalimbali kama vile kufuma, kufunga fundo au kutufti ili kutengeneza mazulia ya mitindo tofauti.","Wafuma mazulia huendesha mitambo ili kutengeneza vifuniko vya sakafu vya nguo. Wanatengeneza mazulia na vitambaa vya sakafuni kutokana na sufu au nguo za sanisia kwa kutumia vifaa maalum. Wafuma mazulia wanaweza kutumia mbinu mbalimbali kama vile kufuma, kufunga fundo au kutengeneza vishungi ili kuunda mazulia ya mitindo tofauti.","Wafuma zulia huendesha mashine ili kutengeneza vitu vya nguo vya kufunika sakafu. Hutengeneza mazulia makubwa na madogo kutokana na sufu au nguo za sintetiki kwa kutumia vifaa maalum. Wafuma zulia wanaweza kutumia mbinu mbalimbali kama vile kufuma, kufunga mafundo au kutengeneza vishungi ili kuunda mazulia ya mitindo tofauti.","Mtengenezaji, tapiseri
Mtengenezaji wa mazulia
Mfumi wa mazulia
Wafumi wa mazulia
Mwendeshaji wa mashine ya kutufti mazulia
Mwendeshaji wa mashine ya kufuma mazulia
Mtengenezaji wa mikeka
Mfumi wa mikeka","mtengenezaji, tapestri
mtengenezaji zulia
mfuma zulia
wafuma zulia
mwendeshaji wa mashine ya kutengeneza zulia
mwendeshaji wa mashine ya kufuma zulia
mtengenezaji wa zulia dogo
mfuma wa zulia dogo","Mtengenezaji, vitambaa vya ukutani
mtengenezaji wa mazulia
msukaji wa mazulia
wasukaji wa mazulia
opereta wa mashine ya kuweka vishada kwenye mazulia
opereta wa mashine ya kusuka mazulia
mtengenezaji wa mikeka
msukaji wa mikeka","mtengenezaji wa vitambaa vya ukutani
mtengenezaji mazulia
mfuma mazulia
wafuma mazulia
mwendeshaji wa mashine ya kutengeneza vishungi vya mazulia
mwendeshaji wa mashine ya kufuma mazulia
mtengenezaji wa vitambaa vya sakafuni
mfuma vitambaa vya sakafuni"
687671c1ebd2bf665349e35b,http://data.europa.eu/esco/occupation/5a80044b-9b2f-40eb-a210-0c1c3c958e0e,lifeguard instructor,mkufunzi wa walinzi wa maisha,,mkufunzi wa waokoaji,mkufunzi wa waokoaji majini,"Lifeguard instructors teach future (professional) lifeguards the necessary programmes and methods needed to become a licensed lifeguard. They provide training on safety supervision of all swimmers, assessment of potentially hazardous situations, rescue-specific swimming and diving techniques, first aid treatment for swimming-related injuries, and they inform students on preventative lifeguard responsibilities. They ensure students are aware of the importance of checking safe water quality, heeding risk management and being aware of the necessary protocols and regulations regarding lifeguarding and rescuing. They monitor the students' progress, evaluate them through theoretical and practical tests and award the lifeguard licenses when obtained.","Wakufunzi wa walinzi wa maisha huwafundisha walinzi wa maisha wa baadaye (wataalamu) programu na mbinu muhimu zinazohitajika ili kuwa mlinzi wa maisha aliyeidhinishwa. Wanatoa mafunzo juu ya usimamizi wa usalama wa waogeleaji wote, tathmini ya hali zinazoweza kuwa hatari, mbinu maalum za uokoaji za kuogelea na kupiga mbizi, matibabu ya huduma ya kwanza kwa majeraha yanayohusiana na kuogelea, na huwafahamisha wanafunzi kuhusu majukumu ya kuzuia ya walinzi wa maisha. Wanahakikisha wanafunzi wanafahamu umuhimu wa kuangalia ubora wa maji salama, kuzingatia usimamizi wa hatari na kufahamu itifaki na kanuni muhimu kuhusu ulinzi wa maisha na uokoaji. Wanafuatilia maendeleo ya wanafunzi, wanawafanyia tathmini kupitia majaribio ya kinadharia na ya vitendo na kutoa leseni za ulinzi wa maisha zinapopatikana.",,"Wakufunzi wa waokoaji huwafundisha waokoaji wa baadaye (wa kitaalamu) programu na mbinu muhimu zinazohitajika ili kuwa mwokoaji aliyeidhinishwa. Wanatoa mafunzo kuhusu usimamizi wa usalama wa waogeleaji wote, tathmini ya hali zinazoweza kuwa hatari, mbinu maalum za uokoaji za kuogelea na kupiga mbizi, huduma ya kwanza kwa majeraha yanayohusiana na kuogelea, na huwafahamisha wanafunzi kuhusu majukumu ya kuzuia ya mwokoaji. Wanahakikisha wanafunzi wanatambua umuhimu wa kuangalia ubora wa maji salama, kuzingatia usimamizi wa hatari na kufahamu itifaki na kanuni muhimu kuhusu uokoaji. Wanafuatilia maendeleo ya wanafunzi, wanawafanyia tathmini kupitia majaribio ya kinadharia na ya vitendo na kutoa leseni za uokoaji zinapopatikana.","Wakufunzi wa waokoaji majini hufundisha waokoaji majini watarajiwa (wa kitaalamu) programu na mbinu zinazohitajika ili kuwa mwokoaji majini mwenye leseni. Hutoa mafunzo juu ya usimamizi wa usalama wa waogeleaji wote, tathmini ya hali zinazoweza kuwa za hatari, mbinu za kuogelea na kupiga mbizi mahususi kwa ajili ya uokoaji, huduma ya kwanza kwa majeraha yanayohusiana na kuogelea, na huwafahamisha wanafunzi kuhusu majukumu ya kuzuia ya mwokoaji majini. Huhakikisha wanafunzi wanatambua umuhimu wa kukagua ubora wa maji salama, kuzingatia udhibiti wa hatari na kufahamu itifaki na kanuni zinazohitajika kuhusu uokoaji majini na uokoaji. Hufuatilia maendeleo ya wanafunzi, huwatathmini kupitia mitihani ya nadharia na vitendo na kutoa leseni za uokoaji majini zinapopatikana.",,"mkufunzi wa mafunzo ya uokoaji majini
mkufunzi wa waokoaji wa bwawani
mkufunzi wa waokoaji majini
mfunzi wa waokoaji wa bwawani
mtaalamu wa mafunzo ya uokoaji majini
mfunzi wa waokoaji majini
mkufunzi wa waokoaji majini wa kitaalamu
mkufunzi wa waokoaji","mkufunzi wa mafunzo ya walinzi wa maisha
mkufunzi wa walinzi wa maisha wa bwawa la kuogelea
mkufunzi wa walinzi wa maisha
mkufunzi wa walinzi wa maisha wa bwawa
mtaalamu wa mafunzo ya walinzi wa maisha
mkufunzi wa walinzi wa maisha wataalamu","mkufunzi wa mafunzo ya waokoaji
mkufunzi wa waokoaji wa bwawa la kuogelea
mkufunzi wa waokoaji
mwalimu wa waokoaji wa bwawa la kuogelea
mtaalamu wa mafunzo ya waokoaji
mwalimu wa waokoaji
mkufunzi wa waokoaji wa kitaalamu
mkufunzi wa waokoaji"
687671c0ebd2bf665349dce1,http://data.europa.eu/esco/occupation/ef6020f9-11b4-4d1a-96e0-903331594121,footwear product development manager,meneja wa maendeleo ya bidhaa za viatu,,meneja wa maendeleo ya bidhaa za viatu,meneja wa maendeleo ya bidhaa za viatu,"Footwear product development managers coordinate the footwear design and the product and collection development process in order to comply with design specifications, deadlines, strategic requirements and policies of the company. They track style development and review design specifications in order to meet the design vision, the manufacturing environment, and the company’s financial goals.","Mameneja wa maendeleo ya bidhaa za viatu wanaratibu muundo wa viatu na mchakato wa maendeleo ya bidhaa na mkusanyiko ili kuzingatia vipimo vya muundo, tarehe za mwisho, mahitaji ya kimkakati na sera za kampuni. Wanafuatilia maendeleo ya mtindo na kupitia vipimo vya muundo ili kufikia maono ya muundo, mazingira ya utengenezaji, na malengo ya kifedha ya kampuni.",,"Mameneja wa maendeleo ya bidhaa za viatu huratibu usanifu wa viatu na mchakato wa maendeleo ya bidhaa na mkusanyiko ili kuzingatia vipimo vya usanifu, makataa, mahitaji ya kimkakati na sera za kampuni. Wanafuatilia maendeleo ya mtindo na kupitia upya vipimo vya usanifu ili kukidhi maono ya usanifu, mazingira ya utengenezaji, na malengo ya kifedha ya kampuni.","Mameneja wa maendeleo ya bidhaa za viatu huratibu usanifu wa viatu na mchakato wa maendeleo ya bidhaa na mkusanyiko ili kukidhi vipimo vya usanifu, makataa, mahitaji ya kimkakati na sera za kampuni. Hufuatilia maendeleo ya mtindo na kupitia vipimo vya usanifu ili kukidhi maono ya usanifu, mazingira ya utengenezaji, na malengo ya kifedha ya kampuni.",,"meneja wa bidhaa za viatu
meneja wa uzalishaji na maendeleo ya viatu
meneja wa maendeleo ya bidhaa za viatu
kiongozi wa timu ya maendeleo ya bidhaa
meneja wa uzalishaji na maendeleo ya viatu
meneja wa hatua za awali za uzalishaji
kiongozi wa timu ya maendeleo ya viatu
mwendelezaji mkuu wa bidhaa","meneja wa bidhaa za viatu
meneja wa uzalishaji na maendeleo ya viatu
meneja wa maendeleo ya bidhaa za viatu
kiongozi wa timu ya maendeleo ya bidhaa
meneja wa kabla ya uzalishaji
kiongozi wa timu ya maendeleo ya viatu
mwendelezaji mkuu wa bidhaa","meneja wa bidhaa za viatu
meneja wa uzalishaji na maendeleo ya viatu
meneja wa maendeleo ya bidhaa za viatu
kiongozi wa timu ya maendeleo ya bidhaa
meneja wa uzalishaji na maendeleo ya viatu
meneja wa kabla ya uzalishaji
kiongozi wa timu ya maendeleo ya viatu
msanifu mkuu wa bidhaa"
687671c0ebd2bf665349dcd9,http://data.europa.eu/esco/occupation/cd7b838c-51f6-41ec-9067-bb974c0f991b,communication manager,meneja wa mawasiliano,,meneja wa mawasiliano,meneja mawasiliano,"Communication managers are responsible for developing communication strategies in order to promote the organization's mission, services or product. They coordinate communication projects and manage the communications issued by the company for both the internal and the external clients. They supervise internal communications, ensuring that communications reach each one of the employees and further questions can be answered. For external communications, they coordinate coherence among the messages transmitted in mails, printed materials, press articles, and corporate promotional materials. They strive to maintain truthful communications.","Mameneja wa mawasiliano wanawajibika kwa kuandaa mikakati ya mawasiliano ili kukuza dhamira, huduma au bidhaa ya shirika. Wanaratibu miradi ya mawasiliano na kusimamia mawasiliano yanayotolewa na kampuni kwa wateja wa ndani na nje. Wanasimamia mawasiliano ya ndani, wakihakikisha kuwa mawasiliano yanamfikia kila mmoja wa wafanyakazi na maswali zaidi yanaweza kujibiwa. Kwa mawasiliano ya nje, wanaratibu uwiano kati ya ujumbe unaotumwa katika barua, vifaa vilivyochapishwa, makala za vyombo vya habari, na vifaa vya kukuza shirika. Wanajitahidi kudumisha mawasiliano ya kweli.",,"Mameneja wa mawasiliano wanawajibika kwa kuandaa mikakati ya mawasiliano ili kukuza dhamira, huduma au bidhaa ya shirika. Huratibu miradi ya mawasiliano na kusimamia mawasiliano yanayotolewa na kampuni kwa wateja wa ndani na wa nje. Wanasimamia mawasiliano ya ndani, wakihakikisha kuwa mawasiliano yanamfikia kila mmoja wa wafanyakazi na maswali zaidi yanaweza kujibiwa. Kwa mawasiliano ya nje, huratibu mshikamano kati ya ujumbe unaotumwa katika barua pepe, nyenzo zilizochapishwa, makala za vyombo vya habari, na nyenzo za utangazaji za shirika. Wanajitahidi kudumisha mawasiliano ya kweli.","Mameneja mawasiliano wanawajibika kuandaa mikakati ya mawasiliano ili kutangaza dhamira, huduma au bidhaa za shirika. Huratibu miradi ya mawasiliano na kusimamia mawasiliano yanayotolewa na kampuni kwa wateja wa ndani na wa nje. Husimamia mawasiliano ya ndani, kuhakikisha kuwa mawasiliano yanamfikia kila mfanyakazi na maswali zaidi yanaweza kujibiwa. Kwa mawasiliano ya nje, huratibu uwiano kati ya ujumbe unaotumwa katika barua pepe, nyenzo zilizochapishwa, makala za vyombo vya habari, na nyenzo za matangazo ya shirika. Hujitahidi kudumisha mawasiliano ya kweli.",,"meneja mawasiliano ya ndani
meneja wa mitandao ya kijamii
meneja mawasiliano wa lugha za kigeni
mtaalamu wa mawasiliano
msemaji wa vyombo vya habari
mshirika wa mawasiliano
meneja wa uhusiano wa umma
meneja mawasiliano
meneja wa mawasiliano
meneja mawasiliano ya nje
meneja mawasiliano ya shirika
meneja wa uhusiano wa umma na mawasiliano
meneja mawasiliano ya mtandaoni","meneja wa mawasiliano ya ndani
meneja wa mitandao ya kijamii
meneja wa mawasiliano wa mwandishi wa lugha ya kigeni
mtaalamu wa mawasiliano
msemaji wa vyombo vya habari
mshiriki wa mawasiliano
meneja wa uhusiano wa umma
meneja wa mawasiliano
meneja wa mawasiliano ya nje
meneja wa mawasiliano ya shirika
meneja wa uhusiano wa umma na mawasiliano
meneja wa mawasiliano ya mtandaoni","meneja wa mawasiliano ya ndani
meneja wa mitandao ya kijamii
meneja wa mawasiliano wa mwandishi wa lugha ya kigeni
mtaalamu wa mawasiliano
msemaji wa vyombo vya habari
mshiriki wa mawasiliano
meneja wa uhusiano wa umma
meneja wa mawasiliano
meneja wa mawasiliano
meneja wa mawasiliano ya nje
meneja wa mawasiliano ya shirika
meneja wa uhusiano wa umma na mawasiliano
meneja wa mawasiliano ya mtandaoni"
687671c0ebd2bf665349ddfc,http://data.europa.eu/esco/occupation/6336c205-46bd-42f6-9e67-6b0be6e7618c,hydrogeologist,mwanahajidro-jiolojia,,mwanahidrojiojia,mhaidrojiolojia,"Hydrogeologists in mining study the distribution, quality and flow of water in order to keep mine workings free of nuisance water and to ensure an adequate supply of process water. They supply and evaluate information which will protect ground and surface water from contamination.","Wanahajidro-jiolojia katika uchimbaji madini huchunguza usambazaji, ubora na mtiririko wa maji ili kuweka maeneo ya kazi ya migodini bila maji yanayosumbua na kuhakikisha usambazaji wa kutosha wa maji ya mchakato. Wanatoa na kutathmini taarifa ambazo zitalinda maji ya chini ya ardhi na ya juu dhidi ya uchafuzi.",,"Wanahidrojiojia katika uchimbaji madini huchunguza usambazaji, ubora na mtiririko wa maji ili kuweka maeneo ya migodi bila maji yanayosumbua na kuhakikisha usambazaji wa kutosha wa maji ya mchakato. Wanatoa na kutathmini taarifa ambazo zitalinda maji ya ardhini na ya juu dhidi ya uchafuzi.","Wahaidrojiolojia katika uchimbaji madini huchunguza usambazaji, ubora na mtiririko wa maji ili kuweka maeneo ya kazi ya mgodi bila maji kero na kuhakikisha upatikanaji wa kutosha wa maji ya kuchakata. Hutoa na kutathmini taarifa ambazo zitalinda maji ya ardhini na ya juu dhidi ya uchafuzi.",,"mhaidrojiolojia
mshauri wa haidrojiolojia
mhaidrojiolojia mshauri
mhandisi wa shinikizo la vinyweleo
mhaidrolojia
mhaidrolojia mshauri
mhandisi wa tathmini ya miamba","mwanahajidro-jiolojia
mshauri wa hajidro-jiolojia
mwanahajidro-jiolojia mshauri
mhandisi wa shinikizo la vinyweleo
mtaalamu wa hidrolojia
mtaalamu wa hidrolojia mshauri
mhandisi wa tathmini ya uundaji","mwanahidrojiojia
mshauri wa hidrojiojia
mshauri mwanahidrojiojia
mhandisi wa shinikizo la vinyweleo
mwanahidrolojia
mshauri mwanahidrolojia
mhandisi wa tathmini ya uundaji"
687671c1ebd2bf665349dfb1,http://data.europa.eu/esco/occupation/6e1b1bd7-9eec-4f10-bce7-94a27d9023e8,admissions coordinator,mratibu wa udahili,,mratibu wa udahili,mratibu wa udahili,"Admissions coordinators are in charge of the students' applications and admissions to a (private) school, college or university. They assess possible future students' qualifications and subsequently approve or deny their application, based on the regulations and desires set by the board of directors and the school administration. They also assist the accepted students in their enrollment in the programme and courses of their choice.","Waratibu wa udahili wanasimamia maombi na udahili wa wanafunzi katika shule (ya binafsi), chuo au chuo kikuu. Wanatathmini sifa za wanafunzi watarajiwa na baadaye kuidhinisha au kukataa maombi yao, kulingana na kanuni na matakwa yaliyowekwa na bodi ya wakurugenzi na uongozi wa shule. Pia huwasaidia wanafunzi waliokubaliwa katika kujiandikisha kwenye programu na kozi wanazochagua.",,"Waratibu wa udahili wanasimamia maombi na udahili wa wanafunzi katika shule (ya kibinafsi), chuo au chuo kikuu. Wanatathmini sifa za wanafunzi watarajiwa na baadaye kuidhinisha au kukataa maombi yao, kulingana na kanuni na matakwa yaliyowekwa na bodi ya wakurugenzi na uongozi wa shule. Pia huwasaidia wanafunzi waliokubaliwa katika kujiandikisha katika programu na kozi wanazochagua.","Waratibu wa udahili wanasimamia maombi na udahili wa wanafunzi katika shule (ya kibinafsi), chuo au chuo kikuu. Hutathmini sifa za wanafunzi watarajiwa na hatimaye kuidhinisha au kukataa maombi yao, kulingana na kanuni na matakwa yaliyowekwa na bodi ya wakurugenzi na utawala wa shule. Pia huwasaidia wanafunzi waliokubaliwa katika kujiandikisha kwenye programu na kozi wanazochagua.",,"mratibu wa udahili wa shule
afisa udahili
mratibu wa udahili
afisa udahili wa wanafunzi
mratibu wa udahili wa chuo
mratibu wa udahili
mratibu wa udahili wa chuo kikuu
mratibu wa udahili katika elimu
mratibu wa udahili wa wanafunzi
mratibu wa udahili wa wanafunzi
mratibu wa udahili katika chuo kikuu","mratibu wa udahili wa shule
afisa wa udahili
mratibu wa udahili
afisa wa udahili wa wanafunzi
mratibu wa udahili wa chuo
mratibu wa udahili wa chuo kikuu
mratibu wa udahili katika elimu
mratibu wa udahili wa wanafunzi
mratibu wa udahili katika chuo kikuu","mratibu wa udahili wa shule
ofisa wa udahili
mratibu wa udahili
ofisa wa udahili wa wanafunzi
mratibu wa udahili wa chuo
mratibu wa udahili
mratibu wa udahili wa chuo kikuu
mratibu wa udahili katika elimu
mratibu wa udahili wa wanafunzi
mratibu wa udahili wa wanafunzi
mratibu wa udahili katika chuo kikuu"
687671c1ebd2bf665349e053,http://data.europa.eu/esco/occupation/866c7813-2c03-47d7-9bdc-192cfbace57c,user interface developer,mwendelezaji wa kiolesura cha mtumiaji,Msanidi wa kiolesura cha mtumiaji,mwendelezaji wa kiolesura cha mtumiaji,msanidi wa kiolesura cha mtumiaji,"User interface developers implement, code, document and maintain the interface of a software system by using front-end development technologies.","Waendelezaji wa kiolesura cha mtumiaji hutekeleza, kuandika msimbo, kuandika nyaraka na kudumisha kiolesura cha mfumo wa programu kwa kutumia teknolojia za uendelezaji wa upande wa mbele.","Wasanidi wa kiolesura cha mtumiaji hutekeleza, huandika kodi, huandika nyaraka na hudumisha kiolesura cha mfumo wa programu kwa kutumia teknolojia za usanidi wa front-end.","Waendelezaji wa kiolesura cha mtumiaji hutekeleza, huandika msimbo, huweka kumbukumbu na kudumisha kiolesura cha mfumo wa programu kwa kutumia teknolojia za uendelezaji wa mazingira ya mbele (front-end).","Wasanidi wa kiolesura cha mtumiaji hutekeleza, huandika kodi, huweka kumbukumbu na kudumisha kiolesura cha mfumo wa programu kwa kutumia teknolojia za usanidi wa upande wa mbele.","Wasanidi wa kiolesura cha mtumiaji
Wasanidi wa UI
Msanidi wa front-end
Mhandisi wa kiolesura cha mtumiaji
Mprogramu wa UI
Msanidi wa UI
Msanidi wa kiolesura cha mtumiaji","wasanidi wa kiolesura cha mtumiaji
wasanidi wa UI
msanidi wa upande wa mbele
mhandisi wa kiolesura cha mtumiaji
mprogramu wa UI
msanidi wa UI
msanidi wa kiolesura cha mtumiaji","waendelezaji wa kiolesura cha mtumiaji
waendelezaji wa UI
mwendelezaji wa upande wa mbele
mhandisi wa kiolesura cha mtumiaji
mprogramu wa UI
mwendelezaji wa UI
mwendelezaji wa kiolesura cha mtumiaji","waendelezaji wa kiolesura cha mtumiaji
waendelezaji wa UI
mwendelezaji wa mazingira ya mbele
mhandisi wa kiolesura cha mtumiaji
mprogramu wa UI
mwendelezaji wa UI
mwendelezaji wa kiolesura cha mtumiaji"
687671c1ebd2bf665349e4b1,http://data.europa.eu/esco/occupation/56245067-16f0-43e7-84fa-4a1e794a6ac0,rental service representative in office machinery and equipment,mwakilishi wa huduma za ukodishaji wa mashine na vifaa vya ofisi,Mwakilishi wa huduma za ukodishaji wa mashine na vifaa vya ofisi,mwakilishi wa huduma za ukodishaji wa mashine na vifaa vya ofisi,mwakilishi wa huduma za ukodishaji wa mashine na vifaa vya ofisini,"Rental service representatives in office machinery and equipment are in charge of renting out equipment and determining specific periods of usage. They document transactions, insurances and payments.","Wawakilishi wa huduma za ukodishaji wa mashine na vifaa vya ofisi wanahusika na kukodisha vifaa na kuamua vipindi maalum vya matumizi. Wanaandika miamala, bima na malipo.","Wawakilishi wa huduma za ukodishaji wa mashine na vifaa vya ofisi husimamia ukodishaji wa vifaa na kubainisha muda maalum wa matumizi. Huandika kumbukumbu za miamala, bima na malipo.","Waakilishi wa huduma za ukodishaji wa mashine na vifaa vya ofisi wanahusika na kukodisha vifaa na kuamua vipindi maalum vya matumizi. Wanaweka kumbukumbu za miamala, bima na malipo.","Wawakilishi wa huduma za ukodishaji wa mashine na vifaa vya ofisini husimamia ukodishaji wa vifaa na kuamua vipindi maalum vya matumizi. Wao huweka kumbukumbu za miamala, bima na malipo.","Mfanyakazi wa mauzo ya ukodishaji wa mashine na vifaa vya ofisi
Msimamizi wa mauzo ya ukodishaji wa mashine na vifaa vya ofisi
Wakala wa dawati la mauzo ya ukodishaji wa mashine na vifaa vya ofisi
Mshauri wa ukodishaji wa mashine na vifaa vya ofisi
Msimamizi wa huduma za ukodishaji wa mashine na vifaa vya ofisi
Mwakilishi wa huduma za ukodishaji wa mashine na vifaa vya ofisi
Msaidizi wa huduma za ukodishaji wa mashine na vifaa vya ofisi
Msimamizi wa dawati la mauzo ya ukodishaji wa mashine na vifaa vya ofisi
Mtaalamu wa ukodishaji wa mashine na vifaa vya ofisi
Kiongozi wa timu ya mauzo ya ukodishaji wa mashine na vifaa vya ofisi
Kiongozi wa timu ya huduma za ukodishaji wa mashine na vifaa vya ofisi
Meneja wa mauzo ya ukodishaji wa mashine na vifaa vya ofisi
Meneja wa huduma za ukodishaji wa mashine na vifaa vya ofisi
Mfanyakazi wa huduma za ukodishaji wa mashine na vifaa vya ofisi
Karani wa dawati la huduma za ukodishaji wa mashine na vifaa vya ofisi
Karani wa dawati la mauzo ya ukodishaji wa mashine na vifaa vya ofisi
Msaidizi wa mauzo ya ukodishaji wa mashine na vifaa vya ofisi
Msimamizi wa dawati la huduma za ukodishaji wa mashine na vifaa vya ofisi
Wakala wa dawati la huduma za ukodishaji wa mashine na vifaa vya ofisi","mfanyakazi wa mauzo ya ukodishaji wa mashine na vifaa vya ofisini
msimamizi wa mauzo ya ukodishaji wa mashine na vifaa vya ofisini
wakala wa dawati la mauzo ya ukodishaji wa mashine na vifaa vya ofisini
mshauri wa ukodishaji wa mashine na vifaa vya ofisini
msimamizi wa huduma za ukodishaji wa mashine na vifaa vya ofisini
mwakilishi wa huduma za ukodishaji wa mashine na vifaa vya ofisini
msaidizi wa huduma za ukodishaji wa mashine na vifaa vya ofisini
msimamizi wa dawati la mauzo ya ukodishaji wa mashine na vifaa vya ofisini
mtaalamu wa ukodishaji wa mashine na vifaa vya ofisini
kiongozi wa timu ya mauzo ya ukodishaji wa mashine na vifaa vya ofisini
kiongozi wa timu ya huduma za ukodishaji wa mashine na vifaa vya ofisini
meneja wa mauzo ya ukodishaji wa mashine na vifaa vya ofisini
meneja wa huduma za ukodishaji wa mashine na vifaa vya ofisini
mfanyakazi wa huduma za ukodishaji wa mashine na vifaa vya ofisini
karani wa dawati la huduma za ukodishaji wa mashine na vifaa vya ofisini
karani wa dawati la mauzo ya ukodishaji wa mashine na vifaa vya ofisini
msaidizi wa mauzo ya ukodishaji wa mashine na vifaa vya ofisini
msimamizi wa dawati la huduma za ukodishaji wa mashine na vifaa vya ofisini
wakala wa dawati la huduma za ukodishaji wa mashine na vifaa vya ofisini","mfanyakazi wa mauzo ya ukodishaji wa mashine na vifaa vya ofisi
msimamizi wa mauzo ya ukodishaji wa mashine na vifaa vya ofisi
wakala wa dawati la mauzo ya ukodishaji wa mashine na vifaa vya ofisi
mshauri wa ukodishaji wa mashine na vifaa vya ofisi
msimamizi wa huduma za ukodishaji wa mashine na vifaa vya ofisi
mwakilishi wa huduma za ukodishaji wa mashine na vifaa vya ofisi
msaidizi wa huduma za ukodishaji wa mashine na vifaa vya ofisi
msimamizi wa dawati la mauzo ya ukodishaji wa mashine na vifaa vya ofisi
mtaalamu wa ukodishaji wa mashine na vifaa vya ofisi
kiongozi wa timu ya mauzo ya ukodishaji wa mashine na vifaa vya ofisi
kiongozi wa timu ya huduma za ukodishaji wa mashine na vifaa vya ofisi
meneja wa mauzo ya ukodishaji wa mashine na vifaa vya ofisi
meneja wa huduma za ukodishaji wa mashine na vifaa vya ofisi
mfanyakazi wa huduma za ukodishaji wa mashine na vifaa vya ofisi
karani wa dawati la huduma za ukodishaji wa mashine na vifaa vya ofisi
karani wa dawati la mauzo ya ukodishaji wa mashine na vifaa vya ofisi
msaidizi wa mauzo ya ukodishaji wa mashine na vifaa vya ofisi
msimamizi wa dawati la huduma za ukodishaji wa mashine na vifaa vya ofisi
wakala wa dawati la huduma za ukodishaji wa mashine na vifaa vya ofisi","mfanyakazi wa mauzo ya ukodishaji wa mashine na vifaa vya ofisi
msimamizi wa mauzo ya ukodishaji wa mashine na vifaa vya ofisi
wakala wa dawati la mauzo ya ukodishaji wa mashine na vifaa vya ofisi
mshauri wa ukodishaji wa mashine na vifaa vya ofisi
msimamizi wa huduma za ukodishaji wa mashine na vifaa vya ofisi
mwakilishi wa huduma za ukodishaji wa mashine na vifaa vya ofisi
msaidizi wa huduma za ukodishaji wa mashine na vifaa vya ofisi
msimamizi wa dawati la mauzo ya ukodishaji wa mashine na vifaa vya ofisi
mtaalamu wa ukodishaji wa mashine na vifaa vya ofisi
kiongozi wa timu ya mauzo ya ukodishaji wa mashine na vifaa vya ofisi
kiongozi wa timu ya huduma za ukodishaji wa mashine na vifaa vya ofisi
meneja wa mauzo ya ukodishaji wa mashine na vifaa vya ofisi
meneja wa huduma za ukodishaji wa mashine na vifaa vya ofisi
mfanyakazi wa huduma za ukodishaji wa mashine na vifaa vya ofisi
karani wa dawati la huduma za ukodishaji wa mashine na vifaa vya ofisi
karani wa dawati la mauzo ya ukodishaji wa mashine na vifaa vya ofisi
msaidizi wa mauzo ya ukodishaji wa mashine na vifaa vya ofisi
msimamizi wa dawati la huduma za ukodishaji wa mashine na vifaa vya ofisi
wakala wa dawati la huduma za ukodishaji wa mashine na vifaa vya ofisi"
687671c1ebd2bf665349e601,http://data.europa.eu/esco/occupation/fddb7bd8-f176-4dc8-9d12-32b6072452c9,electric meter technician,mtaalamu wa mita za umeme,Fundi wa mita za umeme,fundi wa mita za umeme,fundi sanifu wa mita za umeme,Electric meter technicians install and maintain electric meter systems in facilities or buildings. They install the equipment in accordance with regulations and repair faults and other problems. They test the equipment and advise on the use and care.,Wataalamu wa mita za umeme huweka na kudumisha mifumo ya mita za umeme katika vituo au majengo. Wanaweka vifaa kulingana na kanuni na kukarabati hitilafu na matatizo mengine. Wanajaribu vifaa na kutoa ushauri kuhusu matumizi na utunzaji.,Mafundi wa mita za umeme hufunga na hudumisha mifumo ya mita za umeme katika majengo au miundombinu. Hufunga vifaa kwa kufuata kanuni na hurekebisha hitilafu na matatizo mengine. Hupima vifaa na hushauri kuhusu matumizi na utunzaji.,Mafundi wa mita za umeme hufunga na kudumisha mifumo ya mita za umeme katika vituo au majengo. Wanafunga vifaa kulingana na kanuni na kurekebisha hitilafu na matatizo mengine. Wanajaribu vifaa na kutoa ushauri kuhusu matumizi na utunzaji.,Mafundi sanifu wa mita za umeme hufunga na kukarabati mifumo ya mita za umeme katika majengo au vituo. Hufunga vifaa kulingana na kanuni na kurekebisha hitilafu na matatizo mengine. Hujaribu vifaa na kutoa ushauri juu ya matumizi na utunzaji.,"Fundi wa mita za umeme
Fundi wa mita janja
Mfungaji wa mita za umeme
Fundi wa ufungaji wa mita za umeme
Mhudumu wa matengenezo ya mita za umeme
Fundi wa upimaji wa mita za umeme
Mfanyakazi wa matengenezo ya mita za umeme
Fundi wa mita za umeme
Mfungaji wa mita janja
Fundi wa upimaji wa mita za umeme
Mfungaji wa mita za umeme
Mfanyakazi wa matengenezo ya mita za umeme
Fundi wa ufungaji wa mita za umeme
Mhudumu wa matengenezo ya mita za umeme","fundi sanifu wa mita za umeme
fundi sanifu wa mita mahiri
mfungaji wa mita za umeme
fundi sanifu wa ufungaji wa mita za umeme
mhudumu wa ukarabati wa mita za umeme
fundi sanifu wa majaribio ya mita za umeme
mfanyakazi wa ukarabati wa mita za umeme
fundi sanifu wa mita za umeme
mfungaji wa mita mahiri
fundi sanifu wa majaribio ya mita za umeme
mfungaji wa mita za umeme
mfanyakazi wa ukarabati wa mita za umeme
fundi sanifu wa ufungaji wa mita za umeme
mhudumu wa ukarabati wa mita za umeme","mtaalamu wa mita za umeme
mtaalamu wa mita janja
mwekaji wa mita za umeme
mtaalamu wa uwekaji wa mita za umeme
fundi wa matengenezo ya mita za umeme
mtaalamu wa majaribio ya mita za umeme
mfanyakazi wa matengenezo ya mita za umeme
mwekaji wa mita janja","fundi wa mita za umeme
fundi wa mita janja
mfungaji wa mita za umeme
fundi mfungaji wa mita za umeme
mhudumu wa matengenezo ya mita za umeme
fundi wa majaribio ya mita za umeme
mfanyakazi wa matengenezo ya mita za umeme
fundi wa mita za umeme
mfungaji wa mita janja
fundi wa majaribio ya mita za umeme
mfungaji wa mita za umeme
mfanyakazi wa matengenezo ya mita za umeme
fundi mfungaji wa mita za umeme
mhudumu wa matengenezo ya mita za umeme"
687671c0ebd2bf665349dcf8,http://data.europa.eu/esco/occupation/02f26b2f-879c-4811-8381-65e8dd3f4a16,footwear quality manager,meneja wa ubora wa viatu,Meneja wa ubora wa viatu,meneja wa ubora wa viatu,meneja wa ubora wa viatu,"Footwear quality managers implement, manage and promote the quality systems in the company, using adequate tools and methodologies based on national, international or company standards. They are in charge of establishing requirements and objectives, as well as preparing documents. They analyse complaints, and promote and coordinate corrective and preventive measures. They promote an effective internal and external communication and ensure the consumer's demands are met. They are responsible for the definition of instruments which monitor and control the quality systems, namely internal or external auditing, and they participate in the internal auditing.","Meneja wa ubora wa viatu hutekeleza, kusimamia na kuendeleza mifumo ya ubora katika kampuni, kwa kutumia zana na mbinu za kutosha kulingana na viwango vya kitaifa, kimataifa au vya kampuni. Anahusika na kuweka mahitaji na malengo, pamoja na kuandaa nyaraka. Huchambua malalamiko, na kuendeleza na kuratibu hatua za kurekebisha na kuzuia. Huendeleza mawasiliano madhubuti ya ndani na nje na kuhakikisha mahitaji ya mlaji yanatimizwa. Anahusika na ufafanuzi wa vyombo vinavyofuatilia na kudhibiti mifumo ya ubora, yaani ukaguzi wa ndani au wa nje, na hushiriki katika ukaguzi wa ndani.","Meneja wa ubora wa viatu hutekeleza, husimamia na huendeleza mifumo ya ubora katika kampuni, kwa kutumia zana na mbinu zinazofaa kulingana na viwango vya kitaifa, kimataifa au vya kampuni. Wana jukumu la kuweka mahitaji na malengo, pamoja na kuandaa nyaraka. Huchanganua malalamiko, na huendeleza na huratibu hatua za masahihisho na kinga. Huendeleza mawasiliano fanisi ya ndani na nje na huhakikisha mahitaji ya mtumiaji yanatimizwa. Wana jukumu la kubainisha zana za kufuatilia na kudhibiti mifumo ya ubora, yaani ukaguzi wa ndani au wa nje, na hushiriki katika ukaguzi wa ndani.","Wameneja wa ubora wa viatu hutekeleza, kusimamia na kukuza mifumo ya ubora katika kampuni, kwa kutumia zana na mbinu za kutosha kulingana na viwango vya kitaifa, kimataifa au vya kampuni. Wanahusika na kuweka mahitaji na malengo, pamoja na kuandaa nyaraka. Wanachambua malalamiko, na kukuza na kuratibu hatua za kurekebisha na kuzuia. Wanakuza mawasiliano madhubuti ya ndani na nje na kuhakikisha mahitaji ya mlaji yanatimizwa. Wanawajibika kwa ufafanuzi wa vyombo vinavyofuatilia na kudhibiti mifumo ya ubora, yaani ukaguzi wa ndani au wa nje, na wanashiriki katika ukaguzi wa ndani.","Mameneja wa ubora wa viatu hutekeleza, husimamia na kuendeleza mifumo ya ubora katika kampuni, kwa kutumia zana na mbinu zinazofaa kulingana na viwango vya kitaifa, kimataifa au vya kampuni. Wanasimamia uwekaji wa mahitaji na malengo, pamoja na kuandaa nyaraka. Huchambua malalamiko, na kuhamasisha na kuratibu hatua za kurekebisha na kuzuia. Huhamasisha mawasiliano bora ya ndani na nje na kuhakikisha mahitaji ya mlaji yanatimizwa. Wanawajibika kwa ufafanuzi wa vifaa vinavyofuatilia na kudhibiti mifumo ya ubora, yaani ukaguzi wa ndani au wa nje, na hushiriki katika ukaguzi wa ndani.","Afisa mkuu wa ubora wa viatu
Meneja wa uhakikisho wa ubora wa viatu
Meneja wa udhibiti wa ubora wa viatu
Mratibu wa ubora wa viatu
Meneja wa ubora wa viatu","mtendaji wa ubora wa viatu
meneja wa uhakikisho wa ubora wa viatu
meneja wa udhibiti wa ubora wa viatu
mratibu wa ubora wa viatu
meneja wa ubora wa viatu","mtendaji wa ubora wa viatu
meneja wa uhakiki wa ubora wa viatu
meneja wa udhibiti wa ubora wa viatu
mratibu wa ubora wa viatu
meneja wa ubora wa viatu","mtendaji wa ubora wa viatu
meneja wa uhakiki wa ubora wa viatu
meneja wa udhibiti wa ubora wa viatu
mratibu wa ubora wa viatu
meneja wa ubora wa viatu"
687671c1ebd2bf665349e596,http://data.europa.eu/esco/occupation/98c429ad-128e-467e-803a-9a6dc1ceed72,tyre fitter,mfungaji wa matairi,Mfungaji wa matairi,mfungaji wa tairi,mfungaji wa matairi,"Tyre fitters inspect, maintain, repair and fit tyres to vehicles. They advise clients on different tyre and wheel types. Furthermore they balance the tyres, verify that the wheels are aligned correctly and ensure compliance with safety standards and regulations.","Wafungaji wa matairi hukagua, kudumisha, kukarabati na kufunga matairi kwenye magari. Wanawashauri wateja kuhusu aina tofauti za matairi na magurudumu. Aidha, wanasawazisha matairi, wanahakikisha kuwa magurudumu yamepangiliwa kwa usahihi na kuhakikisha uzingatiaji wa viwango na kanuni za usalama.","Wafungaji wa matairi hukagua, hudumisha, hurekebisha na hufunga matairi kwenye magari. Huwashauri wateja kuhusu aina tofauti za matairi na magurudumu. Aidha, husawazisha matairi, huhakikisha kuwa magurudumu yamenyooka ipasavyo na huhakikisha uzingatiaji wa viwango na kanuni za usalama.","Wafungaji wa tairi hukagua, kudumisha, kurekebisha na kufunga tairi kwenye magari. Wanawashauri wateja kuhusu aina tofauti za tairi na magurudumu. Aidha, wanasawazisha tairi, kuhakikisha kuwa magurudumu yamepangiliwa kwa usahihi na kuhakikisha uzingatiaji wa viwango na kanuni za usalama.","Wafungaji wa matairi hukagua, hukarabati, hutengeneza na kufunga matairi kwenye magari. Huwashauri wateja kuhusu aina mbalimbali za matairi na magurudumu. Zaidi ya hayo, husawazisha matairi, huhakikisha kuwa magurudumu yamepangiliwa kwa usahihi na kuhakikisha utiifu wa viwango na kanuni za usalama.","Mkaguzi wa matairi
Fundi wa rimu
Mfungaji na mkereza
Mfungaji wa matairi
Mfungaji wa magurudumu
Fundi mitambo
Msaidizi wa gereji
Mfungaji wa matairi","mkaguzi wa matairi
fundi mashine wa magurudumu
fundi na mchongaji
mfungaji wa matairi
mfungaji wa magurudumu
fundi mashine
msaidizi wa karakana
mfungaji wa matairi","mkaguzi wa matairi
fundi wa magurudumu
mfungaji na mgeuzaji
mfungaji wa tairi
mfungaji wa magurudumu
fundi mitambo
msaidizi wa gereji
mfungaji wa matairi","mkaguzi wa tairi
mwanamitambo wa magurudumu
mfungaji na mgeuzaji
mfungaji wa tairi
mfungaji wa magurudumu
mwanamitambo
msaidizi wa gereji
mfungaji wa tairi"
687671c1ebd2bf665349dfc9,http://data.europa.eu/esco/occupation/b09acdda-6680-49d1-a411-129610ee3bc0,corporate risk manager,meneja wa hatari za shirika,Meneja Hatari wa Shirika,meneja wa hatari za shirika,meneja wa hatari za shirika,"Corporate risk managers identify and assess potential threats and opportunities to a company, and give advice on how to deal with them. They create preventive plans to avoid and reduce risks, and put plans in place for when the company is threatened. They coordinate risk management aspects across the different functions of an organisation and are responsible for technical activities such as risk assessment, risk mapping and insurance purchase. They report on risk issues to the senior management and the company's board.","Mameneja wa hatari za shirika hutambua na kutathmini vitisho na fursa zinazoweza kutokea kwa kampuni, na kutoa ushauri wa jinsi ya kukabiliana nazo. Wanaunda mipango ya kuzuia ili kuepuka na kupunguza hatari, na kuweka mipango wakati kampuni inatishiwa. Wanaratibu vipengele vya usimamizi wa hatari katika kazi mbalimbali za shirika na wanawajibika kwa shughuli za kiufundi kama vile tathmini ya hatari, ramani ya hatari na ununuzi wa bima. Wanatoa ripoti kuhusu masuala ya hatari kwa usimamizi mkuu na bodi ya kampuni.","Meneja hatari wa mashirika hubainisha na kutathmini vitisho na fursa zinazoweza kujitokeza kwa kampuni, na kutoa ushauri jinsi ya kukabiliana navyo. Wao huandaa mipango ya kuzuia ili kuepuka na kupunguza hatari, na kuweka mipango tayari kwa wakati kampuni inakabiliwa na tishio. Wao huratibu masuala ya usimamizi wa hatari katika idara mbalimbali za shirika na wanawajibika kwa shughuli za kiufundi kama vile tathmini ya hatari, uchoraji ramani ya hatari na ununuzi wa bima. Wao hutoa ripoti kuhusu masuala ya hatari kwa uongozi mkuu na bodi ya kampuni.","Mameneja wa hatari za shirika hutambua na kutathmini vitisho na fursa zinazoweza kutokea kwa kampuni, na kutoa ushauri wa jinsi ya kukabiliana nazo. Wanaunda mipango ya kuzuia ili kuepuka na kupunguza hatari, na kuweka mipango tayari kwa wakati kampuni inapotishiwa. Wanaratibu vipengele vya usimamizi wa hatari katika kazi mbalimbali za shirika na wanawajibika kwa shughuli za kiufundi kama vile tathmini ya hatari, uchoraji wa ramani ya hatari na ununuzi wa bima. Wanatoa ripoti kuhusu masuala ya hatari kwa usimamizi mkuu na bodi ya kampuni.","Mameneja wa hatari za shirika hutambua na kutathmini matishio na fursa zinazoweza kutokea kwa kampuni, na kutoa ushauri wa jinsi ya kukabiliana nazo. Wanaunda mipango ya kuzuia ili kuepuka na kupunguza hatari, na kuweka mipango tayari kwa wakati kampuni inapotishiwa. Wanaratibu masuala ya usimamizi wa hatari katika kazi mbalimbali za shirika na wanawajibika kwa shughuli za kiufundi kama vile tathmini ya hatari, uchoraji wa ramani ya hatari na ununuzi wa bima. Wanatoa ripoti kuhusu masuala ya hatari kwa wasimamizi wakuu na bodi ya kampuni.","Meneja Hatari
Mtaalamu wa Usimamizi wa Hatari
Afisa Mkuu wa Hatari
Meneja Hatari za Uendeshaji
Mshauri wa Hatari na Bima
Meneja wa Idara ya Hatari ya Shirika
Mtendaji Mkuu wa Hatari
Mkurugenzi wa Usimamizi wa Hatari
Meneja Hatari wa Shirika","meneja wa hatari
mtaalamu wa usimamizi wa hatari
afisa mkuu wa hatari
meneja wa hatari za uendeshaji
mshauri wa hatari na bima
meneja wa idara ya hatari za shirika
mtendaji mkuu wa hatari
mkurugenzi wa usimamizi wa hatari
meneja wa hatari za shirika","meneja wa hatari
mtaalamu wa usimamizi wa hatari
afisa mkuu wa hatari
meneja wa hatari za uendeshaji
mshauri wa hatari na bima
meneja wa idara ya hatari za shirika
mtendaji mkuu wa hatari
mkurugenzi wa usimamizi wa hatari
meneja wa hatari za shirika","meneja wa hatari
mtaalamu wa usimamizi wa hatari
afisa mkuu wa hatari
meneja wa hatari za uendeshaji
mshauri wa hatari na bima
meneja wa idara ya hatari za shirika
mtendaji mkuu wa hatari
mkurugenzi wa usimamizi wa hatari
meneja wa hatari za shirika"
687671c1ebd2bf665349e7f2,http://data.europa.eu/esco/occupation/69e4e877-9d7a-4df0-973b-34defd318e26,aircraft groomer,msafishaji wa ndege,Msafishaji Ndege,msafishaji wa ndege,msafishaji wa ndege,"Aircraft groomers clean aircraft cabins and airplanes after usage. They vacuum or sweep the interior of cabin, brush debris from seats, and arrange seat belts. They clean trash and debris from seat pockets and arranged in-flight magazines, safety cards, and sickness bags. They also clean galleys and lavatories.","Wasafishaji wa ndege husafisha vyumba vya ndege na eropleni baada ya matumizi. Wananyonya vumbi au kufagia mambo ya ndani ya kabati, kupiga brashi uchafu kutoka kwenye viti, na kupanga mikanda ya usalama. Wanasafisha takataka na uchafu kutoka kwenye mifuko ya viti na kupanga majarida ya ndani ya ndege, kadi za usalama, na mifuko ya kichefuchefu. Pia wanasafisha jikoni na vyoo.","Wasafishaji ndege husafisha kabati za ndege na ndege zenyewe baada ya kutumika. Wao hufyonza vumbi au kufagia ndani ya kabati, huondoa uchafu kwenye viti, na kupanga mikanda ya usalama. Wao husafisha takataka na uchafu kutoka kwenye mifuko ya viti na kupanga majarida ya safarini, kadi za usalama, na mifuko ya kutapikia. Pia husafisha majiko na vyoo vya ndege.","Wasafishaji wa ndege husafisha kabati za ndege na eropleni baada ya matumizi. Wananyonya vumbi au kufagia ndani ya kabati, kupiga brashi uchafu kutoka kwenye viti, na kupanga mikanda ya usalama. Wanasafisha takataka na uchafu kutoka kwenye mifuko ya viti na kupanga majarida ya ndani ya ndege, kadi za usalama, na mifuko ya kichefuchefu. Pia husafisha jikoni na vyoo vya ndege.","Wasafishaji wa ndege husafisha kabini za ndege na ndege baada ya kutumika. Wao hufyonza vumbi au kufagia ndani ya kabini, hupangusa uchafu kutoka kwenye viti, na kupanga mikanda ya usalama. Husafisha taka na uchafu kutoka kwenye mifuko ya viti na kupanga majarida ya ndani ya ndege, kadi za usalama, na mifuko ya kutapika. Pia husafisha jikoni za ndege na vyoo.","Mnakshi wa ndege
Msafishaji wa eropleini
Msafishaji wa eropleini
Msafishaji Ndege
Msafishaji wa kabati la ndege
Msafishaji wa ndege
Msafishaji wa ndege","Msafishaji wa kina, ndege
msafishaji wa ndege
mhudumu wa usafi wa ndege
msafishaji wa kabini
mhudumu wa usafi kwa ajili ya ndege","Mtaalamu wa usafi wa ndege
msafishaji wa eropleni
msafishaji wa ndege
msafishaji wa kabati","Mtaalamu wa usafi, ndege
msafishaji wa eropleni
mhudumu wa usafi wa eropleni
msafishaji wa ndege
msafishaji wa kabati
mhudumu wa usafi wa ndege
msafishaji wa eropleni"
687671c1ebd2bf665349e6f2,http://data.europa.eu/esco/occupation/8ba8acb8-c0f2-4679-ae15-3a4f6e876c6f,plastic rolling machine operator,opereta wa mashine ya kukunja plastiki,Opereta wa Mashine ya Kuviringisha Plastiki,opereta wa mashine ya kukunja plastiki,mwendeshaji wa mashine ya kuviringisha plastiki,"Plastic rolling machine operators operate and monitor machines to produce plastic rolls, or to flatten and reduce the material. They examine raw materials and finished products to make sure they are according to specifications.","Waendeshaji wa mashine ya kukunja plastiki huendesha na kufuatilia mashine za kuzalisha maroli ya plastiki, au kusawazisha na kupunguza nyenzo. Wanachunguza malighafi na bidhaa zilizokamilika ili kuhakikisha kuwa ziko kulingana na maelezo.","Waendeshaji wa mashine za kuviringisha plastiki huendesha na kufuatilia mashine ili kuzalisha mistari ya plastiki, au kusawazisha na kupunguza ukubwa wa nyenzo. Wao hukagua malighafi na bidhaa zilizokamilika ili kuhakikisha zinafuata vipimo vilivyowekwa.","Waendeshaji wa mashine za kukunja plastiki huendesha na kufuatilia mashine za kutengeneza kanda za plastiki, au kusawazisha na kupunguza unene wa nyenzo. Wanachunguza malighafi na bidhaa zilizokamilika ili kuhakikisha kuwa ziko kulingana na maelezo yaliyowekwa.","Waendeshaji wa mashine za kuviringisha plastiki huendesha na kufuatilia mashine ili kuzalisha rola za plastiki, au kunyoosha na kupunguza unene wa nyenzo. Wanakagua malighafi na bidhaa zilizokamilika ili kuhakikisha kuwa zinalingana na vipimo.","Opereta, mashine: kuchonga (plastiki)
Opereta, mashine: kukata (plastiki)
Opereta, mashine: kuchora (plastiki)
Opereta, mashine: kusaga (plastiki)
Opereta wa mashine ya kuchakata plastiki
Mfanyakazi wa mashine ya kuunda mistari ya plastiki
Opereta wa mashine ya kuunda mistari ya plastiki
Mrekebishaji wa mashine ya kuunda mistari ya plastiki
Mhudumu wa mashine ya kuunda mistari ya plastiki
Mfanyakazi wa mashine ya kuviringisha plastiki
Opereta wa Mashine ya Kuviringisha Plastiki
Mrekebishaji wa mashine ya kuviringisha plastiki
Mrekebishaji/Opereta wa mashine ya kuviringisha plastiki
Mhudumu wa mashine ya kuviringisha plastiki
Mfanyakazi wa mashine ya kuviringisha plastiki
Mfanyakazi wa mashine ya kuchakata plastiki","Mwendeshaji, mashine: kuchonga (plastiki)
Mwendeshaji, mashine: kukata (plastiki)
Mwendeshaji, mashine: kuchora (plastiki)
Mwendeshaji, mashine: kusaga (plastiki)
mwendeshaji wa mashine ya kuchakata plastiki
mfanyakazi wa mashine ya kuunda rola za plastiki
mwendeshaji wa mashine ya kuunda rola za plastiki
mweka mipangilio wa mashine ya kuunda rola za plastiki
mhudumu wa mashine ya kuunda rola za plastiki
mfanyakazi wa mashine ya kuviringisha plastiki
mwendeshaji wa mashine ya kuviringisha plastiki
mweka mipangilio wa mashine ya kuviringisha plastiki
mweka mipangilio/mwendeshaji wa mashine ya kuviringisha plastiki
mhudumu wa mashine ya kuviringisha plastiki
mfanyakazi wa mashine ya kuviringisha plastiki
mfanyakazi wa mashine ya kuchakata plastiki","Opereta, mashine: kuchonga (plastiki)
Opereta, mashine: kukata (plastiki)
Opereta, mashine: kuchora kwa kemikali (plastiki)
Opereta, mashine: kusaga (plastiki)
opereta wa mashine ya kusindika plastiki
mhudumu wa mashine ya kutengeneza maroli ya plastiki
opereta wa mashine ya kutengeneza maroli ya plastiki
mwekaji wa mashine ya kutengeneza maroli ya plastiki
mwangalizi wa mashine ya kutengeneza maroli ya plastiki
mhudumu wa mashine ya kukunja plastiki
opereta wa mashine ya kukunja plastiki
mwekaji wa mashine ya kukunja plastiki
mwekaji/opereta wa mashine ya kukunja plastiki
mwangalizi wa mashine ya kukunja plastiki
mfanyakazi wa mashine ya kukunja plastiki
mhudumu wa mashine ya kusindika plastiki","Opereta, mashine: kuchonga (plastiki)
Opereta, mashine: kukata (plastiki)
Opereta, mashine: kuchora (plastiki)
Opereta, mashine: kusaga (plastiki)
opereta wa mashine ya kuchakata plastiki
mfanyakazi wa mashine ya kutengeneza kanda za plastiki
opereta wa mashine ya kutengeneza kanda za plastiki
mrekebishaji wa mashine ya kutengeneza kanda za plastiki
mwangalizi wa mashine ya kutengeneza kanda za plastiki
mfanyakazi wa mashine ya kukunja plastiki
opereta wa mashine ya kukunja plastiki
mrekebishaji wa mashine ya kukunja plastiki
mrekebishaji/opereta wa mashine ya kukunja plastiki
mwangalizi wa mashine ya kukunja plastiki
mfanyakazi wa mashine ya kukunja plastiki
mfanyakazi wa mashine ya kuchakata plastiki"
687671c1ebd2bf665349e7a7,http://data.europa.eu/esco/occupation/c44a118d-18c1-46ac-985f-3e802a064b73,control panel assembler,mfunganishaji wa paneli za udhibiti,Muunganishaji wa Paneli ya Udhibiti,mfungaji wa paneli za kudhibiti,munganishaji wa paneli za udhibiti,"Control panel assemblers read schematic drawings to assemble control panel units for electrical equipment. They put together wiring, switches, control and measuring apparatus and cables with hand operated tools.","Wafunganishaji wa paneli za udhibiti husoma michoro ya skematiki ili kuunganisha uniti za paneli za udhibiti kwa ajili ya vifaa vya umeme. Wanaunganisha nyaya, swichi, vifaa vya kudhibiti na kupimia pamoja na nyaya kwa kutumia zana zinazoendeshwa kwa mkono.","Waunganishaji wa paneli za udhibiti husoma michoro ya skimu ili kuunganisha vitengo vya paneli za udhibiti kwa ajili ya vifaa vya umeme. Wao huunganisha waya, swichi, vifaa vya udhibiti na upimaji na nyaya kwa kutumia zana za mikono.","Wafungaji wa paneli za kudhibiti husoma michoro ya kiufundi ili kuunganisha vitengo vya paneli za kudhibiti kwa ajili ya vifaa vya umeme. Wanaunganisha nyaya, swichi, vifaa vya kudhibiti na kupima pamoja na nyaya kwa kutumia zana za mkono.","Waunganishaji wa paneli za udhibiti husoma michoro ya skimu ili kuunganisha vizio vya paneli za udhibiti kwa ajili ya vifaa vya umeme. Wao huunganisha nyaya, swichi, vifaa vya kudhibiti na kupimia na kebo kwa kutumia zana za mkono.","Muunganishaji wa paneli ya udhibiti wa umeme
Muunganishaji wa paneli ya ufuatiliaji
Fundi wa paneli ya udhibiti wa umeme
Fundi wa uunganishaji wa paneli ya udhibiti
Mtengenezaji wa paneli za udhibiti wa umeme
Mtengenezaji wa paneli ya udhibiti
Muunganishaji wa paneli za udhibiti wa umeme
Fundi wa paneli ya udhibiti
Muunganishaji wa uzalishaji wa paneli ya udhibiti
Mpasishaji waya wa paneli
Muunganishaji wa bodi ya paneli
Muunganishaji wa paneli ya udhibiti wa mchakato
Muunganishaji wa Paneli ya Udhibiti
Mtengenezaji wa paneli za udhibiti
Muunganishaji wa paneli za udhibiti","munganishaji wa paneli za udhibiti wa umeme
munganishaji wa paneli za ufuatiliaji
fundi wa paneli za udhibiti wa umeme
fundi wa uunganishaji wa paneli za udhibiti
mtengenezaji wa paneli za udhibiti wa umeme
mtengenezaji wa paneli za udhibiti
munganishaji wa paneli za udhibiti wa umeme
fundi wa paneli za udhibiti
munganishaji wa uzalishaji wa paneli za udhibiti
mweka nyaya za paneli
munganishaji wa bodi ya paneli
munganishaji wa paneli za udhibiti wa mchakato
munganishaji wa paneli za udhibiti
mtengenezaji wa paneli za udhibiti
munganishaji wa paneli za udhibiti","mfunganishaji wa paneli za udhibiti wa umeme
mfunganishaji wa paneli za ufuatiliaji
fundi wa paneli za udhibiti wa umeme
fundi ufunganishaji wa paneli za udhibiti
mtengenezaji wa paneli za udhibiti wa umeme
mtengenezaji wa paneli za udhibiti
fundi wa paneli za udhibiti
mfunganishaji wa uzalishaji wa paneli za udhibiti
mfungaji nyaya za paneli
mfunganishaji wa ubao wa paneli
mfunganishaji wa paneli za udhibiti wa mchakato
mfunganishaji wa paneli za udhibiti","mfungaji wa paneli za kudhibiti umeme
mfungaji wa paneli za ufuatiliaji
fundi wa paneli za kudhibiti umeme
fundi mfungaji wa paneli za kudhibiti
mtengenezaji wa paneli za kudhibiti umeme
mtengenezaji wa paneli za kudhibiti
mfungaji wa paneli za kudhibiti umeme
fundi wa paneli za kudhibiti
mfungaji wa uzalishaji wa paneli za kudhibiti
muunganishaji wa nyaya za paneli
mfungaji wa bodi za paneli
mfungaji wa paneli za kudhibiti mchakato
mfungaji wa paneli za kudhibiti
mtengenezaji wa paneli za kudhibiti
mfungaji wa paneli za kudhibiti"
687671c1ebd2bf665349e545,http://data.europa.eu/esco/occupation/dc14bed4-87ca-4e6c-9f69-458e2689d2d6,foundry operative,mfanyakazi wa kiwanda cha kuyeyusha chuma,Mfanyakazi wa Faundari,mfanyakazi wa kiwanda cha ufuliaji vyuma,mfanyakazi wa kiwanda cha ufuaji chuma,"Foundry operative manufacture castings, including pipes, tubes, hollow profiles and other products of the first processing of steel, by operating hand-controlled equipment in a foundry. They conduct the flow of molten ferrous and non-ferrous metals into moulds, taking care to create the exact right circumstances to obtain the highest quality metal. They observe the flow of metal to identify faults. In case of a fault, they notify the authorised personnel and participate in the removal of the fault.","Wafanyakazi wa kiwanda cha kuyeyusha chuma hutengeneza bidhaa za chuma zilizomiminwa, ikiwa ni pamoja na mabomba, tyubu, wasifu wenye uwazi na bidhaa nyingine za usindikaji wa kwanza wa chuma, kwa kuendesha vifaa vinavyodhibitiwa kwa mkono katika kiwanda cha kuyeyusha chuma. Wanaongoza mtiririko wa metali za ferasi na zisizo za ferasi zilizoyeyushwa kwenye kalibu, wakizingatia kuweka mazingira sahihi kabisa ili kupata chuma cha ubora wa juu zaidi. Wanatazama mtiririko wa chuma ili kutambua hitilafu. Ikitokea hitilafu, hutoa taarifa kwa wafanyakazi walioidhinishwa na kushiriki katika kuondoa hitilafu hiyo.","Wafanyakazi wa faundari hutengeneza bidhaa za umiminaji, ikiwemo mabomba, neli, wasifu wenye uwazi na bidhaa nyingine za uchakataji wa kwanza wa chuma, kwa kuendesha vifaa vinavyodhibitiwa kwa mikono katika faundari. Wao huelekeza mtiririko wa metali zenye na zisizo na chuma zilizoyeyushwa kwenye kalibu, wakihakikisha wanatengeneza mazingira sahihi kabisa ili kupata metali ya ubora wa juu. Wao huchunguza mtiririko wa metali ili kubaini kasoro. Ikitokea kasoro, wao huwajulisha wafanyakazi walioidhinishwa na kushiriki katika kuondoa kasoro hiyo.","Wafanyakazi wa kiwanda cha ufuliaji vyuma hutengeneza bidhaa za kusulubiwa, ikiwa ni pamoja na mabomba, tyubu, wasifu wenye uwazi na bidhaa nyingine za usindikaji wa kwanza wa chuma, kwa kuendesha vifaa vinavyodhibitiwa kwa mkono katika kiwanda cha ufuliaji vyuma. Wanaongoza mtiririko wa vyuma vya ferasi na visivyo vya ferasi vilivyoyeyushwa ndani ya kalibu, wakizingatia kuunda mazingira sahihi kabisa ili kupata chuma cha ubora wa juu zaidi. Wanatazama mtiririko wa chuma ili kutambua makosa. Ikitokea hitilafu, wanatoa taarifa kwa wafanyakazi walioidhinishwa na kushiriki katika kuondoa hitilafu hiyo.","Wafanyakazi wa kiwanda cha ufuaji chuma hutengeneza bidhaa za kusubu, zikiwemo paipu, mirija, profaili zenye uwazi na bidhaa nyingine za uchakataji wa awali wa chuma, kwa kuendesha vifaa vinavyodhibitiwa kwa mkono katika kiwanda cha ufuaji chuma. Wao huongoza mtiririko wa metali za chuma na zisizo za chuma zilizoyeyuka kuingia kwenye maumbo (moulds), wakichukua tahadhari kuweka mazingira sahihi kabisa ili kupata chuma cha ubora wa juu zaidi. Wao huchunguza mtiririko wa chuma ili kubaini kasoro. Ikitokea kasoro, wao huwajulisha wafanyakazi walioidhinishwa na kushiriki katika kuondoa kasoro hiyo.","Mfumaji wa metali
Opereta wa mchakato wa faundari
Mfanyakazi wa faundari
Mmimaji wa metali
Mfumaji wa metali
Mfanyakazi wa umiminaji wa kalibu
Mwanafaundari
Mfanyakazi wa umiminaji
Mshika upawa
Mmimaji na mchorongaji
Opereta wa faundari
Mfanyakazi wa ufumaji na umiminaji
Mfanyakazi wa Faundari
Opereta wa umiminaji
Mfanyakazi wa umiminaji wa kalibu
Mmimaji
Mmimaji wa udhibiti mkuu
Mshika upawa
Mfanyakazi wa ufumaji na umiminaji","munda vyuma
mwendeshaji wa mchakato wa ufuaji chuma
mfanyakazi wa kiwanda cha ufuaji chuma
msubu vyuma
munda vyuma
mfanyakazi wa kusubu maumbo
mfanyakazi wa ufuaji chuma
mfanyakazi wa kusubu
mhudumu wa upawa
mmiminaji na msubu
mwendeshaji wa kiwanda cha ufuaji chuma
mfanyakazi wa kuunda na kusubu
mfanyakazi wa kiwanda cha ufuaji chuma
mwendeshaji wa kusubu
mfanyakazi wa kusubu maumbo
msubu
msubu wa udhibiti mkuu
mhudumu wa upawa
mfanyakazi wa kuunda na kusubu (m,ke,n)","mfinyanzi wa chuma
mwendeshaji wa michakato ya kiwanda cha kuyeyusha chuma
mfanyakazi wa kiwanda cha kuyeyusha chuma
mmiminaji wa chuma
mfanyakazi wa kumimina kwenye kalibu
mfanyakazi wa kumimina chuma
mshika mwiko wa chuma
mmiminaji na msukaji wa chuma
mwendeshaji wa kiwanda cha kuyeyusha chuma
mfanyakazi wa kufinyanga na kumimina chuma
mwendeshaji wa shughuli za kumimina chuma
mmiminaji chuma
mmiminaji chuma wa udhibiti mkuu
mfanyakazi wa kufinyanga na kumimina chuma (m,f,n)","mfinyanzi wa chuma
opereta wa mchakato wa ufuliaji vyuma
mfanyakazi wa ufuliaji vyuma
msulubu wa chuma
mfinyanzi wa chuma
mfanyakazi wa kusulubu kwenye kalibu
mfula vyuma
mfanyakazi wa kusulubu
mbeba mwiko wa chuma cha moto
mmimina na msulubu
opereta wa ufuliaji vyuma
mfanyakazi wa kufinyanga na kusulubu
mfanyakazi wa kiwanda cha ufuliaji vyuma
opereta wa kusulubu
mfanyakazi wa kusulubu kwenye kalibu
msulubu
msulubu wa udhibiti mkuu
mbeba mwiko wa chuma
mfanyakazi wa kufinyanga na kusulubu (m,f,n)"
687671c1ebd2bf665349e333,http://data.europa.eu/esco/occupation/cb60beab-7afb-4e99-8162-221abea68e6d,consumer rights advisor,mshauri wa haki za mlaji,Mshauri wa Haki za Mtumiaji,mshauri wa haki za mlaji,mshauri wa haki za watumiaji,"Consumer rights advisors aid consumers with complaints and provide advice and information on rights as a consumer after purchase of products or services. They monitor organisations to ensure compliance to consumer rights standards, and aid consumers in handling disputes.","Washauri wa haki za mlaji huwasaidia walaji wenye malalamiko na kutoa ushauri na taarifa kuhusu haki kama mlaji baada ya kununua bidhaa au huduma. Wanazifuatilia mashirika ili kuhakikisha uzingatiaji wa viwango vya haki za mlaji, na kuwasaidia walaji katika kushughulikia migogoro.","Washauri wa haki za watumiaji huwasaidia watumiaji wenye malalamiko na kutoa ushauri na taarifa kuhusu haki za mtumiaji baada ya kununua bidhaa au huduma. Wanafuatilia mashirika kuhakikisha yanafuata viwango vya haki za watumiaji, na kuwasaidia watumiaji katika kushughulikia mizozo.","Washauri wa haki za mlaji huwasaidia walaji kwa malalamiko na kutoa ushauri na taarifa kuhusu haki kama mlaji baada ya kununua bidhaa au huduma. Wanafuatilia mashirika ili kuhakikisha uzingatiaji wa viwango vya haki za mlaji, na kuwasaidia walaji katika kushughulikia migogoro.","Washauri wa haki za watumiaji huwasaidia watumiaji kuhusu malalamiko na kutoa ushauri na taarifa kuhusu haki kama mtumiaji baada ya kununua bidhaa au huduma. Wao hufuatilia mashirika ili kuhakikisha utii wa viwango vya haki za watumiaji, na kuwasaidia watumiaji katika kushughulikia migogoro.","Afisa wa Viwango vya Biashara
Mshauri wa Huduma za Kisheria
Mshauri wa Haki za Mtumiaji
Mshauri wa Kisheria wa Haki za Mtumiaji
Mkaguzi wa Usafi wa Chakula","afisa viwango vya biashara
mshauri wa huduma za kisheria
mshauri wa haki za watumiaji
mshauri wa kisheria wa haki za watumiaji
mshauri wa huduma za kisheria
mkaguzi wa usafi wa chakula
mshauri wa haki za watumiaji
mshauri wa kisheria wa haki za watumiaji","afisa viwango vya biashara
mshauri wa huduma za kisheria
mshauri wa haki za mlaji
mshauri wa kisheria wa haki za mlaji
mkaguzi wa usafi wa chakula","afisa wa viwango vya biashara
mshauri wa huduma za kisheria
mshauri wa haki za mlaji
mshauri wa kisheria wa haki za mlaji
mshauri wa huduma za kisheria
mkaguzi wa usafi wa chakula
mshauri wa haki za mlaji
mshauri wa kisheria wa haki za mlaji"
687671c1ebd2bf665349e003,http://data.europa.eu/esco/occupation/d3e32e5e-7f24-48e3-b939-e4f800eb62fb,human resources officer,afisa wa rasilimali watu,Afisa Rasilimali Watu,afisa rasilimali watu,afisa rasilimali watu,"Human resources officers develop and implement strategies that help their employers select and retain appropriately qualified staff within that business sector. They recruit staff, prepare job advertisements, interview and short-list people, negotiate with employment agencies, and set up working conditions. Human resources officers also administer the payroll, review salaries and advise on remuneration benefits and employment law. They arrange for training opportunities to enhance employees' performance.","Maafisa wa rasilimali watu huandaa na kutekeleza mikakati inayosaidia waajiri wao kuchagua na kubakiza wafanyakazi wenye sifa zinazostahili ndani ya sekta hiyo ya biashara. Wanaajiri wafanyakazi, kuandaa matangazo ya kazi, kuhoji na kuchuja watu, kujadiliana na mawakala wa ajira, na kuweka mazingira ya kazi. Maafisa wa rasilimali watu pia husimamia malipo, kupitia mishahara na kushauri kuhusu faida za malipo na sheria ya ajira. Wanapanga fursa za mafunzo ili kuboresha utendaji wa wafanyakazi.","Maafisa rasilimali watu huandaa na kutekeleza mikakati inayowasaidia waajiri wao kuchagua na kubakiza wafanyakazi wenye sifa zinazofaa ndani ya sekta hiyo ya biashara. Wao huajiri wafanyakazi, huandaa matangazo ya kazi, huwahoji na kuwachuja watu, hujadiliana na mashirika ya ajira, na kuweka mazingira ya kazi. Maafisa rasilimali watu pia husimamia malipo ya mishahara, hupitia upya mishahara na kushauri kuhusu manufaa ya malipo na sheria za ajira. Wao hupanga fursa za mafunzo ili kuimarisha utendaji wa wafanyakazi.","Maafisa rasilimali watu huandaa na kutekeleza mikakati inayosaidia waajiri wao kuchagua na kubakiza wafanyakazi wenye sifa zinazostahili ndani ya sekta hiyo ya biashara. Wanaajiri wafanyakazi, huandaa matangazo ya kazi, huwahoji na kuwachuja watu, hufanya mazungumzo na mawakala wa ajira, na kuweka mazingira ya kazi. Maafisa rasilimali watu pia husimamia malipo, hupitia mishahara na kushauri kuhusu mafao ya malipo na sheria ya ajira. Wanapanga fursa za mafunzo ili kuimarisha utendaji wa wafanyakazi.","Maafisa rasilimali watu huandaa na kutekeleza mikakati inayowasaidia waajiri wao kuchagua na kuhifadhi wafanyakazi wenye sifa zinazofaa katika sekta hiyo ya biashara. Wao huajiri wafanyakazi, huandaa matangazo ya kazi, hufanya usaili na kuchuja watu, hujadiliana na wakala wa ajira, na kuweka mazingira ya kazi. Maafisa rasilimali watu pia husimamia malipo, hupitia mishahara na kushauri kuhusu marupurupu na sheria za ajira. Wao hupanga fursa za mafunzo ili kuboresha utendaji wa wafanyakazi.","Mkurugenzi wa Rasilimali Watu
Afisa wa Rasilimali Watu
Mwakilishi wa Rasilimali Watu
Msimamizi wa Rasilimali Watu
Mfanyakazi wa Rasilimali Watu
Mpangaji wa Mtaji wa Watu
Mkufunzi wa Umahiri
Afisa Rasilimali Watu
Kocha wa Mafunzo Endelevu
Mtawala wa Wafanyakazi
Msaidizi wa Wafanyakazi
Mtaalamu wa Maendeleo ya Wafanyakazi
Mkurugenzi wa Wafanyakazi
Mtaalamu wa Wafanyakazi
Meneja wa Wafanyakazi
Afisa wa Wafanyakazi
Msajili wa Wafanyakazi
Mwakilishi wa Wafanyakazi
Msimamizi wa Wafanyakazi
Mfanyakazi wa Wafanyakazi
Mkufunzi wa Ujuzi","mkurugenzi wa rasilimali watu
afisa rasilimali watu
mwakilishi wa rasilimali watu
mwakilishi wa rasilimali watu
msimamizi wa rasilimali watu
mfanyakazi wa rasilimali watu
mpangaji wa rasilimali watu
mkufunzi wa umahiri
afisa rasilimali watu
mkurugenzi wa rasilimali watu
afisa rasilimali watu
mwakilishi wa rasilimali watu
mwakilishi wa rasilimali watu
msimamizi wa rasilimali watu
mfanyakazi wa rasilimali watu
kocha wa mafunzo ya maisha
msimamizi wa wafanyakazi
msaidizi wa wafanyakazi
mtaalamu wa maendeleo ya wafanyakazi
mkurugenzi wa wafanyakazi
mtaalamu wa wafanyakazi
meneja wa wafanyakazi
afisa wa wafanyakazi
mwuguzi wa wafanyakazi
mwakilishi wa wafanyakazi
mwakilishi wa wafanyakazi
msimamizi wa wafanyakazi
mfanyakazi wa wafanyakazi
mkufunzi wa ujuzi","mkurugenzi wa HR
afisa wa HR
mwakilishi wa HR
msimamizi wa HR
mfanyakazi wa HR
mpangaji wa mtaji wa binadamu
mkufunzi wa umahiri
afisa wa rasilimali watu
mkurugenzi wa rasilimali watu
mwakilishi wa rasilimali watu
msimamizi wa rasilimali watu
mfanyakazi wa rasilimali watu
kocha wa elimu ya maisha yote
msimamizi wa wafanyakazi
msaidizi wa wafanyakazi
mtaalamu wa maendeleo ya wafanyakazi
mkurugenzi wa wafanyakazi
mtaalamu wa wafanyakazi
meneja wa wafanyakazi
afisa wa wafanyakazi
mtafuta wafanyakazi
mwakilishi wa wafanyakazi
mfanyakazi wa wafanyakazi
mkufunzi wa ujuzi","mkurugenzi wa HR
afisa wa HR
mwakilishi wa HR
mwakilishi wa HR
msimamizi wa HR
mfanyakazi wa HR
Mpanaji wa Mtaji wa Kibinadamu
mkufunzi wa umahiri
afisa rasilimali watu
mkurugenzi wa rasilimali watu
afisa rasilimali watu
mwakilishi wa rasilimali watu
mwakilishi wa rasilimali watu
msimamizi wa rasilimali watu
mfanyakazi wa rasilimali watu
kocha wa ujifunzaji wa maisha yote
msimamizi wa wafanyakazi
msaidizi wa wafanyakazi
mtaalamu wa maendeleo ya wafanyakazi
mkurugenzi wa wafanyakazi
mtaalamu wa wafanyakazi
meneja wa wafanyakazi
afisa wa wafanyakazi
mwajiri wa wafanyakazi
mwakilishi wa wafanyakazi
mwakilishi wa wafanyakazi
msimamizi wa wafanyakazi
mfanyakazi wa wafanyakazi
mkufunzi wa ujuzi"
687671c1ebd2bf665349e39d,http://data.europa.eu/esco/occupation/50b41847-6dad-4a2e-9427-a0374c2963fd,stage machinist,fundi mitambo wa jukwaa,Fundi Mitambo wa Jukwaa,fundi mitambo wa jukwaani,fundi mitambo ya jukwaa,"Stage machinists manipulate sets and other elements in a performance based on the artistic or creative concept, in interaction with the performers. Their work is influenced by and influences the results of other operators. Therefore, the stage machinists work closely together with the designers, operators and performers. Stage machinists prepare and perform the setup, execute changeovers and operate manual fly bar systems. Their work is based on plans, instructions and calculations.","Mafundi mitambo wa jukwaa huendesha seti na vipengele vingine katika onyesho kulingana na dhana ya kisanii au ubunifu, kwa kushirikiana na waigizaji. Kazi yao huathiriwa na na huathiri matokeo ya waendeshaji wengine. Kwa hivyo, mafundi mitambo wa jukwaa hufanya kazi kwa karibu na wabunifu, waendeshaji na waigizaji. Mafundi mitambo wa jukwaa huandaa na kufanya usanidi, kutekeleza mabadiliko na kuendesha mifumo ya mikono ya baa za kuruka. Kazi yao inategemea mipango, maelekezo na mahesabu.","Mafundi mitambo wa jukwaa hudhibiti seti na vifaa vingine katika onyesho kulingana na dhana ya kisanii au ubunifu, wakishirikiana na waigizaji. Kazi yao huathiriwa na pia huathiri matokeo ya waendeshaji wengine. Kwa hivyo, mafundi mitambo wa jukwaa hufanya kazi kwa karibu na wabunifu, waendeshaji na waigizaji. Mafundi mitambo wa jukwaa huandaa na kufanya usanidi, hutekeleza mabadiliko ya mandhari na huendesha mifumo ya manuali ya pau za kurushia vitu. Kazi yao inategemea mipango, maelekezo na mahesabu.","Mafundi mitambo wa jukwaani huendesha seti na vipengele vingine katika onyesho kulingana na dhana ya kisanii au ubunifu, kwa kushirikiana na waigizaji. Kazi yao huathiriwa na na huathiri matokeo ya waendeshaji wengine. Kwa hivyo, mafundi mitambo wa jukwaani hufanya kazi kwa karibu na wabunifu, waendeshaji na waigizaji. Mafundi mitambo wa jukwaani huandaa na kufanya usanidi, kutekeleza mabadiliko na kuendesha mifumo ya mwongozo ya kamba za kurushia. Kazi yao inategemea mipango, maelekezo na hesabu.","Mafundi mitambo ya jukwaa huendesha seti na vipengele vingine katika onyesho kulingana na dhana ya kisanii au kibunifu, kwa kushirikiana na waigizaji. Kazi yao huathiriwa na na huathiri matokeo ya waendeshaji wengine. Kwa hivyo, mafundi mitambo ya jukwaa hufanya kazi kwa karibu na wabunifu, waendeshaji na waigizaji. Mafundi mitambo ya jukwaa huandaa na kufanya usanidi, kutekeleza mabadiliko na kuendesha mifumo ya pau za kupaa kwa mkono. Kazi yao inategemea mipango, maelekezo na hesabu.","Fundi wa Mfumo wa Kurusha Vitu
Fundi Mitambo wa Jukwaa
Fundi wa Jukwaa na Taa
Fundi Mitambo wa Theata
Msimamizi wa Mitambo ya Seti
Mwendeshaji wa Mfumo wa Kurusha Vitu
Mhamishaji Mandhari
Fundi wa Taa na Jukwaa
Mwendeshaji wa Vitu Vinavyorushwa
Fundi wa Seti
Mwendeshaji wa Kamba za Jukwaa
Fundi Mkuu wa Jukwaa","fundi wa mfumo wa kupaa
fundi mitambo ya jukwaa
fundi wa jukwaa na taa
fundi mitambo wa ukumbi wa michezo
msimamizi wa mitambo ya seti
mwendeshaji wa mfumo wa kupaa
fundi mitambo wa ukumbi wa michezo
fundi wa jukwaa na taa
fundi mitambo wa ukumbi wa michezo
fundi mitambo wa ukumbi wa michezo
fundi mitambo ya jukwaa
mbadilisha mandhari
fundi wa taa na jukwaa
mwendeshaji wa kupaa
fundi wa seti
fundi wa taa na jukwaa
mwendesha mfumo wa kupaa
mkuu wa mafundi wa jukwaa","fundi wa mfumo wa kuruka
fundi mitambo wa jukwaa
fundi wa jukwaa na mwanga
fundi mitambo wa ukumbi
msimamizi wa ufundi wa seti
mwendeshaji wa mfumo wa kuruka
fundi mitambo wa ukumbi wa michezo
mhamisha mandhari
fundi wa mwanga na jukwaa
mwendeshaji wa kuruka
fundi wa seti
mwendeshaji wa kamba za jukwaa
mkuu wa mafundi wa jukwaa","fundi wa mfumo wa kurusha
fundi mitambo wa jukwaani
fundi wa jukwaa na mwanga
fundi makenika wa ukumbi wa michezo
msimamizi wa makenika wa seti
opereta wa mfumo wa kurusha
fundi mitambo wa ukumbi wa michezo
fundi wa jukwaa na mwanga
fundi makenika wa ukumbi wa michezo
fundi mitambo wa ukumbi wa michezo
fundi makenika wa jukwaani
mhamisha mandhari
fundi wa mwanga na jukwaa
opereta wa kurusha
fundi wa seti
fundi wa mwanga na jukwaa
mwendeshaji wa kamba za jukwaani
mkuu wa mafundi wa jukwaani"
687671c1ebd2bf665349e5fa,http://data.europa.eu/esco/occupation/7f35043b-ebb5-40bf-9974-46a29915f6bf,book-sewing machine operator,opereta wa mashine ya kushona vitabu,Mwendeshaji wa Mashine ya Kushonea Vitabu,opereta wa mashine ya kushona vitabu,mwendeshaji wa mashine ya kushona vitabu,Book-sewing machine operators tend a machine that stitches paper together to form a volume. They check that signatures are inserted the right way and the machine does not jam.,Waendeshaji wa mashine ya kushona vitabu huhudumia mashine inayoshona karatasi pamoja ili kuunda kitabu. Wanakagua kuwa saini zimeingizwa kwa njia sahihi na mashine haikwami.,Waendeshaji wa mashine ya kushonea vitabu huhudumia mashine inayoshona karatasi pamoja kuunda kitabu. Wao huhakikisha kuwa kurasa zilizokunjwa zimewekwa ipasavyo na mashine haikwami.,Waendeshaji wa mashine za kushona vitabu huangalia mashine inayounganisha karatasi pamoja ili kuunda kitabu. Wanahakikisha kuwa saini zimeingizwa kwa njia sahihi na mashine haikwami.,Waendeshaji wa mashine ya kushona vitabu husimamia mashine inayoshona karatasi pamoja ili kuunda buku. Wao hukagua kwamba kurasa zimeingizwa kwa njia sahihi na mashine haijakwama.,"Mshonaji, Ujalidi wa Vitabu
Mwendeshaji wa Mashine ya Kushonea Vitabu
Mtaalamu wa Mashine ya Kushonea Vitabu
Fundi wa Mashine ya Kushonea Vitabu
Mhudumu wa Mashine ya Kushonea Vitabu
Mshonaji Karatasi
Mwendeshaji wa Mashine ya Kushona Karatasi
Mtaalamu wa Mashine ya Kushona Karatasi
Fundi wa Mashine ya Kushona Karatasi
Mwendeshaji wa Mashine ya Kushona
Mwendeshaji wa Mashine ya Kushonea Vitabu kwa Uzi
Mtaalamu wa Mashine ya Kushonea Vitabu kwa Uzi
Fundi wa Mashine ya Kushonea Vitabu kwa Uzi
Mhudumu wa Mashine ya Kushonea Vitabu kwa Uzi","mshonaji, ujalidi wa vitabu
mwendeshaji wa mashine ya kushona vitabu
mtaalamu wa mashine ya kushona vitabu
fundi wa mashine ya kushona vitabu
msimamizi wa mashine ya kushona vitabu
mshonaji wa karatasi
mwendeshaji wa mashine ya kushona karatasi
mtaalamu wa mashine ya kushona karatasi
fundi wa mashine ya kushona karatasi
mwendeshaji wa mashine ya kushona
mwendeshaji wa mashine ya kushona vitabu kwa uzi
mtaalamu wa mashine ya kushona vitabu kwa uzi
fundi wa mashine ya kushona vitabu kwa uzi
mwendeshaji wa mashine ya kushona vitabu kwa uzi
msimamizi wa mashine ya kushona vitabu kwa uzi","Mshonaji, ujalada wa vitabu
opereta wa mashine ya kushona vitabu
mtaalamu wa mashine ya kushona vitabu
fundi wa mashine ya kushona vitabu
mhudumu wa mashine ya kushona vitabu
mshonaji karatasi
opereta wa mashine ya kushona karatasi
mtaalamu wa mashine ya kushona karatasi
fundi wa mashine ya kushona karatasi
opereta wa mashine ya kushona
opereta wa mashine ya kushona vitabu kwa uzi
mtaalamu wa mashine ya kushona vitabu kwa uzi
fundi wa mashine ya kushona vitabu kwa uzi
mhudumu wa mashine ya kushona vitabu kwa uzi","Mshonaji, ujalidi wa vitabu
opereta wa mashine ya kushona vitabu
mtaalamu wa mashine ya kushona vitabu
fundi wa mashine ya kushona vitabu
mwangalizi wa mashine ya kushona vitabu
mshonaji wa karatasi
opereta wa mashine ya kushona karatasi
mtaalamu wa mashine ya kushona karatasi
fundi wa mashine ya kushona karatasi
opereta wa mashine ya kushona
opereta wa mashine ya kushona vitabu kwa uzi
mtaalamu wa mashine ya kushona vitabu kwa uzi
fundi wa mashine ya kushona vitabu kwa uzi
opereta wa mashine ya kushona vitabu kwa uzi
mwangalizi wa mashine ya kushona vitabu kwa uzi"
687671c1ebd2bf665349e0ff,http://data.europa.eu/esco/occupation/ec2c0655-5ba0-4cc8-860a-977f73b37f34,subtitler,mtaalamu wa manukuu,Mwandishi wa Manukuu,mtaalamu wa manukuu,mwandishi wa manukuu,"Subtitlers can work intralingually, within the same language, or interlingually, across languages. Intralingual subtitlers create the subtitles for hearing-impaired viewers, whereas interlingual subtitlers create the subtitles for movies or television programmes in a different language to the one heard in the audiovisual production. They both ensure that the captions and subtitles are synchronised with the sound, images and dialogue of the audiovisual work.","Wataalamu wa manukuu wanaweza kufanya kazi ndani ya lugha moja, au kati ya lugha tofauti. Wataalamu wa manukuu ya lugha moja huunda manukuu kwa ajili ya watazamaji wenye ulemavu wa kusikia, ilhali wataalamu wa manukuu ya lugha tofauti huunda manukuu ya filamu au vipindi vya televisheni katika lugha tofauti na ile inayosikika katika uzalishaji wa sauti na picha. Wote wawili huhakikisha kuwa manukuu yanasawazishwa na sauti, picha na mazungumzo ya kazi ya sauti na picha.","Waandishi wa manukuu wanaweza kufanya kazi ndani ya lugha moja, au kati ya lugha tofauti. Waandishi wa manukuu wa lugha moja huunda manukuu kwa ajili ya watazamaji wenye ulemavu wa kusikia, ilhali waandishi wa manukuu wa lugha tofauti huunda manukuu ya filamu au vipindi vya televisheni katika lugha tofauti na ile inayosikika katika kazi hiyo ya sauti na picha. Wote huhakikisha kuwa maelezo na manukuu yanaenda sambamba na sauti, picha na mazungumzo ya kazi hiyo ya sauti na picha.","Wataalamu wa manukuu wanaweza kufanya kazi ndani ya lugha moja, au kati ya lugha tofauti. Wataalamu wa manukuu ya lugha moja huunda manukuu kwa ajili ya watazamaji wenye matatizo ya kusikia, ilhali wataalamu wa manukuu ya lugha tofauti huunda manukuu ya filamu au vipindi vya televisheni katika lugha tofauti na ile inayosikika katika uzalishaji wa sauti na picha. Wote wawili huhakikisha kuwa maelezo na manukuu yanaoana na sauti, picha na mazungumzo ya kazi ya sauti na picha.","Waandishi wa manukuu wanaweza kufanya kazi ndani ya lugha moja, au kati ya lugha tofauti. Waandishi wa manukuu ya lugha moja huunda manukuu kwa ajili ya watazamaji wenye ulemavu wa kusikia, ilhali waandishi wa manukuu ya lugha tofauti huunda manukuu ya filamu au vipindi vya televisheni katika lugha tofauti na ile inayosikika katika uzalishaji wa sauti na picha. Wote wawili huhakikisha kwamba maelezo na manukuu yameoanishwa na sauti, picha na mazungumzo ya kazi hiyo ya sauti na picha.","Mhariri wa Manukuu Fichwa
Mwandishi wa Manukuu na Manukuu ya Juu
Mwandishi wa Maelezo
Mwandishi wa Manukuu
Mtoa Huduma wa CART
Waandishi wa Manukuu
Mwandishi wa Manukuu Mubashara
Mrekebishaji wa Manukuu
Mhariri wa Maelezo
Mwandishi/Mrekebishaji wa Manukuu
Mwandishi wa Manukuu ya Video
Mwandishi wa Manukuu ya Filamu","mhariri wa manukuu yaliyofichika
mwandishi wa manukuu na manukuu ya juu
mweka manukuu
mwandishi wa manukuu
mtoa huduma ya CART
waandishi wa manukuu
mwandishi wa manukuu ya moja kwa moja
mtohozi wa manukuu
mhariri wa manukuu
mwandishi/mtohozi wa manukuu
mwandishi wa manukuu ya video
mwandishi wa manukuu
mwandishi wa manukuu ya filamu
mtohozi wa manukuu
mwandishi/mtohozi wa manukuu","mhariri wa manukuu yaliyofungwa
mtaalamu wa manukuu na surtitler
mtoa manukuu
mtaalamu wa manukuu
mtoa huduma wa CART
wataalamu wa manukuu
mtaalamu wa manukuu ya moja kwa moja
mrekebishaji wa manukuu
mhariri wa manukuu
mtaalamu wa manukuu/mrekebishaji
mtaalamu wa manukuu ya video
mwandishi wa manukuu
mtaalamu wa manukuu ya filamu","mhariri wa manukuu yaliyofungwa
mtaalamu wa manukuu ya chini na ya juu
mwandishi wa manukuu
mtaalamu wa manukuu
mtoa huduma wa CART
wataalamu wa manukuu
mtaalamu wa manukuu ya moja kwa moja
mrekebishaji wa manukuu
mhariri wa manukuu
mtaalamu wa manukuu/mrekebishaji
mtaalamu wa manukuu ya video
mwandishi wa manukuu
mtaalamu wa manukuu ya filamu
mrekebishaji wa manukuu
mtaalamu wa manukuu/mrekebishaji"
687671c0ebd2bf665349dcb4,http://data.europa.eu/esco/occupation/4f49df98-98b8-4a9e-98ad-9c5557817eba,strategic planning manager,meneja wa mipango mkakati,Meneja wa Mipango Mkakati,meneja wa mipango ya kimkakati,meneja wa mipango mikakati,"Strategic planning managers create, together with a team of managers, the strategic plans of the company as a whole, and provide coordination in the implementation per department. They help to interpret the overall plan and create a detailed plan for each one of the departments and branches. They ensure consistency in the implementation.","Meneja wa mipango mkakati huunda, pamoja na timu ya mameneja, mipango mkakati ya kampuni kwa ujumla, na kutoa uratibu katika utekelezaji kwa kila idara. Wanasaidia kutafsiri mpango mkuu na kuunda mpango wa kina kwa kila moja ya idara na matawi. Wanahakikisha uthabiti katika utekelezaji.","Meneja wa mipango mkakati, kwa kushirikiana na timu ya wasimamizi, huandaa mipango mkakati ya kampuni kwa ujumla, na huratibu utekelezaji wake katika kila idara. Wao husaidia kutafsiri mpango mkuu na kuandaa mpango wa kina kwa kila idara na tawi. Wanahakikisha uwiano katika utekelezaji.","Mameneja wa mipango ya kimkakati huunda, pamoja na timu ya mameneja, mipango ya kimkakati ya kampuni kwa ujumla, na kutoa uratibu katika utekelezaji kwa kila idara. Wanasaidia kutafsiri mpango mkuu na kuunda mpango wa kina kwa kila moja ya idara na matawi. Wanahakikisha uthabiti katika utekelezaji.","Mameneja wa mipango mikakati huunda, pamoja na timu ya mameneja, mipango mikakati ya kampuni kwa ujumla, na kutoa uratibu katika utekelezaji kwa kila idara. Wanasaidia kutafsiri mpango wa jumla na kuunda mpango wa kina kwa kila moja ya idara na matawi. Wanahakikisha uthabiti katika utekelezaji.","Meneja wa Mkakati na Usimamizi wa Mabadiliko
Meneja wa Mipango na Maendeleo
Mkurugenzi wa mipango ya mwendelezo wa biashara
Mkurugenzi wa mkakati wa mwendelezo wa biashara
Mtaalamu wa mikakati ya shirika
Mtaalamu wa ubunifu na mikakati
Meneja wa mipango
Meneja wa mipango mkakati ya biashara
Meneja wa maendeleo ya kimkakati
Meneja wa mikakati
Meneja wa Mipango Mkakati
Mshauri wa mikakati
Meneja wa mikakati","Meneja wa Mikakati na Usimamizi wa Mabadiliko
Meneja wa Mipango na Maendeleo
mkurugenzi wa mipango ya mwendelezo wa biashara
mkurugenzi wa mikakati ya mwendelezo wa biashara
mtaalamu wa mikakati ya shirika
mtaalamu wa ubunifu na mikakati
meneja wa mipango
meneja wa mipango mikakati ya biashara
meneja wa maendeleo ya kimikakati
meneja wa mikakati
meneja wa mipango mikakati
mshauri wa mikakati
meneja wa mikakati","Meneja wa Mkakati na Usimamizi wa Mabadiliko
Meneja, Mipango na Maendeleo
mkurugenzi wa mipango ya uendelevu wa biashara
mkurugenzi wa mkakati wa uendelevu wa biashara
mwanamkakati wa shirika
mtaalamu wa uvumbuzi na mkakati
meneja wa mipango
meneja wa mipango mkakati ya biashara
meneja wa maendeleo ya kimkakati
meneja mkakati
meneja wa mipango mkakati
mshauri wa mkakati
meneja wa mkakati","Meneja wa Mikakati na Usimamizi wa Mabadiliko
Meneja, Mipango na Maendeleo
mkurugenzi wa mipango ya uendelevu wa biashara
mkurugenzi wa mkakati wa uendelevu wa biashara
mwanamikakati wa shirika
mtaalamu wa uvumbuzi na mkakati
meneja wa mipango
meneja wa mipango ya biashara ya kimkakati
meneja wa maendeleo ya kimkakati
meneja wa kimkakati
meneja wa mipango ya kimkakati
mshauri wa mkakati
meneja wa mkakati"
687671c1ebd2bf665349defb,http://data.europa.eu/esco/occupation/9b889f07-c39c-464d-b9d9-b2daa650f9ac,specialised doctor,daktari bingwa,Daktari Bingwa,daktari bingwa,daktari bingwa,"Specialised doctors prevent, diagnose and treat diseases depending on their medical or surgical specialty.","Madaktari bingwa huzuia, hupima na kutibu magonjwa kulingana na utaalamu wao wa matibabu au upasuaji.","Madaktari bingwa huzuia, hugundua na kutibu magonjwa kulingana na utaalamu wao wa kitabibu au upasuaji.","Madaktari bingwa huzuia, hugundua na kutibu magonjwa kulingana na utaalamu wao wa matibabu au upasuaji.","Madaktari bingwa huzuia, hutambua na kutibu magonjwa kulingana na ubingwa wao wa kimatibabu au wa upasuaji.","Daktari Bingwa wa Magonjwa ya Moyo
Daktari Bingwa wa Upasuaji wa Moyo na Kifua
Afisa Tabibu Mtaalamu, Magonjwa ya Figo
Afisa Tabibu Mtaalamu wa Magonjwa ya Watoto na Afya ya Mtoto
Afisa Tabibu Mtaalamu, Nusu Kaputi
Afisa Tabibu Mtaalamu, Magonjwa ya Moyo
Afisa Tabibu Mtaalamu, Magonjwa ya Kifua
Afisa Tabibu Mtaalamu, Magonjwa ya Ngozi na Zinaa
Afisa Tabibu Mtaalamu, Upasuaji wa Sikio, Pua, Kichwa na Shingo
Afisa Tabibu Mtaalamu, Saratani na Huduma za Faraja
Afisa Tabibu Mtaalamu, Magonjwa ya Macho
Afisa Tabibu Mtaalamu, Mifupa na Majeraha
Daktari Bingwa wa Magonjwa ya Ngozi
Daktari Bingwa wa Masikio, Pua na Koo
Daktari Bingwa wa Mfumo wa Homoni
Daktari Bingwa wa Mfumo wa Mmeng'enyo wa Chakula
Daktari Bingwa wa Magonjwa ya Wanawake
Daktari Bingwa wa Magonjwa ya Kuambukiza
Daktari Bingwa wa Magonjwa ya Figo
Daktari Bingwa wa Uzazi
Daktari wa Afya Kazini
Daktari Bingwa wa Saratani
Daktari Bingwa wa Magonjwa ya Macho
Daktari Bingwa wa Upasuaji wa Mifupa
Daktari Bingwa wa Magonjwa ya Akili
Daktari wa Afya ya Umma
Daktari Bingwa wa Magonjwa ya Mapafu
Daktari Bingwa wa Magonjwa ya Viungo
Daktari Bingwa (Tiba ya Magonjwa ya Ndani)
Daktari wa Upasuaji
Daktari Bingwa wa Mfumo wa Mkojo
Daktari Bingwa
Daktari Bingwa","Daktari bingwa wa moyo
Daktari mpasuaji wa kifua na moyo
Afisa Tabibu Bingwa, Figo
Afisa Tabibu Bingwa, Watoto na Afya ya Mtoto
Afisa Tabibu Bingwa, Nusu Kaputi
Afisa Tabibu Bingwa, Moyo
Afisa Tabibu Bingwa, Magonjwa ya Kifua
Afisa Tabibu Bingwa, Ngozi na Magonjwa ya Zinaa
Afisa Tabibu Bingwa, Upasuaji wa Masikio, Pua, Kichwa na Shingo
Afisa Tabibu Bingwa, Saratani na Huduma za Utulizaji Maumivu
Afisa Tabibu Bingwa, Macho
Afisa Tabibu Bingwa, Mifupa na Majeraha
Daktari bingwa wa ngozi
Daktari bingwa wa masikio, pua na koo
Daktari bingwa wa homoni
Daktari bingwa wa mfumo wa mmeng'enyo
Daktari bingwa wa magonjwa ya wanawake
Daktari bingwa wa magonjwa ya kuambukiza
Daktari bingwa wa figo
Daktari bingwa wa uzazi
Daktari wa afya mahali pa kazi
Daktari bingwa wa saratani
Daktari bingwa wa macho
Daktari mpasuaji wa mifupa
Daktari bingwa wa afya ya akili
Daktari wa afya ya jamii
Daktari bingwa wa mapafu
Daktari bingwa wa baridi yabisi
Daktari Bingwa (Magonjwa ya Ndani)
Daktari mpasuaji
Daktari bingwa wa mfumo wa mkojo
daktari bingwa
daktari bingwa","Bingwa wa Moyo
Mpasuaji wa Moyo na Kifua
Ofisa wa Kliniki Bingwa, Nefrolojia
Ofisa wa Kliniki Bingwa wa Paediatrics na Afya ya Mtoto
Ofisa wa Kliniki Bingwa, Anesthesia
Ofisa wa Kliniki Bingwa, Kadiolojia
Ofisa wa Kliniki Bingwa, Tiba ya Kifua
Ofisa wa Kliniki Bingwa, Dermato-venereology
Ofisa wa Kliniki Bingwa, Upasuaji wa Masikio, Pua, Kichwa na Shingo
Ofisa wa Kliniki Bingwa, Onkolojia na Huduma ya Palliative
Ofisa wa Kliniki Bingwa, Ofthalmolojia
Ofisa wa Kliniki Bingwa, Orthopaedics na Trauma
Bingwa wa Ngozi
Bingwa wa ENT
Bingwa wa Endokrini
Bingwa wa Gastroenterolojia
Bingwa wa Magonjwa ya Wanawake
Bingwa wa magonjwa ya kuambukiza
Bingwa wa Figo
Bingwa wa Uzazi
Tabibu wa Kazini
Bingwa wa Saratani
Bingwa wa Macho
Mpasuaji wa Mifupa
Daktari wa Akili
Tabibu wa Afya ya Jamii
Bingwa wa Mapafu
Bingwa wa Rumatizimu
Tabibu Bingwa (Tiba ya Ndani)
Mpasuaji
Bingwa wa Mfumo wa Mkojo
daktari bingwa
daktari aliyebobea","Daktari wa Moyo
Mpasuaji wa Moyo na Kifua
Afisa Tabibu Bingwa, Nefrolojia
Afisa Tabibu Bingwa wa Watoto na Afya ya Mtoto
Afisa Tabibu Bingwa, Anesthesia
Afisa Tabibu Bingwa, Kadiolojia
Afisa Tabibu Bingwa, Tiba ya Kifua
Afisa Tabibu Bingwa, Magonjwa ya Ngozi na Zinaa
Afisa Tabibu Bingwa, Upasuaji wa Masikio, Pua, Kichwa na Shingo
Afisa Tabibu Bingwa, Onkolojia na Huduma ya Palliative
Afisa Tabibu Bingwa, Ofthalmolojia
Afisa Tabibu Bingwa, Ortopediki na Jeraha
Daktari wa Ngozi
Bingwa wa ENT
Daktari wa Tezi
Daktari wa Mfumo wa Chakula
Daktari wa Wanawake
Mtaalamu wa magonjwa ya kuambukiza
Daktari wa Figo
Daktari wa Uzazi
Daktari wa Afya ya Kazini
Daktari wa Saratani
Daktari wa Macho
Mpasuaji wa Mifupa
Daktari wa Akili
Daktari wa Afya ya Jamii
Daktari wa Mapafu
Daktari wa Viungo
Daktari Bingwa (Tiba ya Ndani)
Mpasuaji
Daktari wa Mfumo wa Mkojo
daktari bingwa
daktari aliyebobea"
687671c1ebd2bf665349e78b,http://data.europa.eu/esco/occupation/ac401ec0-7ce0-423f-b8b5-167da9e046a7,fibre machine tender,msimamizi wa mashine ya nyuzi,Opereta wa Mashine ya Nyuzi,mhudumu wa mashine ya nyuzi,mhudumu wa mashine ya nyuzi,Fibre machine tenders operate and maintain extrusion machines that form sliver from filaments. They work with synthetic materials such as fiberglass or liquid polymer or non-synthetic materials such as rayon.,Wasimamizi wa mashine ya nyuzi huendesha na kudumisha mashine za kutoa ambazo hutengeneza kamba kutoka kwa nyuzi ndogo. Wanafanya kazi na vifaa vya sanisi kama vile kioo cha nyuzi au polima ya majimaji au vifaa visivyo vya sanisi kama vile rayoni.,Opereta wa mashine za nyuzi huendesha na kutunza mashine za kutoa ambazo huunda uzi mrefu kutoka kwenye nyuzi ndogo. Wanafanya kazi na vifaa vya kutengenezwa kama vile nyuzi za glasi au polima ya kimiminika au vifaa visivyo vya kutengenezwa kama vile reoni.,Wahudumu wa mashine ya nyuzi huendesha na kudumisha mashine za kutoa ambazo hutengeneza kamba kutoka kwa nyuzi. Wanafanya kazi na vifaa vya sanisi kama vile kioo cha nyuzi au polima ya majimaji au vifaa visivyo vya sanisi kama vile rayoni.,Wahudumu wa mashine za nyuzi huendesha na kutunza mashine za kufinyanga ambazo huunda utando kutoka kwa nyuzi. Wanafanya kazi na nyenzo za sintetiki kama vile nyuzi za kioo au polima ya majimaji au nyenzo zisizo za sintetiki kama vile hariri bandia.,"Mfunguaji, nyuzi: nguo
Mrekebishaji wa mashine ya kutoa na kuumba
Mrekebishaji wa mashine ya kutoa
Opereta wa mashine ya kutoa nyuzi
Mfanyakazi wa mashine ya nyuzi
Mhudumu wa mashine ya nyuzi
Mfanyakazi wa mashine ya nyuzi
Opereta wa mashine ya nyuzi
Opereta wa Mashine ya Nyuzi
Mrekebishaji wa mashine ya kuumba
Opereta wa mashine ya nyuzi za glasi
Mhudumu wa mashine ya nyuzi fupi
Mhudumu wa mashine ya nyuzi fupi","Mfunguaji, nyuzi: nguo
mweka mashine ya kufinyanga na kuunda
mweka mashine ya kufinyanga
mwendesha mashine ya kufinyanga nyuzi
mfanyakazi wa mashine ya nyuzi
mhudumu wa mashine ya nyuzi
mfanyakazi wa mashine ya nyuzi
mwendesha mashine ya nyuzi
mhudumu wa mashine ya nyuzi
mweka mashine ya kuunda
mwendesha mashine ya nyuzi za kioo
mhudumu wa mashine ya nyuzi fupi
mhudumu wa mashine ya nyuzi fupi","Mfunguaji, nyuzi: nguo
mpangaji wa mashine ya kutoa na kutengeneza
mpangaji wa mashine ya kutoa
opereta wa mashine ya kutoa nyuzi
mtendaji wa mashine ya nyuzi
msimamizi wa mashine ya nyuzi
opereta wa mashine ya nyuzi
mpangaji wa mashine ya kutengeneza
opereta wa mashine ya nyuzi za kioo
msimamizi wa mashine ya nyuzi fupi","Mfunguaji, nyuzi: nguo
mrekebishaji wa mashine ya kutoa na kutengeneza
mrekebishaji wa mashine ya kutoa
oipareta wa mashine ya kutoa nyuzi
mfanyakazi wa mashine ya nyuzi
mhudumu wa mashine ya nyuzi
mfanyakazi wa mashine ya nyuzi
oipareta wa mashine ya nyuzi
mhudumu wa mashine ya nyuzi
mrekebishaji wa mashine ya kutengeneza
oipareta wa mashine ya nyuzi za kioo
mhudumu wa mashine ya nyuzi fupi
mhudumu wa mashine ya nyuzi fupi"
687671c1ebd2bf665349e35e,http://data.europa.eu/esco/occupation/11695786-9fb7-4895-b161-0480419107e4,sports instructor,mkufunzi wa michezo,Mkufunzi wa Michezo,mkufunzi wa michezo,mkufunzi wa michezo,"Sports instructors introduce people to a sport and teach them the skills required for the performance of sport. They have a strong grip on one or more sports, which are often adventure sports, and know how to motivate others and share with them the enjoyment of the activity.","Wakufunzi wa michezo huwatambulisha watu kwenye mchezo na kuwafundisha ujuzi unaohitajika kwa ajili ya utendaji wa mchezo. Wana ujuzi thabiti wa mchezo mmoja au zaidi, ambayo mara nyingi ni michezo ya matukio, na wanajua jinsi ya kuwahamasisha wengine na kushiriki nao furaha ya shughuli hiyo.","Wakufunzi wa michezo huwatambulisha watu kwenye mchezo na kuwafundisha ujuzi unaohitajika ili kuucheza. Wana uelewa wa kina wa mchezo mmoja au zaidi, ambayo mara nyingi huwa ni michezo ya kusisimua, na wanajua jinsi ya kuwatia moyo wengine na kushiriki nao furaha ya shughuli hiyo.","Wakufunzi wa michezo huwatambulisha watu kwenye mchezo na kuwafundisha ujuzi unaohitajika kwa ajili ya utendaji wa mchezo. Wana uelewa mzuri wa mchezo mmoja au zaidi, ambayo mara nyingi ni michezo ya matukio, na wanajua jinsi ya kuwahamasisha wengine na kushiriki nao furaha ya shughuli hiyo.","Wakufunzi wa michezo huanzisha watu kwenye mchezo na kuwafundisha ujuzi unaohitajika kwa utendaji wa mchezo huo. Wana umahiri mkubwa kwenye mchezo mmoja au zaidi, ambayo mara nyingi ni michezo ya kusisimua, na wanajua jinsi ya kuhamasisha wengine na kushiriki nao furaha ya shughuli hiyo.","Mkufunzi wa tenisi
Mkufunzi wa Michezo
Mkufunzi wa polo
Mwalimu wa skii
Mkufunzi wa kuogelea
Mwalimu wa kuogelea
Mkufunzi wa ubao wa theluji
Mkufunzi wa skii ya majini
Mkufunzi wa kuteleza kwa kishada
Mkufunzi wa kuteleza kwa upepo
Mwalimu wa gimnastiki
Mkufunzi wa skii
Mkufunzi wa michezo ya majini
Mwalimu wa tenisi
Mkufunzi wa kuteleza mawimbini
Mkufunzi wa ubao wa majini
Mkufunzi wa kuogelea
Mkufunzi wa mazoezi ya viungo
Mkufunzi wa hoki
Mkufunzi wa kayaki","mkufunzi wa tenisi
mkufunzi wa michezo
mkufunzi wa polo
mwalimu wa mchezo wa kuteleza kwenye theluji
mkufunzi wa kuogelea
mwalimu wa kuogelea
mkufunzi wa ubao wa theluji
mkufunzi wa kuteleza juu ya maji
mkufunzi wa kuteleza kwa kite
mkufunzi wa kuteleza kwa upepo
mwalimu wa sarakasi
mkufunzi wa kuteleza kwenye theluji
mkufunzi wa michezo ya majini
mwalimu wa tenisi
mkufunzi wa kuteleza kwenye mawimbi
mkufunzi wa wakeboard
mkufunzi wa kuogelea
mkufunzi wa mazoezi ya viungo
mkufunzi wa hoki
mkufunzi wa mtumbwi","mkufunzi wa tenisi
mkufunzi wa michezo
mkufunzi wa polo
mwalimu wa kuteleza kwenye theluji
mkufunzi wa kuogelea
mwalimu wa kuogelea
mkufunzi wa ubao wa theluji
mkufunzi wa kuteleza kwenye maji
mkufunzi wa kuteleza kwa kiti
mkufunzi wa kuteleza kwa upepo
mwalimu wa mazoezi ya viungo
mkufunzi wa kuteleza kwenye theluji
mkufunzi wa michezo ya majini
mwalimu wa tenisi
mkufunzi wa kuteleza kwenye mawimbi
mkufunzi wa kuteleza kwenye maji kwa ubao
mkufunzi wa mazoezi ya viungo
mkufunzi wa hoki
mkufunzi wa kayak","mkufunzi wa tenisi
mkufunzi wa michezo
mkufunzi wa polo
mwalimu wa kuteleza kwenye theluji
mkufunzi wa kuogelea
mwalimu wa kuogelea
mkufunzi wa ubao wa theluji
mkufunzi wa kuteleza kwenye maji
mkufunzi wa kuteleza kwa kiti cha upepo
mkufunzi wa kuteleza kwa upepo
mwalimu wa mazoezi ya viungo
mkufunzi wa kuteleza kwenye theluji
mkufunzi wa michezo ya majini
mwalimu wa tenisi
mkufunzi wa kuteleza kwenye mawimbi
mkufunzi wa wakeboard
mkufunzi wa kuogelea
mkufunzi wa mazoezi
mkufunzi wa hoki
mkufunzi wa kayak"
687671c1ebd2bf665349e1d0,http://data.europa.eu/esco/occupation/5baffa9d-1607-4665-be94-662bad26b9ff,distillery supervisor,msimamizi wa kiwanda cha kutengeneza pombe kali,Msimamizi wa Kiwanda cha Vinywaji Vikali,msimamizi wa kiwanda cha kutengeneza pombe kali,msimamizi wa kiwanda cha kunereka,Distillery supervisors coordinate the production processes comprised in the production of spirits and manage the workers engaged in the process. They verify distilled liquors being produced at specified amounts and proofs.,Wasimamizi wa kiwanda cha kutengeneza pombe kali huratibu michakato ya uzalishaji inayojumuisha uzalishaji wa vinywaji vikali na kusimamia wafanyakazi wanaohusika katika mchakato huo. Wanahakiki vinywaji vikali vilivyochujwa vinavyozalishwa kwa kiasi na viwango maalum vya kileo.,Wasimamizi wa viwanda vya vinywaji vikali huratibu michakato ya uzalishaji inayohusika katika utengenezaji wa pombe kali na kusimamia wafanyakazi wanaohusika katika mchakato huo. Wao huhakiki vinywaji vilivyokenekwa vinazalishwa kwa kiasi na viwango vya kileo vilivyobainishwa.,Wasimamizi wa kiwanda cha kutengeneza pombe kali huratibu michakato ya uzalishaji inayojumuisha uzalishaji wa vinywaji vikali na kusimamia wafanyakazi wanaohusika katika mchakato huo. Wanahakiki vinywaji vikali vilivyokenekwa vinavyozalishwa kwa kiasi na viwango maalum vya kileo.,Wasimamizi wa viwanda vya kunereka huratibu michakato ya uzalishaji inayohusika katika utengenezaji wa vileo kali na kusimamia wafanyakazi wanaohusika katika mchakato huo. Wanathibitisha vileo vilivyochujwa vinavyozalishwa kwa viwango na nguvu maalum.,"Msimamizi wa Kiwanda cha Vinywaji Vikali
Msimamizi wa Ukenekaji
Meneja wa Kiwanda cha Vinywaji Vikali","msimamizi wa kiwanda cha kunereka
msimamizi wa unerekaji
meneja wa kiwanda cha kunereka","msimamizi wa kiwanda cha kutengeneza pombe kali
msimamizi wa utengenezaji wa pombe kali
meneja wa kiwanda cha kutengeneza pombe kali","msimamizi wa kiwanda cha kutengeneza pombe kali
msimamizi wa ukenekaji
meneja wa kiwanda cha kutengeneza pombe kali"
687671c1ebd2bf665349e0fe,http://data.europa.eu/esco/occupation/da4589ce-7534-4cc1-9ce4-cabf9364b87c,localiser,mtaalamu wa ujanibishaji,Mjanibishaji,mjanibishaji,mjanibishaji,"Localisers translate and adapt texts to the language and culture of a specific target audience. They convert standard translation into locally understandable texts with flairs of the culture, sayings, and other nuances that make the translation richer and more meaningful for a cultural target group than it was before.","Wataalamu wa ujanibishaji hutafsiri na kurekebisha maandishi kulingana na lugha na utamaduni wa walengwa mahususi. Wanabadilisha tafsiri ya kawaida kuwa maandishi yanayoeleweka ndani ya eneo husika yenye vionjo vya utamaduni, misemo, na maana nyingine fiche zinazofanya tafsiri kuwa tajiri zaidi na yenye maana zaidi kwa kikundi cha kitamaduni kilichokusudiwa kuliko ilivyokuwa hapo awali.","Wajanibishaji hutafsiri na kubadilisha matini kulingana na lugha na utamaduni wa hadhira lengwa mahususi. Wao hubadilisha tafsiri ya kawaida kuwa matini zinazoeleweka kienyeji zikiwa na ladha ya utamaduni, misemo, na nuances nyingine zinazofanya tafsiri kuwa tajiri na yenye maana zaidi kwa kundi lengwa la kitamaduni kuliko ilivyokuwa awali.","Wajanibishaji hutafsiri na kutohoa maandishi kulingana na lugha na utamaduni wa walengwa mahususi. Wanabadilisha tafsiri ya kawaida kuwa maandishi yanayoeleweka ndani ya eneo husika kwa vionjo vya kitamaduni, misemo, na maana fiche nyingine zinazofanya tafsiri kuwa tajiri na yenye maana zaidi kwa kikundi cha kitamaduni kilichokusudiwa kuliko ilivyokuwa hapo awali.","Wajanibishaji hutafsiri na kurekebisha matini kulingana na lugha na utamaduni wa hadhira lengwa mahususi. Hubadilisha tafsiri ya kawaida kuwa matini inayoeleweka kijamii ikiwa na ladha ya utamaduni, misemo, na nuances nyingine zinazofanya tafsiri hiyo kuwa tajiri na yenye maana zaidi kwa kundi la kitamaduni lengwa kuliko ilivyokuwa awali.","Mjaribu michezo ya ujanibishaji
Mjaribu ubora wa mjanibishaji
Meneja mradi wa ujanibishaji
Mjaribu uhakiki wa ubora wa mjanibishaji
Mtafsiri wa ujanibishaji
Mjaribu wa ujanibishaji
Mjanibishaji
Mjanibishaji","mpimaji wa michezo ya ujanibishaji
mpimaji wa uhakikisho wa ubora wa mjanibishaji
meneja wa mradi wa ujanibishaji
mpimaji wa uhakikisho wa ubora wa mjanibishaji
mtafsiri wa ujanibishaji
mpimaji wa ujanibishaji
mjanibishaji
mjanibishaji","mjaribu wa michezo ya ujanibishaji
mjaribu wa QA wa ujanibishaji
meneja wa mradi wa ujanibishaji
mjaribu wa uhakiki wa ubora wa ujanibishaji
mtafsiri wa ujanibishaji
mjaribu wa ujanibishaji
mjanibishaji
mtaalamu wa ujanibishaji","mjaribu wa michezo ya ujanibishaji
mjaribu wa uhakiki wa ubora wa ujanibishaji
meneja wa mradi wa ujanibishaji
mjaribu wa uhakiki wa ubora wa ujanibishaji
mtafsiri wa ujanibishaji
mjaribu wa ujanibishaji
mjanibishaji
mjanibishaji"
687671c1ebd2bf665349df08,http://data.europa.eu/esco/occupation/0b2d3242-22a3-4de5-bd29-efd39cdf2c31,animal therapist,mtaalamu wa tiba ya wanyama,Mtaalamu wa tiba ya wanyama,mtaalamu wa tiba ya wanyama,mtaalamu wa tiba ya wanyama,Animal therapists provide a therapeutic treatment following veterinary diagnosis or referral.,Wataalamu wa tiba ya wanyama hutoa matibabu ya kibaolojia kufuatia utambuzi wa daktari wa mifugo au rufaa.,Wataalamu wa tiba ya wanyama hutoa matibabu ya terapia kufuatia utambuzi au rufaa ya daktari wa mifugo.,Wataalamu wa tiba ya wanyama hutoa matibabu ya kitherapia kufuatia utambuzi wa daktari wa wanyama au rufaa.,Wataalamu wa tiba ya wanyama hutoa matibabu ya kitiba kufuatia uchunguzi wa daktari wa mifugo au rufaa.,"Mtaalamu wa tiba ya urekebishaji wa wanyama
Mtaalamu wa tiba ya wanyama
Mtaalamu wa tiba ya urekebishaji wa wanyama
Wataalamu wa tiba ya wanyama
Mtaalamu wa tiba ya uponyaji wa wanyama","mtaalamu wa tiba ya ukarabati wa wanyama
mtaalamu wa tiba ya wanyama
mtaalamu wa tiba ya ukarabati wa wanyama
wataalamu wa tiba ya wanyama
mtaalamu wa tiba ya nafuu ya wanyama","mtaalamu wa tiba ya ukarabati wa wanyama
mtaalamu wa tiba ya wanyama
mtaalamu wa ukarabati wa wanyama
wataalamu wa tiba ya wanyama
mtaalamu wa tiba ya kupona kwa wanyama","mtaalamu wa tiba ya urekebishaji wa wanyama
mtaalamu wa tiba ya wanyama
mtaalamu wa tiba ya urekebishaji wa wanyama
wataalamu wa tiba ya wanyama
mtaalamu wa tiba ya kupona kwa wanyama"
687671c1ebd2bf665349dffd,http://data.europa.eu/esco/occupation/61053604-8091-4a8e-9c63-5151051722e3,healthcare consultant,mshauri wa huduma za afya,Mshauri wa huduma za afya,mshauri wa huduma za afya,mshauri wa huduma za afya,"Healthcare consultants advise health care organisations on the development of plans to improve patient care and safety. They analyse health care policies and identify issues, and aid in the development of improvement strategies.","Washauri wa huduma za afya hushauri mashirika ya huduma za afya kuhusu uandaaji wa mipango ya kuboresha huduma na usalama wa wagonjwa. Wanachambua sera za huduma za afya na kutambua masuala, na kusaidia katika uandaaji wa mikakati ya uboreshaji.","Washauri wa huduma za afya hushauri mashirika ya huduma za afya kuhusu uundaji wa mipango ya kuboresha utunzaji na usalama wa wagonjwa. Wao huchanganua sera za huduma za afya na kubainisha masuala, na kusaidia katika uundaji wa mikakati ya uboreshaji.","Washauri wa huduma za afya huzishauri taasisi za huduma za afya kuhusu uundaji wa mipango ya kuboresha huduma na usalama wa wagonjwa. Wanachambua sera za huduma za afya na kutambua changamoto, na kusaidia katika uundaji wa mikakati ya uboreshaji.","Washauri wa huduma za afya hushauri mashirika ya huduma za afya kuhusu uundaji wa mipango ya kuboresha huduma na usalama wa wagonjwa. Huchanganua sera za huduma za afya na kubainisha masuala, na kusaidia katika uundaji wa mikakati ya uboreshaji.","Mshauri wa usimamizi wa huduma za afya
Mshauri wa huduma za afya
Mshauri wa usimamizi wa huduma za afya
Mshauri wa usimamizi
Mshauri wa huduma za afya za wastaafu
Mshauri wa huduma za afya","mshauri wa usimamizi wa huduma za afya
mshauri wa huduma za afya
mshauri wa usimamizi wa huduma za afya
mshauri wa usimamizi
mshauri wa huduma za afya za kustaafu
mshauri wa huduma za afya","mshauri wa usimamizi wa huduma za afya
mshauri wa afya
mshauri wa usimamizi
mshauri wa huduma za afya ya kustaafu
mshauri wa huduma za afya","mshauri wa usimamizi wa huduma za afya
mshauri wa huduma za afya
mshauri wa usimamizi wa huduma za afya
mshauri wa usimamizi
mshauri wa huduma za afya za kustaafu
mshauri wa huduma za afya"
687671c1ebd2bf665349e1df,http://data.europa.eu/esco/occupation/18fbb1f8-eceb-4bf4-8fc7-932b8f6130cd,paperhanger supervisor,msimamizi wa ubandikaji wa karatasi za ukutani,Msimamizi wa wabandikaji karatasi za ukutani,msimamizi wa ubandikaji karatasi za kuta,msimamizi wa ubandikaji karatasi za ukutani,Paperhanger supervisors monitor the hanging of wallpaper. They assign tasks and take quick decisions to resolve problems.,Wasimamizi wa ubandikaji wa karatasi za ukutani hufuatilia ubandikaji wa karatasi za ukutani. Wanagawa kazi na kufanya maamuzi ya haraka ili kutatua matatizo.,Wasimamizi wa wabandikaji karatasi za ukutani husimamia ubandikaji wa karatasi za ukutani. Wao hugawa majukumu na kufanya maamuzi ya haraka kutatua matatizo.,Wasimamizi wa ubandikaji karatasi za kuta hufuatilia ubandikaji wa karatasi za kuta. Wanapanga majukumu na kufanya maamuzi ya haraka ili kutatua matatizo.,Wasimamizi wa ubandikaji karatasi za ukutani hufuatilia ubandikaji wa karatasi za ukutani. Hugawa majukumu na kufanya maamuzi ya haraka ili kutatua matatizo.,"Msimamizi wa wabandikaji karatasi za ukutani
Msimamizi wa wabandikaji karatasi
Msimamizi wa wapambaji wa karatasi za ukutani
Msimamizi wa wapambaji
Msimamizi wa mpambaji, mbandikaji karatasi
Msimamizi wa mpambaji wa kubandika karatasi
Msimamizi wa wabandikaji karatasi za ukutani
Msimamizi wa wabandikaji karatasi za ukutani","msimamizi wa ubandikaji karatasi za ukutani
msimamizi wa ubandikaji karatasi
msimamizi wa mapambo ya karatasi za ukutani
msimamizi wa mapambo
msimamizi wa mapambo na ubandikaji karatasi
msimamizi wa mapambo ya ubandikaji karatasi
msimamizi wa ubandikaji karatasi za ukutani
msimamizi wa ubandikaji karatasi za ukutani","msimamizi wa mbandikaji wa karatasi za ukutani
msimamizi wa mbandikaji wa karatasi
msimamizi wa mpambaji wa karatasi za ukutani
msimamizi wa mpambaji
msimamizi wa mpambaji, mbandikaji wa karatasi
msimamizi wa mpambaji mbandikaji wa karatasi
msimamizi wa ubandikaji wa karatasi za ukutani","msimamizi wa ubandikaji karatasi za kuta
msimamizi wa ubandikaji karatasi
msimamizi wa upambaji wa karatasi za kuta
msimamizi wa upambaji
msimamizi wa upambaji na ubandikaji karatasi za kuta
msimamizi wa upambaji na ubandikaji karatasi
msimamizi wa ubandikaji karatasi za kuta
msimamizi wa ubandikaji karatasi za kuta"
687671c0ebd2bf665349de1f,http://data.europa.eu/esco/occupation/10291962-c0c7-4e5b-a7ed-0762b4d9b010,pharmacologist,mwanafamajia,Mfarmakolojia,mtaalamu wa famakolojia,mfamasiolojia,"Pharmacologists study the manner in which drugs and medicaments interact with organisms, living systems, and their parts (i.e. cells, tissues, or organs). Their research aims at identifying substances that can be ingested by humans and that exert adequate biochemical functions for curing illnesses.","Wanafamajia huchunguza namna ambavyo dawa na matibabu huingiliana na viumbe, mifumo hai, na sehemu zake (yaani seli, tishu, au viungo). Utafiti wao unalenga kutambua dutu zinazoweza kumezwa na binadamu na ambazo hufanya kazi za kibiokemia zinazofaa kwa ajili ya kutibu magonjwa.","Wafarmakolojia huchunguza jinsi dawa na medikamenti zinavyoingiliana na viumbe, mifumo hai, na sehemu zake (yaani seli, tishu, au ogani). Utafiti wao unalenga kubainisha dutu zinazoweza kumezwa na binadamu na ambazo hufanya kazi za biokemikali za kutosha kwa ajili ya kuponya magonjwa.","Wataalamu wa famakolojia huchunguza jinsi dawa na bidhaa za tiba zinavyoingiliana na viumbe, mifumo hai, na sehemu zake (yaani seli, tishu, au viungo). Utafiti wao unalenga kutambua vitu vinavyoweza kumezwa na binadamu na ambavyo hufanya kazi za kibiokemia zinazofaa kwa ajili ya kutibu magonjwa.","Wafamasiolojia huchunguza namna dawa na tiba zinavyoingiliana na viumbe, mifumo hai, na sehemu zake (yaani seli, tishu, au ogani). Utafiti wao unalenga kubainisha dutu zinazoweza kumezwa na binadamu na ambazo hufanya kazi za kibiokemia zinazofaa kwa ajili ya kutibu magonjwa.","Mfarmakoepidemiolojia
Mfarmakolojia
Wafarmakolojia
Mchanganuzi wa farmakolojia
Mchanganuzi wa utafiti wa farmakolojia
Mwanasayansi wa utafiti wa farmakolojia
Mtafiti wa farmakolojia
Msomi wa farmakolojia
Mtafiti wa sayansi ya farmakolojia
Mwanasayansi wa farmakolojia
Mchanganuzi wa masomo ya farmakolojia
Mchanganuzi wa utafiti wa masomo ya farmakolojia
Mwanasayansi wa utafiti wa masomo ya farmakolojia
Mtafiti wa masomo ya farmakolojia
Msomi wa masomo ya farmakolojia
Mwanasayansi wa masomo ya farmakolojia","mfamasiolojia wa epidemiolojia
mfamasiolojia
wafamasiolojia
mchambuzi wa famasiolojia
mchambuzi wa utafiti wa famasiolojia
mwanasayansi wa utafiti wa famasiolojia
mtafiti wa famasiolojia
msomi wa famasiolojia
mtafiti wa sayansi ya famasiolojia
mwanasayansi wa famasiolojia
mchambuzi wa masomo ya famasiolojia
mchambuzi wa utafiti wa masomo ya famasiolojia
mwanasayansi wa utafiti wa masomo ya famasiolojia
mtafiti wa masomo ya famasiolojia
msomi wa masomo ya famasiolojia
mwanasayansi wa masomo ya famasiolojia","Mwanafamakoepidemiojia
mwanafamajia
wanafamajia
mchambuzi wa famajia
mchambuzi mtafiti wa famajia
mwanasayansi mtafiti wa famajia
mtafiti wa famajia
msomi wa famajia
mtafiti wa sayansi ya famajia
mwanasayansi wa famajia
mchambuzi wa masomo ya famajia
mchambuzi mtafiti wa masomo ya famajia
mwanasayansi mtafiti wa masomo ya famajia
mtafiti wa masomo ya famajia
msomi wa masomo ya famajia
mwanasayansi wa masomo ya famajia","mtaalamu wa famakoepidemiolojia
mtaalamu wa famakolojia
wataalamu wa famakolojia
mchambuzi wa famakolojia
mchambuzi wa utafiti wa famakolojia
mwanasayansi wa utafiti wa famakolojia
mtafiti wa famakolojia
msomi wa famakolojia
mtafiti wa sayansi ya famakolojia
mwanasayansi wa famakolojia
mchambuzi wa masomo ya famakolojia
mchambuzi wa utafiti wa masomo ya famakolojia
mwanasayansi wa utafiti wa masomo ya famakolojia
mtafiti wa masomo ya famakolojia
msomi wa masomo ya famakolojia
mwanasayansi wa masomo ya famakolojia"
687671c0ebd2bf665349ddf8,http://data.europa.eu/esco/occupation/92efb42f-6b0a-44d8-94ea-0141555e6c3b,environmental geologist,mwanajiolojia wa mazingira,Mwanajiolojia wa Mazingira,,mwanajiolojia wa mazingira,Environmental geologists study how mineral operations may impact the composition and physical characteristics of the earth and its resources. They provide advice on issues such as land reclamation and environmental pollution.,Wanajiolojia wa mazingira huchunguza jinsi shughuli za madini zinavyoweza kuathiri muundo na sifa za kifizikia za dunia na maliasili zake. Wanatoa ushauri kuhusu masuala kama vile urejeshaji wa ardhi na uchafuzi wa mazingira.,Wanajiolojia wa mazingira huchunguza jinsi shughuli za madini zinavyoweza kuathiri muundo na sifa za kimaumbile za dunia na rasilimali zake. Wanatoa ushauri kuhusu masuala kama vile urejeshaji wa ardhi na uchafuzi wa mazingira.,,Wanajiolojia wa mazingira huchunguza jinsi shughuli za madini zinavyoweza kuathiri utungaji na sifa za kifizikia za dunia na rasilimali zake. Wanatoa ushauri kuhusu masuala kama vile urejeshaji wa ardhi na uchafuzi wa mazingira.,"mshauri wa mazingira
mhandisi wa jiolojia
msomi wa masomo ya jiolojia ya mazingira
mwanasayansi mtafiti wa masomo ya jiolojia ya mazingira
mchambuzi wa mineralojia
mwanajiolojia wa mazingira
mchambuzi mtafiti wa masomo ya jiolojia ya mazingira
msomi wa jiolojia ya mazingira
mwanajiolojia wa mazingira
mwanasayansi wa jiolojia ya mazingira
mtafiti wa masomo ya jiolojia ya mazingira
mshauri wa jiolojia ya mazingira
mwanamazingira
mchambuzi wa madini
mwanasayansi mtafiti wa jiolojia ya mazingira
mchambuzi wa jiolojia ya mazingira
mtafiti wa jiolojia ya mazingira
mtafiti wa sayansi ya jiolojia ya mazingira
mchambuzi mtafiti wa jiolojia ya mazingira
mchambuzi wa masomo ya jiolojia ya mazingira
mwanamineralojia wa mazingira
mwanasayansi wa masomo ya jiolojia ya mazingira","mshauri wa mazingira
mhandisi wa jiolojia
msomi wa masomo ya jiolojia ya mazingira
mwanasayansi wa utafiti wa masomo ya jiolojia ya mazingira
mchambuzi wa madini
mwanajiolojia wa mazingira
mchambuzi wa utafiti wa masomo ya jiolojia ya mazingira
msomi wa jiolojia ya mazingira
mwanajiolojia wa mazingira
mwanasayansi wa jiolojia ya mazingira
mtafiti wa masomo ya jiolojia ya mazingira
mshauri wa jiolojia ya mazingira
mwanamazingira
mchambuzi wa madini
mwanasayansi wa utafiti wa jiolojia ya mazingira
mchambuzi wa jiolojia ya mazingira
mtafiti wa jiolojia ya mazingira
mtafiti wa sayansi ya jiolojia ya mazingira
mchambuzi wa utafiti wa jiolojia ya mazingira
mchambuzi wa masomo ya jiolojia ya mazingira
mwanamineralojia wa mazingira
mwanasayansi wa masomo ya jiolojia ya mazingira","mshauri wa mazingira
mhandisi wa kijiolojia
msomi wa masomo ya jiolojia ya mazingira
mwanasayansi mtafiti wa masomo ya jiolojia ya mazingira
mchambuzi wa madini
mwanajiolojia wa mazingira
mchambuzi mtafiti wa masomo ya jiolojia ya mazingira
msomi wa jiolojia ya mazingira
mwanasayansi wa jiolojia ya mazingira
mtafiti wa masomo ya jiolojia ya mazingira
mshauri wa kijiolojia wa jiolojia ya mazingira
mtaalamu wa mazingira
mwanasayansi mtafiti wa jiolojia ya mazingira
mchambuzi wa jiolojia ya mazingira
mtafiti wa jiolojia ya mazingira
mtafiti wa sayansi ya jiolojia ya mazingira
mchambuzi mtafiti wa jiolojia ya mazingira
mchambuzi wa masomo ya jiolojia ya mazingira
mtaalamu wa madini ya mazingira
mwanasayansi wa masomo ya jiolojia ya mazingira",
687671c1ebd2bf665349e2af,http://data.europa.eu/esco/occupation/f3da16bd-157d-4a48-8a49-33809a8b5d96,wholesale merchant in flowers and plants,mfanyabiashara wa jumla wa maua na mimea,Mfanyabiashara wa Jumla wa Maua na Mimea,,mfanyabiashara wa jumla wa maua na mimea,Wholesale merchants in flowers and plants investigate potential wholesale buyers and suppliers and match their needs. They conclude trades involving large quantities of goods.,Wafanyabiashara wa jumla wa maua na mimea huchunguza wanunuzi na wasambazaji wa jumla watarajiwa na kulinganisha mahitaji yao. Wanahitimisha biashara zinazohusisha kiasi kikubwa cha bidhaa.,Wafanyabiashara wa jumla wa maua na mimea huchunguza wanunuzi na wasambazaji watarajiwa wa jumla na kulinganisha mahitaji yao. Wanakamilisha biashara zinazohusisha idadi kubwa ya bidhaa.,,Wafanyabiashara wa jumla wa maua na mimea huchunguza wanunuzi na wasambazaji wa jumla watarajiwa na kuoanisha mahitaji yao. Wanahitimisha biashara zinazohusisha kiasi kikubwa cha bidhaa.,"mfanyabiashara wa jumla wa maua na mimea
muuzaji wa jumla wa maua na mimea
mshauri wa mauzo ya biashara kwa biashara wa maua na mimea
muuzaji wa biashara kwa biashara wa maua na mimea
mshauri wa mauzo ya B2B wa maua na mimea
mfanyabiashara wa jumla wa maua na mimea
muuzaji wa jumla wa maua na mimea
mfanyabiashara wa jumla mhitimu wa maua na mimea
mfanyabiashara msaidizi wa jumla wa maua na mimea
mfanyabiashara mwanafunzi wa jumla wa maua na mimea
mnunuzi wa jumla wa maua na mimea
mfanyabiashara mkuu wa jumla wa maua na mimea","mfanyabiashara wa jumla wa maua na mimea
muuzaji wa jumla wa maua na mimea
mshauri wa mauzo ya biashara kwa biashara wa maua na mimea
muuzaji wa biashara kwa biashara wa maua na mimea
mshauri wa mauzo ya B2B wa maua na mimea
mfanyabiashara wa jumla wa maua na mimea
muuzaji wa bidhaa za jumla wa maua na mimea
mfanyabiashara wa jumla aliyehitimu wa maua na mimea
msaidizi wa mfanyabiashara wa jumla wa maua na mimea
mwanafunzi wa biashara ya jumla ya maua na mimea
mnunuzi wa jumla wa maua na mimea
mfanyabiashara mwandamizi wa jumla wa maua na mimea","mfanyabiashara wa jumla wa maua na mimea
mchuuzi wa jumla wa maua na mimea
mshauri wa mauzo ya biashara kwa biashara katika maua na mimea
muuzaji wa biashara kwa biashara katika maua na mimea
mshauri wa mauzo wa B2B katika maua na mimea
mfanyabiashara wa jumla katika maua na mimea
mchuuzi wa jumla katika maua na mimea
mfanyabiashara wa jumla aliyefuzu katika maua na mimea
naibu mfanyabiashara wa jumla katika maua na mimea
mfanyabiashara wa jumla mwanagenzi katika maua na mimea
mnunuzi wa jumla katika maua na mimea
mfanyabiashara mkuu wa jumla wa maua na mimea",
687671c1ebd2bf665349de27,http://data.europa.eu/esco/occupation/fa32eb3f-5c9f-4668-8f85-5eefb3badab8,forestry adviser,mshauri wa misitu,Mshauri wa Misitu,,mshauri wa misitu,Forestry advisers provide services and advice on economic and environmental issues related to timber and forestry management in compliance with laws and regulations.,Washauri wa misitu hutoa huduma na ushauri kuhusu masuala ya kiuchumi na kimazingira yanayohusiana na mbao na usimamizi wa misitu kwa kuzingatia sheria na kanuni.,Washauri wa misitu hutoa huduma na ushauri kuhusu masuala ya kiuchumi na kimazingira yanayohusiana na usimamizi wa mbao na misitu kwa kuzingatia sheria na kanuni.,,Washauri wa misitu hutoa huduma na ushauri kuhusu masuala ya kiuchumi na kimazingira yanayohusiana na mbao na usimamizi wa misitu kwa kuzingatia sheria na kanuni.,"meneja wa maeneo ya miti
mshauri wa misitu
mshauri wa misitu
mshauri wa maeneo ya miti
mtaalamu wa ukuzaji miti
mshauri wa misitu
washauri wa misitu","meneja wa maeneo ya miti
mshauri wa misitu
mshauri wa misitu
mshauri wa maeneo ya miti
mtaalamu wa ukuzaji miti
mshauri wa misitu
washauri wa misitu","meneja wa misitu
mshauri wa misitu
mshauri wa maeneo ya misitu
mtaalamu wa silvikulcha
washauri wa misitu",
687671c1ebd2bf665349e259,http://data.europa.eu/esco/occupation/1084e2d6-b153-4090-8065-c9231f71d4f0,optical technician,fundi wa vifaa vya macho,Fundi wa Optiki,,fundi sanifu wa optiki,"Optical technicians assemble, repair and design various parts of eyewear such as lenses, frames, patterns and eyewear. They cut, inspect, mount and polish all parts using various machinery and hand tools. Optical technicians shape, grind and coat lenses for prescription eyewear. They fit completed lenses into eyeglass frames. Optical technicians ensure that lenses conform to the dispensing optician’s, specialised doctor in ophtalmology's or optometrist's prescriptions. They may also work with other associated optical instrumentation and its maintenance.","Mafundi wa vifaa vya macho huunganisha, kukarabati na kubuni sehemu mbalimbali za miwani kama vile lenzi, fremu, na mifumo ya miwani. Wanakata, kukagua, kuweka na kusugua sehemu zote kwa kutumia mitambo mbalimbali na zana za mkono. Mafundi wa vifaa vya macho hutengeneza, kusaga na kuweka tabaka kwenye lenzi za miwani ya matibabu. Wanaweka lenzi zilizokamilika kwenye fremu za miwani. Mafundi wa vifaa vya macho huhakikisha kuwa lenzi zinaendana na maelezo ya mtaalamu wa kutoa miwani, daktari bingwa wa magonjwa ya macho au mtaalamu wa uoni. Wanaweza pia kufanya kazi na vifaa vingine vinavyohusiana na macho na matengenezo yake.","Mafundi wa optiki huunganisha, hurekebisha na kubuni sehemu mbalimbali za miwani kama vile lenzi, fremu, ruwaza na miwani. Wanakata, wanakagua, wanapachika na kusafisha sehemu zote wakitumia mashine mbalimbali na zana za mikono. Mafundi wa optiki hutengeneza umbo, husaga na kupaka lenzi kwa ajili ya miwani ya dawa. Wanatoshea lenzi zilizokamilika kwenye fremu za miwani. Mafundi wa optiki huhakikisha kuwa lenzi zinafuata maagizo ya daktari wa miwani, daktari bingwa wa ofthamolojia au daktari wa macho. Wanaweza pia kufanya kazi na ala zingine za optiki zinazohusiana na matengenezo yake.",,"Mafundi sanifu wa optiki huunganisha, hukarabati na kusanifu sehemu mbalimbali za miwani kama vile lenzi, fremu, ruwaza na miwani yenyewe. Wanakata, kukagua, kupachika na kung'arisha sehemu zote kwa kutumia mashine na zana mbalimbali za mkono. Mafundi sanifu wa optiki huchonga, kusaga na kupaka lenzi kwa ajili ya miwani ya kuandikiwa na daktari. Wanaweka lenzi zilizokamilika kwenye fremu za miwani. Mafundi sanifu wa optiki huhakikisha kuwa lenzi zinakidhi maagizo ya daktari wa miwani, daktari bingwa wa oftalmolojia au daktari wa macho. Wanaweza pia kufanya kazi na vifaa vingine vinavyohusiana na optiki na ukarabati wake.","Mkamilishaji wa lenzi za optiki
Mkataji wa glasi ya optiki
Mpasuaji wa glasi ya optiki
mtengenezaji wa jicho bandia
mtengenezaji wa jicho la glasi bandia
mtengenezaji wa jicho la plastiki bandia
fundi wa optiki aliyethibitishwa
mtengenezaji wa lenzi za mguso
mkataji wa glasi za macho
muunganishaji wa miwani
mbunifu wa miwani
mkaguzi wa miwani
mtengenezaji wa miwani
mkaguzi wa ubora wa miwani
mrekebishaji wa miwani
fundi wa miwani
mkaguzi wa lenzi
mtengenezaji wa lenzi
mpachikaji wa lenzi
msafishaji wa lenzi
fundi wa lenzi
mkaguzi wa vifaa vya macho
fundi wa maabara ya vifaa vya macho
mtaalamu wa teknolojia ya maabara ya vifaa vya macho
fundi wa vifaa vya macho
mtaalamu wa teknolojia ya vifaa vya macho
fundi wa ofthamolojia
opereta wa drili ya optiki
mpakaji wa vipengele vya optiki
fundi wa ala za optiki
mkaguzi wa maabara ya optiki
mkanika wa maabara ya optiki
fundi wa uzalishaji wa maabara ya optiki
mkanika wa optiki
fundi wa kiufundi wa optiki
fundi wa optiki
mfanyakazi wa optiki
fundi wa optometri
fundi mtaalamu wa uzalishaji wa optiki
mtengenezaji wa miwani
fundi wa miwani
fundi katika maabara ya vifaa vya macho
fundi katika uzalishaji wa optiki
fundi katika maabara ya uzalishaji wa optiki
mtaalamu wa teknolojia katika maabara ya vifaa vya macho","Mkamilishaji, lenzi za optiki
Mkataji, kioo cha optiki
Mchanaji, kioo cha optiki
mtengenezaji wa macho bandia
mtengenezaji wa macho bandia ya kioo
mtengenezaji wa macho bandia ya plastiki
fundi sanifu wa optiki aliyeidhinishwa
mtengenezaji wa lenzi za kugusana na jicho
mkataji wa miwani
muunganishaji wa miwani
msanifu wa miwani
mkaguzi wa miwani
mtengenezaji wa miwani
mkaguzi wa ubora wa miwani
mkarabati wa miwani
fundi wa miwani
mkaguzi wa lenzi
mtengenezaji wa lenzi
mweka lenzi
mng'arisha lenzi
fundi wa lenzi
mkaguzi wa oftalmiki
fundi sanifu wa maabara ya oftalmiki
mteknolojia wa maabara ya oftalmiki
fundi sanifu wa oftalmiki
mteknolojia wa oftalmiki
fundi sanifu wa oftalmolojia
opareta wa mashine ya kutoboa ya optiki
mpakaji wa elementi za optiki
fundi sanifu wa vifaa vya optiki
mkaguzi wa maabara ya optiki
fundi mitambo wa maabara ya optiki
fundi sanifu wa uzalishaji wa maabara ya optiki
fundi mitambo wa optiki
fundi wa optiki
fundi sanifu wa optiki
mfanyakazi wa optiki
fundi sanifu wa optometri
fundi sanifu mtaalamu wa uzalishaji wa optiki
mtengenezaji wa miwani
fundi wa miwani
fundi sanifu katika maabara ya oftalmiki
fundi sanifu katika uzalishaji wa optiki
fundi sanifu katika maabara ya uzalishaji wa optiki
mteknolojia katika maabara ya oftalmiki","Mkamilishaji wa lenzi za macho
Mkataji wa kioo cha macho
Mpasuaji wa kioo cha macho
mtengenezaji wa macho ya bandia
mtengenezaji wa macho ya kioo ya bandia
mtengenezaji wa macho ya plastiki ya bandia
fundi wa vifaa vya macho aliyeidhinishwa
mtengenezaji wa lenzi za mguso
mkataji wa kioo cha jicho
muunganishaji wa miwani
mbunifu wa miwani
mkaguzi wa miwani
mtengenezaji wa miwani
mkaguzi wa ubora wa miwani
fundi wa miwani
mkaguzi wa lenzi
mtengenezaji wa lenzi
mwekaji wa lenzi
msuguaji wa lenzi
fundi wa lenzi
mkaguzi wa macho
fundi wa maabara ya macho
mtaalamu wa teknolojia ya maabara ya macho
fundi wa macho
mtaalamu wa teknolojia ya macho
fundi wa oftalmolojia
waendeshaji wa mashine ya kutoboa vifaa vya macho
mwekaji wa tabaka kwenye vifaa vya macho
fundi wa vifaa vya macho
mkaguzi wa maabara ya vifaa vya macho
makanika wa maabara ya vifaa vya macho
fundi wa uzalishaji wa maabara ya vifaa vya macho
makanika wa vifaa vya macho
mtaalamu wa kiufundi wa vifaa vya macho
mfanyakazi wa vifaa vya macho
fundi wa optometria
fundi mtaalamu wa uzalishaji wa vifaa vya macho
fundi katika maabara ya macho
fundi katika uzalishaji wa vifaa vya macho
fundi katika maabara ya uzalishaji wa vifaa vya macho
mtaalamu wa teknolojia katika maabara ya macho",
687671c1ebd2bf665349e20c,http://data.europa.eu/esco/occupation/f1c8c186-bef9-4d72-9257-90fc4f992ab7,gas station operator,mwendeshaji wa kituo cha gesi,Opereta wa Kituo cha Gesi,,opareta wa kituo cha gesi,"Gas station operators process gases for compression, transmission or recovery by using gas, steam or electric engine compressors. They perform chemical tests on gases and are responsible for pumps and pipelines operations.","Waendeshaji wa kituo cha gesi husindika gesi kwa ajili ya mshinikizo, usafirishaji au urejeshaji kwa kutumia mashine za kushinikiza za gesi, mvuke au injini ya umeme. Wanafanya vipimo vya kemikali kwenye gesi na wanawajibika kwa uendeshaji wa pampu na mabomba.","Maopereta wa vituo vya gesi huchakata gesi kwa ajili ya mgandamizo, usafirishaji au urejeshaji kwa kutumia kompresa za injini za gesi, mvuke au umeme. Wanafanya vipimo vya kikemikali kwenye gesi na wanawajibika kwa uendeshaji wa pampu na mabomba.",,"Maopareta wa vituo vya gesi huchakata gesi kwa ajili ya mgandamizo, usafirishaji au urejeshaji kwa kutumia vikandamizaji vinavyoendeshwa na gesi, mvuke au umeme. Wanafanya vipimo vya kemikali kwenye gesi na wanawajibika kwa shughuli za pampu na mabomba.","opereta wa kompresa ya butadini
opereta wa kompresa ya gesi
opereta wa kompresa ya gesi na kituo cha kusukuma gesi
opereta wa kompresa ya gesi na kituo cha kusukuma gesi
opereta wa kituo cha kusukuma gesi
opereta wa kompresa ya butani
opereta wa kompresa ya ethilini
opereta wa kituo cha kompresa ya gesi
opereta wa kompresa ya gesi
opereta wa kituo cha gesi
opereta wa kituo cha kusukuma gesi","opareta wa kikandamizaji cha butadiene
mwendeshaji wa kikandamizaji cha gesi
opareta wa kikandamizaji cha gesi na kituo cha kusukuma gesi
mwendeshaji wa kikandamizaji cha gesi na kituo cha kusukuma gesi
mwendeshaji wa kituo cha kusukuma gesi
opareta wa kikandamizaji cha butane
opareta wa kikandamizaji cha ethilini
opareta wa kituo cha kikandamizaji cha gesi
opareta wa kikandamizaji cha gesi
opareta wa kituo cha gesi
opareta wa kituo cha kusukuma gesi","mwendeshaji wa mashine ya kushinikiza butadieni
mfanyakazi wa mashine ya kushinikiza gesi
mwendeshaji wa mashine ya kushinikiza gesi na kituo cha kusukuma gesi
mfanyakazi wa mashine ya kushinikiza gesi na kituo cha kusukuma gesi
mfanyakazi wa kituo cha kusukuma gesi
mwendeshaji wa mashine ya kushinikiza buteni
mwendeshaji wa mashine ya kushinikiza etilini
mwendeshaji wa kituo cha mashine ya kushinikiza gesi
mwendeshaji wa mashine ya kushinikiza gesi
mwendeshaji wa kituo cha gesi
mwendeshaji wa kituo cha kusukuma gesi",
