OCCUPATIONTYPE,OCCUPATIONID,RELATIONTYPE,SKILLID,SIGNALLINGVALUELABEL,SIGNALLINGVALUE
localoccupation,a6de27fcdc453b8ca2a0105c,essential,687671b9ebd2bf665349bd4c,,
localoccupation,a6de27fcdc453b8ca2a0105c,essential,687671bdebd2bf665349cf95,,
localoccupation,a6de27fcdc453b8ca2a0105c,essential,687671bdebd2bf665349d4c0,,
localoccupation,a6de27fcdc453b8ca2a0105c,essential,687671baebd2bf665349ca46,,
localoccupation,a6de27fcdc453b8ca2a0105c,essential,687671b5ebd2bf665349a953,,
localoccupation,a6de27fcdc453b8ca2a0105c,essential,687671b9ebd2bf665349bd80,,
localoccupation,a6de27fcdc453b8ca2a0105c,essential,687671bdebd2bf665349d3df,,
localoccupation,a6de27fcdc453b8ca2a0105c,essential,687671b9ebd2bf665349bcfc,,
localoccupation,a6de27fcdc453b8ca2a0105c,essential,687671b9ebd2bf665349bf2c,,
localoccupation,a6de27fcdc453b8ca2a0105c,essential,687671bdebd2bf665349d979,,
localoccupation,a6de27fcdc453b8ca2a0105c,essential,687671b5ebd2bf665349b353,,
localoccupation,a6de27fcdc453b8ca2a0105c,essential,687671b9ebd2bf665349c3c2,,
localoccupation,a6de27fcdc453b8ca2a0105c,essential,687671bdebd2bf665349d157,,
localoccupation,a6de27fcdc453b8ca2a0105c,essential,687671bdebd2bf665349d357,,
localoccupation,a6de27fcdc453b8ca2a0105c,essential,687671baebd2bf665349c8c7,,
localoccupation,a6de27fcdc453b8ca2a0105c,essential,687671bdebd2bf665349da30,,
localoccupation,a6de27fcdc453b8ca2a0105c,essential,687671b9ebd2bf665349c2b5,,
localoccupation,a6de27fcdc453b8ca2a0105c,essential,687671bdebd2bf665349d840,,
localoccupation,a6de27fcdc453b8ca2a0105c,essential,687671b5ebd2bf665349b10e,,
localoccupation,a6de27fcdc453b8ca2a0105c,essential,687671baebd2bf665349cbf1,,
localoccupation,a6de27fcdc453b8ca2a0105c,essential,687671bdebd2bf665349d3bb,,
localoccupation,a6de27fcdc453b8ca2a0105c,essential,687671baebd2bf665349c847,,
localoccupation,a6de27fcdc453b8ca2a0105c,essential,687671b5ebd2bf665349b2b5,,
localoccupation,a6de27fcdc453b8ca2a0105c,essential,687671bdebd2bf665349d8f0,,
localoccupation,a6de27fcdc453b8ca2a0105c,essential,687671bdebd2bf665349d20c,,
localoccupation,a6de27fcdc453b8ca2a0105c,essential,687671b9ebd2bf665349bbf3,,
localoccupation,a6de27fcdc453b8ca2a0105c,essential,687671b9ebd2bf665349c13a,,
localoccupation,a6de27fcdc453b8ca2a0105c,essential,687671baebd2bf665349cbbf,,
localoccupation,a6de27fcdc453b8ca2a0105c,essential,687671baebd2bf665349c70a,,
localoccupation,a6de27fcdc453b8ca2a0105c,essential,687671bdebd2bf665349d680,,
localoccupation,a6de27fcdc453b8ca2a0105c,essential,687671baebd2bf665349c9a4,,
localoccupation,a6de27fcdc453b8ca2a0105c,essential,687671baebd2bf665349c62e,,
localoccupation,a6de27fcdc453b8ca2a0105c,essential,687671b5ebd2bf665349ab77,,
localoccupation,a6de27fcdc453b8ca2a0105c,essential,687671b9ebd2bf665349bb33,,
localoccupation,a6de27fcdc453b8ca2a0105c,essential,687671b9ebd2bf665349c354,,
localoccupation,a6de27fcdc453b8ca2a0105c,essential,687671b5ebd2bf665349b600,,
localoccupation,a6de27fcdc453b8ca2a0105c,essential,687671b9ebd2bf665349b9be,,
localoccupation,a6de27fcdc453b8ca2a0105c,essential,687671bdebd2bf665349d1c6,,
localoccupation,a6de27fcdc453b8ca2a0105c,essential,687671b9ebd2bf665349ba72,,
localoccupation,a6de27fcdc453b8ca2a0105c,essential,687671bdebd2bf665349da4d,,
localoccupation,a6de27fcdc453b8ca2a0105c,essential,687671b5ebd2bf665349ad4e,,
localoccupation,a6de27fcdc453b8ca2a0105c,essential,687671b5ebd2bf665349abd8,,
localoccupation,a6de27fcdc453b8ca2a0105c,essential,687671b5ebd2bf665349b159,,
localoccupation,a6de27fcdc453b8ca2a0105c,essential,687671bdebd2bf665349d25e,,
localoccupation,a6de27fcdc453b8ca2a0105c,essential,687671b9ebd2bf665349c46d,,
localoccupation,a6de27fcdc453b8ca2a0105c,essential,687671b5ebd2bf665349ac76,,
localoccupation,a6de27fcdc453b8ca2a0105c,essential,687671bdebd2bf665349d185,,
localoccupation,a6de27fcdc453b8ca2a0105c,essential,687671b5ebd2bf665349b399,,
localoccupation,a6de27fcdc453b8ca2a0105c,essential,687671bdebd2bf665349d268,,
localoccupation,a6de27fcdc453b8ca2a0105c,essential,687671b9ebd2bf665349c39f,,
localoccupation,a6de27fcdc453b8ca2a0105c,essential,687671b5ebd2bf665349b253,,
localoccupation,a6de27fcdc453b8ca2a0105c,essential,687671bdebd2bf665349d8d7,,
localoccupation,a6de27fcdc453b8ca2a0105c,essential,687671b9ebd2bf665349be0a,,
localoccupation,a6de27fcdc453b8ca2a0105c,essential,687671b9ebd2bf665349c424,,
localoccupation,a6de27fcdc453b8ca2a0105c,essential,687671bdebd2bf665349d58e,,
localoccupation,a6de27fcdc453b8ca2a0105c,essential,687671baebd2bf665349c604,,
localoccupation,a6de27fcdc453b8ca2a0105c,essential,687671baebd2bf665349c658,,
localoccupation,a6de27fcdc453b8ca2a0105c,essential,687671b9ebd2bf665349c127,,
localoccupation,a6de27fcdc453b8ca2a0105c,essential,687671b5ebd2bf665349b200,,
localoccupation,a6de27fcdc453b8ca2a0105c,essential,687671baebd2bf665349c568,,
localoccupation,d2985a88c2d72a5af11777c6,essential,687671b9ebd2bf665349ba95,,
localoccupation,d2985a88c2d72a5af11777c6,essential,687671bdebd2bf665349da69,,
localoccupation,d2985a88c2d72a5af11777c6,essential,687671bdebd2bf665349da9c,,
localoccupation,d2985a88c2d72a5af11777c6,essential,687671baebd2bf665349c81a,,
localoccupation,d2985a88c2d72a5af11777c6,essential,687671b4ebd2bf665349a63b,,
localoccupation,d2985a88c2d72a5af11777c6,essential,687671b9ebd2bf665349bd80,,
localoccupation,d2985a88c2d72a5af11777c6,essential,687671b9ebd2bf665349bf2c,,
localoccupation,d2985a88c2d72a5af11777c6,essential,687671bdebd2bf665349d5ea,,
localoccupation,d2985a88c2d72a5af11777c6,essential,687671b5ebd2bf665349b324,,
localoccupation,d2985a88c2d72a5af11777c6,essential,687671beebd2bf665349dbd9,,
localoccupation,d2985a88c2d72a5af11777c6,essential,687671bdebd2bf665349d31b,,
localoccupation,d2985a88c2d72a5af11777c6,essential,687671bdebd2bf665349d157,,
localoccupation,d2985a88c2d72a5af11777c6,essential,687671b5ebd2bf665349afea,,
localoccupation,d2985a88c2d72a5af11777c6,essential,687671b5ebd2bf665349b602,,
localoccupation,d2985a88c2d72a5af11777c6,essential,687671baebd2bf665349c9dc,,
localoccupation,d2985a88c2d72a5af11777c6,essential,687671beebd2bf665349db2f,,
localoccupation,d2985a88c2d72a5af11777c6,essential,687671bdebd2bf665349cdd0,,
localoccupation,d2985a88c2d72a5af11777c6,essential,687671b9ebd2bf665349c268,,
localoccupation,d2985a88c2d72a5af11777c6,essential,687671baebd2bf665349c6d5,,
localoccupation,d2985a88c2d72a5af11777c6,essential,687671bdebd2bf665349d3e5,,
localoccupation,d2985a88c2d72a5af11777c6,essential,687671b9ebd2bf665349c071,,
localoccupation,d2985a88c2d72a5af11777c6,essential,687671b5ebd2bf665349b2b5,,
localoccupation,d2985a88c2d72a5af11777c6,essential,687671bdebd2bf665349d8f0,,
localoccupation,d2985a88c2d72a5af11777c6,essential,687671b5ebd2bf665349b5d8,,
localoccupation,d2985a88c2d72a5af11777c6,essential,687671b4ebd2bf665349a7c6,,
localoccupation,d2985a88c2d72a5af11777c6,essential,687671b5ebd2bf665349a984,,
localoccupation,d2985a88c2d72a5af11777c6,essential,687671b5ebd2bf665349ae58,,
localoccupation,d2985a88c2d72a5af11777c6,essential,687671b5ebd2bf665349a856,,
localoccupation,d2985a88c2d72a5af11777c6,essential,687671b9ebd2bf665349b9eb,,
localoccupation,d2985a88c2d72a5af11777c6,essential,687671b5ebd2bf665349afaf,,
localoccupation,d2985a88c2d72a5af11777c6,essential,687671b5ebd2bf665349abde,,
localoccupation,d2985a88c2d72a5af11777c6,essential,687671b5ebd2bf665349ae89,,
localoccupation,d2985a88c2d72a5af11777c6,essential,687671b4ebd2bf665349a648,,
localoccupation,d2985a88c2d72a5af11777c6,essential,687671b9ebd2bf665349c1e0,,
localoccupation,d2985a88c2d72a5af11777c6,essential,687671b5ebd2bf665349b428,,
localoccupation,d2985a88c2d72a5af11777c6,essential,687671bdebd2bf665349d34e,,
localoccupation,d2985a88c2d72a5af11777c6,essential,687671b5ebd2bf665349b13f,,
localoccupation,d2985a88c2d72a5af11777c6,essential,687671bdebd2bf665349d395,,
localoccupation,d2985a88c2d72a5af11777c6,essential,687671bdebd2bf665349cf87,,
localoccupation,d2985a88c2d72a5af11777c6,essential,687671b5ebd2bf665349b4c0,,
localoccupation,d2985a88c2d72a5af11777c6,essential,687671b9ebd2bf665349c00d,,
localoccupation,d2985a88c2d72a5af11777c6,essential,687671b9ebd2bf665349c0f6,,
localoccupation,d2985a88c2d72a5af11777c6,essential,687671b9ebd2bf665349c46d,,
localoccupation,d2985a88c2d72a5af11777c6,essential,687671b9ebd2bf665349c320,,
localoccupation,d2985a88c2d72a5af11777c6,essential,687671beebd2bf665349db3c,,
localoccupation,d2985a88c2d72a5af11777c6,essential,687671b9ebd2bf665349c162,,
localoccupation,d2985a88c2d72a5af11777c6,essential,687671bdebd2bf665349d185,,
localoccupation,d2985a88c2d72a5af11777c6,essential,687671b5ebd2bf665349b0bc,,
localoccupation,d2985a88c2d72a5af11777c6,essential,687671b5ebd2bf665349b294,,
localoccupation,d2985a88c2d72a5af11777c6,essential,687671b9ebd2bf665349c39f,,
localoccupation,d2985a88c2d72a5af11777c6,essential,687671bdebd2bf665349d8d7,,
localoccupation,d2985a88c2d72a5af11777c6,essential,687671baebd2bf665349cd01,,
localoccupation,d2985a88c2d72a5af11777c6,essential,687671bdebd2bf665349cffa,,
localoccupation,d2985a88c2d72a5af11777c6,essential,687671baebd2bf665349ca73,,
localoccupation,d2985a88c2d72a5af11777c6,essential,687671b9ebd2bf665349be0a,,
localoccupation,d2985a88c2d72a5af11777c6,essential,687671b9ebd2bf665349c424,,
localoccupation,d2985a88c2d72a5af11777c6,essential,687671b9ebd2bf665349b9dd,,
localoccupation,d2985a88c2d72a5af11777c6,essential,687671b9ebd2bf665349bc32,,
localoccupation,d2985a88c2d72a5af11777c6,essential,687671b5ebd2bf665349b801,,
localoccupation,d2985a88c2d72a5af11777c6,essential,687671baebd2bf665349c604,,
localoccupation,986a045206e00d40418cdcc8,essential,687671bdebd2bf665349d2b7,,
localoccupation,986a045206e00d40418cdcc8,essential,687671b5ebd2bf665349aea1,,
localoccupation,986a045206e00d40418cdcc8,essential,687671bdebd2bf665349cf95,,
localoccupation,986a045206e00d40418cdcc8,essential,687671baebd2bf665349c790,,
localoccupation,986a045206e00d40418cdcc8,essential,687671bdebd2bf665349d4c0,,
localoccupation,986a045206e00d40418cdcc8,essential,687671b5ebd2bf665349a953,,
localoccupation,986a045206e00d40418cdcc8,essential,687671bdebd2bf665349d7cd,,
localoccupation,986a045206e00d40418cdcc8,essential,687671b9ebd2bf665349bdec,,
localoccupation,986a045206e00d40418cdcc8,essential,687671b9ebd2bf665349bd80,,
localoccupation,986a045206e00d40418cdcc8,essential,687671bdebd2bf665349d157,,
localoccupation,986a045206e00d40418cdcc8,essential,687671bdebd2bf665349d491,,
localoccupation,986a045206e00d40418cdcc8,essential,687671b9ebd2bf665349c35f,,
localoccupation,986a045206e00d40418cdcc8,essential,687671baebd2bf665349c8c7,,
localoccupation,986a045206e00d40418cdcc8,essential,687671b5ebd2bf665349b10e,,
localoccupation,986a045206e00d40418cdcc8,essential,687671b5ebd2bf665349b8e6,,
localoccupation,986a045206e00d40418cdcc8,essential,687671b5ebd2bf665349abb6,,
localoccupation,986a045206e00d40418cdcc8,essential,687671baebd2bf665349cbf1,,
localoccupation,986a045206e00d40418cdcc8,essential,687671bdebd2bf665349ce46,,
localoccupation,986a045206e00d40418cdcc8,essential,687671bdebd2bf665349d8f0,,
localoccupation,986a045206e00d40418cdcc8,essential,687671b5ebd2bf665349b76f,,
localoccupation,986a045206e00d40418cdcc8,essential,687671b5ebd2bf665349a984,,
localoccupation,986a045206e00d40418cdcc8,essential,687671bdebd2bf665349d680,,
localoccupation,986a045206e00d40418cdcc8,essential,687671b9ebd2bf665349b9eb,,
localoccupation,986a045206e00d40418cdcc8,essential,687671b5ebd2bf665349afaf,,
localoccupation,986a045206e00d40418cdcc8,essential,687671b5ebd2bf665349abde,,
localoccupation,986a045206e00d40418cdcc8,essential,687671b5ebd2bf665349b061,,
localoccupation,986a045206e00d40418cdcc8,essential,687671baebd2bf665349c62e,,
localoccupation,986a045206e00d40418cdcc8,essential,687671b9ebd2bf665349b9be,,
localoccupation,986a045206e00d40418cdcc8,essential,687671b5ebd2bf665349b428,,
localoccupation,986a045206e00d40418cdcc8,essential,687671b9ebd2bf665349bc35,,
localoccupation,986a045206e00d40418cdcc8,essential,687671baebd2bf665349ca0d,,
localoccupation,986a045206e00d40418cdcc8,essential,687671bdebd2bf665349d095,,
localoccupation,986a045206e00d40418cdcc8,essential,687671b5ebd2bf665349b13f,,
localoccupation,986a045206e00d40418cdcc8,essential,687671b5ebd2bf665349b649,,
localoccupation,986a045206e00d40418cdcc8,essential,687671b9ebd2bf665349ba72,,
localoccupation,986a045206e00d40418cdcc8,essential,687671beebd2bf665349dbd0,,
localoccupation,986a045206e00d40418cdcc8,essential,687671b5ebd2bf665349a954,,
localoccupation,986a045206e00d40418cdcc8,essential,687671b5ebd2bf665349ad4e,,
localoccupation,986a045206e00d40418cdcc8,essential,687671b5ebd2bf665349abd8,,
localoccupation,986a045206e00d40418cdcc8,essential,687671b5ebd2bf665349b159,,
localoccupation,986a045206e00d40418cdcc8,essential,687671b9ebd2bf665349c0f6,,
localoccupation,986a045206e00d40418cdcc8,essential,687671b9ebd2bf665349c46d,,
localoccupation,986a045206e00d40418cdcc8,essential,687671beebd2bf665349db3c,,
localoccupation,986a045206e00d40418cdcc8,essential,687671b9ebd2bf665349c37d,,
localoccupation,986a045206e00d40418cdcc8,essential,687671bdebd2bf665349d003,,
localoccupation,986a045206e00d40418cdcc8,essential,687671b9ebd2bf665349bbc0,,
localoccupation,986a045206e00d40418cdcc8,essential,687671b9ebd2bf665349c39f,,
localoccupation,986a045206e00d40418cdcc8,essential,687671bdebd2bf665349d7aa,,
localoccupation,986a045206e00d40418cdcc8,essential,687671bdebd2bf665349d8d7,,
localoccupation,986a045206e00d40418cdcc8,essential,687671baebd2bf665349cd01,,
localoccupation,986a045206e00d40418cdcc8,essential,687671b5ebd2bf665349abb5,,
localoccupation,986a045206e00d40418cdcc8,essential,687671b9ebd2bf665349c425,,
localoccupation,986a045206e00d40418cdcc8,essential,687671b9ebd2bf665349c424,,
localoccupation,986a045206e00d40418cdcc8,essential,687671bdebd2bf665349d836,,
localoccupation,986a045206e00d40418cdcc8,essential,687671b5ebd2bf665349acfc,,
localoccupation,986a045206e00d40418cdcc8,essential,687671bdebd2bf665349d77e,,
localoccupation,986a045206e00d40418cdcc8,essential,687671baebd2bf665349c604,,
localoccupation,986a045206e00d40418cdcc8,essential,687671b5ebd2bf665349ab7b,,
localoccupation,986a045206e00d40418cdcc8,essential,687671b9ebd2bf665349bdc8,,
localoccupation,751bdeba0deb0cfb49ba00d0,essential,687671bdebd2bf665349d2b7,,
localoccupation,751bdeba0deb0cfb49ba00d0,essential,687671b5ebd2bf665349aea1,,
localoccupation,751bdeba0deb0cfb49ba00d0,essential,687671bdebd2bf665349d4c0,,
localoccupation,751bdeba0deb0cfb49ba00d0,essential,687671beebd2bf665349db83,,
localoccupation,751bdeba0deb0cfb49ba00d0,essential,687671b9ebd2bf665349bdec,,
localoccupation,751bdeba0deb0cfb49ba00d0,essential,687671b5ebd2bf665349a94c,,
localoccupation,751bdeba0deb0cfb49ba00d0,essential,687671b9ebd2bf665349bd80,,
localoccupation,751bdeba0deb0cfb49ba00d0,essential,687671b5ebd2bf665349aef9,,
localoccupation,751bdeba0deb0cfb49ba00d0,essential,687671b5ebd2bf665349b324,,
localoccupation,751bdeba0deb0cfb49ba00d0,essential,687671bdebd2bf665349d3fd,,
localoccupation,751bdeba0deb0cfb49ba00d0,essential,687671bdebd2bf665349d157,,
localoccupation,751bdeba0deb0cfb49ba00d0,essential,687671b5ebd2bf665349b8d2,,
localoccupation,751bdeba0deb0cfb49ba00d0,essential,687671b5ebd2bf665349a9a9,,
localoccupation,751bdeba0deb0cfb49ba00d0,essential,687671b9ebd2bf665349c2b5,,
localoccupation,751bdeba0deb0cfb49ba00d0,essential,687671beebd2bf665349db2f,,
localoccupation,751bdeba0deb0cfb49ba00d0,essential,687671b5ebd2bf665349b10e,,
localoccupation,751bdeba0deb0cfb49ba00d0,essential,687671b5ebd2bf665349b0ae,,
localoccupation,751bdeba0deb0cfb49ba00d0,essential,687671baebd2bf665349c724,,
localoccupation,751bdeba0deb0cfb49ba00d0,essential,687671bdebd2bf665349ce46,,
localoccupation,751bdeba0deb0cfb49ba00d0,essential,687671baebd2bf665349cc0b,,
localoccupation,751bdeba0deb0cfb49ba00d0,essential,687671b5ebd2bf665349b2b5,,
localoccupation,751bdeba0deb0cfb49ba00d0,essential,687671bdebd2bf665349d8f0,,
localoccupation,751bdeba0deb0cfb49ba00d0,essential,687671b5ebd2bf665349b5d8,,
localoccupation,751bdeba0deb0cfb49ba00d0,essential,687671b5ebd2bf665349b7f6,,
localoccupation,751bdeba0deb0cfb49ba00d0,essential,687671b5ebd2bf665349afaf,,
localoccupation,751bdeba0deb0cfb49ba00d0,essential,687671b5ebd2bf665349abde,,
localoccupation,751bdeba0deb0cfb49ba00d0,essential,687671baebd2bf665349c62e,,
localoccupation,751bdeba0deb0cfb49ba00d0,essential,687671b4ebd2bf665349a648,,
localoccupation,751bdeba0deb0cfb49ba00d0,essential,687671b5ebd2bf665349ab77,,
localoccupation,751bdeba0deb0cfb49ba00d0,essential,687671b5ebd2bf665349b428,,
localoccupation,751bdeba0deb0cfb49ba00d0,essential,687671bdebd2bf665349d34e,,
localoccupation,751bdeba0deb0cfb49ba00d0,essential,687671b5ebd2bf665349b13f,,
localoccupation,751bdeba0deb0cfb49ba00d0,essential,687671b5ebd2bf665349b649,,
localoccupation,751bdeba0deb0cfb49ba00d0,essential,687671b5ebd2bf665349aec7,,
localoccupation,751bdeba0deb0cfb49ba00d0,essential,687671bdebd2bf665349d1c6,,
localoccupation,751bdeba0deb0cfb49ba00d0,essential,687671b5ebd2bf665349abd2,,
localoccupation,751bdeba0deb0cfb49ba00d0,essential,687671b9ebd2bf665349ba72,,
localoccupation,751bdeba0deb0cfb49ba00d0,essential,687671b9ebd2bf665349bfea,,
localoccupation,751bdeba0deb0cfb49ba00d0,essential,687671b5ebd2bf665349ad4e,,
localoccupation,751bdeba0deb0cfb49ba00d0,essential,687671bdebd2bf665349da9e,,
localoccupation,751bdeba0deb0cfb49ba00d0,essential,687671b4ebd2bf665349a795,,
localoccupation,751bdeba0deb0cfb49ba00d0,essential,687671b5ebd2bf665349abd8,,
localoccupation,751bdeba0deb0cfb49ba00d0,essential,687671b5ebd2bf665349b947,,
localoccupation,751bdeba0deb0cfb49ba00d0,essential,687671b9ebd2bf665349c320,,
localoccupation,751bdeba0deb0cfb49ba00d0,essential,687671beebd2bf665349db3c,,
localoccupation,751bdeba0deb0cfb49ba00d0,essential,687671bdebd2bf665349da3d,,
localoccupation,751bdeba0deb0cfb49ba00d0,essential,687671bdebd2bf665349d185,,
localoccupation,751bdeba0deb0cfb49ba00d0,essential,687671bdebd2bf665349d003,,
localoccupation,751bdeba0deb0cfb49ba00d0,essential,687671b5ebd2bf665349b332,,
localoccupation,751bdeba0deb0cfb49ba00d0,essential,687671b9ebd2bf665349be82,,
localoccupation,751bdeba0deb0cfb49ba00d0,essential,687671b5ebd2bf665349b253,,
localoccupation,751bdeba0deb0cfb49ba00d0,essential,687671baebd2bf665349c63a,,
localoccupation,751bdeba0deb0cfb49ba00d0,essential,687671bdebd2bf665349d8d7,,
localoccupation,751bdeba0deb0cfb49ba00d0,essential,687671b5ebd2bf665349b806,,
localoccupation,751bdeba0deb0cfb49ba00d0,essential,687671b5ebd2bf665349abb5,,
localoccupation,751bdeba0deb0cfb49ba00d0,essential,687671bdebd2bf665349cffa,,
localoccupation,751bdeba0deb0cfb49ba00d0,essential,687671b9ebd2bf665349c424,,
localoccupation,751bdeba0deb0cfb49ba00d0,essential,687671baebd2bf665349c604,,
localoccupation,751bdeba0deb0cfb49ba00d0,essential,687671baebd2bf665349c658,,
localoccupation,751bdeba0deb0cfb49ba00d0,essential,687671b9ebd2bf665349c172,,
localoccupation,751bdeba0deb0cfb49ba00d0,essential,687671b5ebd2bf665349aeee,,
localoccupation,d7958e7d5771a01c1b89b2c1,essential,687671beebd2bf665349daf2,,
localoccupation,d7958e7d5771a01c1b89b2c1,essential,687671bdebd2bf665349cd93,,
localoccupation,d7958e7d5771a01c1b89b2c1,essential,687671beebd2bf665349db83,,
localoccupation,d7958e7d5771a01c1b89b2c1,essential,687671b5ebd2bf665349a94c,,
localoccupation,d7958e7d5771a01c1b89b2c1,essential,687671b4ebd2bf665349a63b,,
localoccupation,d7958e7d5771a01c1b89b2c1,essential,687671b9ebd2bf665349bd80,,
localoccupation,d7958e7d5771a01c1b89b2c1,essential,687671b5ebd2bf665349aef9,,
localoccupation,d7958e7d5771a01c1b89b2c1,essential,687671bdebd2bf665349cf88,,
localoccupation,d7958e7d5771a01c1b89b2c1,essential,687671bdebd2bf665349d3fd,,
localoccupation,d7958e7d5771a01c1b89b2c1,essential,687671b5ebd2bf665349b624,,
localoccupation,d7958e7d5771a01c1b89b2c1,essential,687671b5ebd2bf665349b369,,
localoccupation,d7958e7d5771a01c1b89b2c1,essential,687671b4ebd2bf665349a6d9,,
localoccupation,d7958e7d5771a01c1b89b2c1,essential,687671b5ebd2bf665349b4b1,,
localoccupation,d7958e7d5771a01c1b89b2c1,essential,687671baebd2bf665349c724,,
localoccupation,d7958e7d5771a01c1b89b2c1,essential,687671bdebd2bf665349d8f0,,
localoccupation,d7958e7d5771a01c1b89b2c1,essential,687671b5ebd2bf665349b5d8,,
localoccupation,d7958e7d5771a01c1b89b2c1,essential,687671b5ebd2bf665349b115,,
localoccupation,d7958e7d5771a01c1b89b2c1,essential,687671b9ebd2bf665349babc,,
localoccupation,d7958e7d5771a01c1b89b2c1,essential,687671b9ebd2bf665349b9eb,,
localoccupation,d7958e7d5771a01c1b89b2c1,essential,687671b5ebd2bf665349afaf,,
localoccupation,d7958e7d5771a01c1b89b2c1,essential,687671bdebd2bf665349d911,,
localoccupation,d7958e7d5771a01c1b89b2c1,essential,687671baebd2bf665349c8c4,,
localoccupation,d7958e7d5771a01c1b89b2c1,essential,687671b5ebd2bf665349b94a,,
localoccupation,d7958e7d5771a01c1b89b2c1,essential,687671b9ebd2bf665349b9be,,
localoccupation,d7958e7d5771a01c1b89b2c1,essential,687671b5ebd2bf665349aec7,,
localoccupation,d7958e7d5771a01c1b89b2c1,essential,687671baebd2bf665349c8a7,,
localoccupation,d7958e7d5771a01c1b89b2c1,essential,687671b5ebd2bf665349ad23,,
localoccupation,d7958e7d5771a01c1b89b2c1,essential,687671b5ebd2bf665349abd2,,
localoccupation,d7958e7d5771a01c1b89b2c1,essential,687671bdebd2bf665349d875,,
localoccupation,d7958e7d5771a01c1b89b2c1,essential,687671b5ebd2bf665349a954,,
localoccupation,d7958e7d5771a01c1b89b2c1,essential,687671b5ebd2bf665349ad4e,,
localoccupation,d7958e7d5771a01c1b89b2c1,essential,687671baebd2bf665349c9e2,,
localoccupation,d7958e7d5771a01c1b89b2c1,essential,687671bdebd2bf665349ce19,,
localoccupation,d7958e7d5771a01c1b89b2c1,essential,687671b5ebd2bf665349abd8,,
localoccupation,d7958e7d5771a01c1b89b2c1,essential,687671baebd2bf665349c956,,
localoccupation,d7958e7d5771a01c1b89b2c1,essential,687671b5ebd2bf665349b95f,,
localoccupation,d7958e7d5771a01c1b89b2c1,essential,687671b9ebd2bf665349c0f6,,
localoccupation,d7958e7d5771a01c1b89b2c1,essential,687671b9ebd2bf665349c039,,
localoccupation,d7958e7d5771a01c1b89b2c1,essential,687671b9ebd2bf665349c46d,,
localoccupation,d7958e7d5771a01c1b89b2c1,essential,687671b5ebd2bf665349b947,,
localoccupation,d7958e7d5771a01c1b89b2c1,essential,687671b9ebd2bf665349c320,,
localoccupation,d7958e7d5771a01c1b89b2c1,essential,687671b9ebd2bf665349bdbd,,
localoccupation,d7958e7d5771a01c1b89b2c1,essential,687671b9ebd2bf665349bbb4,,
localoccupation,d7958e7d5771a01c1b89b2c1,essential,687671b9ebd2bf665349c39f,,
localoccupation,d7958e7d5771a01c1b89b2c1,essential,687671b5ebd2bf665349b2ba,,
localoccupation,d7958e7d5771a01c1b89b2c1,essential,687671beebd2bf665349dbc9,,
localoccupation,d7958e7d5771a01c1b89b2c1,essential,687671bdebd2bf665349d8d7,,
localoccupation,d7958e7d5771a01c1b89b2c1,essential,687671b9ebd2bf665349c135,,
localoccupation,d7958e7d5771a01c1b89b2c1,essential,687671b5ebd2bf665349abb5,,
localoccupation,d7958e7d5771a01c1b89b2c1,essential,687671baebd2bf665349c686,,
localoccupation,d7958e7d5771a01c1b89b2c1,essential,687671bdebd2bf665349d836,,
localoccupation,d7958e7d5771a01c1b89b2c1,essential,687671b9ebd2bf665349bfe3,,
localoccupation,d7958e7d5771a01c1b89b2c1,essential,687671b5ebd2bf665349acfc,,
localoccupation,d7958e7d5771a01c1b89b2c1,essential,687671b9ebd2bf665349c102,,
localoccupation,d7958e7d5771a01c1b89b2c1,essential,687671b5ebd2bf665349af84,,
localoccupation,d7958e7d5771a01c1b89b2c1,essential,687671bdebd2bf665349d283,,
localoccupation,d7958e7d5771a01c1b89b2c1,essential,687671bdebd2bf665349ceeb,,
localoccupation,d7958e7d5771a01c1b89b2c1,essential,687671b5ebd2bf665349aeee,,
localoccupation,266313add7380dfae2c9c29d,essential,687671bdebd2bf665349d2b7,,
localoccupation,266313add7380dfae2c9c29d,essential,687671bdebd2bf665349d4c0,,
localoccupation,266313add7380dfae2c9c29d,essential,687671b5ebd2bf665349aa8a,,
localoccupation,266313add7380dfae2c9c29d,essential,687671b9ebd2bf665349c0ae,,
localoccupation,266313add7380dfae2c9c29d,essential,687671b9ebd2bf665349bdec,,
localoccupation,266313add7380dfae2c9c29d,essential,687671b5ebd2bf665349a94c,,
localoccupation,266313add7380dfae2c9c29d,essential,687671b4ebd2bf665349a63b,,
localoccupation,266313add7380dfae2c9c29d,essential,687671b9ebd2bf665349bd80,,
localoccupation,266313add7380dfae2c9c29d,essential,687671b9ebd2bf665349bf5d,,
localoccupation,266313add7380dfae2c9c29d,essential,687671b5ebd2bf665349b324,,
localoccupation,266313add7380dfae2c9c29d,essential,687671beebd2bf665349dbd9,,
localoccupation,266313add7380dfae2c9c29d,essential,687671bdebd2bf665349d157,,
localoccupation,266313add7380dfae2c9c29d,essential,687671baebd2bf665349cc7a,,
localoccupation,266313add7380dfae2c9c29d,essential,687671b9ebd2bf665349c2b5,,
localoccupation,266313add7380dfae2c9c29d,essential,687671b5ebd2bf665349b31f,,
localoccupation,266313add7380dfae2c9c29d,essential,687671bdebd2bf665349ce1d,,
localoccupation,266313add7380dfae2c9c29d,essential,687671baebd2bf665349cbfa,,
localoccupation,266313add7380dfae2c9c29d,essential,687671b5ebd2bf665349abb6,,
localoccupation,266313add7380dfae2c9c29d,essential,687671baebd2bf665349c724,,
localoccupation,266313add7380dfae2c9c29d,essential,687671baebd2bf665349c56a,,
localoccupation,266313add7380dfae2c9c29d,essential,687671b9ebd2bf665349b9eb,,
localoccupation,266313add7380dfae2c9c29d,essential,687671baebd2bf665349c62e,,
localoccupation,266313add7380dfae2c9c29d,essential,687671baebd2bf665349c579,,
localoccupation,266313add7380dfae2c9c29d,essential,687671b4ebd2bf665349a648,,
localoccupation,266313add7380dfae2c9c29d,essential,687671bdebd2bf665349d305,,
localoccupation,266313add7380dfae2c9c29d,essential,687671b9ebd2bf665349c1e0,,
localoccupation,266313add7380dfae2c9c29d,essential,687671bdebd2bf665349d34e,,
localoccupation,266313add7380dfae2c9c29d,essential,687671b5ebd2bf665349b13f,,
localoccupation,266313add7380dfae2c9c29d,essential,687671bdebd2bf665349d1c6,,
localoccupation,266313add7380dfae2c9c29d,essential,687671b9ebd2bf665349ba72,,
localoccupation,266313add7380dfae2c9c29d,essential,687671bdebd2bf665349d395,,
localoccupation,266313add7380dfae2c9c29d,essential,687671bdebd2bf665349cf87,,
localoccupation,266313add7380dfae2c9c29d,essential,687671b5ebd2bf665349b6ae,,
localoccupation,266313add7380dfae2c9c29d,essential,687671b5ebd2bf665349ad4e,,
localoccupation,266313add7380dfae2c9c29d,essential,687671b5ebd2bf665349abd8,,
localoccupation,266313add7380dfae2c9c29d,essential,687671b5ebd2bf665349b159,,
localoccupation,266313add7380dfae2c9c29d,essential,687671b5ebd2bf665349af0d,,
localoccupation,266313add7380dfae2c9c29d,essential,687671bdebd2bf665349d5de,,
localoccupation,266313add7380dfae2c9c29d,essential,687671b9ebd2bf665349c00d,,
localoccupation,266313add7380dfae2c9c29d,essential,687671b5ebd2bf665349aef5,,
localoccupation,266313add7380dfae2c9c29d,essential,687671b5ebd2bf665349b020,,
localoccupation,266313add7380dfae2c9c29d,essential,687671b9ebd2bf665349ba54,,
localoccupation,266313add7380dfae2c9c29d,essential,687671beebd2bf665349db3c,,
localoccupation,266313add7380dfae2c9c29d,essential,687671bdebd2bf665349d003,,
localoccupation,266313add7380dfae2c9c29d,essential,687671b5ebd2bf665349b641,,
localoccupation,266313add7380dfae2c9c29d,essential,687671b5ebd2bf665349b799,,
localoccupation,266313add7380dfae2c9c29d,essential,687671b5ebd2bf665349a9e5,,
localoccupation,266313add7380dfae2c9c29d,essential,687671b5ebd2bf665349b0bc,,
localoccupation,266313add7380dfae2c9c29d,essential,687671b5ebd2bf665349b332,,
localoccupation,266313add7380dfae2c9c29d,essential,687671b5ebd2bf665349a82d,,
localoccupation,266313add7380dfae2c9c29d,essential,687671b5ebd2bf665349b294,,
localoccupation,266313add7380dfae2c9c29d,essential,687671bdebd2bf665349d04e,,
localoccupation,266313add7380dfae2c9c29d,essential,687671b9ebd2bf665349c39f,,
localoccupation,266313add7380dfae2c9c29d,essential,687671bdebd2bf665349d8d7,,
localoccupation,266313add7380dfae2c9c29d,essential,687671baebd2bf665349cd01,,
localoccupation,266313add7380dfae2c9c29d,essential,687671b5ebd2bf665349a8dc,,
localoccupation,266313add7380dfae2c9c29d,essential,687671b5ebd2bf665349abb5,,
localoccupation,266313add7380dfae2c9c29d,essential,687671baebd2bf665349ca73,,
localoccupation,266313add7380dfae2c9c29d,essential,687671bdebd2bf665349d836,,
localoccupation,266313add7380dfae2c9c29d,essential,687671b5ebd2bf665349b7fd,,
localoccupation,7cd0b2642595dee9928cd93d,essential,687671b5ebd2bf665349b8de,,
localoccupation,7cd0b2642595dee9928cd93d,essential,687671bdebd2bf665349cf8c,,
localoccupation,7cd0b2642595dee9928cd93d,essential,687671b5ebd2bf665349b96c,,
localoccupation,7cd0b2642595dee9928cd93d,essential,687671b5ebd2bf665349b622,,
localoccupation,7cd0b2642595dee9928cd93d,essential,687671b9ebd2bf665349be37,,
localoccupation,7cd0b2642595dee9928cd93d,essential,687671b5ebd2bf665349b0ee,,
localoccupation,7cd0b2642595dee9928cd93d,essential,687671b9ebd2bf665349c498,,
localoccupation,7cd0b2642595dee9928cd93d,essential,687671bdebd2bf665349ce1e,,
localoccupation,7cd0b2642595dee9928cd93d,essential,687671bdebd2bf665349d37e,,
localoccupation,7cd0b2642595dee9928cd93d,essential,687671b9ebd2bf665349bf59,,
localoccupation,7cd0b2642595dee9928cd93d,essential,687671b5ebd2bf665349a933,,
localoccupation,7cd0b2642595dee9928cd93d,essential,687671baebd2bf665349c4b4,,
localoccupation,7cd0b2642595dee9928cd93d,essential,687671b5ebd2bf665349b3e3,,
localoccupation,7cd0b2642595dee9928cd93d,essential,687671baebd2bf665349ccbe,,
localoccupation,7cd0b2642595dee9928cd93d,essential,687671baebd2bf665349cd20,,
localoccupation,7cd0b2642595dee9928cd93d,essential,687671b5ebd2bf665349aeb3,,
localoccupation,7cd0b2642595dee9928cd93d,essential,687671b5ebd2bf665349af2a,,
localoccupation,7cd0b2642595dee9928cd93d,essential,687671b5ebd2bf665349aa8e,,
localoccupation,7cd0b2642595dee9928cd93d,essential,687671b4ebd2bf665349a79b,,
localoccupation,7cd0b2642595dee9928cd93d,essential,687671bdebd2bf665349daa0,,
localoccupation,7cd0b2642595dee9928cd93d,essential,687671bdebd2bf665349d877,,
localoccupation,7cd0b2642595dee9928cd93d,essential,687671bdebd2bf665349d7fd,,
localoccupation,7cd0b2642595dee9928cd93d,essential,687671b5ebd2bf665349b83d,,
localoccupation,7cd0b2642595dee9928cd93d,essential,687671b9ebd2bf665349bd25,,
localoccupation,7cd0b2642595dee9928cd93d,essential,687671b5ebd2bf665349b8f9,,
localoccupation,7cd0b2642595dee9928cd93d,essential,687671bdebd2bf665349da3b,,
localoccupation,7cd0b2642595dee9928cd93d,essential,687671beebd2bf665349db69,,
localoccupation,7cd0b2642595dee9928cd93d,essential,687671bdebd2bf665349da8a,,
localoccupation,7cd0b2642595dee9928cd93d,essential,687671bdebd2bf665349cd8d,,
localoccupation,7cd0b2642595dee9928cd93d,essential,687671b5ebd2bf665349a9f5,,
localoccupation,7cd0b2642595dee9928cd93d,essential,687671b9ebd2bf665349c0e4,,
localoccupation,7cd0b2642595dee9928cd93d,essential,687671b5ebd2bf665349a95d,,
localoccupation,7cd0b2642595dee9928cd93d,essential,687671baebd2bf665349ca2e,,
localoccupation,7cd0b2642595dee9928cd93d,essential,687671b9ebd2bf665349beea,,
localoccupation,7cd0b2642595dee9928cd93d,essential,687671b5ebd2bf665349aa2f,,
localoccupation,7cd0b2642595dee9928cd93d,essential,687671b5ebd2bf665349b205,,
localoccupation,7cd0b2642595dee9928cd93d,essential,687671baebd2bf665349c8a7,,
localoccupation,7cd0b2642595dee9928cd93d,essential,687671bdebd2bf665349d8e5,,
localoccupation,7cd0b2642595dee9928cd93d,essential,687671b5ebd2bf665349b97d,,
localoccupation,7cd0b2642595dee9928cd93d,essential,687671b5ebd2bf665349b4da,,
localoccupation,7cd0b2642595dee9928cd93d,essential,687671b9ebd2bf665349ba52,,
localoccupation,7cd0b2642595dee9928cd93d,essential,687671b5ebd2bf665349abf9,,
localoccupation,7cd0b2642595dee9928cd93d,essential,687671b5ebd2bf665349b14b,,
localoccupation,7cd0b2642595dee9928cd93d,essential,687671baebd2bf665349c895,,
localoccupation,7cd0b2642595dee9928cd93d,essential,687671bdebd2bf665349d207,,
localoccupation,7cd0b2642595dee9928cd93d,essential,687671baebd2bf665349c6e2,,
localoccupation,7cd0b2642595dee9928cd93d,essential,687671b5ebd2bf665349b980,,
localoccupation,7cd0b2642595dee9928cd93d,essential,687671b5ebd2bf665349af81,,
localoccupation,7cd0b2642595dee9928cd93d,essential,687671b5ebd2bf665349b339,,
localoccupation,7cd0b2642595dee9928cd93d,essential,687671bdebd2bf665349d8b6,,
localoccupation,7cd0b2642595dee9928cd93d,essential,687671b5ebd2bf665349b2e1,,
localoccupation,7cd0b2642595dee9928cd93d,essential,687671b4ebd2bf665349a7de,,
localoccupation,7cd0b2642595dee9928cd93d,essential,687671baebd2bf665349c9a8,,
localoccupation,7cd0b2642595dee9928cd93d,essential,687671b5ebd2bf665349af86,,
localoccupation,7cd0b2642595dee9928cd93d,essential,687671b5ebd2bf665349ac35,,
localoccupation,7cd0b2642595dee9928cd93d,essential,687671baebd2bf665349ca88,,
localoccupation,7cd0b2642595dee9928cd93d,essential,687671b9ebd2bf665349be9a,,
localoccupation,7cd0b2642595dee9928cd93d,essential,687671b5ebd2bf665349af98,,
localoccupation,7cd0b2642595dee9928cd93d,essential,687671b5ebd2bf665349aaf4,,
localoccupation,7cd0b2642595dee9928cd93d,essential,687671b5ebd2bf665349abfd,,
localoccupation,43bb741d83cc70d1b7aeb525,essential,687671b9ebd2bf665349be26,,
localoccupation,43bb741d83cc70d1b7aeb525,essential,687671b9ebd2bf665349bde7,,
localoccupation,43bb741d83cc70d1b7aeb525,essential,687671bdebd2bf665349d2eb,,
localoccupation,43bb741d83cc70d1b7aeb525,essential,687671b5ebd2bf665349b190,,
localoccupation,43bb741d83cc70d1b7aeb525,essential,687671bdebd2bf665349d260,,
localoccupation,43bb741d83cc70d1b7aeb525,essential,687671b5ebd2bf665349a90e,,
localoccupation,43bb741d83cc70d1b7aeb525,essential,687671b5ebd2bf665349b01a,,
localoccupation,43bb741d83cc70d1b7aeb525,essential,687671beebd2bf665349db1f,,
localoccupation,43bb741d83cc70d1b7aeb525,essential,687671beebd2bf665349dad4,,
localoccupation,43bb741d83cc70d1b7aeb525,essential,687671b9ebd2bf665349bffb,,
localoccupation,43bb741d83cc70d1b7aeb525,essential,687671b5ebd2bf665349b3e1,,
localoccupation,43bb741d83cc70d1b7aeb525,essential,687671baebd2bf665349cbe4,,
localoccupation,43bb741d83cc70d1b7aeb525,essential,687671bdebd2bf665349d1aa,,
localoccupation,43bb741d83cc70d1b7aeb525,essential,687671baebd2bf665349c530,,
localoccupation,43bb741d83cc70d1b7aeb525,essential,687671baebd2bf665349cbe3,,
localoccupation,43bb741d83cc70d1b7aeb525,essential,687671b5ebd2bf665349b84f,,
localoccupation,43bb741d83cc70d1b7aeb525,essential,687671b5ebd2bf665349b842,,
localoccupation,43bb741d83cc70d1b7aeb525,essential,687671b5ebd2bf665349b36a,,
localoccupation,43bb741d83cc70d1b7aeb525,essential,687671bdebd2bf665349daae,,
localoccupation,43bb741d83cc70d1b7aeb525,essential,687671b5ebd2bf665349b308,,
localoccupation,43bb741d83cc70d1b7aeb525,essential,687671baebd2bf665349c50f,,
localoccupation,43bb741d83cc70d1b7aeb525,essential,687671bdebd2bf665349ce30,,
localoccupation,43bb741d83cc70d1b7aeb525,essential,687671b5ebd2bf665349ad50,,
localoccupation,43bb741d83cc70d1b7aeb525,essential,687671baebd2bf665349cc5b,,
localoccupation,43bb741d83cc70d1b7aeb525,essential,687671b9ebd2bf665349c1bb,,
localoccupation,43bb741d83cc70d1b7aeb525,essential,687671baebd2bf665349c935,,
localoccupation,43bb741d83cc70d1b7aeb525,essential,687671baebd2bf665349c9fa,,
localoccupation,43bb741d83cc70d1b7aeb525,essential,687671b5ebd2bf665349b703,,
localoccupation,43bb741d83cc70d1b7aeb525,essential,687671baebd2bf665349c64d,,
localoccupation,43bb741d83cc70d1b7aeb525,essential,687671baebd2bf665349c4f3,,
localoccupation,43bb741d83cc70d1b7aeb525,essential,687671bdebd2bf665349d59d,,
localoccupation,43bb741d83cc70d1b7aeb525,essential,687671b5ebd2bf665349b629,,
localoccupation,43bb741d83cc70d1b7aeb525,essential,687671beebd2bf665349dc10,,
localoccupation,43bb741d83cc70d1b7aeb525,essential,687671bdebd2bf665349ceb9,,
localoccupation,43bb741d83cc70d1b7aeb525,essential,687671b5ebd2bf665349aa8b,,
localoccupation,43bb741d83cc70d1b7aeb525,essential,687671b9ebd2bf665349c2e3,,
localoccupation,43bb741d83cc70d1b7aeb525,essential,687671bdebd2bf665349da2e,,
localoccupation,43bb741d83cc70d1b7aeb525,essential,687671beebd2bf665349db7a,,
localoccupation,43bb741d83cc70d1b7aeb525,essential,687671b5ebd2bf665349b751,,
localoccupation,43bb741d83cc70d1b7aeb525,essential,687671bdebd2bf665349cd8b,,
localoccupation,43bb741d83cc70d1b7aeb525,essential,687671baebd2bf665349cb44,,
localoccupation,43bb741d83cc70d1b7aeb525,essential,687671b5ebd2bf665349af42,,
localoccupation,43bb741d83cc70d1b7aeb525,essential,687671bdebd2bf665349d5ac,,
localoccupation,43bb741d83cc70d1b7aeb525,essential,687671baebd2bf665349c569,,
localoccupation,43bb741d83cc70d1b7aeb525,essential,687671beebd2bf665349db0f,,
localoccupation,43bb741d83cc70d1b7aeb525,essential,687671b9ebd2bf665349bf27,,
localoccupation,43bb741d83cc70d1b7aeb525,essential,687671bdebd2bf665349d21a,,
localoccupation,43bb741d83cc70d1b7aeb525,essential,687671b9ebd2bf665349c04b,,
localoccupation,43bb741d83cc70d1b7aeb525,essential,687671b5ebd2bf665349b2f5,,
localoccupation,43bb741d83cc70d1b7aeb525,essential,687671b4ebd2bf665349a711,,
localoccupation,43bb741d83cc70d1b7aeb525,essential,687671b9ebd2bf665349c25e,,
localoccupation,43bb741d83cc70d1b7aeb525,essential,687671baebd2bf665349cc85,,
localoccupation,43bb741d83cc70d1b7aeb525,essential,687671b5ebd2bf665349ac7b,,
localoccupation,43bb741d83cc70d1b7aeb525,essential,687671baebd2bf665349c802,,
localoccupation,43bb741d83cc70d1b7aeb525,essential,687671b9ebd2bf665349bb10,,
localoccupation,43bb741d83cc70d1b7aeb525,essential,687671bdebd2bf665349d51a,,
localoccupation,43bb741d83cc70d1b7aeb525,essential,687671b9ebd2bf665349c246,,
localoccupation,43bb741d83cc70d1b7aeb525,essential,687671b9ebd2bf665349ba7f,,
localoccupation,d07a2d518e388a491f919eb4,essential,687671b9ebd2bf665349c120,,
localoccupation,d07a2d518e388a491f919eb4,essential,687671baebd2bf665349c67d,,
localoccupation,d07a2d518e388a491f919eb4,essential,687671b5ebd2bf665349b64a,,
localoccupation,d07a2d518e388a491f919eb4,essential,687671b5ebd2bf665349b7d5,,
localoccupation,d07a2d518e388a491f919eb4,essential,687671b9ebd2bf665349bee6,,
localoccupation,d07a2d518e388a491f919eb4,essential,687671bdebd2bf665349ce25,,
localoccupation,d07a2d518e388a491f919eb4,essential,687671baebd2bf665349c677,,
localoccupation,d07a2d518e388a491f919eb4,essential,687671b5ebd2bf665349ac89,,
localoccupation,d07a2d518e388a491f919eb4,essential,687671b5ebd2bf665349aefe,,
localoccupation,d07a2d518e388a491f919eb4,essential,687671b5ebd2bf665349a8f0,,
localoccupation,d07a2d518e388a491f919eb4,essential,687671b9ebd2bf665349bec9,,
localoccupation,d07a2d518e388a491f919eb4,essential,687671bdebd2bf665349d5f6,,
localoccupation,d07a2d518e388a491f919eb4,essential,687671bdebd2bf665349d159,,
localoccupation,d07a2d518e388a491f919eb4,essential,687671b5ebd2bf665349b4a2,,
localoccupation,d07a2d518e388a491f919eb4,essential,687671baebd2bf665349caa1,,
localoccupation,d07a2d518e388a491f919eb4,essential,687671b5ebd2bf665349b5d1,,
localoccupation,d07a2d518e388a491f919eb4,essential,687671b5ebd2bf665349b117,,
localoccupation,d07a2d518e388a491f919eb4,essential,687671b4ebd2bf665349a6e3,,
localoccupation,d07a2d518e388a491f919eb4,essential,687671b5ebd2bf665349b257,,
localoccupation,d07a2d518e388a491f919eb4,essential,687671b9ebd2bf665349bd5c,,
localoccupation,d07a2d518e388a491f919eb4,essential,687671baebd2bf665349c68f,,
localoccupation,d07a2d518e388a491f919eb4,essential,687671baebd2bf665349c862,,
localoccupation,d07a2d518e388a491f919eb4,essential,687671beebd2bf665349db54,,
localoccupation,d07a2d518e388a491f919eb4,essential,687671b9ebd2bf665349bdf7,,
localoccupation,d07a2d518e388a491f919eb4,essential,687671b5ebd2bf665349b2bc,,
localoccupation,d07a2d518e388a491f919eb4,essential,687671baebd2bf665349c570,,
localoccupation,d07a2d518e388a491f919eb4,essential,687671bdebd2bf665349d219,,
localoccupation,d07a2d518e388a491f919eb4,essential,687671bdebd2bf665349ce97,,
localoccupation,d07a2d518e388a491f919eb4,essential,687671b9ebd2bf665349bb8c,,
localoccupation,d07a2d518e388a491f919eb4,essential,687671bdebd2bf665349ce68,,
localoccupation,d07a2d518e388a491f919eb4,essential,687671b5ebd2bf665349b298,,
localoccupation,d07a2d518e388a491f919eb4,essential,687671bdebd2bf665349cd96,,
localoccupation,d07a2d518e388a491f919eb4,essential,687671bdebd2bf665349d2b6,,
localoccupation,d07a2d518e388a491f919eb4,essential,687671b4ebd2bf665349a7af,,
localoccupation,d07a2d518e388a491f919eb4,essential,687671b5ebd2bf665349b64b,,
localoccupation,d07a2d518e388a491f919eb4,essential,687671bdebd2bf665349d19b,,
localoccupation,d07a2d518e388a491f919eb4,essential,687671b5ebd2bf665349b866,,
localoccupation,d07a2d518e388a491f919eb4,essential,687671b5ebd2bf665349afc3,,
localoccupation,d07a2d518e388a491f919eb4,essential,687671bdebd2bf665349da84,,
localoccupation,d07a2d518e388a491f919eb4,essential,687671baebd2bf665349ca1d,,
localoccupation,d07a2d518e388a491f919eb4,essential,687671b4ebd2bf665349a780,,
localoccupation,d07a2d518e388a491f919eb4,essential,687671bdebd2bf665349d656,,
localoccupation,d07a2d518e388a491f919eb4,essential,687671b9ebd2bf665349c0b5,,
localoccupation,d07a2d518e388a491f919eb4,essential,687671bdebd2bf665349da54,,
localoccupation,d07a2d518e388a491f919eb4,essential,687671b5ebd2bf665349b8bd,,
localoccupation,d07a2d518e388a491f919eb4,essential,687671b5ebd2bf665349b4c3,,
localoccupation,d07a2d518e388a491f919eb4,essential,687671bdebd2bf665349d6f9,,
localoccupation,d07a2d518e388a491f919eb4,essential,687671b5ebd2bf665349a86a,,
localoccupation,d07a2d518e388a491f919eb4,essential,687671bdebd2bf665349cf73,,
localoccupation,d07a2d518e388a491f919eb4,essential,687671b9ebd2bf665349c1ea,,
localoccupation,d07a2d518e388a491f919eb4,essential,687671b9ebd2bf665349beb2,,
localoccupation,d07a2d518e388a491f919eb4,essential,687671bdebd2bf665349d7b0,,
localoccupation,c9219b50fbe6c521069b3b58,essential,687671beebd2bf665349daf2,,
localoccupation,c9219b50fbe6c521069b3b58,essential,687671baebd2bf665349ca6c,,
localoccupation,c9219b50fbe6c521069b3b58,essential,687671b5ebd2bf665349b261,,
localoccupation,c9219b50fbe6c521069b3b58,essential,687671b4ebd2bf665349a683,,
localoccupation,c9219b50fbe6c521069b3b58,essential,687671b9ebd2bf665349c3c6,,
localoccupation,c9219b50fbe6c521069b3b58,essential,687671bdebd2bf665349d453,,
localoccupation,c9219b50fbe6c521069b3b58,essential,687671b9ebd2bf665349c0f9,,
localoccupation,c9219b50fbe6c521069b3b58,essential,687671b9ebd2bf665349be81,,
localoccupation,c9219b50fbe6c521069b3b58,essential,687671baebd2bf665349c857,,
localoccupation,c9219b50fbe6c521069b3b58,essential,687671baebd2bf665349c6f4,,
localoccupation,c9219b50fbe6c521069b3b58,essential,687671baebd2bf665349cbbb,,
localoccupation,c9219b50fbe6c521069b3b58,essential,687671b5ebd2bf665349ade4,,
localoccupation,c9219b50fbe6c521069b3b58,essential,687671bdebd2bf665349d8dd,,
localoccupation,c9219b50fbe6c521069b3b58,essential,687671bdebd2bf665349d0d7,,
localoccupation,c9219b50fbe6c521069b3b58,essential,687671bdebd2bf665349d209,,
localoccupation,c9219b50fbe6c521069b3b58,essential,687671bdebd2bf665349d1e2,,
localoccupation,c9219b50fbe6c521069b3b58,essential,687671baebd2bf665349c7d9,,
localoccupation,c9219b50fbe6c521069b3b58,essential,687671b9ebd2bf665349c331,,
localoccupation,c9219b50fbe6c521069b3b58,essential,687671b9ebd2bf665349c412,,
localoccupation,c9219b50fbe6c521069b3b58,essential,687671b9ebd2bf665349bad6,,
localoccupation,c9219b50fbe6c521069b3b58,essential,687671b9ebd2bf665349bf92,,
localoccupation,c9219b50fbe6c521069b3b58,essential,687671bdebd2bf665349d04d,,
localoccupation,c9219b50fbe6c521069b3b58,essential,687671baebd2bf665349c773,,
localoccupation,c9219b50fbe6c521069b3b58,essential,687671b5ebd2bf665349b016,,
localoccupation,c9219b50fbe6c521069b3b58,essential,687671baebd2bf665349c81d,,
localoccupation,c9219b50fbe6c521069b3b58,essential,687671b5ebd2bf665349b951,,
localoccupation,c9219b50fbe6c521069b3b58,essential,687671b4ebd2bf665349a6f1,,
localoccupation,c9219b50fbe6c521069b3b58,essential,687671bdebd2bf665349d3a6,,
localoccupation,c9219b50fbe6c521069b3b58,essential,687671bdebd2bf665349d03e,,
localoccupation,c9219b50fbe6c521069b3b58,essential,687671baebd2bf665349c4db,,
localoccupation,c9219b50fbe6c521069b3b58,essential,687671baebd2bf665349c8a7,,
localoccupation,c9219b50fbe6c521069b3b58,essential,687671b5ebd2bf665349b1b8,,
localoccupation,c9219b50fbe6c521069b3b58,essential,687671bdebd2bf665349d1e1,,
localoccupation,c9219b50fbe6c521069b3b58,essential,687671b9ebd2bf665349c203,,
localoccupation,c9219b50fbe6c521069b3b58,essential,687671bdebd2bf665349da99,,
localoccupation,c9219b50fbe6c521069b3b58,essential,687671b5ebd2bf665349aa62,,
localoccupation,c9219b50fbe6c521069b3b58,essential,687671b5ebd2bf665349aebb,,
localoccupation,c9219b50fbe6c521069b3b58,essential,687671b9ebd2bf665349c0b6,,
localoccupation,c9219b50fbe6c521069b3b58,essential,687671bdebd2bf665349da00,,
localoccupation,c9219b50fbe6c521069b3b58,essential,687671bdebd2bf665349d184,,
localoccupation,c9219b50fbe6c521069b3b58,essential,687671b9ebd2bf665349c46d,,
localoccupation,c9219b50fbe6c521069b3b58,essential,687671b5ebd2bf665349a8a9,,
localoccupation,c9219b50fbe6c521069b3b58,essential,687671b5ebd2bf665349b468,,
localoccupation,c9219b50fbe6c521069b3b58,essential,687671b5ebd2bf665349ad26,,
localoccupation,c9219b50fbe6c521069b3b58,essential,687671b5ebd2bf665349b04d,,
localoccupation,c9219b50fbe6c521069b3b58,essential,687671bdebd2bf665349d476,,
localoccupation,c9219b50fbe6c521069b3b58,essential,687671b5ebd2bf665349b9af,,
localoccupation,c9219b50fbe6c521069b3b58,essential,687671b5ebd2bf665349b840,,
localoccupation,c9219b50fbe6c521069b3b58,essential,687671b9ebd2bf665349ba56,,
localoccupation,c9219b50fbe6c521069b3b58,essential,687671bdebd2bf665349d582,,
localoccupation,c9219b50fbe6c521069b3b58,essential,687671b5ebd2bf665349b65a,,
localoccupation,c9219b50fbe6c521069b3b58,essential,687671baebd2bf665349c744,,
localoccupation,c9219b50fbe6c521069b3b58,essential,687671b9ebd2bf665349c1d1,,
localoccupation,c9219b50fbe6c521069b3b58,essential,687671b4ebd2bf665349a738,,
localoccupation,c9219b50fbe6c521069b3b58,essential,687671b9ebd2bf665349c46f,,
localoccupation,c9219b50fbe6c521069b3b58,essential,687671b5ebd2bf665349b173,,
localoccupation,c9219b50fbe6c521069b3b58,essential,687671b9ebd2bf665349be18,,
localoccupation,c9219b50fbe6c521069b3b58,essential,687671b5ebd2bf665349b143,,
localoccupation,c9219b50fbe6c521069b3b58,essential,687671baebd2bf665349cc41,,
localoccupation,c9219b50fbe6c521069b3b58,essential,687671bdebd2bf665349d956,,
localoccupation,c9219b50fbe6c521069b3b58,essential,687671bdebd2bf665349cd70,,
localoccupation,c9219b50fbe6c521069b3b58,essential,687671bdebd2bf665349d166,,
localoccupation,c9219b50fbe6c521069b3b58,essential,687671b9ebd2bf665349bb11,,
localoccupation,35f213eaa26c21d64ac3f38c,essential,687671b5ebd2bf665349ae61,,
localoccupation,35f213eaa26c21d64ac3f38c,essential,687671b5ebd2bf665349a973,,
localoccupation,35f213eaa26c21d64ac3f38c,essential,687671b9ebd2bf665349c09c,,
localoccupation,35f213eaa26c21d64ac3f38c,essential,687671b9ebd2bf665349c430,,
localoccupation,35f213eaa26c21d64ac3f38c,essential,687671bdebd2bf665349d953,,
localoccupation,35f213eaa26c21d64ac3f38c,essential,687671b9ebd2bf665349bc3c,,
localoccupation,35f213eaa26c21d64ac3f38c,essential,687671b9ebd2bf665349ba20,,
localoccupation,35f213eaa26c21d64ac3f38c,essential,687671baebd2bf665349c572,,
localoccupation,35f213eaa26c21d64ac3f38c,essential,687671bdebd2bf665349d75a,,
localoccupation,35f213eaa26c21d64ac3f38c,essential,687671beebd2bf665349dc31,,
localoccupation,35f213eaa26c21d64ac3f38c,essential,687671b4ebd2bf665349a73d,,
localoccupation,35f213eaa26c21d64ac3f38c,essential,687671b5ebd2bf665349b216,,
localoccupation,35f213eaa26c21d64ac3f38c,essential,687671b5ebd2bf665349b544,,
localoccupation,35f213eaa26c21d64ac3f38c,essential,687671b9ebd2bf665349bd51,,
localoccupation,35f213eaa26c21d64ac3f38c,essential,687671b9ebd2bf665349bceb,,
localoccupation,35f213eaa26c21d64ac3f38c,essential,687671b9ebd2bf665349bc88,,
localoccupation,35f213eaa26c21d64ac3f38c,essential,687671b9ebd2bf665349c3e9,,
localoccupation,35f213eaa26c21d64ac3f38c,essential,687671bdebd2bf665349d9fc,,
localoccupation,35f213eaa26c21d64ac3f38c,essential,687671b5ebd2bf665349a984,,
localoccupation,35f213eaa26c21d64ac3f38c,essential,687671baebd2bf665349c773,,
localoccupation,35f213eaa26c21d64ac3f38c,essential,687671b5ebd2bf665349ab85,,
localoccupation,35f213eaa26c21d64ac3f38c,essential,687671b5ebd2bf665349abb0,,
localoccupation,35f213eaa26c21d64ac3f38c,essential,687671b9ebd2bf665349c3e1,,
localoccupation,35f213eaa26c21d64ac3f38c,essential,687671bdebd2bf665349d021,,
localoccupation,35f213eaa26c21d64ac3f38c,essential,687671b5ebd2bf665349b182,,
localoccupation,35f213eaa26c21d64ac3f38c,essential,687671b5ebd2bf665349ad4e,,
localoccupation,35f213eaa26c21d64ac3f38c,essential,687671b5ebd2bf665349b4dc,,
localoccupation,35f213eaa26c21d64ac3f38c,essential,687671bdebd2bf665349d50f,,
localoccupation,35f213eaa26c21d64ac3f38c,essential,687671baebd2bf665349c548,,
localoccupation,35f213eaa26c21d64ac3f38c,essential,687671b5ebd2bf665349b159,,
localoccupation,35f213eaa26c21d64ac3f38c,essential,687671b9ebd2bf665349c084,,
localoccupation,35f213eaa26c21d64ac3f38c,essential,687671baebd2bf665349c7a3,,
localoccupation,35f213eaa26c21d64ac3f38c,essential,687671baebd2bf665349c570,,
localoccupation,35f213eaa26c21d64ac3f38c,essential,687671bdebd2bf665349d2d4,,
localoccupation,35f213eaa26c21d64ac3f38c,essential,687671b5ebd2bf665349b3aa,,
localoccupation,35f213eaa26c21d64ac3f38c,essential,687671b5ebd2bf665349af2f,,
localoccupation,35f213eaa26c21d64ac3f38c,essential,687671bdebd2bf665349d408,,
localoccupation,35f213eaa26c21d64ac3f38c,essential,687671b5ebd2bf665349b468,,
localoccupation,35f213eaa26c21d64ac3f38c,essential,687671b9ebd2bf665349bd45,,
localoccupation,35f213eaa26c21d64ac3f38c,essential,687671b5ebd2bf665349ae98,,
localoccupation,35f213eaa26c21d64ac3f38c,essential,687671b9ebd2bf665349ba29,,
localoccupation,35f213eaa26c21d64ac3f38c,essential,687671b5ebd2bf665349a8af,,
localoccupation,35f213eaa26c21d64ac3f38c,essential,687671bdebd2bf665349da3d,,
localoccupation,35f213eaa26c21d64ac3f38c,essential,687671bdebd2bf665349d580,,
localoccupation,35f213eaa26c21d64ac3f38c,essential,687671bdebd2bf665349d051,,
localoccupation,35f213eaa26c21d64ac3f38c,essential,687671b9ebd2bf665349c46f,,
localoccupation,35f213eaa26c21d64ac3f38c,essential,687671b5ebd2bf665349b093,,
localoccupation,35f213eaa26c21d64ac3f38c,essential,687671b9ebd2bf665349bca8,,
localoccupation,35f213eaa26c21d64ac3f38c,essential,687671b5ebd2bf665349ac58,,
localoccupation,35f213eaa26c21d64ac3f38c,essential,687671b5ebd2bf665349ab61,,
localoccupation,35f213eaa26c21d64ac3f38c,essential,687671b5ebd2bf665349af4c,,
localoccupation,35f213eaa26c21d64ac3f38c,essential,687671baebd2bf665349cc03,,
localoccupation,35f213eaa26c21d64ac3f38c,essential,687671b5ebd2bf665349b96b,,
localoccupation,35f213eaa26c21d64ac3f38c,essential,687671bdebd2bf665349d69e,,
localoccupation,35f213eaa26c21d64ac3f38c,essential,687671baebd2bf665349c6b5,,
localoccupation,35f213eaa26c21d64ac3f38c,essential,687671bdebd2bf665349d214,,
localoccupation,35f213eaa26c21d64ac3f38c,essential,687671bdebd2bf665349d23f,,
localoccupation,7924da4d8da585ee47cd2e45,essential,687671beebd2bf665349daf2,,
localoccupation,7924da4d8da585ee47cd2e45,essential,687671b9ebd2bf665349c21c,,
localoccupation,7924da4d8da585ee47cd2e45,essential,687671b5ebd2bf665349afd6,,
localoccupation,7924da4d8da585ee47cd2e45,essential,687671b5ebd2bf665349b615,,
localoccupation,7924da4d8da585ee47cd2e45,essential,687671beebd2bf665349dadc,,
localoccupation,7924da4d8da585ee47cd2e45,essential,687671b9ebd2bf665349c0f9,,
localoccupation,7924da4d8da585ee47cd2e45,essential,687671b9ebd2bf665349be81,,
localoccupation,7924da4d8da585ee47cd2e45,essential,687671b5ebd2bf665349a9a0,,
localoccupation,7924da4d8da585ee47cd2e45,essential,687671baebd2bf665349c857,,
localoccupation,7924da4d8da585ee47cd2e45,essential,687671baebd2bf665349c6f4,,
localoccupation,7924da4d8da585ee47cd2e45,essential,687671bdebd2bf665349d049,,
localoccupation,7924da4d8da585ee47cd2e45,essential,687671b9ebd2bf665349c0c1,,
localoccupation,7924da4d8da585ee47cd2e45,essential,687671b5ebd2bf665349b7bc,,
localoccupation,7924da4d8da585ee47cd2e45,essential,687671bdebd2bf665349d43a,,
localoccupation,7924da4d8da585ee47cd2e45,essential,687671b9ebd2bf665349c14b,,
localoccupation,7924da4d8da585ee47cd2e45,essential,687671b9ebd2bf665349c3ee,,
localoccupation,7924da4d8da585ee47cd2e45,essential,687671b5ebd2bf665349b5dd,,
localoccupation,7924da4d8da585ee47cd2e45,essential,687671b4ebd2bf665349a81f,,
localoccupation,7924da4d8da585ee47cd2e45,essential,687671b5ebd2bf665349ade4,,
localoccupation,7924da4d8da585ee47cd2e45,essential,687671bdebd2bf665349d1e2,,
localoccupation,7924da4d8da585ee47cd2e45,essential,687671bdebd2bf665349da8a,,
localoccupation,7924da4d8da585ee47cd2e45,essential,687671b9ebd2bf665349bf92,,
localoccupation,7924da4d8da585ee47cd2e45,essential,687671b9ebd2bf665349c36d,,
localoccupation,7924da4d8da585ee47cd2e45,essential,687671baebd2bf665349c81d,,
localoccupation,7924da4d8da585ee47cd2e45,essential,687671b5ebd2bf665349b7bb,,
localoccupation,7924da4d8da585ee47cd2e45,essential,687671b9ebd2bf665349c35e,,
localoccupation,7924da4d8da585ee47cd2e45,essential,687671baebd2bf665349c8a7,,
localoccupation,7924da4d8da585ee47cd2e45,essential,687671b5ebd2bf665349b7bd,,
localoccupation,7924da4d8da585ee47cd2e45,essential,687671b5ebd2bf665349b890,,
localoccupation,7924da4d8da585ee47cd2e45,essential,687671bdebd2bf665349cefa,,
localoccupation,7924da4d8da585ee47cd2e45,essential,687671b5ebd2bf665349a938,,
localoccupation,7924da4d8da585ee47cd2e45,essential,687671baebd2bf665349c903,,
localoccupation,7924da4d8da585ee47cd2e45,essential,687671b5ebd2bf665349af52,,
localoccupation,7924da4d8da585ee47cd2e45,essential,687671baebd2bf665349ccbf,,
localoccupation,7924da4d8da585ee47cd2e45,essential,687671b5ebd2bf665349ab6d,,
localoccupation,7924da4d8da585ee47cd2e45,essential,687671b5ebd2bf665349b04d,,
localoccupation,7924da4d8da585ee47cd2e45,essential,687671bdebd2bf665349d4ad,,
localoccupation,7924da4d8da585ee47cd2e45,essential,687671b5ebd2bf665349b5c4,,
localoccupation,7924da4d8da585ee47cd2e45,essential,687671bdebd2bf665349cdab,,
localoccupation,7924da4d8da585ee47cd2e45,essential,687671b9ebd2bf665349baf6,,
localoccupation,7924da4d8da585ee47cd2e45,essential,687671b5ebd2bf665349b1fa,,
localoccupation,7924da4d8da585ee47cd2e45,essential,687671bdebd2bf665349ceca,,
localoccupation,7924da4d8da585ee47cd2e45,essential,687671b5ebd2bf665349b173,,
localoccupation,7924da4d8da585ee47cd2e45,essential,687671bdebd2bf665349d7f4,,
localoccupation,7924da4d8da585ee47cd2e45,essential,687671b9ebd2bf665349c329,,
localoccupation,7924da4d8da585ee47cd2e45,essential,687671baebd2bf665349cbcd,,
localoccupation,7924da4d8da585ee47cd2e45,essential,687671baebd2bf665349c645,,
localoccupation,7924da4d8da585ee47cd2e45,essential,687671b5ebd2bf665349a96a,,
localoccupation,7924da4d8da585ee47cd2e45,essential,687671b9ebd2bf665349c336,,
localoccupation,7924da4d8da585ee47cd2e45,essential,687671b5ebd2bf665349aaae,,
localoccupation,8c74e66fd578f64534c7c9e6,essential,687671beebd2bf665349daf2,,
localoccupation,8c74e66fd578f64534c7c9e6,essential,687671b9ebd2bf665349c022,,
localoccupation,8c74e66fd578f64534c7c9e6,essential,687671baebd2bf665349c535,,
localoccupation,8c74e66fd578f64534c7c9e6,essential,687671b5ebd2bf665349afd6,,
localoccupation,8c74e66fd578f64534c7c9e6,essential,687671baebd2bf665349cb8b,,
localoccupation,8c74e66fd578f64534c7c9e6,essential,687671beebd2bf665349db5f,,
localoccupation,8c74e66fd578f64534c7c9e6,essential,687671b9ebd2bf665349bb4d,,
localoccupation,8c74e66fd578f64534c7c9e6,essential,687671b5ebd2bf665349aef9,,
localoccupation,8c74e66fd578f64534c7c9e6,essential,687671beebd2bf665349dbf7,,
localoccupation,8c74e66fd578f64534c7c9e6,essential,687671baebd2bf665349c92f,,
localoccupation,8c74e66fd578f64534c7c9e6,essential,687671b5ebd2bf665349b3dd,,
localoccupation,8c74e66fd578f64534c7c9e6,essential,687671b9ebd2bf665349c0f9,,
localoccupation,8c74e66fd578f64534c7c9e6,essential,687671b9ebd2bf665349c1cd,,
localoccupation,8c74e66fd578f64534c7c9e6,essential,687671b9ebd2bf665349c0c1,,
localoccupation,8c74e66fd578f64534c7c9e6,essential,687671b9ebd2bf665349c0a6,,
localoccupation,8c74e66fd578f64534c7c9e6,essential,687671b5ebd2bf665349a98d,,
localoccupation,8c74e66fd578f64534c7c9e6,essential,687671b5ebd2bf665349b62b,,
localoccupation,8c74e66fd578f64534c7c9e6,essential,687671b5ebd2bf665349b610,,
localoccupation,8c74e66fd578f64534c7c9e6,essential,687671bdebd2bf665349d43a,,
localoccupation,8c74e66fd578f64534c7c9e6,essential,687671bdebd2bf665349d949,,
localoccupation,8c74e66fd578f64534c7c9e6,essential,687671b9ebd2bf665349c3ee,,
localoccupation,8c74e66fd578f64534c7c9e6,essential,687671b4ebd2bf665349a81f,,
localoccupation,8c74e66fd578f64534c7c9e6,essential,687671b5ebd2bf665349ade4,,
localoccupation,8c74e66fd578f64534c7c9e6,essential,687671b5ebd2bf665349b4b1,,
localoccupation,8c74e66fd578f64534c7c9e6,essential,687671bdebd2bf665349da8a,,
localoccupation,8c74e66fd578f64534c7c9e6,essential,687671b9ebd2bf665349c36d,,
localoccupation,8c74e66fd578f64534c7c9e6,essential,687671b5ebd2bf665349b15f,,
localoccupation,8c74e66fd578f64534c7c9e6,essential,687671b5ebd2bf665349b82e,,
localoccupation,8c74e66fd578f64534c7c9e6,essential,687671b4ebd2bf665349a7e3,,
localoccupation,8c74e66fd578f64534c7c9e6,essential,687671baebd2bf665349c81d,,
localoccupation,8c74e66fd578f64534c7c9e6,essential,687671b5ebd2bf665349b7bb,,
localoccupation,8c74e66fd578f64534c7c9e6,essential,687671baebd2bf665349cb1a,,
localoccupation,8c74e66fd578f64534c7c9e6,essential,687671bdebd2bf665349d03e,,
localoccupation,8c74e66fd578f64534c7c9e6,essential,687671baebd2bf665349c8a7,,
localoccupation,8c74e66fd578f64534c7c9e6,essential,687671b5ebd2bf665349b7bd,,
localoccupation,8c74e66fd578f64534c7c9e6,essential,687671b9ebd2bf665349bf1d,,
localoccupation,8c74e66fd578f64534c7c9e6,essential,687671bdebd2bf665349ce31,,
localoccupation,8c74e66fd578f64534c7c9e6,essential,687671bdebd2bf665349d875,,
localoccupation,8c74e66fd578f64534c7c9e6,essential,687671bdebd2bf665349d785,,
localoccupation,8c74e66fd578f64534c7c9e6,essential,687671baebd2bf665349c903,,
localoccupation,8c74e66fd578f64534c7c9e6,essential,687671b5ebd2bf665349af52,,
localoccupation,8c74e66fd578f64534c7c9e6,essential,687671b9ebd2bf665349bfd6,,
localoccupation,8c74e66fd578f64534c7c9e6,essential,687671b5ebd2bf665349b5c4,,
localoccupation,8c74e66fd578f64534c7c9e6,essential,687671b4ebd2bf665349a66b,,
localoccupation,8c74e66fd578f64534c7c9e6,essential,687671bdebd2bf665349d036,,
localoccupation,8c74e66fd578f64534c7c9e6,essential,687671b9ebd2bf665349baf6,,
localoccupation,8c74e66fd578f64534c7c9e6,essential,687671b5ebd2bf665349a830,,
localoccupation,8c74e66fd578f64534c7c9e6,essential,687671b5ebd2bf665349b62d,,
localoccupation,8c74e66fd578f64534c7c9e6,essential,687671b5ebd2bf665349b771,,
localoccupation,8c74e66fd578f64534c7c9e6,essential,687671bdebd2bf665349ceca,,
localoccupation,8c74e66fd578f64534c7c9e6,essential,687671bdebd2bf665349d7f4,,
localoccupation,8c74e66fd578f64534c7c9e6,essential,687671baebd2bf665349ccb1,,
localoccupation,8c74e66fd578f64534c7c9e6,essential,687671b5ebd2bf665349aeee,,
localoccupation,246bd9ee8a5b70e298aecabc,essential,687671b5ebd2bf665349b5e6,,
localoccupation,246bd9ee8a5b70e298aecabc,essential,687671b9ebd2bf665349c027,,
localoccupation,246bd9ee8a5b70e298aecabc,essential,687671b5ebd2bf665349b261,,
localoccupation,246bd9ee8a5b70e298aecabc,essential,687671bdebd2bf665349d5db,,
localoccupation,246bd9ee8a5b70e298aecabc,essential,687671b5ebd2bf665349ac5a,,
localoccupation,246bd9ee8a5b70e298aecabc,essential,687671baebd2bf665349c5eb,,
localoccupation,246bd9ee8a5b70e298aecabc,essential,687671bdebd2bf665349d1dc,,
localoccupation,246bd9ee8a5b70e298aecabc,essential,687671b4ebd2bf665349a7d3,,
localoccupation,246bd9ee8a5b70e298aecabc,essential,687671b9ebd2bf665349c0f9,,
localoccupation,246bd9ee8a5b70e298aecabc,essential,687671b9ebd2bf665349be81,,
localoccupation,246bd9ee8a5b70e298aecabc,essential,687671b5ebd2bf665349a90d,,
localoccupation,246bd9ee8a5b70e298aecabc,essential,687671baebd2bf665349c857,,
localoccupation,246bd9ee8a5b70e298aecabc,essential,687671b5ebd2bf665349b624,,
localoccupation,246bd9ee8a5b70e298aecabc,essential,687671b5ebd2bf665349afc0,,
localoccupation,246bd9ee8a5b70e298aecabc,essential,687671b4ebd2bf665349a67c,,
localoccupation,246bd9ee8a5b70e298aecabc,essential,687671baebd2bf665349caef,,
localoccupation,246bd9ee8a5b70e298aecabc,essential,687671b5ebd2bf665349a9c0,,
localoccupation,246bd9ee8a5b70e298aecabc,essential,687671bdebd2bf665349cfd3,,
localoccupation,246bd9ee8a5b70e298aecabc,essential,687671b5ebd2bf665349ade4,,
localoccupation,246bd9ee8a5b70e298aecabc,essential,687671bdebd2bf665349d1e2,,
localoccupation,246bd9ee8a5b70e298aecabc,essential,687671b5ebd2bf665349a8cb,,
localoccupation,246bd9ee8a5b70e298aecabc,essential,687671b9ebd2bf665349bf92,,
localoccupation,246bd9ee8a5b70e298aecabc,essential,687671bdebd2bf665349d07e,,
localoccupation,246bd9ee8a5b70e298aecabc,essential,687671bdebd2bf665349d8d6,,
localoccupation,246bd9ee8a5b70e298aecabc,essential,687671b5ebd2bf665349ab0c,,
localoccupation,246bd9ee8a5b70e298aecabc,essential,687671b9ebd2bf665349ba3b,,
localoccupation,246bd9ee8a5b70e298aecabc,essential,687671baebd2bf665349ca31,,
localoccupation,246bd9ee8a5b70e298aecabc,essential,687671baebd2bf665349c81d,,
localoccupation,246bd9ee8a5b70e298aecabc,essential,687671b5ebd2bf665349b7bb,,
localoccupation,246bd9ee8a5b70e298aecabc,essential,687671b4ebd2bf665349a6f1,,
localoccupation,246bd9ee8a5b70e298aecabc,essential,687671b5ebd2bf665349b03d,,
localoccupation,246bd9ee8a5b70e298aecabc,essential,687671b9ebd2bf665349bc98,,
localoccupation,246bd9ee8a5b70e298aecabc,essential,687671bdebd2bf665349d03e,,
localoccupation,246bd9ee8a5b70e298aecabc,essential,687671baebd2bf665349c8a7,,
localoccupation,246bd9ee8a5b70e298aecabc,essential,687671b9ebd2bf665349bf83,,
localoccupation,246bd9ee8a5b70e298aecabc,essential,687671b5ebd2bf665349b7bd,,
localoccupation,246bd9ee8a5b70e298aecabc,essential,687671bdebd2bf665349d261,,
localoccupation,246bd9ee8a5b70e298aecabc,essential,687671b5ebd2bf665349b890,,
localoccupation,246bd9ee8a5b70e298aecabc,essential,687671b5ebd2bf665349a8c8,,
localoccupation,246bd9ee8a5b70e298aecabc,essential,687671bdebd2bf665349d1e1,,
localoccupation,246bd9ee8a5b70e298aecabc,essential,687671baebd2bf665349ca23,,
localoccupation,246bd9ee8a5b70e298aecabc,essential,687671b5ebd2bf665349aebb,,
localoccupation,246bd9ee8a5b70e298aecabc,essential,687671bdebd2bf665349cefa,,
localoccupation,246bd9ee8a5b70e298aecabc,essential,687671b9ebd2bf665349c46d,,
localoccupation,246bd9ee8a5b70e298aecabc,essential,687671baebd2bf665349c903,,
localoccupation,246bd9ee8a5b70e298aecabc,essential,687671b5ebd2bf665349b3be,,
localoccupation,246bd9ee8a5b70e298aecabc,essential,687671b9ebd2bf665349bafa,,
localoccupation,246bd9ee8a5b70e298aecabc,essential,687671b9ebd2bf665349baf6,,
localoccupation,246bd9ee8a5b70e298aecabc,essential,687671b4ebd2bf665349a738,,
localoccupation,246bd9ee8a5b70e298aecabc,essential,687671baebd2bf665349c796,,
localoccupation,246bd9ee8a5b70e298aecabc,essential,687671bdebd2bf665349d4ac,,
localoccupation,246bd9ee8a5b70e298aecabc,essential,687671b5ebd2bf665349b1c6,,
localoccupation,246bd9ee8a5b70e298aecabc,essential,687671b9ebd2bf665349bead,,
localoccupation,246bd9ee8a5b70e298aecabc,essential,687671b9ebd2bf665349ba92,,
localoccupation,246bd9ee8a5b70e298aecabc,essential,687671b9ebd2bf665349bab5,,
localoccupation,246bd9ee8a5b70e298aecabc,essential,687671b5ebd2bf665349aaae,,
localoccupation,246bd9ee8a5b70e298aecabc,essential,687671b9ebd2bf665349c3b8,,
localoccupation,985d1a441eae929c91d8dda5,essential,687671beebd2bf665349daf2,,
localoccupation,985d1a441eae929c91d8dda5,essential,687671b9ebd2bf665349c38c,,
localoccupation,985d1a441eae929c91d8dda5,essential,687671b9ebd2bf665349c022,,
localoccupation,985d1a441eae929c91d8dda5,essential,687671baebd2bf665349c535,,
localoccupation,985d1a441eae929c91d8dda5,essential,687671b5ebd2bf665349afd6,,
localoccupation,985d1a441eae929c91d8dda5,essential,687671b5ebd2bf665349b218,,
localoccupation,985d1a441eae929c91d8dda5,essential,687671baebd2bf665349cb8b,,
localoccupation,985d1a441eae929c91d8dda5,essential,687671baebd2bf665349c88f,,
localoccupation,985d1a441eae929c91d8dda5,essential,687671b5ebd2bf665349a88e,,
localoccupation,985d1a441eae929c91d8dda5,essential,687671bdebd2bf665349d795,,
localoccupation,985d1a441eae929c91d8dda5,essential,687671b9ebd2bf665349bf91,,
localoccupation,985d1a441eae929c91d8dda5,essential,687671b5ebd2bf665349aef9,,
localoccupation,985d1a441eae929c91d8dda5,essential,687671beebd2bf665349dbf7,,
localoccupation,985d1a441eae929c91d8dda5,essential,687671baebd2bf665349c92f,,
localoccupation,985d1a441eae929c91d8dda5,essential,687671b5ebd2bf665349b3dd,,
localoccupation,985d1a441eae929c91d8dda5,essential,687671b9ebd2bf665349c0f9,,
localoccupation,985d1a441eae929c91d8dda5,essential,687671bdebd2bf665349d746,,
localoccupation,985d1a441eae929c91d8dda5,essential,687671b9ebd2bf665349c0c1,,
localoccupation,985d1a441eae929c91d8dda5,essential,687671b5ebd2bf665349a98d,,
localoccupation,985d1a441eae929c91d8dda5,essential,687671b5ebd2bf665349b7bc,,
localoccupation,985d1a441eae929c91d8dda5,essential,687671b5ebd2bf665349b62b,,
localoccupation,985d1a441eae929c91d8dda5,essential,687671b5ebd2bf665349b610,,
localoccupation,985d1a441eae929c91d8dda5,essential,687671bdebd2bf665349d43a,,
localoccupation,985d1a441eae929c91d8dda5,essential,687671b9ebd2bf665349bf0a,,
localoccupation,985d1a441eae929c91d8dda5,essential,687671b9ebd2bf665349c3ee,,
localoccupation,985d1a441eae929c91d8dda5,essential,687671bdebd2bf665349d000,,
localoccupation,985d1a441eae929c91d8dda5,essential,687671b9ebd2bf665349bdf0,,
localoccupation,985d1a441eae929c91d8dda5,essential,687671bdebd2bf665349d1e2,,
localoccupation,985d1a441eae929c91d8dda5,essential,687671bdebd2bf665349d20c,,
localoccupation,985d1a441eae929c91d8dda5,essential,687671bdebd2bf665349da8a,,
localoccupation,985d1a441eae929c91d8dda5,essential,687671b9ebd2bf665349c36d,,
localoccupation,985d1a441eae929c91d8dda5,essential,687671b5ebd2bf665349ad73,,
localoccupation,985d1a441eae929c91d8dda5,essential,687671bdebd2bf665349d911,,
localoccupation,985d1a441eae929c91d8dda5,essential,687671b5ebd2bf665349b82e,,
localoccupation,985d1a441eae929c91d8dda5,essential,687671b4ebd2bf665349a7e3,,
localoccupation,985d1a441eae929c91d8dda5,essential,687671bdebd2bf665349d03e,,
localoccupation,985d1a441eae929c91d8dda5,essential,687671baebd2bf665349c8a7,,
localoccupation,985d1a441eae929c91d8dda5,essential,687671b5ebd2bf665349b7bd,,
localoccupation,985d1a441eae929c91d8dda5,essential,687671baebd2bf665349cacf,,
localoccupation,985d1a441eae929c91d8dda5,essential,687671bdebd2bf665349ce31,,
localoccupation,985d1a441eae929c91d8dda5,essential,687671bdebd2bf665349d875,,
localoccupation,985d1a441eae929c91d8dda5,essential,687671baebd2bf665349c97f,,
localoccupation,985d1a441eae929c91d8dda5,essential,687671bdebd2bf665349d785,,
localoccupation,985d1a441eae929c91d8dda5,essential,687671b5ebd2bf665349af52,,
localoccupation,985d1a441eae929c91d8dda5,essential,687671b9ebd2bf665349bfd6,,
localoccupation,985d1a441eae929c91d8dda5,essential,687671b5ebd2bf665349b153,,
localoccupation,985d1a441eae929c91d8dda5,essential,687671bdebd2bf665349cd68,,
localoccupation,985d1a441eae929c91d8dda5,essential,687671b5ebd2bf665349b5c4,,
localoccupation,985d1a441eae929c91d8dda5,essential,687671bdebd2bf665349da35,,
localoccupation,985d1a441eae929c91d8dda5,essential,687671b4ebd2bf665349a66b,,
localoccupation,985d1a441eae929c91d8dda5,essential,687671bdebd2bf665349d036,,
localoccupation,985d1a441eae929c91d8dda5,essential,687671b9ebd2bf665349baf6,,
localoccupation,985d1a441eae929c91d8dda5,essential,687671b5ebd2bf665349b62d,,
localoccupation,985d1a441eae929c91d8dda5,essential,687671b5ebd2bf665349b771,,
localoccupation,985d1a441eae929c91d8dda5,essential,687671baebd2bf665349c70f,,
localoccupation,985d1a441eae929c91d8dda5,essential,687671b4ebd2bf665349a802,,
localoccupation,985d1a441eae929c91d8dda5,essential,687671b9ebd2bf665349c102,,
localoccupation,985d1a441eae929c91d8dda5,essential,687671b5ebd2bf665349b1b6,,
localoccupation,985d1a441eae929c91d8dda5,essential,687671b9ebd2bf665349c19a,,
localoccupation,985d1a441eae929c91d8dda5,essential,687671b5ebd2bf665349aeee,,
localoccupation,c08d95d445bb7ca6da7d2228,essential,687671beebd2bf665349daf2,,
localoccupation,c08d95d445bb7ca6da7d2228,essential,687671baebd2bf665349ca6c,,
localoccupation,c08d95d445bb7ca6da7d2228,essential,687671bdebd2bf665349cf59,,
localoccupation,c08d95d445bb7ca6da7d2228,essential,687671bdebd2bf665349d988,,
localoccupation,c08d95d445bb7ca6da7d2228,essential,687671bdebd2bf665349ce28,,
localoccupation,c08d95d445bb7ca6da7d2228,essential,687671b9ebd2bf665349c47b,,
localoccupation,c08d95d445bb7ca6da7d2228,essential,687671baebd2bf665349c8c2,,
localoccupation,c08d95d445bb7ca6da7d2228,essential,687671bdebd2bf665349d5e7,,
localoccupation,c08d95d445bb7ca6da7d2228,essential,687671bdebd2bf665349d535,,
localoccupation,c08d95d445bb7ca6da7d2228,essential,687671b9ebd2bf665349bfee,,
localoccupation,c08d95d445bb7ca6da7d2228,essential,687671bdebd2bf665349d746,,
localoccupation,c08d95d445bb7ca6da7d2228,essential,687671b5ebd2bf665349aabf,,
localoccupation,c08d95d445bb7ca6da7d2228,essential,687671b5ebd2bf665349b353,,
localoccupation,c08d95d445bb7ca6da7d2228,essential,687671beebd2bf665349dbed,,
localoccupation,c08d95d445bb7ca6da7d2228,essential,687671b5ebd2bf665349b715,,
localoccupation,c08d95d445bb7ca6da7d2228,essential,687671baebd2bf665349caef,,
localoccupation,c08d95d445bb7ca6da7d2228,essential,687671b5ebd2bf665349aab5,,
localoccupation,c08d95d445bb7ca6da7d2228,essential,687671baebd2bf665349c935,,
localoccupation,c08d95d445bb7ca6da7d2228,essential,687671bdebd2bf665349d5ef,,
localoccupation,c08d95d445bb7ca6da7d2228,essential,687671b5ebd2bf665349b440,,
localoccupation,c08d95d445bb7ca6da7d2228,essential,687671b5ebd2bf665349b603,,
localoccupation,c08d95d445bb7ca6da7d2228,essential,687671b9ebd2bf665349ba31,,
localoccupation,c08d95d445bb7ca6da7d2228,essential,687671bdebd2bf665349d281,,
localoccupation,c08d95d445bb7ca6da7d2228,essential,687671b4ebd2bf665349a635,,
localoccupation,c08d95d445bb7ca6da7d2228,essential,687671bdebd2bf665349d9f4,,
localoccupation,c08d95d445bb7ca6da7d2228,essential,687671bdebd2bf665349d646,,
localoccupation,c08d95d445bb7ca6da7d2228,essential,687671baebd2bf665349c975,,
localoccupation,c08d95d445bb7ca6da7d2228,essential,687671b5ebd2bf665349b98d,,
localoccupation,c08d95d445bb7ca6da7d2228,essential,687671b9ebd2bf665349bdd6,,
localoccupation,c08d95d445bb7ca6da7d2228,essential,687671b9ebd2bf665349c40f,,
localoccupation,c08d95d445bb7ca6da7d2228,essential,687671b5ebd2bf665349b290,,
localoccupation,c08d95d445bb7ca6da7d2228,essential,687671baebd2bf665349c8a7,,
localoccupation,c08d95d445bb7ca6da7d2228,essential,687671bdebd2bf665349ce31,,
localoccupation,c08d95d445bb7ca6da7d2228,essential,687671b9ebd2bf665349bede,,
localoccupation,c08d95d445bb7ca6da7d2228,essential,687671b9ebd2bf665349bfea,,
localoccupation,c08d95d445bb7ca6da7d2228,essential,687671bdebd2bf665349d012,,
localoccupation,c08d95d445bb7ca6da7d2228,essential,687671b9ebd2bf665349c315,,
localoccupation,c08d95d445bb7ca6da7d2228,essential,687671b5ebd2bf665349af97,,
localoccupation,c08d95d445bb7ca6da7d2228,essential,687671b5ebd2bf665349abf6,,
localoccupation,c08d95d445bb7ca6da7d2228,essential,687671b9ebd2bf665349c46d,,
localoccupation,c08d95d445bb7ca6da7d2228,essential,687671b9ebd2bf665349be9b,,
localoccupation,c08d95d445bb7ca6da7d2228,essential,687671baebd2bf665349cac0,,
localoccupation,c08d95d445bb7ca6da7d2228,essential,687671b5ebd2bf665349af9a,,
localoccupation,c08d95d445bb7ca6da7d2228,essential,687671b5ebd2bf665349ab1d,,
localoccupation,c08d95d445bb7ca6da7d2228,essential,687671bdebd2bf665349d99a,,
localoccupation,c08d95d445bb7ca6da7d2228,essential,687671b9ebd2bf665349c004,,
localoccupation,c08d95d445bb7ca6da7d2228,essential,687671b5ebd2bf665349b594,,
localoccupation,c08d95d445bb7ca6da7d2228,essential,687671bdebd2bf665349d2b1,,
localoccupation,c08d95d445bb7ca6da7d2228,essential,687671bdebd2bf665349d5fb,,
localoccupation,c08d95d445bb7ca6da7d2228,essential,687671b4ebd2bf665349a820,,
localoccupation,c08d95d445bb7ca6da7d2228,essential,687671b9ebd2bf665349c340,,
localoccupation,c08d95d445bb7ca6da7d2228,essential,687671bdebd2bf665349d836,,
localoccupation,c08d95d445bb7ca6da7d2228,essential,687671b9ebd2bf665349c102,,
localoccupation,c08d95d445bb7ca6da7d2228,essential,687671bdebd2bf665349cdad,,
localoccupation,c08d95d445bb7ca6da7d2228,essential,687671beebd2bf665349dc4a,,
localoccupation,c08d95d445bb7ca6da7d2228,essential,687671bdebd2bf665349da54,,
localoccupation,c08d95d445bb7ca6da7d2228,essential,687671b5ebd2bf665349b4c3,,
localoccupation,c08d95d445bb7ca6da7d2228,essential,687671baebd2bf665349c568,,
localoccupation,f04a9468978111ef659a556c,essential,687671b9ebd2bf665349c38c,,
localoccupation,f04a9468978111ef659a556c,essential,687671baebd2bf665349c67d,,
localoccupation,f04a9468978111ef659a556c,essential,687671bdebd2bf665349cf7f,,
localoccupation,f04a9468978111ef659a556c,essential,687671b5ebd2bf665349b7d5,,
localoccupation,f04a9468978111ef659a556c,essential,687671baebd2bf665349c8c2,,
localoccupation,f04a9468978111ef659a556c,essential,687671bdebd2bf665349d535,,
localoccupation,f04a9468978111ef659a556c,essential,687671b5ebd2bf665349aabf,,
localoccupation,f04a9468978111ef659a556c,essential,687671b5ebd2bf665349ac65,,
localoccupation,f04a9468978111ef659a556c,essential,687671bdebd2bf665349d8b3,,
localoccupation,f04a9468978111ef659a556c,essential,687671bdebd2bf665349d562,,
localoccupation,f04a9468978111ef659a556c,essential,687671b5ebd2bf665349b610,,
localoccupation,f04a9468978111ef659a556c,essential,687671b9ebd2bf665349bcc7,,
localoccupation,f04a9468978111ef659a556c,essential,687671b5ebd2bf665349b8e1,,
localoccupation,f04a9468978111ef659a556c,essential,687671bdebd2bf665349cf4c,,
localoccupation,f04a9468978111ef659a556c,essential,687671b5ebd2bf665349b354,,
localoccupation,f04a9468978111ef659a556c,essential,687671b9ebd2bf665349c471,,
localoccupation,f04a9468978111ef659a556c,essential,687671bdebd2bf665349d13f,,
localoccupation,f04a9468978111ef659a556c,essential,687671b9ebd2bf665349bfba,,
localoccupation,f04a9468978111ef659a556c,essential,687671b9ebd2bf665349bc98,,
localoccupation,f04a9468978111ef659a556c,essential,687671b9ebd2bf665349bc3d,,
localoccupation,f04a9468978111ef659a556c,essential,687671b5ebd2bf665349b4a3,,
localoccupation,f04a9468978111ef659a556c,essential,687671bdebd2bf665349d095,,
localoccupation,f04a9468978111ef659a556c,essential,687671baebd2bf665349c8a7,,
localoccupation,f04a9468978111ef659a556c,essential,687671b5ebd2bf665349b4cd,,
localoccupation,f04a9468978111ef659a556c,essential,687671baebd2bf665349cd1a,,
localoccupation,f04a9468978111ef659a556c,essential,687671b5ebd2bf665349b2bc,,
localoccupation,f04a9468978111ef659a556c,essential,687671b9ebd2bf665349c46d,,
localoccupation,f04a9468978111ef659a556c,essential,687671b9ebd2bf665349bd01,,
localoccupation,f04a9468978111ef659a556c,essential,687671b5ebd2bf665349b379,,
localoccupation,f04a9468978111ef659a556c,essential,687671bdebd2bf665349d803,,
localoccupation,f04a9468978111ef659a556c,essential,687671b5ebd2bf665349b589,,
localoccupation,f04a9468978111ef659a556c,essential,687671b9ebd2bf665349bb8c,,
localoccupation,f04a9468978111ef659a556c,essential,687671b5ebd2bf665349b594,,
localoccupation,f04a9468978111ef659a556c,essential,687671bdebd2bf665349ce68,,
localoccupation,f04a9468978111ef659a556c,essential,687671b9ebd2bf665349c340,,
localoccupation,f04a9468978111ef659a556c,essential,687671b9ebd2bf665349c337,,
localoccupation,f04a9468978111ef659a556c,essential,687671bdebd2bf665349d836,,
localoccupation,f04a9468978111ef659a556c,essential,687671bdebd2bf665349d19b,,
localoccupation,f04a9468978111ef659a556c,essential,687671bdebd2bf665349da84,,
localoccupation,f04a9468978111ef659a556c,essential,687671b5ebd2bf665349afd8,,
localoccupation,f04a9468978111ef659a556c,essential,687671b4ebd2bf665349a779,,
localoccupation,f04a9468978111ef659a556c,essential,687671baebd2bf665349ca76,,
localoccupation,f04a9468978111ef659a556c,essential,687671bdebd2bf665349d114,,
localoccupation,f04a9468978111ef659a556c,essential,687671b5ebd2bf665349aa21,,
localoccupation,f04a9468978111ef659a556c,essential,687671bdebd2bf665349d28a,,
localoccupation,f04a9468978111ef659a556c,essential,687671b9ebd2bf665349ba02,,
localoccupation,f04a9468978111ef659a556c,essential,687671b9ebd2bf665349c19a,,
localoccupation,f04a9468978111ef659a556c,essential,687671bdebd2bf665349da64,,
localoccupation,f04a9468978111ef659a556c,essential,687671b5ebd2bf665349ab7d,,
localoccupation,f04a9468978111ef659a556c,essential,687671b9ebd2bf665349c1ea,,
localoccupation,f04a9468978111ef659a556c,essential,687671b5ebd2bf665349b280,,
localoccupation,f04a9468978111ef659a556c,essential,687671b9ebd2bf665349bf7f,,
localoccupation,f04a9468978111ef659a556c,essential,687671bdebd2bf665349d7b0,,
localoccupation,f04a9468978111ef659a556c,essential,687671baebd2bf665349c568,,
localoccupation,f04a9468978111ef659a556c,essential,687671baebd2bf665349c576,,
localoccupation,293ffc3df0f0e6f698f472d2,essential,687671baebd2bf665349c67d,,
localoccupation,293ffc3df0f0e6f698f472d2,essential,687671b5ebd2bf665349b64a,,
localoccupation,293ffc3df0f0e6f698f472d2,essential,687671baebd2bf665349c677,,
localoccupation,293ffc3df0f0e6f698f472d2,essential,687671b5ebd2bf665349a8cc,,
localoccupation,293ffc3df0f0e6f698f472d2,essential,687671b5ebd2bf665349aefe,,
localoccupation,293ffc3df0f0e6f698f472d2,essential,687671b5ebd2bf665349b5d1,,
localoccupation,293ffc3df0f0e6f698f472d2,essential,687671b5ebd2bf665349b1f2,,
localoccupation,293ffc3df0f0e6f698f472d2,essential,687671baebd2bf665349cc78,,
localoccupation,293ffc3df0f0e6f698f472d2,essential,687671bdebd2bf665349cf4c,,
localoccupation,293ffc3df0f0e6f698f472d2,essential,687671b5ebd2bf665349b354,,
localoccupation,293ffc3df0f0e6f698f472d2,essential,687671bdebd2bf665349d343,,
localoccupation,293ffc3df0f0e6f698f472d2,essential,687671bdebd2bf665349d9cc,,
localoccupation,293ffc3df0f0e6f698f472d2,essential,687671baebd2bf665349c5d8,,
localoccupation,293ffc3df0f0e6f698f472d2,essential,687671baebd2bf665349c975,,
localoccupation,293ffc3df0f0e6f698f472d2,essential,687671baebd2bf665349c72e,,
localoccupation,293ffc3df0f0e6f698f472d2,essential,687671b5ebd2bf665349b4a3,,
localoccupation,293ffc3df0f0e6f698f472d2,essential,687671b9ebd2bf665349bd5c,,
localoccupation,293ffc3df0f0e6f698f472d2,essential,687671baebd2bf665349c68f,,
localoccupation,293ffc3df0f0e6f698f472d2,essential,687671baebd2bf665349cd1a,,
localoccupation,293ffc3df0f0e6f698f472d2,essential,687671b5ebd2bf665349a926,,
localoccupation,293ffc3df0f0e6f698f472d2,essential,687671beebd2bf665349dc40,,
localoccupation,293ffc3df0f0e6f698f472d2,essential,687671b9ebd2bf665349ba2f,,
localoccupation,293ffc3df0f0e6f698f472d2,essential,687671b9ebd2bf665349c46d,,
localoccupation,293ffc3df0f0e6f698f472d2,essential,687671bdebd2bf665349d406,,
localoccupation,293ffc3df0f0e6f698f472d2,essential,687671b5ebd2bf665349b379,,
localoccupation,293ffc3df0f0e6f698f472d2,essential,687671bdebd2bf665349ce97,,
localoccupation,293ffc3df0f0e6f698f472d2,essential,687671b9ebd2bf665349bd29,,
localoccupation,293ffc3df0f0e6f698f472d2,essential,687671beebd2bf665349dae5,,
localoccupation,293ffc3df0f0e6f698f472d2,essential,687671baebd2bf665349cac0,,
localoccupation,293ffc3df0f0e6f698f472d2,essential,687671b9ebd2bf665349c451,,
localoccupation,293ffc3df0f0e6f698f472d2,essential,687671b9ebd2bf665349c0c7,,
localoccupation,293ffc3df0f0e6f698f472d2,essential,687671b5ebd2bf665349aa02,,
localoccupation,293ffc3df0f0e6f698f472d2,essential,687671baebd2bf665349c916,,
localoccupation,293ffc3df0f0e6f698f472d2,essential,687671b9ebd2bf665349bb8c,,
localoccupation,293ffc3df0f0e6f698f472d2,essential,687671b4ebd2bf665349a820,,
localoccupation,293ffc3df0f0e6f698f472d2,essential,687671b4ebd2bf665349a7af,,
localoccupation,293ffc3df0f0e6f698f472d2,essential,687671b9ebd2bf665349c340,,
localoccupation,293ffc3df0f0e6f698f472d2,essential,687671bdebd2bf665349d0ba,,
localoccupation,293ffc3df0f0e6f698f472d2,essential,687671b9ebd2bf665349c3b4,,
localoccupation,293ffc3df0f0e6f698f472d2,essential,687671b9ebd2bf665349bbc1,,
localoccupation,293ffc3df0f0e6f698f472d2,essential,687671bdebd2bf665349da54,,
localoccupation,293ffc3df0f0e6f698f472d2,essential,687671b5ebd2bf665349b8bd,,
localoccupation,293ffc3df0f0e6f698f472d2,essential,687671b5ebd2bf665349b4c3,,
localoccupation,293ffc3df0f0e6f698f472d2,essential,687671b5ebd2bf665349b425,,
localoccupation,293ffc3df0f0e6f698f472d2,essential,687671b9ebd2bf665349bea3,,
localoccupation,293ffc3df0f0e6f698f472d2,essential,687671beebd2bf665349dc07,,
localoccupation,293ffc3df0f0e6f698f472d2,essential,687671b5ebd2bf665349ab7d,,
localoccupation,293ffc3df0f0e6f698f472d2,essential,687671b9ebd2bf665349c1ea,,
localoccupation,293ffc3df0f0e6f698f472d2,essential,687671bdebd2bf665349d7b0,,
localoccupation,293ffc3df0f0e6f698f472d2,essential,687671baebd2bf665349c568,,
localoccupation,293ffc3df0f0e6f698f472d2,essential,687671bdebd2bf665349d639,,
localoccupation,293ffc3df0f0e6f698f472d2,essential,687671baebd2bf665349c576,,
localoccupation,f0afcd41946ad49c1f349700,essential,687671b5ebd2bf665349ae35,,
localoccupation,f0afcd41946ad49c1f349700,essential,687671bdebd2bf665349d9cf,,
localoccupation,f0afcd41946ad49c1f349700,essential,687671bdebd2bf665349d58d,,
localoccupation,f0afcd41946ad49c1f349700,essential,687671b5ebd2bf665349b699,,
localoccupation,f0afcd41946ad49c1f349700,essential,687671b5ebd2bf665349ab25,,
localoccupation,f0afcd41946ad49c1f349700,essential,687671b4ebd2bf665349a6b9,,
localoccupation,f0afcd41946ad49c1f349700,essential,687671bdebd2bf665349d559,,
localoccupation,f0afcd41946ad49c1f349700,essential,687671b9ebd2bf665349bccc,,
localoccupation,f0afcd41946ad49c1f349700,essential,687671bdebd2bf665349d7ef,,
localoccupation,f0afcd41946ad49c1f349700,essential,687671b5ebd2bf665349a90d,,
localoccupation,f0afcd41946ad49c1f349700,essential,687671b5ebd2bf665349b46c,,
localoccupation,f0afcd41946ad49c1f349700,essential,687671b9ebd2bf665349c149,,
localoccupation,f0afcd41946ad49c1f349700,essential,687671baebd2bf665349cad9,,
localoccupation,f0afcd41946ad49c1f349700,essential,687671b5ebd2bf665349b868,,
localoccupation,f0afcd41946ad49c1f349700,essential,687671b5ebd2bf665349ac42,,
localoccupation,f0afcd41946ad49c1f349700,essential,687671b5ebd2bf665349aacd,,
localoccupation,f0afcd41946ad49c1f349700,essential,687671baebd2bf665349ca09,,
localoccupation,f0afcd41946ad49c1f349700,essential,687671b9ebd2bf665349bf3f,,
localoccupation,f0afcd41946ad49c1f349700,essential,687671b5ebd2bf665349ab1e,,
localoccupation,f0afcd41946ad49c1f349700,essential,687671b9ebd2bf665349bc98,,
localoccupation,f0afcd41946ad49c1f349700,essential,687671bdebd2bf665349d762,,
localoccupation,f0afcd41946ad49c1f349700,essential,687671baebd2bf665349c8a7,,
localoccupation,f0afcd41946ad49c1f349700,essential,687671b5ebd2bf665349aca6,,
localoccupation,f0afcd41946ad49c1f349700,essential,687671bdebd2bf665349da52,,
localoccupation,f0afcd41946ad49c1f349700,essential,687671bdebd2bf665349d926,,
localoccupation,f0afcd41946ad49c1f349700,essential,687671b9ebd2bf665349bada,,
localoccupation,f0afcd41946ad49c1f349700,essential,687671b5ebd2bf665349b636,,
localoccupation,f0afcd41946ad49c1f349700,essential,687671b9ebd2bf665349c384,,
localoccupation,f0afcd41946ad49c1f349700,essential,687671bdebd2bf665349d263,,
localoccupation,f0afcd41946ad49c1f349700,essential,687671b9ebd2bf665349bcdc,,
localoccupation,f0afcd41946ad49c1f349700,essential,687671b9ebd2bf665349c033,,
localoccupation,f0afcd41946ad49c1f349700,essential,687671b5ebd2bf665349b105,,
localoccupation,f0afcd41946ad49c1f349700,essential,687671baebd2bf665349ccac,,
localoccupation,f0afcd41946ad49c1f349700,essential,687671b5ebd2bf665349a889,,
localoccupation,f0afcd41946ad49c1f349700,essential,687671bdebd2bf665349ce50,,
localoccupation,f0afcd41946ad49c1f349700,essential,687671bdebd2bf665349d7ea,,
localoccupation,f0afcd41946ad49c1f349700,essential,687671b5ebd2bf665349ac51,,
localoccupation,f0afcd41946ad49c1f349700,essential,687671b9ebd2bf665349c2ab,,
localoccupation,f0afcd41946ad49c1f349700,essential,687671b5ebd2bf665349b5e3,,
localoccupation,f0afcd41946ad49c1f349700,essential,687671b9ebd2bf665349bf82,,
localoccupation,f0afcd41946ad49c1f349700,essential,687671baebd2bf665349cb00,,
localoccupation,f0afcd41946ad49c1f349700,essential,687671b5ebd2bf665349b484,,
localoccupation,f0afcd41946ad49c1f349700,essential,687671bdebd2bf665349d12f,,
localoccupation,f0afcd41946ad49c1f349700,essential,687671b5ebd2bf665349ac04,,
localoccupation,f0afcd41946ad49c1f349700,essential,687671baebd2bf665349c9c1,,
localoccupation,f0afcd41946ad49c1f349700,essential,687671b5ebd2bf665349b005,,
localoccupation,f0afcd41946ad49c1f349700,essential,687671b9ebd2bf665349c102,,
localoccupation,f0afcd41946ad49c1f349700,essential,687671b5ebd2bf665349b01d,,
localoccupation,f0afcd41946ad49c1f349700,essential,687671b5ebd2bf665349b09c,,
localoccupation,f0afcd41946ad49c1f349700,essential,687671bdebd2bf665349d67d,,
localoccupation,f0afcd41946ad49c1f349700,essential,687671baebd2bf665349c700,,
localoccupation,f0afcd41946ad49c1f349700,essential,687671bdebd2bf665349d7d5,,
localoccupation,f0afcd41946ad49c1f349700,essential,687671b5ebd2bf665349b5ff,,
localoccupation,f0afcd41946ad49c1f349700,essential,687671b9ebd2bf665349c3dc,,
localoccupation,f0afcd41946ad49c1f349700,essential,687671bdebd2bf665349d283,,
localoccupation,f0afcd41946ad49c1f349700,essential,687671b5ebd2bf665349b425,,
localoccupation,f0afcd41946ad49c1f349700,essential,687671baebd2bf665349cbd8,,
localoccupation,f0afcd41946ad49c1f349700,essential,687671bdebd2bf665349d4ce,,
localoccupation,f0afcd41946ad49c1f349700,essential,687671baebd2bf665349c568,,
localoccupation,3bb316ab82021ffd44598487,essential,687671b5ebd2bf665349ae35,,
localoccupation,3bb316ab82021ffd44598487,essential,687671bdebd2bf665349d9cf,,
localoccupation,3bb316ab82021ffd44598487,essential,687671bdebd2bf665349d58d,,
localoccupation,3bb316ab82021ffd44598487,essential,687671b5ebd2bf665349b699,,
localoccupation,3bb316ab82021ffd44598487,essential,687671bdebd2bf665349d559,,
localoccupation,3bb316ab82021ffd44598487,essential,687671b9ebd2bf665349bccc,,
localoccupation,3bb316ab82021ffd44598487,essential,687671bdebd2bf665349d7ef,,
localoccupation,3bb316ab82021ffd44598487,essential,687671b5ebd2bf665349b7b8,,
localoccupation,3bb316ab82021ffd44598487,essential,687671b5ebd2bf665349b821,,
localoccupation,3bb316ab82021ffd44598487,essential,687671b5ebd2bf665349a964,,
localoccupation,3bb316ab82021ffd44598487,essential,687671b9ebd2bf665349bf5e,,
localoccupation,3bb316ab82021ffd44598487,essential,687671b5ebd2bf665349b0a5,,
localoccupation,3bb316ab82021ffd44598487,essential,687671b9ebd2bf665349c149,,
localoccupation,3bb316ab82021ffd44598487,essential,687671baebd2bf665349cad9,,
localoccupation,3bb316ab82021ffd44598487,essential,687671b5ebd2bf665349b868,,
localoccupation,3bb316ab82021ffd44598487,essential,687671b5ebd2bf665349ac42,,
localoccupation,3bb316ab82021ffd44598487,essential,687671b4ebd2bf665349a7cb,,
localoccupation,3bb316ab82021ffd44598487,essential,687671b5ebd2bf665349aef2,,
localoccupation,3bb316ab82021ffd44598487,essential,687671bdebd2bf665349dab2,,
localoccupation,3bb316ab82021ffd44598487,essential,687671bdebd2bf665349dac2,,
localoccupation,3bb316ab82021ffd44598487,essential,687671baebd2bf665349ca09,,
localoccupation,3bb316ab82021ffd44598487,essential,687671bdebd2bf665349d155,,
localoccupation,3bb316ab82021ffd44598487,essential,687671b9ebd2bf665349bf3f,,
localoccupation,3bb316ab82021ffd44598487,essential,687671b5ebd2bf665349ab1e,,
localoccupation,3bb316ab82021ffd44598487,essential,687671b9ebd2bf665349bc98,,
localoccupation,3bb316ab82021ffd44598487,essential,687671baebd2bf665349c8a7,,
localoccupation,3bb316ab82021ffd44598487,essential,687671b9ebd2bf665349bf83,,
localoccupation,3bb316ab82021ffd44598487,essential,687671b5ebd2bf665349aca6,,
localoccupation,3bb316ab82021ffd44598487,essential,687671bdebd2bf665349da52,,
localoccupation,3bb316ab82021ffd44598487,essential,687671b9ebd2bf665349bada,,
localoccupation,3bb316ab82021ffd44598487,essential,687671b9ebd2bf665349c1d6,,
localoccupation,3bb316ab82021ffd44598487,essential,687671b9ebd2bf665349c384,,
localoccupation,3bb316ab82021ffd44598487,essential,687671b5ebd2bf665349aaac,,
localoccupation,3bb316ab82021ffd44598487,essential,687671bdebd2bf665349d263,,
localoccupation,3bb316ab82021ffd44598487,essential,687671b5ebd2bf665349b0c6,,
localoccupation,3bb316ab82021ffd44598487,essential,687671baebd2bf665349ccac,,
localoccupation,3bb316ab82021ffd44598487,essential,687671b9ebd2bf665349bcdd,,
localoccupation,3bb316ab82021ffd44598487,essential,687671b5ebd2bf665349acf0,,
localoccupation,3bb316ab82021ffd44598487,essential,687671bdebd2bf665349ce50,,
localoccupation,3bb316ab82021ffd44598487,essential,687671baebd2bf665349c5d7,,
localoccupation,3bb316ab82021ffd44598487,essential,687671b5ebd2bf665349ac51,,
localoccupation,3bb316ab82021ffd44598487,essential,687671baebd2bf665349c8a2,,
localoccupation,3bb316ab82021ffd44598487,essential,687671b5ebd2bf665349b017,,
localoccupation,3bb316ab82021ffd44598487,essential,687671b9ebd2bf665349c2ab,,
localoccupation,3bb316ab82021ffd44598487,essential,687671b5ebd2bf665349b5e3,,
localoccupation,3bb316ab82021ffd44598487,essential,687671b9ebd2bf665349bf82,,
localoccupation,3bb316ab82021ffd44598487,essential,687671bdebd2bf665349ce74,,
localoccupation,3bb316ab82021ffd44598487,essential,687671b5ebd2bf665349b005,,
localoccupation,3bb316ab82021ffd44598487,essential,687671b9ebd2bf665349c102,,
localoccupation,3bb316ab82021ffd44598487,essential,687671b5ebd2bf665349b09c,,
localoccupation,3bb316ab82021ffd44598487,essential,687671baebd2bf665349c700,,
localoccupation,3bb316ab82021ffd44598487,essential,687671bdebd2bf665349d7d5,,
localoccupation,3bb316ab82021ffd44598487,essential,687671b9ebd2bf665349c3dc,,
localoccupation,3bb316ab82021ffd44598487,essential,687671bdebd2bf665349d283,,
localoccupation,3bb316ab82021ffd44598487,essential,687671b9ebd2bf665349c04f,,
localoccupation,3bb316ab82021ffd44598487,essential,687671baebd2bf665349cb2d,,
localoccupation,3bb316ab82021ffd44598487,essential,687671baebd2bf665349cbd8,,
localoccupation,3bb316ab82021ffd44598487,essential,687671bdebd2bf665349d4ce,,
localoccupation,3bb316ab82021ffd44598487,essential,687671bdebd2bf665349cd4d,,
localoccupation,3bb316ab82021ffd44598487,essential,687671baebd2bf665349c568,,
localoccupation,9630940a97431ab83b0895c5,essential,687671bdebd2bf665349d4fa,,
localoccupation,9630940a97431ab83b0895c5,essential,687671b9ebd2bf665349c21c,,
localoccupation,9630940a97431ab83b0895c5,essential,687671b9ebd2bf665349c022,,
localoccupation,9630940a97431ab83b0895c5,essential,687671b5ebd2bf665349afd6,,
localoccupation,9630940a97431ab83b0895c5,essential,687671bdebd2bf665349d5db,,
localoccupation,9630940a97431ab83b0895c5,essential,687671b9ebd2bf665349c069,,
localoccupation,9630940a97431ab83b0895c5,essential,687671b5ebd2bf665349aef9,,
localoccupation,9630940a97431ab83b0895c5,essential,687671baebd2bf665349c92f,,
localoccupation,9630940a97431ab83b0895c5,essential,687671b9ebd2bf665349c0f9,,
localoccupation,9630940a97431ab83b0895c5,essential,687671b9ebd2bf665349be81,,
localoccupation,9630940a97431ab83b0895c5,essential,687671b5ebd2bf665349a9a0,,
localoccupation,9630940a97431ab83b0895c5,essential,687671baebd2bf665349c857,,
localoccupation,9630940a97431ab83b0895c5,essential,687671baebd2bf665349c6f4,,
localoccupation,9630940a97431ab83b0895c5,essential,687671b9ebd2bf665349c0c1,,
localoccupation,9630940a97431ab83b0895c5,essential,687671b5ebd2bf665349b624,,
localoccupation,9630940a97431ab83b0895c5,essential,687671b5ebd2bf665349a997,,
localoccupation,9630940a97431ab83b0895c5,essential,687671b5ebd2bf665349b62b,,
localoccupation,9630940a97431ab83b0895c5,essential,687671bdebd2bf665349d43a,,
localoccupation,9630940a97431ab83b0895c5,essential,687671b9ebd2bf665349c3ee,,
localoccupation,9630940a97431ab83b0895c5,essential,687671b5ebd2bf665349ade4,,
localoccupation,9630940a97431ab83b0895c5,essential,687671b9ebd2bf665349bdf0,,
localoccupation,9630940a97431ab83b0895c5,essential,687671bdebd2bf665349d20c,,
localoccupation,9630940a97431ab83b0895c5,essential,687671b9ebd2bf665349bf92,,
localoccupation,9630940a97431ab83b0895c5,essential,687671b9ebd2bf665349c36d,,
localoccupation,9630940a97431ab83b0895c5,essential,687671beebd2bf665349dbc7,,
localoccupation,9630940a97431ab83b0895c5,essential,687671b5ebd2bf665349af79,,
localoccupation,9630940a97431ab83b0895c5,essential,687671b5ebd2bf665349b15f,,
localoccupation,9630940a97431ab83b0895c5,essential,687671baebd2bf665349c81d,,
localoccupation,9630940a97431ab83b0895c5,essential,687671b5ebd2bf665349b7bb,,
localoccupation,9630940a97431ab83b0895c5,essential,687671b9ebd2bf665349bc98,,
localoccupation,9630940a97431ab83b0895c5,essential,687671baebd2bf665349c8a7,,
localoccupation,9630940a97431ab83b0895c5,essential,687671b5ebd2bf665349b7bd,,
localoccupation,9630940a97431ab83b0895c5,essential,687671b5ebd2bf665349b0cc,,
localoccupation,9630940a97431ab83b0895c5,essential,687671b5ebd2bf665349b6a8,,
localoccupation,9630940a97431ab83b0895c5,essential,687671b4ebd2bf665349a68f,,
localoccupation,9630940a97431ab83b0895c5,essential,687671bdebd2bf665349d785,,
localoccupation,9630940a97431ab83b0895c5,essential,687671b5ebd2bf665349b53b,,
localoccupation,9630940a97431ab83b0895c5,essential,687671bdebd2bf665349d4ad,,
localoccupation,9630940a97431ab83b0895c5,essential,687671b9ebd2bf665349bfd6,,
localoccupation,9630940a97431ab83b0895c5,essential,687671bdebd2bf665349cd68,,
localoccupation,9630940a97431ab83b0895c5,essential,687671b9ebd2bf665349c239,,
localoccupation,9630940a97431ab83b0895c5,essential,687671b9ebd2bf665349bafa,,
localoccupation,9630940a97431ab83b0895c5,essential,687671b5ebd2bf665349b5c4,,
localoccupation,9630940a97431ab83b0895c5,essential,687671b4ebd2bf665349a66b,,
localoccupation,9630940a97431ab83b0895c5,essential,687671b9ebd2bf665349c25a,,
localoccupation,9630940a97431ab83b0895c5,essential,687671bdebd2bf665349d7c6,,
localoccupation,9630940a97431ab83b0895c5,essential,687671b9ebd2bf665349baf6,,
localoccupation,9630940a97431ab83b0895c5,essential,687671b5ebd2bf665349a830,,
localoccupation,9630940a97431ab83b0895c5,essential,687671b5ebd2bf665349b62d,,
localoccupation,9630940a97431ab83b0895c5,essential,687671bdebd2bf665349d7f4,,
localoccupation,9630940a97431ab83b0895c5,essential,687671baebd2bf665349c606,,
localoccupation,9630940a97431ab83b0895c5,essential,687671b9ebd2bf665349c102,,
localoccupation,9630940a97431ab83b0895c5,essential,687671b9ebd2bf665349be18,,
localoccupation,9630940a97431ab83b0895c5,essential,687671baebd2bf665349c645,,
localoccupation,9630940a97431ab83b0895c5,essential,687671b5ebd2bf665349a96a,,
localoccupation,9630940a97431ab83b0895c5,essential,687671baebd2bf665349ccb1,,
localoccupation,9630940a97431ab83b0895c5,essential,687671b5ebd2bf665349aeee,,
localoccupation,9f0d2430ece52c07d4ffaba4,essential,687671bdebd2bf665349cef0,,
localoccupation,9f0d2430ece52c07d4ffaba4,essential,687671b5ebd2bf665349ae0a,,
localoccupation,9f0d2430ece52c07d4ffaba4,essential,687671b5ebd2bf665349b88d,,
localoccupation,9f0d2430ece52c07d4ffaba4,essential,687671b9ebd2bf665349baef,,
localoccupation,9f0d2430ece52c07d4ffaba4,essential,687671bdebd2bf665349d2da,,
localoccupation,9f0d2430ece52c07d4ffaba4,essential,687671b9ebd2bf665349c068,,
localoccupation,9f0d2430ece52c07d4ffaba4,essential,687671b9ebd2bf665349bb29,,
localoccupation,9f0d2430ece52c07d4ffaba4,essential,687671bdebd2bf665349d0a0,,
localoccupation,9f0d2430ece52c07d4ffaba4,essential,687671baebd2bf665349ca1a,,
localoccupation,9f0d2430ece52c07d4ffaba4,essential,687671b4ebd2bf665349a765,,
localoccupation,9f0d2430ece52c07d4ffaba4,essential,687671beebd2bf665349db64,,
localoccupation,9f0d2430ece52c07d4ffaba4,essential,687671b5ebd2bf665349a90d,,
localoccupation,9f0d2430ece52c07d4ffaba4,essential,687671b5ebd2bf665349ad27,,
localoccupation,9f0d2430ece52c07d4ffaba4,essential,687671b5ebd2bf665349aab5,,
localoccupation,9f0d2430ece52c07d4ffaba4,essential,687671b5ebd2bf665349b06e,,
localoccupation,9f0d2430ece52c07d4ffaba4,essential,687671baebd2bf665349c6b2,,
localoccupation,9f0d2430ece52c07d4ffaba4,essential,687671bdebd2bf665349d543,,
localoccupation,9f0d2430ece52c07d4ffaba4,essential,687671baebd2bf665349cd2a,,
localoccupation,9f0d2430ece52c07d4ffaba4,essential,687671bdebd2bf665349d1ce,,
localoccupation,9f0d2430ece52c07d4ffaba4,essential,687671bdebd2bf665349d00a,,
localoccupation,9f0d2430ece52c07d4ffaba4,essential,687671b4ebd2bf665349a655,,
localoccupation,9f0d2430ece52c07d4ffaba4,essential,687671bdebd2bf665349dab2,,
localoccupation,9f0d2430ece52c07d4ffaba4,essential,687671b9ebd2bf665349bc98,,
localoccupation,9f0d2430ece52c07d4ffaba4,essential,687671b5ebd2bf665349b74a,,
localoccupation,9f0d2430ece52c07d4ffaba4,essential,687671baebd2bf665349c4fc,,
localoccupation,9f0d2430ece52c07d4ffaba4,essential,687671bdebd2bf665349da10,,
localoccupation,9f0d2430ece52c07d4ffaba4,essential,687671baebd2bf665349c8a7,,
localoccupation,9f0d2430ece52c07d4ffaba4,essential,687671b5ebd2bf665349ad6f,,
localoccupation,9f0d2430ece52c07d4ffaba4,essential,687671baebd2bf665349c82c,,
localoccupation,9f0d2430ece52c07d4ffaba4,essential,687671b5ebd2bf665349b797,,
localoccupation,9f0d2430ece52c07d4ffaba4,essential,687671b9ebd2bf665349c168,,
localoccupation,9f0d2430ece52c07d4ffaba4,essential,687671b5ebd2bf665349b6f1,,
localoccupation,9f0d2430ece52c07d4ffaba4,essential,687671b5ebd2bf665349a8d3,,
localoccupation,9f0d2430ece52c07d4ffaba4,essential,687671b9ebd2bf665349bfdd,,
localoccupation,9f0d2430ece52c07d4ffaba4,essential,687671b5ebd2bf665349ac01,,
localoccupation,9f0d2430ece52c07d4ffaba4,essential,687671b5ebd2bf665349a867,,
localoccupation,9f0d2430ece52c07d4ffaba4,essential,687671b5ebd2bf665349b294,,
localoccupation,9f0d2430ece52c07d4ffaba4,essential,687671bdebd2bf665349d5a4,,
localoccupation,9f0d2430ece52c07d4ffaba4,essential,687671bdebd2bf665349ce50,,
localoccupation,9f0d2430ece52c07d4ffaba4,essential,687671bdebd2bf665349d3b6,,
localoccupation,9f0d2430ece52c07d4ffaba4,essential,687671b5ebd2bf665349aeed,,
localoccupation,9f0d2430ece52c07d4ffaba4,essential,687671bdebd2bf665349d570,,
localoccupation,9f0d2430ece52c07d4ffaba4,essential,687671b9ebd2bf665349bdc3,,
localoccupation,9f0d2430ece52c07d4ffaba4,essential,687671b5ebd2bf665349af90,,
localoccupation,9f0d2430ece52c07d4ffaba4,essential,687671baebd2bf665349c8a2,,
localoccupation,9f0d2430ece52c07d4ffaba4,essential,687671b9ebd2bf665349beed,,
localoccupation,9f0d2430ece52c07d4ffaba4,essential,687671b5ebd2bf665349b128,,
localoccupation,9f0d2430ece52c07d4ffaba4,essential,687671b5ebd2bf665349a8ab,,
localoccupation,9f0d2430ece52c07d4ffaba4,essential,687671b9ebd2bf665349bf69,,
localoccupation,9f0d2430ece52c07d4ffaba4,essential,687671bdebd2bf665349d700,,
localoccupation,9f0d2430ece52c07d4ffaba4,essential,687671b9ebd2bf665349c255,,
localoccupation,9f0d2430ece52c07d4ffaba4,essential,687671baebd2bf665349c6a6,,
localoccupation,9f0d2430ece52c07d4ffaba4,essential,687671b5ebd2bf665349acb0,,
localoccupation,9f0d2430ece52c07d4ffaba4,essential,687671b5ebd2bf665349b5c0,,
localoccupation,9f0d2430ece52c07d4ffaba4,essential,687671b5ebd2bf665349b0b0,,
localoccupation,9f0d2430ece52c07d4ffaba4,essential,687671b9ebd2bf665349c19a,,
localoccupation,9f0d2430ece52c07d4ffaba4,essential,687671bdebd2bf665349d45b,,
localoccupation,9f0d2430ece52c07d4ffaba4,essential,687671baebd2bf665349ca01,,
localoccupation,d4cbbcd40d4eaaaa69aae0f2,essential,687671bdebd2bf665349cef0,,
localoccupation,d4cbbcd40d4eaaaa69aae0f2,essential,687671b9ebd2bf665349bf52,,
localoccupation,d4cbbcd40d4eaaaa69aae0f2,essential,687671bdebd2bf665349cff2,,
localoccupation,d4cbbcd40d4eaaaa69aae0f2,essential,687671bdebd2bf665349d1ac,,
localoccupation,d4cbbcd40d4eaaaa69aae0f2,essential,687671bdebd2bf665349d0a0,,
localoccupation,d4cbbcd40d4eaaaa69aae0f2,essential,687671b5ebd2bf665349b819,,
localoccupation,d4cbbcd40d4eaaaa69aae0f2,essential,687671bdebd2bf665349d7c2,,
localoccupation,d4cbbcd40d4eaaaa69aae0f2,essential,687671b5ebd2bf665349a90d,,
localoccupation,d4cbbcd40d4eaaaa69aae0f2,essential,687671baebd2bf665349c883,,
localoccupation,d4cbbcd40d4eaaaa69aae0f2,essential,687671b9ebd2bf665349c086,,
localoccupation,d4cbbcd40d4eaaaa69aae0f2,essential,687671baebd2bf665349cbb4,,
localoccupation,d4cbbcd40d4eaaaa69aae0f2,essential,687671bdebd2bf665349d5f1,,
localoccupation,d4cbbcd40d4eaaaa69aae0f2,essential,687671b5ebd2bf665349b5d3,,
localoccupation,d4cbbcd40d4eaaaa69aae0f2,essential,687671bdebd2bf665349d11d,,
localoccupation,d4cbbcd40d4eaaaa69aae0f2,essential,687671b5ebd2bf665349b4a7,,
localoccupation,d4cbbcd40d4eaaaa69aae0f2,essential,687671baebd2bf665349cbd9,,
localoccupation,d4cbbcd40d4eaaaa69aae0f2,essential,687671b4ebd2bf665349a655,,
localoccupation,d4cbbcd40d4eaaaa69aae0f2,essential,687671b5ebd2bf665349aef2,,
localoccupation,d4cbbcd40d4eaaaa69aae0f2,essential,687671bdebd2bf665349dab2,,
localoccupation,d4cbbcd40d4eaaaa69aae0f2,essential,687671bdebd2bf665349cdc7,,
localoccupation,d4cbbcd40d4eaaaa69aae0f2,essential,687671b5ebd2bf665349b9ad,,
localoccupation,d4cbbcd40d4eaaaa69aae0f2,essential,687671bdebd2bf665349d281,,
localoccupation,d4cbbcd40d4eaaaa69aae0f2,essential,687671b9ebd2bf665349bc98,,
localoccupation,d4cbbcd40d4eaaaa69aae0f2,essential,687671b5ebd2bf665349aa4a,,
localoccupation,d4cbbcd40d4eaaaa69aae0f2,essential,687671bdebd2bf665349d654,,
localoccupation,d4cbbcd40d4eaaaa69aae0f2,essential,687671b9ebd2bf665349c40f,,
localoccupation,d4cbbcd40d4eaaaa69aae0f2,essential,687671bdebd2bf665349d079,,
localoccupation,d4cbbcd40d4eaaaa69aae0f2,essential,687671beebd2bf665349db56,,
localoccupation,d4cbbcd40d4eaaaa69aae0f2,essential,687671b5ebd2bf665349ad6f,,
localoccupation,d4cbbcd40d4eaaaa69aae0f2,essential,687671baebd2bf665349cab2,,
localoccupation,d4cbbcd40d4eaaaa69aae0f2,essential,687671baebd2bf665349c630,,
localoccupation,d4cbbcd40d4eaaaa69aae0f2,essential,687671b5ebd2bf665349b7f5,,
localoccupation,d4cbbcd40d4eaaaa69aae0f2,essential,687671b5ebd2bf665349b636,,
localoccupation,d4cbbcd40d4eaaaa69aae0f2,essential,687671bdebd2bf665349d24a,,
localoccupation,d4cbbcd40d4eaaaa69aae0f2,essential,687671bdebd2bf665349d312,,
localoccupation,d4cbbcd40d4eaaaa69aae0f2,essential,687671b5ebd2bf665349b034,,
localoccupation,d4cbbcd40d4eaaaa69aae0f2,essential,687671b5ebd2bf665349b501,,
localoccupation,d4cbbcd40d4eaaaa69aae0f2,essential,687671b9ebd2bf665349bc2f,,
localoccupation,d4cbbcd40d4eaaaa69aae0f2,essential,687671bdebd2bf665349d1ee,,
localoccupation,d4cbbcd40d4eaaaa69aae0f2,essential,687671b4ebd2bf665349a753,,
localoccupation,d4cbbcd40d4eaaaa69aae0f2,essential,687671bdebd2bf665349d88f,,
localoccupation,d4cbbcd40d4eaaaa69aae0f2,essential,687671bdebd2bf665349d858,,
localoccupation,d4cbbcd40d4eaaaa69aae0f2,essential,687671b5ebd2bf665349b07d,,
localoccupation,d4cbbcd40d4eaaaa69aae0f2,essential,687671b5ebd2bf665349ac23,,
localoccupation,d4cbbcd40d4eaaaa69aae0f2,essential,687671bdebd2bf665349d81a,,
localoccupation,d4cbbcd40d4eaaaa69aae0f2,essential,687671bdebd2bf665349d387,,
localoccupation,d4cbbcd40d4eaaaa69aae0f2,essential,687671bdebd2bf665349ce50,,
localoccupation,d4cbbcd40d4eaaaa69aae0f2,essential,687671baebd2bf665349cb7d,,
localoccupation,d4cbbcd40d4eaaaa69aae0f2,essential,687671b5ebd2bf665349b4fc,,
localoccupation,d4cbbcd40d4eaaaa69aae0f2,essential,687671b5ebd2bf665349b128,,
localoccupation,d4cbbcd40d4eaaaa69aae0f2,essential,687671b5ebd2bf665349afd9,,
localoccupation,d4cbbcd40d4eaaaa69aae0f2,essential,687671b9ebd2bf665349bf69,,
localoccupation,d4cbbcd40d4eaaaa69aae0f2,essential,687671b5ebd2bf665349b35e,,
localoccupation,d4cbbcd40d4eaaaa69aae0f2,essential,687671b9ebd2bf665349bf1a,,
localoccupation,d4cbbcd40d4eaaaa69aae0f2,essential,687671b5ebd2bf665349b0b0,,
localoccupation,d4cbbcd40d4eaaaa69aae0f2,essential,687671b5ebd2bf665349b8bd,,
localoccupation,d4cbbcd40d4eaaaa69aae0f2,essential,687671b5ebd2bf665349b4c3,,
localoccupation,d4cbbcd40d4eaaaa69aae0f2,essential,687671beebd2bf665349dc3a,,
localoccupation,d4cbbcd40d4eaaaa69aae0f2,essential,687671b9ebd2bf665349c01c,,
localoccupation,1dd65ce4d15ef3443b7cc9b0,essential,687671b5ebd2bf665349b7a8,,
localoccupation,1dd65ce4d15ef3443b7cc9b0,essential,687671baebd2bf665349cb95,,
localoccupation,1dd65ce4d15ef3443b7cc9b0,essential,687671b9ebd2bf665349c458,,
localoccupation,1dd65ce4d15ef3443b7cc9b0,essential,687671b5ebd2bf665349a8e5,,
localoccupation,1dd65ce4d15ef3443b7cc9b0,essential,687671b5ebd2bf665349ab57,,
localoccupation,1dd65ce4d15ef3443b7cc9b0,essential,687671b4ebd2bf665349a6e4,,
localoccupation,1dd65ce4d15ef3443b7cc9b0,essential,687671bdebd2bf665349d50b,,
localoccupation,1dd65ce4d15ef3443b7cc9b0,essential,687671b5ebd2bf665349b679,,
localoccupation,1dd65ce4d15ef3443b7cc9b0,essential,687671baebd2bf665349c9bd,,
localoccupation,1dd65ce4d15ef3443b7cc9b0,essential,687671bdebd2bf665349d6e0,,
localoccupation,1dd65ce4d15ef3443b7cc9b0,essential,687671bdebd2bf665349d73f,,
localoccupation,1dd65ce4d15ef3443b7cc9b0,essential,687671b9ebd2bf665349bebe,,
localoccupation,1dd65ce4d15ef3443b7cc9b0,essential,687671baebd2bf665349cc9e,,
localoccupation,1dd65ce4d15ef3443b7cc9b0,essential,687671bdebd2bf665349d02b,,
localoccupation,1dd65ce4d15ef3443b7cc9b0,essential,687671b9ebd2bf665349c346,,
localoccupation,1dd65ce4d15ef3443b7cc9b0,essential,687671b5ebd2bf665349b02c,,
localoccupation,1dd65ce4d15ef3443b7cc9b0,essential,687671bdebd2bf665349d9a5,,
localoccupation,1dd65ce4d15ef3443b7cc9b0,essential,687671baebd2bf665349c7f0,,
localoccupation,1dd65ce4d15ef3443b7cc9b0,essential,687671bdebd2bf665349d4c1,,
localoccupation,1dd65ce4d15ef3443b7cc9b0,essential,687671baebd2bf665349c98b,,
localoccupation,1dd65ce4d15ef3443b7cc9b0,essential,687671b9ebd2bf665349be3d,,
localoccupation,1dd65ce4d15ef3443b7cc9b0,essential,687671b5ebd2bf665349afca,,
localoccupation,1dd65ce4d15ef3443b7cc9b0,essential,687671baebd2bf665349c7de,,
localoccupation,1dd65ce4d15ef3443b7cc9b0,essential,687671b9ebd2bf665349bdb3,,
localoccupation,1dd65ce4d15ef3443b7cc9b0,essential,687671b5ebd2bf665349ab52,,
localoccupation,1dd65ce4d15ef3443b7cc9b0,essential,687671bdebd2bf665349d79b,,
localoccupation,1dd65ce4d15ef3443b7cc9b0,essential,687671b5ebd2bf665349af2c,,
localoccupation,1dd65ce4d15ef3443b7cc9b0,essential,687671b5ebd2bf665349ae4e,,
localoccupation,1dd65ce4d15ef3443b7cc9b0,essential,687671b5ebd2bf665349b8bb,,
localoccupation,1dd65ce4d15ef3443b7cc9b0,essential,687671b5ebd2bf665349b20a,,
localoccupation,1dd65ce4d15ef3443b7cc9b0,essential,687671baebd2bf665349c971,,
localoccupation,1dd65ce4d15ef3443b7cc9b0,essential,687671b9ebd2bf665349be7a,,
localoccupation,1dd65ce4d15ef3443b7cc9b0,essential,687671bdebd2bf665349d2e3,,
localoccupation,1dd65ce4d15ef3443b7cc9b0,essential,687671baebd2bf665349ca44,,
localoccupation,1dd65ce4d15ef3443b7cc9b0,essential,687671b9ebd2bf665349c045,,
localoccupation,1dd65ce4d15ef3443b7cc9b0,essential,687671b5ebd2bf665349ab4b,,
localoccupation,1dd65ce4d15ef3443b7cc9b0,essential,687671b4ebd2bf665349a772,,
localoccupation,1dd65ce4d15ef3443b7cc9b0,essential,687671baebd2bf665349cbf8,,
localoccupation,1dd65ce4d15ef3443b7cc9b0,essential,687671baebd2bf665349c7eb,,
localoccupation,1dd65ce4d15ef3443b7cc9b0,essential,687671bdebd2bf665349dacd,,
localoccupation,1dd65ce4d15ef3443b7cc9b0,essential,687671bdebd2bf665349cd4e,,
localoccupation,1dd65ce4d15ef3443b7cc9b0,essential,687671bdebd2bf665349d9be,,
localoccupation,1dd65ce4d15ef3443b7cc9b0,essential,687671b9ebd2bf665349bf09,,
localoccupation,1dd65ce4d15ef3443b7cc9b0,essential,687671b9ebd2bf665349bbd3,,
localoccupation,1dd65ce4d15ef3443b7cc9b0,essential,687671bdebd2bf665349d5cb,,
localoccupation,1dd65ce4d15ef3443b7cc9b0,essential,687671b5ebd2bf665349ad65,,
localoccupation,1dd65ce4d15ef3443b7cc9b0,essential,687671b9ebd2bf665349c28a,,
localoccupation,1dd65ce4d15ef3443b7cc9b0,essential,687671baebd2bf665349cc81,,
localoccupation,1dd65ce4d15ef3443b7cc9b0,essential,687671b4ebd2bf665349a7a1,,
localoccupation,1dd65ce4d15ef3443b7cc9b0,essential,687671baebd2bf665349c56e,,
localoccupation,1dd65ce4d15ef3443b7cc9b0,essential,687671b9ebd2bf665349bd5f,,
localoccupation,1dd65ce4d15ef3443b7cc9b0,essential,687671baebd2bf665349c7ac,,
localoccupation,1dd65ce4d15ef3443b7cc9b0,essential,687671bdebd2bf665349cd94,,
localoccupation,1dd65ce4d15ef3443b7cc9b0,essential,687671b5ebd2bf665349b51d,,
localoccupation,1dd65ce4d15ef3443b7cc9b0,essential,687671b9ebd2bf665349bcb8,,
localoccupation,1dd65ce4d15ef3443b7cc9b0,essential,687671b4ebd2bf665349a79d,,
localoccupation,1dd65ce4d15ef3443b7cc9b0,essential,687671baebd2bf665349c5ff,,
localoccupation,1dd65ce4d15ef3443b7cc9b0,essential,687671b5ebd2bf665349a92c,,
localoccupation,1dd65ce4d15ef3443b7cc9b0,essential,687671bdebd2bf665349d4d6,,
localoccupation,204b74ed9b734eaa66a0dfd3,essential,687671b5ebd2bf665349b7a8,,
localoccupation,204b74ed9b734eaa66a0dfd3,essential,687671bdebd2bf665349cfe1,,
localoccupation,204b74ed9b734eaa66a0dfd3,essential,687671baebd2bf665349cb95,,
localoccupation,204b74ed9b734eaa66a0dfd3,essential,687671b5ebd2bf665349a87c,,
localoccupation,204b74ed9b734eaa66a0dfd3,essential,687671b5ebd2bf665349a8e5,,
localoccupation,204b74ed9b734eaa66a0dfd3,essential,687671bdebd2bf665349d19d,,
localoccupation,204b74ed9b734eaa66a0dfd3,essential,687671b4ebd2bf665349a6e4,,
localoccupation,204b74ed9b734eaa66a0dfd3,essential,687671bdebd2bf665349d50b,,
localoccupation,204b74ed9b734eaa66a0dfd3,essential,687671b5ebd2bf665349b679,,
localoccupation,204b74ed9b734eaa66a0dfd3,essential,687671b5ebd2bf665349a931,,
localoccupation,204b74ed9b734eaa66a0dfd3,essential,687671bdebd2bf665349d6e0,,
localoccupation,204b74ed9b734eaa66a0dfd3,essential,687671bdebd2bf665349d73f,,
localoccupation,204b74ed9b734eaa66a0dfd3,essential,687671baebd2bf665349cc9e,,
localoccupation,204b74ed9b734eaa66a0dfd3,essential,687671bdebd2bf665349d02b,,
localoccupation,204b74ed9b734eaa66a0dfd3,essential,687671b5ebd2bf665349b02c,,
localoccupation,204b74ed9b734eaa66a0dfd3,essential,687671bdebd2bf665349d9a5,,
localoccupation,204b74ed9b734eaa66a0dfd3,essential,687671bdebd2bf665349d4c1,,
localoccupation,204b74ed9b734eaa66a0dfd3,essential,687671baebd2bf665349c98b,,
localoccupation,204b74ed9b734eaa66a0dfd3,essential,687671b9ebd2bf665349be3d,,
localoccupation,204b74ed9b734eaa66a0dfd3,essential,687671baebd2bf665349c7de,,
localoccupation,204b74ed9b734eaa66a0dfd3,essential,687671b9ebd2bf665349bdb3,,
localoccupation,204b74ed9b734eaa66a0dfd3,essential,687671b5ebd2bf665349ab52,,
localoccupation,204b74ed9b734eaa66a0dfd3,essential,687671bdebd2bf665349d79b,,
localoccupation,204b74ed9b734eaa66a0dfd3,essential,687671b5ebd2bf665349ae4e,,
localoccupation,204b74ed9b734eaa66a0dfd3,essential,687671b9ebd2bf665349bf62,,
localoccupation,204b74ed9b734eaa66a0dfd3,essential,687671b5ebd2bf665349b8bb,,
localoccupation,204b74ed9b734eaa66a0dfd3,essential,687671baebd2bf665349c7bd,,
localoccupation,204b74ed9b734eaa66a0dfd3,essential,687671baebd2bf665349c971,,
localoccupation,204b74ed9b734eaa66a0dfd3,essential,687671bdebd2bf665349da60,,
localoccupation,204b74ed9b734eaa66a0dfd3,essential,687671b4ebd2bf665349a750,,
localoccupation,204b74ed9b734eaa66a0dfd3,essential,687671b5ebd2bf665349b0b2,,
localoccupation,204b74ed9b734eaa66a0dfd3,essential,687671b9ebd2bf665349be84,,
localoccupation,204b74ed9b734eaa66a0dfd3,essential,687671b4ebd2bf665349a653,,
localoccupation,204b74ed9b734eaa66a0dfd3,essential,687671bdebd2bf665349d2e3,,
localoccupation,204b74ed9b734eaa66a0dfd3,essential,687671b5ebd2bf665349ab4b,,
localoccupation,204b74ed9b734eaa66a0dfd3,essential,687671b4ebd2bf665349a772,,
localoccupation,204b74ed9b734eaa66a0dfd3,essential,687671b5ebd2bf665349b630,,
localoccupation,204b74ed9b734eaa66a0dfd3,essential,687671baebd2bf665349ca71,,
localoccupation,204b74ed9b734eaa66a0dfd3,essential,687671baebd2bf665349cbf8,,
localoccupation,204b74ed9b734eaa66a0dfd3,essential,687671baebd2bf665349c608,,
localoccupation,204b74ed9b734eaa66a0dfd3,essential,687671b9ebd2bf665349bdf2,,
localoccupation,204b74ed9b734eaa66a0dfd3,essential,687671bdebd2bf665349cd4e,,
localoccupation,204b74ed9b734eaa66a0dfd3,essential,687671b9ebd2bf665349bf09,,
localoccupation,204b74ed9b734eaa66a0dfd3,essential,687671b9ebd2bf665349bbd3,,
localoccupation,204b74ed9b734eaa66a0dfd3,essential,687671bdebd2bf665349d4a3,,
localoccupation,204b74ed9b734eaa66a0dfd3,essential,687671bdebd2bf665349d5cb,,
localoccupation,204b74ed9b734eaa66a0dfd3,essential,687671bdebd2bf665349d61f,,
localoccupation,204b74ed9b734eaa66a0dfd3,essential,687671b5ebd2bf665349ae9e,,
localoccupation,204b74ed9b734eaa66a0dfd3,essential,687671baebd2bf665349c56e,,
localoccupation,204b74ed9b734eaa66a0dfd3,essential,687671b9ebd2bf665349bd5f,,
localoccupation,204b74ed9b734eaa66a0dfd3,essential,687671bdebd2bf665349cd94,,
localoccupation,204b74ed9b734eaa66a0dfd3,essential,687671b5ebd2bf665349b51d,,
localoccupation,204b74ed9b734eaa66a0dfd3,essential,687671b5ebd2bf665349b986,,
localoccupation,204b74ed9b734eaa66a0dfd3,essential,687671b9ebd2bf665349bcb8,,
localoccupation,204b74ed9b734eaa66a0dfd3,essential,687671b4ebd2bf665349a79d,,
localoccupation,204b74ed9b734eaa66a0dfd3,essential,687671b9ebd2bf665349c20e,,
localoccupation,204b74ed9b734eaa66a0dfd3,essential,687671beebd2bf665349dbfc,,
localoccupation,204b74ed9b734eaa66a0dfd3,essential,687671baebd2bf665349c5ff,,
localoccupation,204b74ed9b734eaa66a0dfd3,essential,687671b5ebd2bf665349a92c,,
localoccupation,204b74ed9b734eaa66a0dfd3,essential,687671bdebd2bf665349d4d6,,
localoccupation,1e00601f5bc266dca024eeae,essential,687671b5ebd2bf665349b7a8,,
localoccupation,1e00601f5bc266dca024eeae,essential,687671bdebd2bf665349cfe1,,
localoccupation,1e00601f5bc266dca024eeae,essential,687671b5ebd2bf665349a8e5,,
localoccupation,1e00601f5bc266dca024eeae,essential,687671bdebd2bf665349d19d,,
localoccupation,1e00601f5bc266dca024eeae,essential,687671baebd2bf665349c92f,,
localoccupation,1e00601f5bc266dca024eeae,essential,687671b4ebd2bf665349a6e4,,
localoccupation,1e00601f5bc266dca024eeae,essential,687671bdebd2bf665349d50b,,
localoccupation,1e00601f5bc266dca024eeae,essential,687671baebd2bf665349c9e1,,
localoccupation,1e00601f5bc266dca024eeae,essential,687671b5ebd2bf665349a931,,
localoccupation,1e00601f5bc266dca024eeae,essential,687671bdebd2bf665349d6e0,,
localoccupation,1e00601f5bc266dca024eeae,essential,687671bdebd2bf665349d73f,,
localoccupation,1e00601f5bc266dca024eeae,essential,687671baebd2bf665349cc9e,,
localoccupation,1e00601f5bc266dca024eeae,essential,687671b5ebd2bf665349b3c0,,
localoccupation,1e00601f5bc266dca024eeae,essential,687671bdebd2bf665349d02b,,
localoccupation,1e00601f5bc266dca024eeae,essential,687671b5ebd2bf665349b02c,,
localoccupation,1e00601f5bc266dca024eeae,essential,687671bdebd2bf665349d9a5,,
localoccupation,1e00601f5bc266dca024eeae,essential,687671bdebd2bf665349d4c1,,
localoccupation,1e00601f5bc266dca024eeae,essential,687671b9ebd2bf665349be3d,,
localoccupation,1e00601f5bc266dca024eeae,essential,687671b5ebd2bf665349b4a3,,
localoccupation,1e00601f5bc266dca024eeae,essential,687671bdebd2bf665349d34e,,
localoccupation,1e00601f5bc266dca024eeae,essential,687671baebd2bf665349c7de,,
localoccupation,1e00601f5bc266dca024eeae,essential,687671b9ebd2bf665349bdb3,,
localoccupation,1e00601f5bc266dca024eeae,essential,687671b5ebd2bf665349ab52,,
localoccupation,1e00601f5bc266dca024eeae,essential,687671bdebd2bf665349d79b,,
localoccupation,1e00601f5bc266dca024eeae,essential,687671b5ebd2bf665349ae4e,,
localoccupation,1e00601f5bc266dca024eeae,essential,687671b5ebd2bf665349ad4e,,
localoccupation,1e00601f5bc266dca024eeae,essential,687671b9ebd2bf665349bf62,,
localoccupation,1e00601f5bc266dca024eeae,essential,687671b5ebd2bf665349b8bb,,
localoccupation,1e00601f5bc266dca024eeae,essential,687671baebd2bf665349c7bd,,
localoccupation,1e00601f5bc266dca024eeae,essential,687671b5ebd2bf665349b20a,,
localoccupation,1e00601f5bc266dca024eeae,essential,687671baebd2bf665349c971,,
localoccupation,1e00601f5bc266dca024eeae,essential,687671b4ebd2bf665349a750,,
localoccupation,1e00601f5bc266dca024eeae,essential,687671bdebd2bf665349d2e3,,
localoccupation,1e00601f5bc266dca024eeae,essential,687671b9ebd2bf665349c045,,
localoccupation,1e00601f5bc266dca024eeae,essential,687671b5ebd2bf665349ab4b,,
localoccupation,1e00601f5bc266dca024eeae,essential,687671b4ebd2bf665349a772,,
localoccupation,1e00601f5bc266dca024eeae,essential,687671b5ebd2bf665349b630,,
localoccupation,1e00601f5bc266dca024eeae,essential,687671b9ebd2bf665349c363,,
localoccupation,1e00601f5bc266dca024eeae,essential,687671baebd2bf665349cbf8,,
localoccupation,1e00601f5bc266dca024eeae,essential,687671b9ebd2bf665349bdf2,,
localoccupation,1e00601f5bc266dca024eeae,essential,687671bdebd2bf665349dacd,,
localoccupation,1e00601f5bc266dca024eeae,essential,687671bdebd2bf665349d9be,,
localoccupation,1e00601f5bc266dca024eeae,essential,687671b9ebd2bf665349bf09,,
localoccupation,1e00601f5bc266dca024eeae,essential,687671bdebd2bf665349d5cb,,
localoccupation,1e00601f5bc266dca024eeae,essential,687671b5ebd2bf665349b737,,
localoccupation,1e00601f5bc266dca024eeae,essential,687671baebd2bf665349ca2a,,
localoccupation,1e00601f5bc266dca024eeae,essential,687671b4ebd2bf665349a7a1,,
localoccupation,1e00601f5bc266dca024eeae,essential,687671baebd2bf665349c56e,,
localoccupation,1e00601f5bc266dca024eeae,essential,687671b9ebd2bf665349bd5f,,
localoccupation,1e00601f5bc266dca024eeae,essential,687671baebd2bf665349c7ac,,
localoccupation,1e00601f5bc266dca024eeae,essential,687671bdebd2bf665349da62,,
localoccupation,1e00601f5bc266dca024eeae,essential,687671b5ebd2bf665349b51d,,
localoccupation,1e00601f5bc266dca024eeae,essential,687671b9ebd2bf665349bcb8,,
localoccupation,1e00601f5bc266dca024eeae,essential,687671b4ebd2bf665349a79d,,
localoccupation,1e00601f5bc266dca024eeae,essential,687671beebd2bf665349dbfc,,
localoccupation,1e00601f5bc266dca024eeae,essential,687671b5ebd2bf665349a92c,,
localoccupation,1e00601f5bc266dca024eeae,essential,687671bdebd2bf665349d4d6,,
localoccupation,1e00601f5bc266dca024eeae,essential,687671baebd2bf665349c568,,
localoccupation,bfceeb3bb38209f99fbd3937,essential,687671b5ebd2bf665349b7a8,,
localoccupation,bfceeb3bb38209f99fbd3937,essential,687671bdebd2bf665349cfe1,,
localoccupation,bfceeb3bb38209f99fbd3937,essential,687671b9ebd2bf665349c1ac,,
localoccupation,bfceeb3bb38209f99fbd3937,essential,687671b9ebd2bf665349ba74,,
localoccupation,bfceeb3bb38209f99fbd3937,essential,687671bdebd2bf665349d890,,
localoccupation,bfceeb3bb38209f99fbd3937,essential,687671bdebd2bf665349d19d,,
localoccupation,bfceeb3bb38209f99fbd3937,essential,687671b4ebd2bf665349a6e4,,
localoccupation,bfceeb3bb38209f99fbd3937,essential,687671bdebd2bf665349d9c6,,
localoccupation,bfceeb3bb38209f99fbd3937,essential,687671b4ebd2bf665349a68c,,
localoccupation,bfceeb3bb38209f99fbd3937,essential,687671baebd2bf665349c9e1,,
localoccupation,bfceeb3bb38209f99fbd3937,essential,687671b5ebd2bf665349b679,,
localoccupation,bfceeb3bb38209f99fbd3937,essential,687671b5ebd2bf665349a931,,
localoccupation,bfceeb3bb38209f99fbd3937,essential,687671bdebd2bf665349d6e0,,
localoccupation,bfceeb3bb38209f99fbd3937,essential,687671bdebd2bf665349d73f,,
localoccupation,bfceeb3bb38209f99fbd3937,essential,687671b9ebd2bf665349bebe,,
localoccupation,bfceeb3bb38209f99fbd3937,essential,687671b5ebd2bf665349af7f,,
localoccupation,bfceeb3bb38209f99fbd3937,essential,687671bdebd2bf665349d02b,,
localoccupation,bfceeb3bb38209f99fbd3937,essential,687671b5ebd2bf665349b02c,,
localoccupation,bfceeb3bb38209f99fbd3937,essential,687671bdebd2bf665349d9a5,,
localoccupation,bfceeb3bb38209f99fbd3937,essential,687671baebd2bf665349c7f0,,
localoccupation,bfceeb3bb38209f99fbd3937,essential,687671b9ebd2bf665349c257,,
localoccupation,bfceeb3bb38209f99fbd3937,essential,687671bdebd2bf665349d4c1,,
localoccupation,bfceeb3bb38209f99fbd3937,essential,687671baebd2bf665349c98b,,
localoccupation,bfceeb3bb38209f99fbd3937,essential,687671b9ebd2bf665349be3d,,
localoccupation,bfceeb3bb38209f99fbd3937,essential,687671b5ebd2bf665349b482,,
localoccupation,bfceeb3bb38209f99fbd3937,essential,687671baebd2bf665349c7de,,
localoccupation,bfceeb3bb38209f99fbd3937,essential,687671b5ebd2bf665349ab52,,
localoccupation,bfceeb3bb38209f99fbd3937,essential,687671bdebd2bf665349d79b,,
localoccupation,bfceeb3bb38209f99fbd3937,essential,687671bdebd2bf665349ce88,,
localoccupation,bfceeb3bb38209f99fbd3937,essential,687671b9ebd2bf665349bf62,,
localoccupation,bfceeb3bb38209f99fbd3937,essential,687671b5ebd2bf665349b03e,,
localoccupation,bfceeb3bb38209f99fbd3937,essential,687671baebd2bf665349c7bd,,
localoccupation,bfceeb3bb38209f99fbd3937,essential,687671b4ebd2bf665349a750,,
localoccupation,bfceeb3bb38209f99fbd3937,essential,687671b5ebd2bf665349b70a,,
localoccupation,bfceeb3bb38209f99fbd3937,essential,687671bdebd2bf665349d7c9,,
localoccupation,bfceeb3bb38209f99fbd3937,essential,687671b4ebd2bf665349a653,,
localoccupation,bfceeb3bb38209f99fbd3937,essential,687671baebd2bf665349cc25,,
localoccupation,bfceeb3bb38209f99fbd3937,essential,687671bdebd2bf665349d2e3,,
localoccupation,bfceeb3bb38209f99fbd3937,essential,687671b5ebd2bf665349ab4b,,
localoccupation,bfceeb3bb38209f99fbd3937,essential,687671b9ebd2bf665349bfbb,,
localoccupation,bfceeb3bb38209f99fbd3937,essential,687671b9ebd2bf665349c363,,
localoccupation,bfceeb3bb38209f99fbd3937,essential,687671baebd2bf665349c7eb,,
localoccupation,bfceeb3bb38209f99fbd3937,essential,687671bdebd2bf665349cd4e,,
localoccupation,bfceeb3bb38209f99fbd3937,essential,687671b9ebd2bf665349bf09,,
localoccupation,bfceeb3bb38209f99fbd3937,essential,687671baebd2bf665349c8df,,
localoccupation,bfceeb3bb38209f99fbd3937,essential,687671bdebd2bf665349d5cb,,
localoccupation,bfceeb3bb38209f99fbd3937,essential,687671b5ebd2bf665349b737,,
localoccupation,bfceeb3bb38209f99fbd3937,essential,687671b9ebd2bf665349c28a,,
localoccupation,bfceeb3bb38209f99fbd3937,essential,687671bdebd2bf665349cdda,,
localoccupation,bfceeb3bb38209f99fbd3937,essential,687671baebd2bf665349ca2a,,
localoccupation,bfceeb3bb38209f99fbd3937,essential,687671b9ebd2bf665349bd5f,,
localoccupation,bfceeb3bb38209f99fbd3937,essential,687671baebd2bf665349c7ac,,
localoccupation,bfceeb3bb38209f99fbd3937,essential,687671bdebd2bf665349cd94,,
localoccupation,bfceeb3bb38209f99fbd3937,essential,687671b5ebd2bf665349b51d,,
localoccupation,bfceeb3bb38209f99fbd3937,essential,687671b5ebd2bf665349b443,,
localoccupation,bfceeb3bb38209f99fbd3937,essential,687671beebd2bf665349dbfc,,
localoccupation,bfceeb3bb38209f99fbd3937,essential,687671baebd2bf665349c5ff,,
localoccupation,bfceeb3bb38209f99fbd3937,essential,687671b5ebd2bf665349a92c,,
localoccupation,bfceeb3bb38209f99fbd3937,essential,687671bdebd2bf665349d4d6,,
localoccupation,5b67fcc9886cf63e4d2fa465,essential,687671b5ebd2bf665349b7a8,,
localoccupation,5b67fcc9886cf63e4d2fa465,essential,687671b9ebd2bf665349ba74,,
localoccupation,5b67fcc9886cf63e4d2fa465,essential,687671baebd2bf665349cb95,,
localoccupation,5b67fcc9886cf63e4d2fa465,essential,687671b9ebd2bf665349c458,,
localoccupation,5b67fcc9886cf63e4d2fa465,essential,687671b4ebd2bf665349a6e4,,
localoccupation,5b67fcc9886cf63e4d2fa465,essential,687671b5ebd2bf665349ad1a,,
localoccupation,5b67fcc9886cf63e4d2fa465,essential,687671baebd2bf665349c9e1,,
localoccupation,5b67fcc9886cf63e4d2fa465,essential,687671b5ebd2bf665349a931,,
localoccupation,5b67fcc9886cf63e4d2fa465,essential,687671baebd2bf665349cc6e,,
localoccupation,5b67fcc9886cf63e4d2fa465,essential,687671bdebd2bf665349d6e0,,
localoccupation,5b67fcc9886cf63e4d2fa465,essential,687671bdebd2bf665349d994,,
localoccupation,5b67fcc9886cf63e4d2fa465,essential,687671b5ebd2bf665349a9a5,,
localoccupation,5b67fcc9886cf63e4d2fa465,essential,687671b5ebd2bf665349b3c0,,
localoccupation,5b67fcc9886cf63e4d2fa465,essential,687671b4ebd2bf665349a76d,,
localoccupation,5b67fcc9886cf63e4d2fa465,essential,687671bdebd2bf665349d9a5,,
localoccupation,5b67fcc9886cf63e4d2fa465,essential,687671bdebd2bf665349d4c1,,
localoccupation,5b67fcc9886cf63e4d2fa465,essential,687671baebd2bf665349c98b,,
localoccupation,5b67fcc9886cf63e4d2fa465,essential,687671b9ebd2bf665349be3d,,
localoccupation,5b67fcc9886cf63e4d2fa465,essential,687671baebd2bf665349c7de,,
localoccupation,5b67fcc9886cf63e4d2fa465,essential,687671b9ebd2bf665349bdb3,,
localoccupation,5b67fcc9886cf63e4d2fa465,essential,687671bdebd2bf665349d79b,,
localoccupation,5b67fcc9886cf63e4d2fa465,essential,687671baebd2bf665349c5a3,,
localoccupation,5b67fcc9886cf63e4d2fa465,essential,687671b5ebd2bf665349ae4e,,
localoccupation,5b67fcc9886cf63e4d2fa465,essential,687671bdebd2bf665349ce88,,
localoccupation,5b67fcc9886cf63e4d2fa465,essential,687671b9ebd2bf665349bf62,,
localoccupation,5b67fcc9886cf63e4d2fa465,essential,687671bdebd2bf665349d474,,
localoccupation,5b67fcc9886cf63e4d2fa465,essential,687671b5ebd2bf665349b03e,,
localoccupation,5b67fcc9886cf63e4d2fa465,essential,687671baebd2bf665349c7bd,,
localoccupation,5b67fcc9886cf63e4d2fa465,essential,687671b4ebd2bf665349a78f,,
localoccupation,5b67fcc9886cf63e4d2fa465,essential,687671b4ebd2bf665349a750,,
localoccupation,5b67fcc9886cf63e4d2fa465,essential,687671b9ebd2bf665349be7a,,
localoccupation,5b67fcc9886cf63e4d2fa465,essential,687671b9ebd2bf665349c3b1,,
localoccupation,5b67fcc9886cf63e4d2fa465,essential,687671b4ebd2bf665349a653,,
localoccupation,5b67fcc9886cf63e4d2fa465,essential,687671b5ebd2bf665349b0a9,,
localoccupation,5b67fcc9886cf63e4d2fa465,essential,687671b9ebd2bf665349c363,,
localoccupation,5b67fcc9886cf63e4d2fa465,essential,687671baebd2bf665349c55d,,
localoccupation,5b67fcc9886cf63e4d2fa465,essential,687671baebd2bf665349c7eb,,
localoccupation,5b67fcc9886cf63e4d2fa465,essential,687671bdebd2bf665349dacd,,
localoccupation,5b67fcc9886cf63e4d2fa465,essential,687671bdebd2bf665349d9be,,
localoccupation,5b67fcc9886cf63e4d2fa465,essential,687671b5ebd2bf665349af64,,
localoccupation,5b67fcc9886cf63e4d2fa465,essential,687671bdebd2bf665349d5cb,,
localoccupation,5b67fcc9886cf63e4d2fa465,essential,687671b5ebd2bf665349b737,,
localoccupation,5b67fcc9886cf63e4d2fa465,essential,687671b4ebd2bf665349a7a1,,
localoccupation,5b67fcc9886cf63e4d2fa465,essential,687671baebd2bf665349cb51,,
localoccupation,5b67fcc9886cf63e4d2fa465,essential,687671b5ebd2bf665349ae9e,,
localoccupation,5b67fcc9886cf63e4d2fa465,essential,687671b9ebd2bf665349bd5f,,
localoccupation,5b67fcc9886cf63e4d2fa465,essential,687671bdebd2bf665349cd94,,
localoccupation,5b67fcc9886cf63e4d2fa465,essential,687671b5ebd2bf665349b986,,
localoccupation,5b67fcc9886cf63e4d2fa465,essential,687671baebd2bf665349c89b,,
localoccupation,5b67fcc9886cf63e4d2fa465,essential,687671beebd2bf665349dbfc,,
localoccupation,5b67fcc9886cf63e4d2fa465,essential,687671beebd2bf665349db6b,,
localoccupation,5b67fcc9886cf63e4d2fa465,essential,687671b5ebd2bf665349b328,,
localoccupation,5b67fcc9886cf63e4d2fa465,essential,687671baebd2bf665349c5ff,,
localoccupation,5b67fcc9886cf63e4d2fa465,essential,687671baebd2bf665349c928,,
localoccupation,2f61c18dcb176aa28f74904c,essential,687671baebd2bf665349c819,,
localoccupation,2f61c18dcb176aa28f74904c,essential,687671b9ebd2bf665349ba74,,
localoccupation,2f61c18dcb176aa28f74904c,essential,687671b4ebd2bf665349a6e4,,
localoccupation,2f61c18dcb176aa28f74904c,essential,687671b5ebd2bf665349a90d,,
localoccupation,2f61c18dcb176aa28f74904c,essential,687671b5ebd2bf665349a9de,,
localoccupation,2f61c18dcb176aa28f74904c,essential,687671baebd2bf665349c9e1,,
localoccupation,2f61c18dcb176aa28f74904c,essential,687671b5ebd2bf665349a931,,
localoccupation,2f61c18dcb176aa28f74904c,essential,687671b5ebd2bf665349b85b,,
localoccupation,2f61c18dcb176aa28f74904c,essential,687671bdebd2bf665349d6e0,,
localoccupation,2f61c18dcb176aa28f74904c,essential,687671bdebd2bf665349d73f,,
localoccupation,2f61c18dcb176aa28f74904c,essential,687671b9ebd2bf665349be71,,
localoccupation,2f61c18dcb176aa28f74904c,essential,687671bdebd2bf665349da0a,,
localoccupation,2f61c18dcb176aa28f74904c,essential,687671bdebd2bf665349d97e,,
localoccupation,2f61c18dcb176aa28f74904c,essential,687671b9ebd2bf665349bb52,,
localoccupation,2f61c18dcb176aa28f74904c,essential,687671bdebd2bf665349d02b,,
localoccupation,2f61c18dcb176aa28f74904c,essential,687671b9ebd2bf665349c346,,
localoccupation,2f61c18dcb176aa28f74904c,essential,687671b5ebd2bf665349b02c,,
localoccupation,2f61c18dcb176aa28f74904c,essential,687671bdebd2bf665349d9a5,,
localoccupation,2f61c18dcb176aa28f74904c,essential,687671bdebd2bf665349d4eb,,
localoccupation,2f61c18dcb176aa28f74904c,essential,687671baebd2bf665349cb9a,,
localoccupation,2f61c18dcb176aa28f74904c,essential,687671b5ebd2bf665349b86c,,
localoccupation,2f61c18dcb176aa28f74904c,essential,687671baebd2bf665349c7f0,,
localoccupation,2f61c18dcb176aa28f74904c,essential,687671bdebd2bf665349d4c1,,
localoccupation,2f61c18dcb176aa28f74904c,essential,687671baebd2bf665349c98b,,
localoccupation,2f61c18dcb176aa28f74904c,essential,687671b9ebd2bf665349be3d,,
localoccupation,2f61c18dcb176aa28f74904c,essential,687671b5ebd2bf665349b4a3,,
localoccupation,2f61c18dcb176aa28f74904c,essential,687671baebd2bf665349c7de,,
localoccupation,2f61c18dcb176aa28f74904c,essential,687671b9ebd2bf665349bdb3,,
localoccupation,2f61c18dcb176aa28f74904c,essential,687671b5ebd2bf665349ab52,,
localoccupation,2f61c18dcb176aa28f74904c,essential,687671baebd2bf665349c764,,
localoccupation,2f61c18dcb176aa28f74904c,essential,687671b5ebd2bf665349ae4e,,
localoccupation,2f61c18dcb176aa28f74904c,essential,687671b9ebd2bf665349bf62,,
localoccupation,2f61c18dcb176aa28f74904c,essential,687671b5ebd2bf665349b8bb,,
localoccupation,2f61c18dcb176aa28f74904c,essential,687671baebd2bf665349c7bd,,
localoccupation,2f61c18dcb176aa28f74904c,essential,687671baebd2bf665349c971,,
localoccupation,2f61c18dcb176aa28f74904c,essential,687671b9ebd2bf665349be7a,,
localoccupation,2f61c18dcb176aa28f74904c,essential,687671b4ebd2bf665349a653,,
localoccupation,2f61c18dcb176aa28f74904c,essential,687671b9ebd2bf665349c045,,
localoccupation,2f61c18dcb176aa28f74904c,essential,687671b4ebd2bf665349a772,,
localoccupation,2f61c18dcb176aa28f74904c,essential,687671b4ebd2bf665349a7db,,
localoccupation,2f61c18dcb176aa28f74904c,essential,687671baebd2bf665349c608,,
localoccupation,2f61c18dcb176aa28f74904c,essential,687671baebd2bf665349c7eb,,
localoccupation,2f61c18dcb176aa28f74904c,essential,687671b9ebd2bf665349bca4,,
localoccupation,2f61c18dcb176aa28f74904c,essential,687671bdebd2bf665349dacd,,
localoccupation,2f61c18dcb176aa28f74904c,essential,687671bdebd2bf665349cd4e,,
localoccupation,2f61c18dcb176aa28f74904c,essential,687671bdebd2bf665349d9be,,
localoccupation,2f61c18dcb176aa28f74904c,essential,687671b9ebd2bf665349bf09,,
localoccupation,2f61c18dcb176aa28f74904c,essential,687671b5ebd2bf665349ae90,,
localoccupation,2f61c18dcb176aa28f74904c,essential,687671bdebd2bf665349d5cb,,
localoccupation,2f61c18dcb176aa28f74904c,essential,687671b5ebd2bf665349b737,,
localoccupation,2f61c18dcb176aa28f74904c,essential,687671baebd2bf665349cb89,,
localoccupation,2f61c18dcb176aa28f74904c,essential,687671b4ebd2bf665349a7a1,,
localoccupation,2f61c18dcb176aa28f74904c,essential,687671bdebd2bf665349d6cf,,
localoccupation,2f61c18dcb176aa28f74904c,essential,687671bdebd2bf665349d618,,
localoccupation,2f61c18dcb176aa28f74904c,essential,687671b9ebd2bf665349bd5f,,
localoccupation,2f61c18dcb176aa28f74904c,essential,687671baebd2bf665349c7ac,,
localoccupation,2f61c18dcb176aa28f74904c,essential,687671bdebd2bf665349cd94,,
localoccupation,2f61c18dcb176aa28f74904c,essential,687671b5ebd2bf665349b986,,
localoccupation,2f61c18dcb176aa28f74904c,essential,687671b4ebd2bf665349a79d,,
localoccupation,2f61c18dcb176aa28f74904c,essential,687671baebd2bf665349c5ff,,
localoccupation,a948156cbfabc51089e76dc6,essential,687671b5ebd2bf665349b7a8,,
localoccupation,a948156cbfabc51089e76dc6,essential,687671b9ebd2bf665349ba74,,
localoccupation,a948156cbfabc51089e76dc6,essential,687671b9ebd2bf665349b9cf,,
localoccupation,a948156cbfabc51089e76dc6,essential,687671b5ebd2bf665349ab57,,
localoccupation,a948156cbfabc51089e76dc6,essential,687671bdebd2bf665349d19d,,
localoccupation,a948156cbfabc51089e76dc6,essential,687671b5ebd2bf665349a90d,,
localoccupation,a948156cbfabc51089e76dc6,essential,687671b5ebd2bf665349a9de,,
localoccupation,a948156cbfabc51089e76dc6,essential,687671b5ebd2bf665349b679,,
localoccupation,a948156cbfabc51089e76dc6,essential,687671bdebd2bf665349d797,,
localoccupation,a948156cbfabc51089e76dc6,essential,687671bdebd2bf665349d73f,,
localoccupation,a948156cbfabc51089e76dc6,essential,687671baebd2bf665349cc9e,,
localoccupation,a948156cbfabc51089e76dc6,essential,687671b5ebd2bf665349b3c0,,
localoccupation,a948156cbfabc51089e76dc6,essential,687671bdebd2bf665349d02b,,
localoccupation,a948156cbfabc51089e76dc6,essential,687671b5ebd2bf665349b02c,,
localoccupation,a948156cbfabc51089e76dc6,essential,687671bdebd2bf665349d9a5,,
localoccupation,a948156cbfabc51089e76dc6,essential,687671b5ebd2bf665349b016,,
localoccupation,a948156cbfabc51089e76dc6,essential,687671bdebd2bf665349d4eb,,
localoccupation,a948156cbfabc51089e76dc6,essential,687671b9ebd2bf665349be3d,,
localoccupation,a948156cbfabc51089e76dc6,essential,687671b5ebd2bf665349b4a3,,
localoccupation,a948156cbfabc51089e76dc6,essential,687671baebd2bf665349c7de,,
localoccupation,a948156cbfabc51089e76dc6,essential,687671b9ebd2bf665349bdb3,,
localoccupation,a948156cbfabc51089e76dc6,essential,687671b5ebd2bf665349a866,,
localoccupation,a948156cbfabc51089e76dc6,essential,687671b5ebd2bf665349ab52,,
localoccupation,a948156cbfabc51089e76dc6,essential,687671bdebd2bf665349d79b,,
localoccupation,a948156cbfabc51089e76dc6,essential,687671baebd2bf665349c764,,
localoccupation,a948156cbfabc51089e76dc6,essential,687671b9ebd2bf665349c31e,,
localoccupation,a948156cbfabc51089e76dc6,essential,687671b9ebd2bf665349bf62,,
localoccupation,a948156cbfabc51089e76dc6,essential,687671b5ebd2bf665349b8bb,,
localoccupation,a948156cbfabc51089e76dc6,essential,687671baebd2bf665349c7bd,,
localoccupation,a948156cbfabc51089e76dc6,essential,687671b5ebd2bf665349b20a,,
localoccupation,a948156cbfabc51089e76dc6,essential,687671baebd2bf665349c971,,
localoccupation,a948156cbfabc51089e76dc6,essential,687671b4ebd2bf665349a750,,
localoccupation,a948156cbfabc51089e76dc6,essential,687671b9ebd2bf665349c045,,
localoccupation,a948156cbfabc51089e76dc6,essential,687671b5ebd2bf665349ab4b,,
localoccupation,a948156cbfabc51089e76dc6,essential,687671b4ebd2bf665349a772,,
localoccupation,a948156cbfabc51089e76dc6,essential,687671b5ebd2bf665349b47e,,
localoccupation,a948156cbfabc51089e76dc6,essential,687671b9ebd2bf665349ba29,,
localoccupation,a948156cbfabc51089e76dc6,essential,687671baebd2bf665349cbf8,,
localoccupation,a948156cbfabc51089e76dc6,essential,687671baebd2bf665349c7eb,,
localoccupation,a948156cbfabc51089e76dc6,essential,687671bdebd2bf665349dacd,,
localoccupation,a948156cbfabc51089e76dc6,essential,687671bdebd2bf665349cd4e,,
localoccupation,a948156cbfabc51089e76dc6,essential,687671b9ebd2bf665349bbd3,,
localoccupation,a948156cbfabc51089e76dc6,essential,687671b5ebd2bf665349b737,,
localoccupation,a948156cbfabc51089e76dc6,essential,687671b5ebd2bf665349ad65,,
localoccupation,a948156cbfabc51089e76dc6,essential,687671bdebd2bf665349d6cf,,
localoccupation,a948156cbfabc51089e76dc6,essential,687671b5ebd2bf665349b49e,,
localoccupation,a948156cbfabc51089e76dc6,essential,687671bdebd2bf665349cd94,,
localoccupation,a948156cbfabc51089e76dc6,essential,687671bdebd2bf665349da62,,
localoccupation,a948156cbfabc51089e76dc6,essential,687671b5ebd2bf665349b51d,,
localoccupation,a948156cbfabc51089e76dc6,essential,687671b5ebd2bf665349b986,,
localoccupation,a948156cbfabc51089e76dc6,essential,687671b9ebd2bf665349bcb8,,
localoccupation,a948156cbfabc51089e76dc6,essential,687671b4ebd2bf665349a79d,,
localoccupation,a948156cbfabc51089e76dc6,essential,687671bdebd2bf665349dac4,,
localoccupation,a948156cbfabc51089e76dc6,essential,687671baebd2bf665349c5ff,,
localoccupation,a948156cbfabc51089e76dc6,essential,687671bdebd2bf665349d4d6,,
localoccupation,a948156cbfabc51089e76dc6,essential,687671baebd2bf665349c568,,
localoccupation,784c6cf23e2b18aa864f4d82,essential,687671b9ebd2bf665349c437,,
localoccupation,784c6cf23e2b18aa864f4d82,essential,687671b9ebd2bf665349ba74,,
localoccupation,784c6cf23e2b18aa864f4d82,essential,687671b9ebd2bf665349bb9b,,
localoccupation,784c6cf23e2b18aa864f4d82,essential,687671bdebd2bf665349daad,,
localoccupation,784c6cf23e2b18aa864f4d82,essential,687671baebd2bf665349c92f,,
localoccupation,784c6cf23e2b18aa864f4d82,essential,687671b5ebd2bf665349a9de,,
localoccupation,784c6cf23e2b18aa864f4d82,essential,687671b5ebd2bf665349b679,,
localoccupation,784c6cf23e2b18aa864f4d82,essential,687671b5ebd2bf665349b85b,,
localoccupation,784c6cf23e2b18aa864f4d82,essential,687671bdebd2bf665349d6e0,,
localoccupation,784c6cf23e2b18aa864f4d82,essential,687671bdebd2bf665349d73f,,
localoccupation,784c6cf23e2b18aa864f4d82,essential,687671b9ebd2bf665349bebe,,
localoccupation,784c6cf23e2b18aa864f4d82,essential,687671baebd2bf665349cc9e,,
localoccupation,784c6cf23e2b18aa864f4d82,essential,687671bdebd2bf665349d97e,,
localoccupation,784c6cf23e2b18aa864f4d82,essential,687671b9ebd2bf665349bb52,,
localoccupation,784c6cf23e2b18aa864f4d82,essential,687671bdebd2bf665349d02b,,
localoccupation,784c6cf23e2b18aa864f4d82,essential,687671b9ebd2bf665349c346,,
localoccupation,784c6cf23e2b18aa864f4d82,essential,687671bdebd2bf665349d4eb,,
localoccupation,784c6cf23e2b18aa864f4d82,essential,687671baebd2bf665349cb9a,,
localoccupation,784c6cf23e2b18aa864f4d82,essential,687671bdebd2bf665349d4c1,,
localoccupation,784c6cf23e2b18aa864f4d82,essential,687671b5ebd2bf665349b4a3,,
localoccupation,784c6cf23e2b18aa864f4d82,essential,687671baebd2bf665349cd2c,,
localoccupation,784c6cf23e2b18aa864f4d82,essential,687671bdebd2bf665349d13c,,
localoccupation,784c6cf23e2b18aa864f4d82,essential,687671baebd2bf665349c7de,,
localoccupation,784c6cf23e2b18aa864f4d82,essential,687671b9ebd2bf665349bdb3,,
localoccupation,784c6cf23e2b18aa864f4d82,essential,687671b5ebd2bf665349a866,,
localoccupation,784c6cf23e2b18aa864f4d82,essential,687671b5ebd2bf665349ab52,,
localoccupation,784c6cf23e2b18aa864f4d82,essential,687671b5ebd2bf665349b70a,,
localoccupation,784c6cf23e2b18aa864f4d82,essential,687671b9ebd2bf665349c09b,,
localoccupation,784c6cf23e2b18aa864f4d82,essential,687671bdebd2bf665349d7c9,,
localoccupation,784c6cf23e2b18aa864f4d82,essential,687671baebd2bf665349c607,,
localoccupation,784c6cf23e2b18aa864f4d82,essential,687671b9ebd2bf665349ba29,,
localoccupation,784c6cf23e2b18aa864f4d82,essential,687671b9ebd2bf665349c363,,
localoccupation,784c6cf23e2b18aa864f4d82,essential,687671b4ebd2bf665349a7db,,
localoccupation,784c6cf23e2b18aa864f4d82,essential,687671baebd2bf665349c608,,
localoccupation,784c6cf23e2b18aa864f4d82,essential,687671baebd2bf665349c7eb,,
localoccupation,784c6cf23e2b18aa864f4d82,essential,687671b5ebd2bf665349b0b6,,
localoccupation,784c6cf23e2b18aa864f4d82,essential,687671b9ebd2bf665349bca4,,
localoccupation,784c6cf23e2b18aa864f4d82,essential,687671bdebd2bf665349dacd,,
localoccupation,784c6cf23e2b18aa864f4d82,essential,687671b9ebd2bf665349c461,,
localoccupation,784c6cf23e2b18aa864f4d82,essential,687671bdebd2bf665349d9be,,
localoccupation,784c6cf23e2b18aa864f4d82,essential,687671b9ebd2bf665349bf09,,
localoccupation,784c6cf23e2b18aa864f4d82,essential,687671bdebd2bf665349d5cb,,
localoccupation,784c6cf23e2b18aa864f4d82,essential,687671b5ebd2bf665349ab31,,
localoccupation,784c6cf23e2b18aa864f4d82,essential,687671b9ebd2bf665349c28a,,
localoccupation,784c6cf23e2b18aa864f4d82,essential,687671baebd2bf665349cb89,,
localoccupation,784c6cf23e2b18aa864f4d82,essential,687671baebd2bf665349ca2a,,
localoccupation,784c6cf23e2b18aa864f4d82,essential,687671b4ebd2bf665349a7a1,,
localoccupation,784c6cf23e2b18aa864f4d82,essential,687671b9ebd2bf665349c2a2,,
localoccupation,784c6cf23e2b18aa864f4d82,essential,687671baebd2bf665349c56e,,
localoccupation,784c6cf23e2b18aa864f4d82,essential,687671b9ebd2bf665349bd5f,,
localoccupation,784c6cf23e2b18aa864f4d82,essential,687671baebd2bf665349c7ac,,
localoccupation,784c6cf23e2b18aa864f4d82,essential,687671bdebd2bf665349cd94,,
localoccupation,784c6cf23e2b18aa864f4d82,essential,687671bdebd2bf665349da62,,
localoccupation,784c6cf23e2b18aa864f4d82,essential,687671b4ebd2bf665349a79d,,
localoccupation,784c6cf23e2b18aa864f4d82,essential,687671b5ebd2bf665349aa60,,
localoccupation,784c6cf23e2b18aa864f4d82,essential,687671b9ebd2bf665349c3cd,,
localoccupation,784c6cf23e2b18aa864f4d82,essential,687671b5ebd2bf665349b7a3,,
localoccupation,784c6cf23e2b18aa864f4d82,essential,687671baebd2bf665349c5ff,,
localoccupation,784c6cf23e2b18aa864f4d82,essential,687671b5ebd2bf665349a92c,,
localoccupation,784c6cf23e2b18aa864f4d82,essential,687671bdebd2bf665349d4d6,,
localoccupation,fdbf73bd9b8ab177af77fd2c,essential,687671b5ebd2bf665349b7a8,,
localoccupation,fdbf73bd9b8ab177af77fd2c,essential,687671bdebd2bf665349cfe1,,
localoccupation,fdbf73bd9b8ab177af77fd2c,essential,687671b5ebd2bf665349a8e5,,
localoccupation,fdbf73bd9b8ab177af77fd2c,essential,687671bdebd2bf665349d19d,,
localoccupation,fdbf73bd9b8ab177af77fd2c,essential,687671baebd2bf665349c92f,,
localoccupation,fdbf73bd9b8ab177af77fd2c,essential,687671b4ebd2bf665349a6e4,,
localoccupation,fdbf73bd9b8ab177af77fd2c,essential,687671b5ebd2bf665349a90d,,
localoccupation,fdbf73bd9b8ab177af77fd2c,essential,687671b4ebd2bf665349a78b,,
localoccupation,fdbf73bd9b8ab177af77fd2c,essential,687671bdebd2bf665349d6e0,,
localoccupation,fdbf73bd9b8ab177af77fd2c,essential,687671b5ebd2bf665349b16d,,
localoccupation,fdbf73bd9b8ab177af77fd2c,essential,687671bdebd2bf665349cdfb,,
localoccupation,fdbf73bd9b8ab177af77fd2c,essential,687671bdebd2bf665349d02b,,
localoccupation,fdbf73bd9b8ab177af77fd2c,essential,687671b5ebd2bf665349b02c,,
localoccupation,fdbf73bd9b8ab177af77fd2c,essential,687671bdebd2bf665349d9a5,,
localoccupation,fdbf73bd9b8ab177af77fd2c,essential,687671bdebd2bf665349d4eb,,
localoccupation,fdbf73bd9b8ab177af77fd2c,essential,687671b5ebd2bf665349b86c,,
localoccupation,fdbf73bd9b8ab177af77fd2c,essential,687671baebd2bf665349c98b,,
localoccupation,fdbf73bd9b8ab177af77fd2c,essential,687671b5ebd2bf665349b4a3,,
localoccupation,fdbf73bd9b8ab177af77fd2c,essential,687671baebd2bf665349c7de,,
localoccupation,fdbf73bd9b8ab177af77fd2c,essential,687671b9ebd2bf665349bdb3,,
localoccupation,fdbf73bd9b8ab177af77fd2c,essential,687671b5ebd2bf665349ab52,,
localoccupation,fdbf73bd9b8ab177af77fd2c,essential,687671b5ebd2bf665349b823,,
localoccupation,fdbf73bd9b8ab177af77fd2c,essential,687671baebd2bf665349c971,,
localoccupation,fdbf73bd9b8ab177af77fd2c,essential,687671b9ebd2bf665349be7a,,
localoccupation,fdbf73bd9b8ab177af77fd2c,essential,687671b4ebd2bf665349a653,,
localoccupation,fdbf73bd9b8ab177af77fd2c,essential,687671bdebd2bf665349d2e3,,
localoccupation,fdbf73bd9b8ab177af77fd2c,essential,687671b4ebd2bf665349a772,,
localoccupation,fdbf73bd9b8ab177af77fd2c,essential,687671baebd2bf665349cbf8,,
localoccupation,fdbf73bd9b8ab177af77fd2c,essential,687671baebd2bf665349c608,,
localoccupation,fdbf73bd9b8ab177af77fd2c,essential,687671baebd2bf665349c7eb,,
localoccupation,fdbf73bd9b8ab177af77fd2c,essential,687671b9ebd2bf665349bca4,,
localoccupation,fdbf73bd9b8ab177af77fd2c,essential,687671bdebd2bf665349cd4e,,
localoccupation,fdbf73bd9b8ab177af77fd2c,essential,687671bdebd2bf665349d9be,,
localoccupation,fdbf73bd9b8ab177af77fd2c,essential,687671b9ebd2bf665349bf09,,
localoccupation,fdbf73bd9b8ab177af77fd2c,essential,687671bdebd2bf665349d5cb,,
localoccupation,fdbf73bd9b8ab177af77fd2c,essential,687671b5ebd2bf665349ab31,,
localoccupation,fdbf73bd9b8ab177af77fd2c,essential,687671baebd2bf665349cbeb,,
localoccupation,fdbf73bd9b8ab177af77fd2c,essential,687671baebd2bf665349cb89,,
localoccupation,fdbf73bd9b8ab177af77fd2c,essential,687671b9ebd2bf665349c46f,,
localoccupation,fdbf73bd9b8ab177af77fd2c,essential,687671b4ebd2bf665349a7a1,,
localoccupation,fdbf73bd9b8ab177af77fd2c,essential,687671b5ebd2bf665349af21,,
localoccupation,fdbf73bd9b8ab177af77fd2c,essential,687671b9ebd2bf665349bd5f,,
localoccupation,fdbf73bd9b8ab177af77fd2c,essential,687671bdebd2bf665349cd94,,
localoccupation,fdbf73bd9b8ab177af77fd2c,essential,687671b9ebd2bf665349bcb8,,
localoccupation,fdbf73bd9b8ab177af77fd2c,essential,687671b4ebd2bf665349a79d,,
localoccupation,fdbf73bd9b8ab177af77fd2c,essential,687671b9ebd2bf665349c3cd,,
localoccupation,fdbf73bd9b8ab177af77fd2c,essential,687671baebd2bf665349c5ff,,
localoccupation,fdbf73bd9b8ab177af77fd2c,essential,687671b5ebd2bf665349ae28,,
localoccupation,fdbf73bd9b8ab177af77fd2c,essential,687671b5ebd2bf665349a92c,,
localoccupation,fdbf73bd9b8ab177af77fd2c,essential,687671bdebd2bf665349d4d6,,
localoccupation,c2bfb4f50ebfc1fbe9dd91be,essential,687671b5ebd2bf665349b7a8,,
localoccupation,c2bfb4f50ebfc1fbe9dd91be,essential,687671bdebd2bf665349cfe1,,
localoccupation,c2bfb4f50ebfc1fbe9dd91be,essential,687671b9ebd2bf665349c1ac,,
localoccupation,c2bfb4f50ebfc1fbe9dd91be,essential,687671b9ebd2bf665349ba74,,
localoccupation,c2bfb4f50ebfc1fbe9dd91be,essential,687671baebd2bf665349cb95,,
localoccupation,c2bfb4f50ebfc1fbe9dd91be,essential,687671b5ebd2bf665349a8e5,,
localoccupation,c2bfb4f50ebfc1fbe9dd91be,essential,687671bdebd2bf665349d19d,,
localoccupation,c2bfb4f50ebfc1fbe9dd91be,essential,687671baebd2bf665349c92f,,
localoccupation,c2bfb4f50ebfc1fbe9dd91be,essential,687671b4ebd2bf665349a6e4,,
localoccupation,c2bfb4f50ebfc1fbe9dd91be,essential,687671bdebd2bf665349d50b,,
localoccupation,c2bfb4f50ebfc1fbe9dd91be,essential,687671b5ebd2bf665349b679,,
localoccupation,c2bfb4f50ebfc1fbe9dd91be,essential,687671b5ebd2bf665349a931,,
localoccupation,c2bfb4f50ebfc1fbe9dd91be,essential,687671bdebd2bf665349d6e0,,
localoccupation,c2bfb4f50ebfc1fbe9dd91be,essential,687671b5ebd2bf665349b16d,,
localoccupation,c2bfb4f50ebfc1fbe9dd91be,essential,687671bdebd2bf665349d73f,,
localoccupation,c2bfb4f50ebfc1fbe9dd91be,essential,687671b9ebd2bf665349bebe,,
localoccupation,c2bfb4f50ebfc1fbe9dd91be,essential,687671baebd2bf665349cc9e,,
localoccupation,c2bfb4f50ebfc1fbe9dd91be,essential,687671bdebd2bf665349d02b,,
localoccupation,c2bfb4f50ebfc1fbe9dd91be,essential,687671b5ebd2bf665349b02c,,
localoccupation,c2bfb4f50ebfc1fbe9dd91be,essential,687671bdebd2bf665349d9a5,,
localoccupation,c2bfb4f50ebfc1fbe9dd91be,essential,687671bdebd2bf665349d4c1,,
localoccupation,c2bfb4f50ebfc1fbe9dd91be,essential,687671baebd2bf665349c98b,,
localoccupation,c2bfb4f50ebfc1fbe9dd91be,essential,687671b9ebd2bf665349be3d,,
localoccupation,c2bfb4f50ebfc1fbe9dd91be,essential,687671baebd2bf665349c7de,,
localoccupation,c2bfb4f50ebfc1fbe9dd91be,essential,687671b9ebd2bf665349bdb3,,
localoccupation,c2bfb4f50ebfc1fbe9dd91be,essential,687671b5ebd2bf665349ab52,,
localoccupation,c2bfb4f50ebfc1fbe9dd91be,essential,687671bdebd2bf665349d79b,,
localoccupation,c2bfb4f50ebfc1fbe9dd91be,essential,687671b5ebd2bf665349ae4e,,
localoccupation,c2bfb4f50ebfc1fbe9dd91be,essential,687671baebd2bf665349c591,,
localoccupation,c2bfb4f50ebfc1fbe9dd91be,essential,687671b9ebd2bf665349bf62,,
localoccupation,c2bfb4f50ebfc1fbe9dd91be,essential,687671b5ebd2bf665349b8bb,,
localoccupation,c2bfb4f50ebfc1fbe9dd91be,essential,687671b5ebd2bf665349b492,,
localoccupation,c2bfb4f50ebfc1fbe9dd91be,essential,687671baebd2bf665349c971,,
localoccupation,c2bfb4f50ebfc1fbe9dd91be,essential,687671b4ebd2bf665349a750,,
localoccupation,c2bfb4f50ebfc1fbe9dd91be,essential,687671b9ebd2bf665349be7a,,
localoccupation,c2bfb4f50ebfc1fbe9dd91be,essential,687671b4ebd2bf665349a653,,
localoccupation,c2bfb4f50ebfc1fbe9dd91be,essential,687671bdebd2bf665349d2e3,,
localoccupation,c2bfb4f50ebfc1fbe9dd91be,essential,687671b9ebd2bf665349c045,,
localoccupation,c2bfb4f50ebfc1fbe9dd91be,essential,687671b5ebd2bf665349ab4b,,
localoccupation,c2bfb4f50ebfc1fbe9dd91be,essential,687671b4ebd2bf665349a772,,
localoccupation,c2bfb4f50ebfc1fbe9dd91be,essential,687671baebd2bf665349c7eb,,
localoccupation,c2bfb4f50ebfc1fbe9dd91be,essential,687671b9ebd2bf665349bdf2,,
localoccupation,c2bfb4f50ebfc1fbe9dd91be,essential,687671bdebd2bf665349dacd,,
localoccupation,c2bfb4f50ebfc1fbe9dd91be,essential,687671bdebd2bf665349cd4e,,
localoccupation,c2bfb4f50ebfc1fbe9dd91be,essential,687671bdebd2bf665349d9be,,
localoccupation,c2bfb4f50ebfc1fbe9dd91be,essential,687671b9ebd2bf665349bf09,,
localoccupation,c2bfb4f50ebfc1fbe9dd91be,essential,687671bdebd2bf665349d5cb,,
localoccupation,c2bfb4f50ebfc1fbe9dd91be,essential,687671b5ebd2bf665349adac,,
localoccupation,c2bfb4f50ebfc1fbe9dd91be,essential,687671b5ebd2bf665349ad65,,
localoccupation,c2bfb4f50ebfc1fbe9dd91be,essential,687671baebd2bf665349c56e,,
localoccupation,c2bfb4f50ebfc1fbe9dd91be,essential,687671b9ebd2bf665349bd5f,,
localoccupation,c2bfb4f50ebfc1fbe9dd91be,essential,687671bdebd2bf665349cd94,,
localoccupation,c2bfb4f50ebfc1fbe9dd91be,essential,687671bdebd2bf665349da62,,
localoccupation,c2bfb4f50ebfc1fbe9dd91be,essential,687671b5ebd2bf665349b51d,,
localoccupation,c2bfb4f50ebfc1fbe9dd91be,essential,687671b5ebd2bf665349b986,,
localoccupation,c2bfb4f50ebfc1fbe9dd91be,essential,687671b9ebd2bf665349bcb8,,
localoccupation,c2bfb4f50ebfc1fbe9dd91be,essential,687671b4ebd2bf665349a79d,,
localoccupation,c2bfb4f50ebfc1fbe9dd91be,essential,687671beebd2bf665349dbfc,,
localoccupation,c2bfb4f50ebfc1fbe9dd91be,essential,687671baebd2bf665349c5ff,,
localoccupation,c2bfb4f50ebfc1fbe9dd91be,essential,687671bdebd2bf665349d4d6,,
localoccupation,bf5e0bfbd41c0e2ed7601275,essential,687671bdebd2bf665349dacc,,
localoccupation,bf5e0bfbd41c0e2ed7601275,essential,687671b5ebd2bf665349b7a8,,
localoccupation,bf5e0bfbd41c0e2ed7601275,essential,687671b5ebd2bf665349b238,,
localoccupation,bf5e0bfbd41c0e2ed7601275,essential,687671b5ebd2bf665349b6e6,,
localoccupation,bf5e0bfbd41c0e2ed7601275,essential,687671baebd2bf665349c54a,,
localoccupation,bf5e0bfbd41c0e2ed7601275,essential,687671bdebd2bf665349d2ed,,
localoccupation,bf5e0bfbd41c0e2ed7601275,essential,687671bdebd2bf665349d3ab,,
localoccupation,bf5e0bfbd41c0e2ed7601275,essential,687671bdebd2bf665349d047,,
localoccupation,bf5e0bfbd41c0e2ed7601275,essential,687671b9ebd2bf665349baf5,,
localoccupation,bf5e0bfbd41c0e2ed7601275,essential,687671baebd2bf665349c5a4,,
localoccupation,bf5e0bfbd41c0e2ed7601275,essential,687671bdebd2bf665349d19d,,
localoccupation,bf5e0bfbd41c0e2ed7601275,essential,687671baebd2bf665349c52f,,
localoccupation,bf5e0bfbd41c0e2ed7601275,essential,687671baebd2bf665349c76a,,
localoccupation,bf5e0bfbd41c0e2ed7601275,essential,687671b5ebd2bf665349a98a,,
localoccupation,bf5e0bfbd41c0e2ed7601275,essential,687671b5ebd2bf665349aad5,,
localoccupation,bf5e0bfbd41c0e2ed7601275,essential,687671b9ebd2bf665349c1c3,,
localoccupation,bf5e0bfbd41c0e2ed7601275,essential,687671baebd2bf665349c5f2,,
localoccupation,bf5e0bfbd41c0e2ed7601275,essential,687671bdebd2bf665349cd90,,
localoccupation,bf5e0bfbd41c0e2ed7601275,essential,687671b5ebd2bf665349a8cb,,
localoccupation,bf5e0bfbd41c0e2ed7601275,essential,687671b5ebd2bf665349b3d8,,
localoccupation,bf5e0bfbd41c0e2ed7601275,essential,687671b5ebd2bf665349b9a6,,
localoccupation,bf5e0bfbd41c0e2ed7601275,essential,687671bdebd2bf665349d9a5,,
localoccupation,bf5e0bfbd41c0e2ed7601275,essential,687671b5ebd2bf665349b4a3,,
localoccupation,bf5e0bfbd41c0e2ed7601275,essential,687671baebd2bf665349c9db,,
localoccupation,bf5e0bfbd41c0e2ed7601275,essential,687671b4ebd2bf665349a7f5,,
localoccupation,bf5e0bfbd41c0e2ed7601275,essential,687671bdebd2bf665349d02c,,
localoccupation,bf5e0bfbd41c0e2ed7601275,essential,687671b9ebd2bf665349c3b7,,
localoccupation,bf5e0bfbd41c0e2ed7601275,essential,687671b5ebd2bf665349adca,,
localoccupation,bf5e0bfbd41c0e2ed7601275,essential,687671bdebd2bf665349d356,,
localoccupation,bf5e0bfbd41c0e2ed7601275,essential,687671b5ebd2bf665349af2c,,
localoccupation,bf5e0bfbd41c0e2ed7601275,essential,687671b5ebd2bf665349ae4e,,
localoccupation,bf5e0bfbd41c0e2ed7601275,essential,687671b5ebd2bf665349acd7,,
localoccupation,bf5e0bfbd41c0e2ed7601275,essential,687671b5ebd2bf665349b8bb,,
localoccupation,bf5e0bfbd41c0e2ed7601275,essential,687671bdebd2bf665349d103,,
localoccupation,bf5e0bfbd41c0e2ed7601275,essential,687671bdebd2bf665349d30d,,
localoccupation,bf5e0bfbd41c0e2ed7601275,essential,687671b9ebd2bf665349c0db,,
localoccupation,bf5e0bfbd41c0e2ed7601275,essential,687671baebd2bf665349c971,,
localoccupation,bf5e0bfbd41c0e2ed7601275,essential,687671bdebd2bf665349d12c,,
localoccupation,bf5e0bfbd41c0e2ed7601275,essential,687671b9ebd2bf665349bf6e,,
localoccupation,bf5e0bfbd41c0e2ed7601275,essential,687671bdebd2bf665349d26c,,
localoccupation,bf5e0bfbd41c0e2ed7601275,essential,687671b9ebd2bf665349c441,,
localoccupation,bf5e0bfbd41c0e2ed7601275,essential,687671b4ebd2bf665349a653,,
localoccupation,bf5e0bfbd41c0e2ed7601275,essential,687671bdebd2bf665349cf90,,
localoccupation,bf5e0bfbd41c0e2ed7601275,essential,687671bdebd2bf665349d2e3,,
localoccupation,bf5e0bfbd41c0e2ed7601275,essential,687671baebd2bf665349ca44,,
localoccupation,bf5e0bfbd41c0e2ed7601275,essential,687671b5ebd2bf665349ad26,,
localoccupation,bf5e0bfbd41c0e2ed7601275,essential,687671b9ebd2bf665349be70,,
localoccupation,bf5e0bfbd41c0e2ed7601275,essential,687671baebd2bf665349ccc6,,
localoccupation,bf5e0bfbd41c0e2ed7601275,essential,687671b5ebd2bf665349b848,,
localoccupation,bf5e0bfbd41c0e2ed7601275,essential,687671b5ebd2bf665349b65e,,
localoccupation,bf5e0bfbd41c0e2ed7601275,essential,687671bdebd2bf665349d876,,
localoccupation,bf5e0bfbd41c0e2ed7601275,essential,687671b5ebd2bf665349b12e,,
localoccupation,bf5e0bfbd41c0e2ed7601275,essential,687671bdebd2bf665349d93a,,
localoccupation,bf5e0bfbd41c0e2ed7601275,essential,687671b9ebd2bf665349bcb8,,
localoccupation,bf5e0bfbd41c0e2ed7601275,essential,687671bdebd2bf665349d2ba,,
localoccupation,bf5e0bfbd41c0e2ed7601275,essential,687671b5ebd2bf665349b058,,
localoccupation,bf5e0bfbd41c0e2ed7601275,essential,687671baebd2bf665349cb71,,
localoccupation,c5616596ef8d3a48105f195d,essential,687671bdebd2bf665349dacc,,
localoccupation,c5616596ef8d3a48105f195d,essential,687671b5ebd2bf665349b7a8,,
localoccupation,c5616596ef8d3a48105f195d,essential,687671b5ebd2bf665349b238,,
localoccupation,c5616596ef8d3a48105f195d,essential,687671b5ebd2bf665349b5ba,,
localoccupation,c5616596ef8d3a48105f195d,essential,687671baebd2bf665349c54a,,
localoccupation,c5616596ef8d3a48105f195d,essential,687671bdebd2bf665349d2ed,,
localoccupation,c5616596ef8d3a48105f195d,essential,687671b5ebd2bf665349ab57,,
localoccupation,c5616596ef8d3a48105f195d,essential,687671bdebd2bf665349d3ab,,
localoccupation,c5616596ef8d3a48105f195d,essential,687671b5ebd2bf665349b7bf,,
localoccupation,c5616596ef8d3a48105f195d,essential,687671bdebd2bf665349d047,,
localoccupation,c5616596ef8d3a48105f195d,essential,687671baebd2bf665349c4af,,
localoccupation,c5616596ef8d3a48105f195d,essential,687671bdebd2bf665349d5a0,,
localoccupation,c5616596ef8d3a48105f195d,essential,687671bdebd2bf665349d599,,
localoccupation,c5616596ef8d3a48105f195d,essential,687671b9ebd2bf665349baf5,,
localoccupation,c5616596ef8d3a48105f195d,essential,687671b9ebd2bf665349bf2c,,
localoccupation,c5616596ef8d3a48105f195d,essential,687671baebd2bf665349c5a4,,
localoccupation,c5616596ef8d3a48105f195d,essential,687671baebd2bf665349c76a,,
localoccupation,c5616596ef8d3a48105f195d,essential,687671b4ebd2bf665349a6e4,,
localoccupation,c5616596ef8d3a48105f195d,essential,687671b5ebd2bf665349a93f,,
localoccupation,c5616596ef8d3a48105f195d,essential,687671b5ebd2bf665349aad5,,
localoccupation,c5616596ef8d3a48105f195d,essential,687671b9ebd2bf665349c1c3,,
localoccupation,c5616596ef8d3a48105f195d,essential,687671b4ebd2bf665349a6d9,,
localoccupation,c5616596ef8d3a48105f195d,essential,687671baebd2bf665349c5f2,,
localoccupation,c5616596ef8d3a48105f195d,essential,687671b5ebd2bf665349b3d8,,
localoccupation,c5616596ef8d3a48105f195d,essential,687671b5ebd2bf665349aeda,,
localoccupation,c5616596ef8d3a48105f195d,essential,687671bdebd2bf665349d9a5,,
localoccupation,c5616596ef8d3a48105f195d,essential,687671b5ebd2bf665349b4a3,,
localoccupation,c5616596ef8d3a48105f195d,essential,687671b9ebd2bf665349ba59,,
localoccupation,c5616596ef8d3a48105f195d,essential,687671baebd2bf665349c9db,,
localoccupation,c5616596ef8d3a48105f195d,essential,687671b4ebd2bf665349a7f5,,
localoccupation,c5616596ef8d3a48105f195d,essential,687671bdebd2bf665349d02c,,
localoccupation,c5616596ef8d3a48105f195d,essential,687671b9ebd2bf665349c3b7,,
localoccupation,c5616596ef8d3a48105f195d,essential,687671b5ebd2bf665349adca,,
localoccupation,c5616596ef8d3a48105f195d,essential,687671bdebd2bf665349d356,,
localoccupation,c5616596ef8d3a48105f195d,essential,687671b5ebd2bf665349af2c,,
localoccupation,c5616596ef8d3a48105f195d,essential,687671b9ebd2bf665349bdd0,,
localoccupation,c5616596ef8d3a48105f195d,essential,687671b5ebd2bf665349ae4e,,
localoccupation,c5616596ef8d3a48105f195d,essential,687671b5ebd2bf665349acd7,,
localoccupation,c5616596ef8d3a48105f195d,essential,687671b5ebd2bf665349b8bb,,
localoccupation,c5616596ef8d3a48105f195d,essential,687671bdebd2bf665349d30d,,
localoccupation,c5616596ef8d3a48105f195d,essential,687671b5ebd2bf665349b492,,
localoccupation,c5616596ef8d3a48105f195d,essential,687671b9ebd2bf665349c0db,,
localoccupation,c5616596ef8d3a48105f195d,essential,687671baebd2bf665349c971,,
localoccupation,c5616596ef8d3a48105f195d,essential,687671bdebd2bf665349d12c,,
localoccupation,c5616596ef8d3a48105f195d,essential,687671b9ebd2bf665349c168,,
localoccupation,c5616596ef8d3a48105f195d,essential,687671b4ebd2bf665349a653,,
localoccupation,c5616596ef8d3a48105f195d,essential,687671b5ebd2bf665349ad26,,
localoccupation,c5616596ef8d3a48105f195d,essential,687671b5ebd2bf665349b848,,
localoccupation,c5616596ef8d3a48105f195d,essential,687671b5ebd2bf665349b65e,,
localoccupation,c5616596ef8d3a48105f195d,essential,687671b5ebd2bf665349b31e,,
localoccupation,c5616596ef8d3a48105f195d,essential,687671bdebd2bf665349d876,,
localoccupation,c5616596ef8d3a48105f195d,essential,687671b5ebd2bf665349b12e,,
localoccupation,c5616596ef8d3a48105f195d,essential,687671bdebd2bf665349d69e,,
localoccupation,c5616596ef8d3a48105f195d,essential,687671b4ebd2bf665349a724,,
localoccupation,c5616596ef8d3a48105f195d,essential,687671bdebd2bf665349d4d6,,
localoccupation,c5616596ef8d3a48105f195d,essential,687671baebd2bf665349c568,,
localoccupation,c5616596ef8d3a48105f195d,essential,687671bdebd2bf665349d9e7,,
localoccupation,1375958585c9bf52d4a2edf1,essential,687671bdebd2bf665349d81f,,
localoccupation,1375958585c9bf52d4a2edf1,essential,687671baebd2bf665349c54a,,
localoccupation,1375958585c9bf52d4a2edf1,essential,687671bdebd2bf665349cfee,,
localoccupation,1375958585c9bf52d4a2edf1,essential,687671bdebd2bf665349d2ed,,
localoccupation,1375958585c9bf52d4a2edf1,essential,687671baebd2bf665349c5eb,,
localoccupation,1375958585c9bf52d4a2edf1,essential,687671bdebd2bf665349da01,,
localoccupation,1375958585c9bf52d4a2edf1,essential,687671bdebd2bf665349d5a0,,
localoccupation,1375958585c9bf52d4a2edf1,essential,687671baebd2bf665349c5a4,,
localoccupation,1375958585c9bf52d4a2edf1,essential,687671b9ebd2bf665349bf4f,,
localoccupation,1375958585c9bf52d4a2edf1,essential,687671bdebd2bf665349cf1c,,
localoccupation,1375958585c9bf52d4a2edf1,essential,687671baebd2bf665349c52f,,
localoccupation,1375958585c9bf52d4a2edf1,essential,687671b9ebd2bf665349c1c3,,
localoccupation,1375958585c9bf52d4a2edf1,essential,687671b5ebd2bf665349aff9,,
localoccupation,1375958585c9bf52d4a2edf1,essential,687671bdebd2bf665349cd90,,
localoccupation,1375958585c9bf52d4a2edf1,essential,687671beebd2bf665349db7d,,
localoccupation,1375958585c9bf52d4a2edf1,essential,687671bdebd2bf665349d9a5,,
localoccupation,1375958585c9bf52d4a2edf1,essential,687671b9ebd2bf665349baad,,
localoccupation,1375958585c9bf52d4a2edf1,essential,687671baebd2bf665349c86b,,
localoccupation,1375958585c9bf52d4a2edf1,essential,687671b5ebd2bf665349abb0,,
localoccupation,1375958585c9bf52d4a2edf1,essential,687671b5ebd2bf665349b4a3,,
localoccupation,1375958585c9bf52d4a2edf1,essential,687671baebd2bf665349c742,,
localoccupation,1375958585c9bf52d4a2edf1,essential,687671b9ebd2bf665349bd9c,,
localoccupation,1375958585c9bf52d4a2edf1,essential,687671bdebd2bf665349d563,,
localoccupation,1375958585c9bf52d4a2edf1,essential,687671b5ebd2bf665349b751,,
localoccupation,1375958585c9bf52d4a2edf1,essential,687671bdebd2bf665349d50d,,
localoccupation,1375958585c9bf52d4a2edf1,essential,687671b5ebd2bf665349b76c,,
localoccupation,1375958585c9bf52d4a2edf1,essential,687671b5ebd2bf665349acd7,,
localoccupation,1375958585c9bf52d4a2edf1,essential,687671b9ebd2bf665349bc41,,
localoccupation,1375958585c9bf52d4a2edf1,essential,687671b5ebd2bf665349b4c0,,
localoccupation,1375958585c9bf52d4a2edf1,essential,687671b9ebd2bf665349c078,,
localoccupation,1375958585c9bf52d4a2edf1,essential,687671baebd2bf665349c57c,,
localoccupation,1375958585c9bf52d4a2edf1,essential,687671bdebd2bf665349d790,,
localoccupation,1375958585c9bf52d4a2edf1,essential,687671b9ebd2bf665349bf6e,,
localoccupation,1375958585c9bf52d4a2edf1,essential,687671b5ebd2bf665349ab4e,,
localoccupation,1375958585c9bf52d4a2edf1,essential,687671bdebd2bf665349cf2b,,
localoccupation,1375958585c9bf52d4a2edf1,essential,687671bdebd2bf665349d26c,,
localoccupation,1375958585c9bf52d4a2edf1,essential,687671bdebd2bf665349cd6e,,
localoccupation,1375958585c9bf52d4a2edf1,essential,687671b9ebd2bf665349bf7e,,
localoccupation,1375958585c9bf52d4a2edf1,essential,687671bdebd2bf665349d735,,
localoccupation,1375958585c9bf52d4a2edf1,essential,687671b5ebd2bf665349b2bb,,
localoccupation,1375958585c9bf52d4a2edf1,essential,687671b5ebd2bf665349a9da,,
localoccupation,1375958585c9bf52d4a2edf1,essential,687671bdebd2bf665349d362,,
localoccupation,1375958585c9bf52d4a2edf1,essential,687671b9ebd2bf665349c46f,,
localoccupation,1375958585c9bf52d4a2edf1,essential,687671b5ebd2bf665349aedb,,
localoccupation,1375958585c9bf52d4a2edf1,essential,687671b5ebd2bf665349ac7b,,
localoccupation,1375958585c9bf52d4a2edf1,essential,687671b5ebd2bf665349b31e,,
localoccupation,1375958585c9bf52d4a2edf1,essential,687671baebd2bf665349c8af,,
localoccupation,1375958585c9bf52d4a2edf1,essential,687671b5ebd2bf665349b12e,,
localoccupation,1375958585c9bf52d4a2edf1,essential,687671b5ebd2bf665349aa77,,
localoccupation,1375958585c9bf52d4a2edf1,essential,687671b9ebd2bf665349bf3e,,
localoccupation,1375958585c9bf52d4a2edf1,essential,687671b5ebd2bf665349b986,,
localoccupation,1375958585c9bf52d4a2edf1,essential,687671baebd2bf665349c72c,,
localoccupation,1375958585c9bf52d4a2edf1,essential,687671bdebd2bf665349cd70,,
localoccupation,1375958585c9bf52d4a2edf1,essential,687671bdebd2bf665349d23f,,
localoccupation,1375958585c9bf52d4a2edf1,essential,687671b9ebd2bf665349bf25,,
localoccupation,1375958585c9bf52d4a2edf1,essential,687671b9ebd2bf665349bb11,,
localoccupation,1375958585c9bf52d4a2edf1,essential,687671b9ebd2bf665349be0d,,
localoccupation,1375958585c9bf52d4a2edf1,essential,687671b5ebd2bf665349b66f,,
localoccupation,1375958585c9bf52d4a2edf1,essential,687671baebd2bf665349cb71,,
localoccupation,1375958585c9bf52d4a2edf1,essential,687671baebd2bf665349c568,,
localoccupation,af25c0998156b50c4bba91dd,essential,687671b5ebd2bf665349b7a8,,
localoccupation,af25c0998156b50c4bba91dd,essential,687671b9ebd2bf665349ba74,,
localoccupation,af25c0998156b50c4bba91dd,essential,687671b5ebd2bf665349b238,,
localoccupation,af25c0998156b50c4bba91dd,essential,687671b5ebd2bf665349b6e6,,
localoccupation,af25c0998156b50c4bba91dd,essential,687671baebd2bf665349c54a,,
localoccupation,af25c0998156b50c4bba91dd,essential,687671bdebd2bf665349cfee,,
localoccupation,af25c0998156b50c4bba91dd,essential,687671b9ebd2bf665349be0c,,
localoccupation,af25c0998156b50c4bba91dd,essential,687671b5ebd2bf665349ab24,,
localoccupation,af25c0998156b50c4bba91dd,essential,687671b5ebd2bf665349a84b,,
localoccupation,af25c0998156b50c4bba91dd,essential,687671bdebd2bf665349d19d,,
localoccupation,af25c0998156b50c4bba91dd,essential,687671b9ebd2bf665349c1c3,,
localoccupation,af25c0998156b50c4bba91dd,essential,687671b5ebd2bf665349b679,,
localoccupation,af25c0998156b50c4bba91dd,essential,687671b5ebd2bf665349aff9,,
localoccupation,af25c0998156b50c4bba91dd,essential,687671bdebd2bf665349d6e0,,
localoccupation,af25c0998156b50c4bba91dd,essential,687671baebd2bf665349c91e,,
localoccupation,af25c0998156b50c4bba91dd,essential,687671bdebd2bf665349d73f,,
localoccupation,af25c0998156b50c4bba91dd,essential,687671bdebd2bf665349d02b,,
localoccupation,af25c0998156b50c4bba91dd,essential,687671bdebd2bf665349d9a5,,
localoccupation,af25c0998156b50c4bba91dd,essential,687671b5ebd2bf665349b4a3,,
localoccupation,af25c0998156b50c4bba91dd,essential,687671bdebd2bf665349d02c,,
localoccupation,af25c0998156b50c4bba91dd,essential,687671b9ebd2bf665349c3b7,,
localoccupation,af25c0998156b50c4bba91dd,essential,687671b5ebd2bf665349b751,,
localoccupation,af25c0998156b50c4bba91dd,essential,687671b5ebd2bf665349ae83,,
localoccupation,af25c0998156b50c4bba91dd,essential,687671baebd2bf665349c7de,,
localoccupation,af25c0998156b50c4bba91dd,essential,687671b9ebd2bf665349bdb3,,
localoccupation,af25c0998156b50c4bba91dd,essential,687671b5ebd2bf665349a866,,
localoccupation,af25c0998156b50c4bba91dd,essential,687671b9ebd2bf665349c003,,
localoccupation,af25c0998156b50c4bba91dd,essential,687671bdebd2bf665349cf5c,,
localoccupation,af25c0998156b50c4bba91dd,essential,687671b5ebd2bf665349af2c,,
localoccupation,af25c0998156b50c4bba91dd,essential,687671b9ebd2bf665349c31e,,
localoccupation,af25c0998156b50c4bba91dd,essential,687671b5ebd2bf665349ae4e,,
localoccupation,af25c0998156b50c4bba91dd,essential,687671b5ebd2bf665349acd7,,
localoccupation,af25c0998156b50c4bba91dd,essential,687671bdebd2bf665349d30d,,
localoccupation,af25c0998156b50c4bba91dd,essential,687671b5ebd2bf665349b492,,
localoccupation,af25c0998156b50c4bba91dd,essential,687671b9ebd2bf665349c0db,,
localoccupation,af25c0998156b50c4bba91dd,essential,687671b5ebd2bf665349b20a,,
localoccupation,af25c0998156b50c4bba91dd,essential,687671baebd2bf665349c971,,
localoccupation,af25c0998156b50c4bba91dd,essential,687671b5ebd2bf665349b49f,,
localoccupation,af25c0998156b50c4bba91dd,essential,687671b5ebd2bf665349aa81,,
localoccupation,af25c0998156b50c4bba91dd,essential,687671b9ebd2bf665349bf6e,,
localoccupation,af25c0998156b50c4bba91dd,essential,687671bdebd2bf665349d2e3,,
localoccupation,af25c0998156b50c4bba91dd,essential,687671baebd2bf665349c7eb,,
localoccupation,af25c0998156b50c4bba91dd,essential,687671b9ebd2bf665349bdf2,,
localoccupation,af25c0998156b50c4bba91dd,essential,687671b9ebd2bf665349b9e9,,
localoccupation,af25c0998156b50c4bba91dd,essential,687671bdebd2bf665349dacd,,
localoccupation,af25c0998156b50c4bba91dd,essential,687671bdebd2bf665349d9be,,
localoccupation,af25c0998156b50c4bba91dd,essential,687671b9ebd2bf665349bf09,,
localoccupation,af25c0998156b50c4bba91dd,essential,687671bdebd2bf665349d5cb,,
localoccupation,af25c0998156b50c4bba91dd,essential,687671b5ebd2bf665349b2bb,,
localoccupation,af25c0998156b50c4bba91dd,essential,687671b5ebd2bf665349b12e,,
localoccupation,af25c0998156b50c4bba91dd,essential,687671b9ebd2bf665349bd5f,,
localoccupation,af25c0998156b50c4bba91dd,essential,687671b5ebd2bf665349b986,,
localoccupation,af25c0998156b50c4bba91dd,essential,687671b9ebd2bf665349bcb8,,
localoccupation,af25c0998156b50c4bba91dd,essential,687671b4ebd2bf665349a79d,,
localoccupation,af25c0998156b50c4bba91dd,essential,687671baebd2bf665349c72c,,
localoccupation,af25c0998156b50c4bba91dd,essential,687671beebd2bf665349dbfc,,
localoccupation,af25c0998156b50c4bba91dd,essential,687671baebd2bf665349c5ff,,
localoccupation,af25c0998156b50c4bba91dd,essential,687671bdebd2bf665349d4d6,,
localoccupation,af25c0998156b50c4bba91dd,essential,687671baebd2bf665349c568,,
localoccupation,45c0fea0afc01625174962d2,essential,687671bdebd2bf665349d791,,
localoccupation,45c0fea0afc01625174962d2,essential,687671b5ebd2bf665349a82c,,
localoccupation,45c0fea0afc01625174962d2,essential,687671b5ebd2bf665349b325,,
localoccupation,45c0fea0afc01625174962d2,essential,687671b5ebd2bf665349b238,,
localoccupation,45c0fea0afc01625174962d2,essential,687671baebd2bf665349c817,,
localoccupation,45c0fea0afc01625174962d2,essential,687671bdebd2bf665349d81f,,
localoccupation,45c0fea0afc01625174962d2,essential,687671baebd2bf665349c87d,,
localoccupation,45c0fea0afc01625174962d2,essential,687671baebd2bf665349c54a,,
localoccupation,45c0fea0afc01625174962d2,essential,687671bdebd2bf665349d2ed,,
localoccupation,45c0fea0afc01625174962d2,essential,687671bdebd2bf665349d3ab,,
localoccupation,45c0fea0afc01625174962d2,essential,687671b5ebd2bf665349b7bf,,
localoccupation,45c0fea0afc01625174962d2,essential,687671b5ebd2bf665349ab24,,
localoccupation,45c0fea0afc01625174962d2,essential,687671b9ebd2bf665349c401,,
localoccupation,45c0fea0afc01625174962d2,essential,687671bdebd2bf665349d5ba,,
localoccupation,45c0fea0afc01625174962d2,essential,687671b9ebd2bf665349b9ef,,
localoccupation,45c0fea0afc01625174962d2,essential,687671baebd2bf665349c5a4,,
localoccupation,45c0fea0afc01625174962d2,essential,687671b5ebd2bf665349b772,,
localoccupation,45c0fea0afc01625174962d2,essential,687671b9ebd2bf665349bd3e,,
localoccupation,45c0fea0afc01625174962d2,essential,687671bdebd2bf665349d19d,,
localoccupation,45c0fea0afc01625174962d2,essential,687671baebd2bf665349c52f,,
localoccupation,45c0fea0afc01625174962d2,essential,687671b5ebd2bf665349a93f,,
localoccupation,45c0fea0afc01625174962d2,essential,687671b5ebd2bf665349aad5,,
localoccupation,45c0fea0afc01625174962d2,essential,687671bdebd2bf665349d09c,,
localoccupation,45c0fea0afc01625174962d2,essential,687671b9ebd2bf665349c1c3,,
localoccupation,45c0fea0afc01625174962d2,essential,687671b5ebd2bf665349aff9,,
localoccupation,45c0fea0afc01625174962d2,essential,687671baebd2bf665349c88c,,
localoccupation,45c0fea0afc01625174962d2,essential,687671bdebd2bf665349cd90,,
localoccupation,45c0fea0afc01625174962d2,essential,687671b9ebd2bf665349bc21,,
localoccupation,45c0fea0afc01625174962d2,essential,687671b5ebd2bf665349b92a,,
localoccupation,45c0fea0afc01625174962d2,essential,687671b4ebd2bf665349a6a9,,
localoccupation,45c0fea0afc01625174962d2,essential,687671b5ebd2bf665349ac21,,
localoccupation,45c0fea0afc01625174962d2,essential,687671bdebd2bf665349d9a5,,
localoccupation,45c0fea0afc01625174962d2,essential,687671b4ebd2bf665349a79c,,
localoccupation,45c0fea0afc01625174962d2,essential,687671b4ebd2bf665349a75c,,
localoccupation,45c0fea0afc01625174962d2,essential,687671b9ebd2bf665349c3b7,,
localoccupation,45c0fea0afc01625174962d2,essential,687671b5ebd2bf665349af2c,,
localoccupation,45c0fea0afc01625174962d2,essential,687671b5ebd2bf665349b0cc,,
localoccupation,45c0fea0afc01625174962d2,essential,687671b5ebd2bf665349acd7,,
localoccupation,45c0fea0afc01625174962d2,essential,687671bdebd2bf665349d30d,,
localoccupation,45c0fea0afc01625174962d2,essential,687671b5ebd2bf665349b49f,,
localoccupation,45c0fea0afc01625174962d2,essential,687671bdebd2bf665349d26c,,
localoccupation,45c0fea0afc01625174962d2,essential,687671bdebd2bf665349d2e3,,
localoccupation,45c0fea0afc01625174962d2,essential,687671b5ebd2bf665349ad26,,
localoccupation,45c0fea0afc01625174962d2,essential,687671bdebd2bf665349d301,,
localoccupation,45c0fea0afc01625174962d2,essential,687671bdebd2bf665349d050,,
localoccupation,45c0fea0afc01625174962d2,essential,687671b5ebd2bf665349b89d,,
localoccupation,45c0fea0afc01625174962d2,essential,687671b9ebd2bf665349bc6d,,
localoccupation,45c0fea0afc01625174962d2,essential,687671b9ebd2bf665349bb38,,
localoccupation,45c0fea0afc01625174962d2,essential,687671b5ebd2bf665349b31e,,
localoccupation,45c0fea0afc01625174962d2,essential,687671b9ebd2bf665349beab,,
localoccupation,45c0fea0afc01625174962d2,essential,687671bdebd2bf665349d876,,
localoccupation,45c0fea0afc01625174962d2,essential,687671b5ebd2bf665349b12e,,
localoccupation,45c0fea0afc01625174962d2,essential,687671b9ebd2bf665349c43c,,
localoccupation,45c0fea0afc01625174962d2,essential,687671b5ebd2bf665349aa26,,
localoccupation,45c0fea0afc01625174962d2,essential,687671b4ebd2bf665349a724,,
localoccupation,45c0fea0afc01625174962d2,essential,687671b5ebd2bf665349b3ed,,
localoccupation,45c0fea0afc01625174962d2,essential,687671b9ebd2bf665349bb11,,
localoccupation,45c0fea0afc01625174962d2,essential,687671bdebd2bf665349d9e7,,
localoccupation,c3ca118879c6ce50e6295490,essential,687671b5ebd2bf665349ad2a,,
localoccupation,c3ca118879c6ce50e6295490,essential,687671bdebd2bf665349d17d,,
localoccupation,c3ca118879c6ce50e6295490,essential,687671beebd2bf665349db43,,
localoccupation,c3ca118879c6ce50e6295490,essential,687671b9ebd2bf665349ba18,,
localoccupation,c3ca118879c6ce50e6295490,essential,687671bdebd2bf665349d890,,
localoccupation,c3ca118879c6ce50e6295490,essential,687671b5ebd2bf665349b57c,,
localoccupation,c3ca118879c6ce50e6295490,essential,687671baebd2bf665349ca3b,,
localoccupation,c3ca118879c6ce50e6295490,essential,687671b5ebd2bf665349ab02,,
localoccupation,c3ca118879c6ce50e6295490,essential,687671baebd2bf665349cb39,,
localoccupation,c3ca118879c6ce50e6295490,essential,687671b9ebd2bf665349c48f,,
localoccupation,c3ca118879c6ce50e6295490,essential,687671baebd2bf665349c8a8,,
localoccupation,c3ca118879c6ce50e6295490,essential,687671b5ebd2bf665349b397,,
localoccupation,c3ca118879c6ce50e6295490,essential,687671bdebd2bf665349d8cd,,
localoccupation,c3ca118879c6ce50e6295490,essential,687671baebd2bf665349c90e,,
localoccupation,c3ca118879c6ce50e6295490,essential,687671baebd2bf665349c7ba,,
localoccupation,c3ca118879c6ce50e6295490,essential,687671b9ebd2bf665349be1f,,
localoccupation,c3ca118879c6ce50e6295490,essential,687671b9ebd2bf665349ba00,,
localoccupation,c3ca118879c6ce50e6295490,essential,687671b5ebd2bf665349ab1f,,
localoccupation,c3ca118879c6ce50e6295490,essential,687671baebd2bf665349cc5f,,
localoccupation,c3ca118879c6ce50e6295490,essential,687671bdebd2bf665349d09e,,
localoccupation,c3ca118879c6ce50e6295490,essential,687671baebd2bf665349c67b,,
localoccupation,c3ca118879c6ce50e6295490,essential,687671bdebd2bf665349d155,,
localoccupation,c3ca118879c6ce50e6295490,essential,687671b5ebd2bf665349b016,,
localoccupation,c3ca118879c6ce50e6295490,essential,687671b9ebd2bf665349baad,,
localoccupation,c3ca118879c6ce50e6295490,essential,687671b9ebd2bf665349ba9a,,
localoccupation,c3ca118879c6ce50e6295490,essential,687671b5ebd2bf665349ac9c,,
localoccupation,c3ca118879c6ce50e6295490,essential,687671bdebd2bf665349d2c6,,
localoccupation,c3ca118879c6ce50e6295490,essential,687671bdebd2bf665349d05d,,
localoccupation,c3ca118879c6ce50e6295490,essential,687671b5ebd2bf665349b4db,,
localoccupation,c3ca118879c6ce50e6295490,essential,687671b5ebd2bf665349aba6,,
localoccupation,c3ca118879c6ce50e6295490,essential,687671b4ebd2bf665349a6bc,,
localoccupation,c3ca118879c6ce50e6295490,essential,687671baebd2bf665349ccba,,
localoccupation,c3ca118879c6ce50e6295490,essential,687671b5ebd2bf665349aed2,,
localoccupation,c3ca118879c6ce50e6295490,essential,687671beebd2bf665349dc72,,
localoccupation,c3ca118879c6ce50e6295490,essential,687671b5ebd2bf665349b453,,
localoccupation,c3ca118879c6ce50e6295490,essential,687671bdebd2bf665349d854,,
localoccupation,c3ca118879c6ce50e6295490,essential,687671b5ebd2bf665349b581,,
localoccupation,c3ca118879c6ce50e6295490,essential,687671b9ebd2bf665349bf86,,
localoccupation,c3ca118879c6ce50e6295490,essential,687671b5ebd2bf665349abbf,,
localoccupation,c3ca118879c6ce50e6295490,essential,687671b9ebd2bf665349c114,,
localoccupation,c3ca118879c6ce50e6295490,essential,687671b9ebd2bf665349c0c3,,
localoccupation,c3ca118879c6ce50e6295490,essential,687671bdebd2bf665349d5fd,,
localoccupation,c3ca118879c6ce50e6295490,essential,687671b5ebd2bf665349aedb,,
localoccupation,c3ca118879c6ce50e6295490,essential,687671bdebd2bf665349d530,,
localoccupation,c3ca118879c6ce50e6295490,essential,687671b4ebd2bf665349a789,,
localoccupation,c3ca118879c6ce50e6295490,essential,687671beebd2bf665349dc29,,
localoccupation,c3ca118879c6ce50e6295490,essential,687671b9ebd2bf665349bf3e,,
localoccupation,c3ca118879c6ce50e6295490,essential,687671b5ebd2bf665349ad98,,
localoccupation,c3ca118879c6ce50e6295490,essential,687671bdebd2bf665349d214,,
localoccupation,c3ca118879c6ce50e6295490,essential,687671b9ebd2bf665349c148,,
localoccupation,c3ca118879c6ce50e6295490,essential,687671b9ebd2bf665349bb11,,
localoccupation,c3ca118879c6ce50e6295490,essential,687671bdebd2bf665349cddb,,
localoccupation,c3ca118879c6ce50e6295490,essential,687671b5ebd2bf665349aaa4,,
localoccupation,c3ca118879c6ce50e6295490,essential,687671bdebd2bf665349d0d2,,
localoccupation,c3ca118879c6ce50e6295490,essential,687671b5ebd2bf665349b64f,,
localoccupation,c3ca118879c6ce50e6295490,essential,687671b5ebd2bf665349b7a6,,
localoccupation,c3ca118879c6ce50e6295490,essential,687671b5ebd2bf665349b40f,,
localoccupation,c3ca118879c6ce50e6295490,essential,687671b5ebd2bf665349b66f,,
localoccupation,c3ca118879c6ce50e6295490,essential,687671baebd2bf665349c568,,
localoccupation,56b9f4675c7c163c41c2b8da,essential,687671b9ebd2bf665349bdbc,,
localoccupation,56b9f4675c7c163c41c2b8da,essential,687671beebd2bf665349db43,,
localoccupation,56b9f4675c7c163c41c2b8da,essential,687671b9ebd2bf665349ba18,,
localoccupation,56b9f4675c7c163c41c2b8da,essential,687671b5ebd2bf665349b6ef,,
localoccupation,56b9f4675c7c163c41c2b8da,essential,687671bdebd2bf665349d890,,
localoccupation,56b9f4675c7c163c41c2b8da,essential,687671b5ebd2bf665349a89f,,
localoccupation,56b9f4675c7c163c41c2b8da,essential,687671b5ebd2bf665349b999,,
localoccupation,56b9f4675c7c163c41c2b8da,essential,687671b5ebd2bf665349b57c,,
localoccupation,56b9f4675c7c163c41c2b8da,essential,687671baebd2bf665349c92f,,
localoccupation,56b9f4675c7c163c41c2b8da,essential,687671b9ebd2bf665349c48f,,
localoccupation,56b9f4675c7c163c41c2b8da,essential,687671bdebd2bf665349d9c6,,
localoccupation,56b9f4675c7c163c41c2b8da,essential,687671b9ebd2bf665349c06c,,
localoccupation,56b9f4675c7c163c41c2b8da,essential,687671b5ebd2bf665349b7b6,,
localoccupation,56b9f4675c7c163c41c2b8da,essential,687671b9ebd2bf665349c291,,
localoccupation,56b9f4675c7c163c41c2b8da,essential,687671baebd2bf665349c90e,,
localoccupation,56b9f4675c7c163c41c2b8da,essential,687671bdebd2bf665349d5b3,,
localoccupation,56b9f4675c7c163c41c2b8da,essential,687671bdebd2bf665349cd61,,
localoccupation,56b9f4675c7c163c41c2b8da,essential,687671b9ebd2bf665349be55,,
localoccupation,56b9f4675c7c163c41c2b8da,essential,687671b5ebd2bf665349af7f,,
localoccupation,56b9f4675c7c163c41c2b8da,essential,687671b5ebd2bf665349b592,,
localoccupation,56b9f4675c7c163c41c2b8da,essential,687671baebd2bf665349cc5f,,
localoccupation,56b9f4675c7c163c41c2b8da,essential,687671bdebd2bf665349d92f,,
localoccupation,56b9f4675c7c163c41c2b8da,essential,687671bdebd2bf665349d155,,
localoccupation,56b9f4675c7c163c41c2b8da,essential,687671b5ebd2bf665349ab85,,
localoccupation,56b9f4675c7c163c41c2b8da,essential,687671b5ebd2bf665349b747,,
localoccupation,56b9f4675c7c163c41c2b8da,essential,687671b5ebd2bf665349b179,,
localoccupation,56b9f4675c7c163c41c2b8da,essential,687671b5ebd2bf665349b587,,
localoccupation,56b9f4675c7c163c41c2b8da,essential,687671b9ebd2bf665349c257,,
localoccupation,56b9f4675c7c163c41c2b8da,essential,687671bdebd2bf665349d1b1,,
localoccupation,56b9f4675c7c163c41c2b8da,essential,687671bdebd2bf665349d4df,,
localoccupation,56b9f4675c7c163c41c2b8da,essential,687671bdebd2bf665349d73d,,
localoccupation,56b9f4675c7c163c41c2b8da,essential,687671b5ebd2bf665349aec1,,
localoccupation,56b9f4675c7c163c41c2b8da,essential,687671b5ebd2bf665349ad8e,,
localoccupation,56b9f4675c7c163c41c2b8da,essential,687671baebd2bf665349c4e8,,
localoccupation,56b9f4675c7c163c41c2b8da,essential,687671b5ebd2bf665349b092,,
localoccupation,56b9f4675c7c163c41c2b8da,essential,687671b9ebd2bf665349bbe3,,
localoccupation,56b9f4675c7c163c41c2b8da,essential,687671bdebd2bf665349d044,,
localoccupation,56b9f4675c7c163c41c2b8da,essential,687671b5ebd2bf665349ab86,,
localoccupation,56b9f4675c7c163c41c2b8da,essential,687671b4ebd2bf665349a6bc,,
localoccupation,56b9f4675c7c163c41c2b8da,essential,687671b5ebd2bf665349b4bc,,
localoccupation,56b9f4675c7c163c41c2b8da,essential,687671b5ebd2bf665349b86e,,
localoccupation,56b9f4675c7c163c41c2b8da,essential,687671b5ebd2bf665349ab2f,,
localoccupation,56b9f4675c7c163c41c2b8da,essential,687671baebd2bf665349cc25,,
localoccupation,56b9f4675c7c163c41c2b8da,essential,687671beebd2bf665349dc72,,
localoccupation,56b9f4675c7c163c41c2b8da,essential,687671bdebd2bf665349d241,,
localoccupation,56b9f4675c7c163c41c2b8da,essential,687671baebd2bf665349cc2b,,
localoccupation,56b9f4675c7c163c41c2b8da,essential,687671bdebd2bf665349d854,,
localoccupation,56b9f4675c7c163c41c2b8da,essential,687671b5ebd2bf665349b895,,
localoccupation,56b9f4675c7c163c41c2b8da,essential,687671b9ebd2bf665349bbb0,,
localoccupation,56b9f4675c7c163c41c2b8da,essential,687671b9ebd2bf665349bca9,,
localoccupation,56b9f4675c7c163c41c2b8da,essential,687671b5ebd2bf665349af85,,
localoccupation,56b9f4675c7c163c41c2b8da,essential,687671b5ebd2bf665349ac51,,
localoccupation,56b9f4675c7c163c41c2b8da,essential,687671baebd2bf665349ca2a,,
localoccupation,56b9f4675c7c163c41c2b8da,essential,687671bdebd2bf665349d20a,,
localoccupation,56b9f4675c7c163c41c2b8da,essential,687671b5ebd2bf665349b443,,
localoccupation,56b9f4675c7c163c41c2b8da,essential,687671b5ebd2bf665349ad98,,
localoccupation,56b9f4675c7c163c41c2b8da,essential,687671b5ebd2bf665349afb2,,
localoccupation,56b9f4675c7c163c41c2b8da,essential,687671b9ebd2bf665349c148,,
localoccupation,56b9f4675c7c163c41c2b8da,essential,687671b5ebd2bf665349b40f,,
localoccupation,56b9f4675c7c163c41c2b8da,essential,687671b5ebd2bf665349ab17,,
localoccupation,bc1bc8fed6b98515cbc353c9,essential,687671bdebd2bf665349d890,,
localoccupation,bc1bc8fed6b98515cbc353c9,essential,687671b9ebd2bf665349c49a,,
localoccupation,bc1bc8fed6b98515cbc353c9,essential,687671b5ebd2bf665349b57c,,
localoccupation,bc1bc8fed6b98515cbc353c9,essential,687671b4ebd2bf665349a68c,,
localoccupation,bc1bc8fed6b98515cbc353c9,essential,687671b9ebd2bf665349c06c,,
localoccupation,bc1bc8fed6b98515cbc353c9,essential,687671b5ebd2bf665349b7b6,,
localoccupation,bc1bc8fed6b98515cbc353c9,essential,687671baebd2bf665349c90e,,
localoccupation,bc1bc8fed6b98515cbc353c9,essential,687671bdebd2bf665349d5b3,,
localoccupation,bc1bc8fed6b98515cbc353c9,essential,687671b9ebd2bf665349c29f,,
localoccupation,bc1bc8fed6b98515cbc353c9,essential,687671bdebd2bf665349cdfb,,
localoccupation,bc1bc8fed6b98515cbc353c9,essential,687671bdebd2bf665349cd61,,
localoccupation,bc1bc8fed6b98515cbc353c9,essential,687671b9ebd2bf665349be55,,
localoccupation,bc1bc8fed6b98515cbc353c9,essential,687671b5ebd2bf665349b592,,
localoccupation,bc1bc8fed6b98515cbc353c9,essential,687671baebd2bf665349cc5f,,
localoccupation,bc1bc8fed6b98515cbc353c9,essential,687671bdebd2bf665349d92f,,
localoccupation,bc1bc8fed6b98515cbc353c9,essential,687671b5ebd2bf665349b747,,
localoccupation,bc1bc8fed6b98515cbc353c9,essential,687671b5ebd2bf665349b179,,
localoccupation,bc1bc8fed6b98515cbc353c9,essential,687671bdebd2bf665349cd4a,,
localoccupation,bc1bc8fed6b98515cbc353c9,essential,687671bdebd2bf665349d4df,,
localoccupation,bc1bc8fed6b98515cbc353c9,essential,687671b5ebd2bf665349aec1,,
localoccupation,bc1bc8fed6b98515cbc353c9,essential,687671baebd2bf665349c4e8,,
localoccupation,bc1bc8fed6b98515cbc353c9,essential,687671b9ebd2bf665349bdf1,,
localoccupation,bc1bc8fed6b98515cbc353c9,essential,687671beebd2bf665349dba0,,
localoccupation,bc1bc8fed6b98515cbc353c9,essential,687671b5ebd2bf665349b092,,
localoccupation,bc1bc8fed6b98515cbc353c9,essential,687671b9ebd2bf665349bbe3,,
localoccupation,bc1bc8fed6b98515cbc353c9,essential,687671b4ebd2bf665349a6bc,,
localoccupation,bc1bc8fed6b98515cbc353c9,essential,687671b5ebd2bf665349b4b8,,
localoccupation,bc1bc8fed6b98515cbc353c9,essential,687671b5ebd2bf665349b4bc,,
localoccupation,bc1bc8fed6b98515cbc353c9,essential,687671b5ebd2bf665349b86e,,
localoccupation,bc1bc8fed6b98515cbc353c9,essential,687671bdebd2bf665349d7c9,,
localoccupation,bc1bc8fed6b98515cbc353c9,essential,687671baebd2bf665349cc25,,
localoccupation,bc1bc8fed6b98515cbc353c9,essential,687671bdebd2bf665349d241,,
localoccupation,bc1bc8fed6b98515cbc353c9,essential,687671b9ebd2bf665349bb42,,
localoccupation,bc1bc8fed6b98515cbc353c9,essential,687671bdebd2bf665349d397,,
localoccupation,bc1bc8fed6b98515cbc353c9,essential,687671bdebd2bf665349d854,,
localoccupation,bc1bc8fed6b98515cbc353c9,essential,687671bdebd2bf665349d09b,,
localoccupation,bc1bc8fed6b98515cbc353c9,essential,687671b5ebd2bf665349b895,,
localoccupation,bc1bc8fed6b98515cbc353c9,essential,687671b9ebd2bf665349bbb0,,
localoccupation,bc1bc8fed6b98515cbc353c9,essential,687671baebd2bf665349c8df,,
localoccupation,bc1bc8fed6b98515cbc353c9,essential,687671b9ebd2bf665349bf86,,
localoccupation,bc1bc8fed6b98515cbc353c9,essential,687671baebd2bf665349c85b,,
localoccupation,bc1bc8fed6b98515cbc353c9,essential,687671b5ebd2bf665349ac51,,
localoccupation,bc1bc8fed6b98515cbc353c9,essential,687671baebd2bf665349ca2a,,
localoccupation,bc1bc8fed6b98515cbc353c9,essential,687671bdebd2bf665349d20a,,
localoccupation,bc1bc8fed6b98515cbc353c9,essential,687671baebd2bf665349c4c6,,
localoccupation,bc1bc8fed6b98515cbc353c9,essential,687671baebd2bf665349c7ac,,
localoccupation,bc1bc8fed6b98515cbc353c9,essential,687671b5ebd2bf665349b443,,
localoccupation,bc1bc8fed6b98515cbc353c9,essential,687671baebd2bf665349c9b6,,
localoccupation,bc1bc8fed6b98515cbc353c9,essential,687671b5ebd2bf665349ad98,,
localoccupation,bc1bc8fed6b98515cbc353c9,essential,687671b5ebd2bf665349afb2,,
localoccupation,bc1bc8fed6b98515cbc353c9,essential,687671bdebd2bf665349d214,,
localoccupation,bc1bc8fed6b98515cbc353c9,essential,687671b9ebd2bf665349c148,,
localoccupation,bc1bc8fed6b98515cbc353c9,essential,687671bdebd2bf665349cddb,,
localoccupation,bc1bc8fed6b98515cbc353c9,essential,687671bdebd2bf665349d0d2,,
localoccupation,bc1bc8fed6b98515cbc353c9,essential,687671b5ebd2bf665349b40f,,
localoccupation,bc1bc8fed6b98515cbc353c9,essential,687671baebd2bf665349c568,,
localoccupation,780078daecb05478563701e2,essential,687671b5ebd2bf665349b5ba,,
localoccupation,780078daecb05478563701e2,essential,687671b9ebd2bf665349c3f0,,
localoccupation,780078daecb05478563701e2,essential,687671bdebd2bf665349cfee,,
localoccupation,780078daecb05478563701e2,essential,687671bdebd2bf665349ce47,,
localoccupation,780078daecb05478563701e2,essential,687671b5ebd2bf665349b63c,,
localoccupation,780078daecb05478563701e2,essential,687671b5ebd2bf665349b0c7,,
localoccupation,780078daecb05478563701e2,essential,687671b4ebd2bf665349a6db,,
localoccupation,780078daecb05478563701e2,essential,687671b9ebd2bf665349c373,,
localoccupation,780078daecb05478563701e2,essential,687671bdebd2bf665349cf1c,,
localoccupation,780078daecb05478563701e2,essential,687671b9ebd2bf665349bba0,,
localoccupation,780078daecb05478563701e2,essential,687671b5ebd2bf665349a90d,,
localoccupation,780078daecb05478563701e2,essential,687671baebd2bf665349c72d,,
localoccupation,780078daecb05478563701e2,essential,687671b9ebd2bf665349c1c3,,
localoccupation,780078daecb05478563701e2,essential,687671bdebd2bf665349dab7,,
localoccupation,780078daecb05478563701e2,essential,687671b9ebd2bf665349be1f,,
localoccupation,780078daecb05478563701e2,essential,687671bdebd2bf665349d12e,,
localoccupation,780078daecb05478563701e2,essential,687671b9ebd2bf665349bf00,,
localoccupation,780078daecb05478563701e2,essential,687671b5ebd2bf665349af2e,,
localoccupation,780078daecb05478563701e2,essential,687671b9ebd2bf665349c3ed,,
localoccupation,780078daecb05478563701e2,essential,687671b4ebd2bf665349a6ba,,
localoccupation,780078daecb05478563701e2,essential,687671bdebd2bf665349d611,,
localoccupation,780078daecb05478563701e2,essential,687671bdebd2bf665349d055,,
localoccupation,780078daecb05478563701e2,essential,687671bdebd2bf665349d27c,,
localoccupation,780078daecb05478563701e2,essential,687671baebd2bf665349cc69,,
localoccupation,780078daecb05478563701e2,essential,687671bdebd2bf665349d16c,,
localoccupation,780078daecb05478563701e2,essential,687671b5ebd2bf665349b6dc,,
localoccupation,780078daecb05478563701e2,essential,687671bdebd2bf665349d844,,
localoccupation,780078daecb05478563701e2,essential,687671b5ebd2bf665349b12c,,
localoccupation,780078daecb05478563701e2,essential,687671b5ebd2bf665349afbc,,
localoccupation,780078daecb05478563701e2,essential,687671b5ebd2bf665349ab35,,
localoccupation,780078daecb05478563701e2,essential,687671b4ebd2bf665349a64b,,
localoccupation,780078daecb05478563701e2,essential,687671b5ebd2bf665349aa66,,
localoccupation,780078daecb05478563701e2,essential,687671bdebd2bf665349d50d,,
localoccupation,780078daecb05478563701e2,essential,687671b5ebd2bf665349ac95,,
localoccupation,780078daecb05478563701e2,essential,687671b5ebd2bf665349b0cc,,
localoccupation,780078daecb05478563701e2,essential,687671b5ebd2bf665349acd7,,
localoccupation,780078daecb05478563701e2,essential,687671b9ebd2bf665349c25b,,
localoccupation,780078daecb05478563701e2,essential,687671b5ebd2bf665349b065,,
localoccupation,780078daecb05478563701e2,essential,687671b5ebd2bf665349a8b4,,
localoccupation,780078daecb05478563701e2,essential,687671b5ebd2bf665349afda,,
localoccupation,780078daecb05478563701e2,essential,687671bdebd2bf665349cf25,,
localoccupation,780078daecb05478563701e2,essential,687671bdebd2bf665349d790,,
localoccupation,780078daecb05478563701e2,essential,687671bdebd2bf665349d368,,
localoccupation,780078daecb05478563701e2,essential,687671b5ebd2bf665349b30b,,
localoccupation,780078daecb05478563701e2,essential,687671b5ebd2bf665349a8a3,,
localoccupation,780078daecb05478563701e2,essential,687671b9ebd2bf665349ba68,,
localoccupation,780078daecb05478563701e2,essential,687671b5ebd2bf665349b86d,,
localoccupation,780078daecb05478563701e2,essential,687671b5ebd2bf665349ad6d,,
localoccupation,780078daecb05478563701e2,essential,687671b9ebd2bf665349c2ac,,
localoccupation,780078daecb05478563701e2,essential,687671bdebd2bf665349d025,,
localoccupation,780078daecb05478563701e2,essential,687671bdebd2bf665349d61a,,
localoccupation,780078daecb05478563701e2,essential,687671b5ebd2bf665349ab56,,
localoccupation,780078daecb05478563701e2,essential,687671baebd2bf665349c722,,
localoccupation,780078daecb05478563701e2,essential,687671bdebd2bf665349d6fd,,
localoccupation,780078daecb05478563701e2,essential,687671bdebd2bf665349cf8f,,
localoccupation,780078daecb05478563701e2,essential,687671bdebd2bf665349d3af,,
localoccupation,780078daecb05478563701e2,essential,687671b5ebd2bf665349a92c,,
localoccupation,780078daecb05478563701e2,essential,687671bdebd2bf665349d4d6,,
localoccupation,780078daecb05478563701e2,essential,687671baebd2bf665349c568,,
localoccupation,da9f290d9878bbd24eb0e50c,essential,687671bdebd2bf665349ce47,,
localoccupation,da9f290d9878bbd24eb0e50c,essential,687671bdebd2bf665349da01,,
localoccupation,da9f290d9878bbd24eb0e50c,essential,687671b9ebd2bf665349c373,,
localoccupation,da9f290d9878bbd24eb0e50c,essential,687671bdebd2bf665349d3e8,,
localoccupation,da9f290d9878bbd24eb0e50c,essential,687671b5ebd2bf665349a884,,
localoccupation,da9f290d9878bbd24eb0e50c,essential,687671b5ebd2bf665349a9d8,,
localoccupation,da9f290d9878bbd24eb0e50c,essential,687671b9ebd2bf665349bba0,,
localoccupation,da9f290d9878bbd24eb0e50c,essential,687671b5ebd2bf665349a98a,,
localoccupation,da9f290d9878bbd24eb0e50c,essential,687671baebd2bf665349c72d,,
localoccupation,da9f290d9878bbd24eb0e50c,essential,687671b4ebd2bf665349a735,,
localoccupation,da9f290d9878bbd24eb0e50c,essential,687671b9ebd2bf665349bb2a,,
localoccupation,da9f290d9878bbd24eb0e50c,essential,687671bdebd2bf665349d942,,
localoccupation,da9f290d9878bbd24eb0e50c,essential,687671b5ebd2bf665349af99,,
localoccupation,da9f290d9878bbd24eb0e50c,essential,687671b9ebd2bf665349be1f,,
localoccupation,da9f290d9878bbd24eb0e50c,essential,687671b9ebd2bf665349bc9c,,
localoccupation,da9f290d9878bbd24eb0e50c,essential,687671b4ebd2bf665349a6ba,,
localoccupation,da9f290d9878bbd24eb0e50c,essential,687671bdebd2bf665349d611,,
localoccupation,da9f290d9878bbd24eb0e50c,essential,687671b4ebd2bf665349a63d,,
localoccupation,da9f290d9878bbd24eb0e50c,essential,687671bdebd2bf665349d27c,,
localoccupation,da9f290d9878bbd24eb0e50c,essential,687671baebd2bf665349cc69,,
localoccupation,da9f290d9878bbd24eb0e50c,essential,687671bdebd2bf665349d16c,,
localoccupation,da9f290d9878bbd24eb0e50c,essential,687671b5ebd2bf665349afbc,,
localoccupation,da9f290d9878bbd24eb0e50c,essential,687671b5ebd2bf665349aedd,,
localoccupation,da9f290d9878bbd24eb0e50c,essential,687671bdebd2bf665349d587,,
localoccupation,da9f290d9878bbd24eb0e50c,essential,687671b5ebd2bf665349aa66,,
localoccupation,da9f290d9878bbd24eb0e50c,essential,687671b9ebd2bf665349c377,,
localoccupation,da9f290d9878bbd24eb0e50c,essential,687671b5ebd2bf665349ac95,,
localoccupation,da9f290d9878bbd24eb0e50c,essential,687671b5ebd2bf665349aa86,,
localoccupation,da9f290d9878bbd24eb0e50c,essential,687671b9ebd2bf665349bdd0,,
localoccupation,da9f290d9878bbd24eb0e50c,essential,687671b9ebd2bf665349c31e,,
localoccupation,da9f290d9878bbd24eb0e50c,essential,687671b5ebd2bf665349b0cc,,
localoccupation,da9f290d9878bbd24eb0e50c,essential,687671b9ebd2bf665349c25b,,
localoccupation,da9f290d9878bbd24eb0e50c,essential,687671b9ebd2bf665349c2ae,,
localoccupation,da9f290d9878bbd24eb0e50c,essential,687671baebd2bf665349c967,,
localoccupation,da9f290d9878bbd24eb0e50c,essential,687671baebd2bf665349c7bc,,
localoccupation,da9f290d9878bbd24eb0e50c,essential,687671b5ebd2bf665349b065,,
localoccupation,da9f290d9878bbd24eb0e50c,essential,687671b5ebd2bf665349a880,,
localoccupation,da9f290d9878bbd24eb0e50c,essential,687671b5ebd2bf665349acb8,,
localoccupation,da9f290d9878bbd24eb0e50c,essential,687671bdebd2bf665349d368,,
localoccupation,da9f290d9878bbd24eb0e50c,essential,687671b5ebd2bf665349b30b,,
localoccupation,da9f290d9878bbd24eb0e50c,essential,687671baebd2bf665349c9d2,,
localoccupation,da9f290d9878bbd24eb0e50c,essential,687671b5ebd2bf665349b967,,
localoccupation,da9f290d9878bbd24eb0e50c,essential,687671b5ebd2bf665349b4ed,,
localoccupation,da9f290d9878bbd24eb0e50c,essential,687671b9ebd2bf665349bab2,,
localoccupation,da9f290d9878bbd24eb0e50c,essential,687671b9ebd2bf665349c2ac,,
localoccupation,da9f290d9878bbd24eb0e50c,essential,687671bdebd2bf665349d08b,,
localoccupation,da9f290d9878bbd24eb0e50c,essential,687671bdebd2bf665349d99d,,
localoccupation,da9f290d9878bbd24eb0e50c,essential,687671bdebd2bf665349d025,,
localoccupation,da9f290d9878bbd24eb0e50c,essential,687671bdebd2bf665349d5f8,,
localoccupation,da9f290d9878bbd24eb0e50c,essential,687671b5ebd2bf665349ad4b,,
localoccupation,da9f290d9878bbd24eb0e50c,essential,687671b9ebd2bf665349c21d,,
localoccupation,da9f290d9878bbd24eb0e50c,essential,687671b5ebd2bf665349ae13,,
localoccupation,da9f290d9878bbd24eb0e50c,essential,687671b9ebd2bf665349c444,,
localoccupation,da9f290d9878bbd24eb0e50c,essential,687671bdebd2bf665349d7d5,,
localoccupation,da9f290d9878bbd24eb0e50c,essential,687671b5ebd2bf665349a985,,
localoccupation,da9f290d9878bbd24eb0e50c,essential,687671b5ebd2bf665349aa70,,
localoccupation,da9f290d9878bbd24eb0e50c,essential,687671baebd2bf665349cd36,,
localoccupation,da9f290d9878bbd24eb0e50c,essential,687671b5ebd2bf665349a92c,,
localoccupation,da9f290d9878bbd24eb0e50c,essential,687671baebd2bf665349c568,,
localoccupation,593dde127be7cf4db8f516ee,essential,687671baebd2bf665349ca5b,,
localoccupation,593dde127be7cf4db8f516ee,essential,687671b5ebd2bf665349b6e6,,
localoccupation,593dde127be7cf4db8f516ee,essential,687671baebd2bf665349c54a,,
localoccupation,593dde127be7cf4db8f516ee,essential,687671b9ebd2bf665349c3f0,,
localoccupation,593dde127be7cf4db8f516ee,essential,687671bdebd2bf665349ce47,,
localoccupation,593dde127be7cf4db8f516ee,essential,687671bdebd2bf665349d255,,
localoccupation,593dde127be7cf4db8f516ee,essential,687671b4ebd2bf665349a6db,,
localoccupation,593dde127be7cf4db8f516ee,essential,687671b5ebd2bf665349ae57,,
localoccupation,593dde127be7cf4db8f516ee,essential,687671b9ebd2bf665349c373,,
localoccupation,593dde127be7cf4db8f516ee,essential,687671b4ebd2bf665349a760,,
localoccupation,593dde127be7cf4db8f516ee,essential,687671bdebd2bf665349d15e,,
localoccupation,593dde127be7cf4db8f516ee,essential,687671b9ebd2bf665349bba0,,
localoccupation,593dde127be7cf4db8f516ee,essential,687671b9ebd2bf665349bdb4,,
localoccupation,593dde127be7cf4db8f516ee,essential,687671baebd2bf665349c72d,,
localoccupation,593dde127be7cf4db8f516ee,essential,687671b4ebd2bf665349a7c9,,
localoccupation,593dde127be7cf4db8f516ee,essential,687671bdebd2bf665349dab7,,
localoccupation,593dde127be7cf4db8f516ee,essential,687671b9ebd2bf665349bf00,,
localoccupation,593dde127be7cf4db8f516ee,essential,687671b5ebd2bf665349af2e,,
localoccupation,593dde127be7cf4db8f516ee,essential,687671b5ebd2bf665349b12a,,
localoccupation,593dde127be7cf4db8f516ee,essential,687671bdebd2bf665349cdf5,,
localoccupation,593dde127be7cf4db8f516ee,essential,687671b4ebd2bf665349a6ba,,
localoccupation,593dde127be7cf4db8f516ee,essential,687671bdebd2bf665349d611,,
localoccupation,593dde127be7cf4db8f516ee,essential,687671b9ebd2bf665349bd68,,
localoccupation,593dde127be7cf4db8f516ee,essential,687671bdebd2bf665349d055,,
localoccupation,593dde127be7cf4db8f516ee,essential,687671b4ebd2bf665349a63d,,
localoccupation,593dde127be7cf4db8f516ee,essential,687671bdebd2bf665349d27c,,
localoccupation,593dde127be7cf4db8f516ee,essential,687671baebd2bf665349cc69,,
localoccupation,593dde127be7cf4db8f516ee,essential,687671bdebd2bf665349d155,,
localoccupation,593dde127be7cf4db8f516ee,essential,687671b5ebd2bf665349ab85,,
localoccupation,593dde127be7cf4db8f516ee,essential,687671b5ebd2bf665349b6dc,,
localoccupation,593dde127be7cf4db8f516ee,essential,687671bdebd2bf665349d844,,
localoccupation,593dde127be7cf4db8f516ee,essential,687671b5ebd2bf665349afbc,,
localoccupation,593dde127be7cf4db8f516ee,essential,687671b5ebd2bf665349aedd,,
localoccupation,593dde127be7cf4db8f516ee,essential,687671b5ebd2bf665349aa66,,
localoccupation,593dde127be7cf4db8f516ee,essential,687671baebd2bf665349c864,,
localoccupation,593dde127be7cf4db8f516ee,essential,687671baebd2bf665349cbf6,,
localoccupation,593dde127be7cf4db8f516ee,essential,687671b5ebd2bf665349ac95,,
localoccupation,593dde127be7cf4db8f516ee,essential,687671b5ebd2bf665349aa86,,
localoccupation,593dde127be7cf4db8f516ee,essential,687671b5ebd2bf665349b065,,
localoccupation,593dde127be7cf4db8f516ee,essential,687671b5ebd2bf665349a880,,
localoccupation,593dde127be7cf4db8f516ee,essential,687671b5ebd2bf665349b49f,,
localoccupation,593dde127be7cf4db8f516ee,essential,687671b5ebd2bf665349a85c,,
localoccupation,593dde127be7cf4db8f516ee,essential,687671b5ebd2bf665349b30b,,
localoccupation,593dde127be7cf4db8f516ee,essential,687671b9ebd2bf665349bdf9,,
localoccupation,593dde127be7cf4db8f516ee,essential,687671baebd2bf665349c9d2,,
localoccupation,593dde127be7cf4db8f516ee,essential,687671b5ebd2bf665349b86d,,
localoccupation,593dde127be7cf4db8f516ee,essential,687671b9ebd2bf665349bab2,,
localoccupation,593dde127be7cf4db8f516ee,essential,687671b9ebd2bf665349c2ac,,
localoccupation,593dde127be7cf4db8f516ee,essential,687671baebd2bf665349c9e5,,
localoccupation,593dde127be7cf4db8f516ee,essential,687671bdebd2bf665349d025,,
localoccupation,593dde127be7cf4db8f516ee,essential,687671bdebd2bf665349d61a,,
localoccupation,593dde127be7cf4db8f516ee,essential,687671b5ebd2bf665349ad4b,,
localoccupation,593dde127be7cf4db8f516ee,essential,687671beebd2bf665349daf9,,
localoccupation,593dde127be7cf4db8f516ee,essential,687671b5ebd2bf665349ab56,,
localoccupation,593dde127be7cf4db8f516ee,essential,687671bdebd2bf665349d7d5,,
localoccupation,593dde127be7cf4db8f516ee,essential,687671bdebd2bf665349d00d,,
localoccupation,593dde127be7cf4db8f516ee,essential,687671bdebd2bf665349d6fd,,
localoccupation,593dde127be7cf4db8f516ee,essential,687671bdebd2bf665349cf8f,,
localoccupation,593dde127be7cf4db8f516ee,essential,687671baebd2bf665349cd36,,
localoccupation,593dde127be7cf4db8f516ee,essential,687671b5ebd2bf665349a92c,,
localoccupation,614c0850fdccb892fff5214a,essential,687671bdebd2bf665349cfe1,,
localoccupation,614c0850fdccb892fff5214a,essential,687671b9ebd2bf665349c1ac,,
localoccupation,614c0850fdccb892fff5214a,essential,687671b9ebd2bf665349ba74,,
localoccupation,614c0850fdccb892fff5214a,essential,687671b5ebd2bf665349a87c,,
localoccupation,614c0850fdccb892fff5214a,essential,687671b5ebd2bf665349a8e5,,
localoccupation,614c0850fdccb892fff5214a,essential,687671bdebd2bf665349d19d,,
localoccupation,614c0850fdccb892fff5214a,essential,687671baebd2bf665349c92f,,
localoccupation,614c0850fdccb892fff5214a,essential,687671b4ebd2bf665349a6e4,,
localoccupation,614c0850fdccb892fff5214a,essential,687671bdebd2bf665349d50b,,
localoccupation,614c0850fdccb892fff5214a,essential,687671beebd2bf665349dbcf,,
localoccupation,614c0850fdccb892fff5214a,essential,687671b5ebd2bf665349b679,,
localoccupation,614c0850fdccb892fff5214a,essential,687671baebd2bf665349ca07,,
localoccupation,614c0850fdccb892fff5214a,essential,687671bdebd2bf665349d6e0,,
localoccupation,614c0850fdccb892fff5214a,essential,687671b9ebd2bf665349bebe,,
localoccupation,614c0850fdccb892fff5214a,essential,687671baebd2bf665349cc9e,,
localoccupation,614c0850fdccb892fff5214a,essential,687671bdebd2bf665349d02b,,
localoccupation,614c0850fdccb892fff5214a,essential,687671b5ebd2bf665349b02c,,
localoccupation,614c0850fdccb892fff5214a,essential,687671bdebd2bf665349d9a5,,
localoccupation,614c0850fdccb892fff5214a,essential,687671b5ebd2bf665349b86c,,
localoccupation,614c0850fdccb892fff5214a,essential,687671baebd2bf665349c7f0,,
localoccupation,614c0850fdccb892fff5214a,essential,687671bdebd2bf665349d4c1,,
localoccupation,614c0850fdccb892fff5214a,essential,687671baebd2bf665349c98b,,
localoccupation,614c0850fdccb892fff5214a,essential,687671b5ebd2bf665349adca,,
localoccupation,614c0850fdccb892fff5214a,essential,687671baebd2bf665349c7de,,
localoccupation,614c0850fdccb892fff5214a,essential,687671b9ebd2bf665349bdb3,,
localoccupation,614c0850fdccb892fff5214a,essential,687671b5ebd2bf665349ab52,,
localoccupation,614c0850fdccb892fff5214a,essential,687671b5ebd2bf665349af2c,,
localoccupation,614c0850fdccb892fff5214a,essential,687671b5ebd2bf665349b8bb,,
localoccupation,614c0850fdccb892fff5214a,essential,687671b5ebd2bf665349b03e,,
localoccupation,614c0850fdccb892fff5214a,essential,687671baebd2bf665349c7bd,,
localoccupation,614c0850fdccb892fff5214a,essential,687671b4ebd2bf665349a750,,
localoccupation,614c0850fdccb892fff5214a,essential,687671b9ebd2bf665349be7a,,
localoccupation,614c0850fdccb892fff5214a,essential,687671b5ebd2bf665349b0b2,,
localoccupation,614c0850fdccb892fff5214a,essential,687671bdebd2bf665349d2e3,,
localoccupation,614c0850fdccb892fff5214a,essential,687671b4ebd2bf665349a772,,
localoccupation,614c0850fdccb892fff5214a,essential,687671b5ebd2bf665349b630,,
localoccupation,614c0850fdccb892fff5214a,essential,687671baebd2bf665349ca71,,
localoccupation,614c0850fdccb892fff5214a,essential,687671baebd2bf665349cbf8,,
localoccupation,614c0850fdccb892fff5214a,essential,687671baebd2bf665349c608,,
localoccupation,614c0850fdccb892fff5214a,essential,687671baebd2bf665349c7eb,,
localoccupation,614c0850fdccb892fff5214a,essential,687671bdebd2bf665349cd4e,,
localoccupation,614c0850fdccb892fff5214a,essential,687671bdebd2bf665349d9be,,
localoccupation,614c0850fdccb892fff5214a,essential,687671b9ebd2bf665349bf09,,
localoccupation,614c0850fdccb892fff5214a,essential,687671bdebd2bf665349d5cb,,
localoccupation,614c0850fdccb892fff5214a,essential,687671b5ebd2bf665349b074,,
localoccupation,614c0850fdccb892fff5214a,essential,687671b5ebd2bf665349ab31,,
localoccupation,614c0850fdccb892fff5214a,essential,687671baebd2bf665349cbeb,,
localoccupation,614c0850fdccb892fff5214a,essential,687671b5ebd2bf665349b737,,
localoccupation,614c0850fdccb892fff5214a,essential,687671b9ebd2bf665349c28a,,
localoccupation,614c0850fdccb892fff5214a,essential,687671b5ebd2bf665349b65e,,
localoccupation,614c0850fdccb892fff5214a,essential,687671b4ebd2bf665349a7a1,,
localoccupation,614c0850fdccb892fff5214a,essential,687671b9ebd2bf665349c2a2,,
localoccupation,614c0850fdccb892fff5214a,essential,687671baebd2bf665349c56e,,
localoccupation,614c0850fdccb892fff5214a,essential,687671b9ebd2bf665349bd5f,,
localoccupation,614c0850fdccb892fff5214a,essential,687671bdebd2bf665349cd94,,
localoccupation,614c0850fdccb892fff5214a,essential,687671b9ebd2bf665349bcb8,,
localoccupation,614c0850fdccb892fff5214a,essential,687671b9ebd2bf665349c20e,,
localoccupation,614c0850fdccb892fff5214a,essential,687671baebd2bf665349c5ff,,
localoccupation,614c0850fdccb892fff5214a,essential,687671b5ebd2bf665349a92c,,
localoccupation,614c0850fdccb892fff5214a,essential,687671bdebd2bf665349d4d6,,
localoccupation,cd5210a1181cd610d45dd0ed,essential,687671bdebd2bf665349cfe1,,
localoccupation,cd5210a1181cd610d45dd0ed,essential,687671b9ebd2bf665349c1ac,,
localoccupation,cd5210a1181cd610d45dd0ed,essential,687671baebd2bf665349c92f,,
localoccupation,cd5210a1181cd610d45dd0ed,essential,687671b4ebd2bf665349a6e4,,
localoccupation,cd5210a1181cd610d45dd0ed,essential,687671bdebd2bf665349d50b,,
localoccupation,cd5210a1181cd610d45dd0ed,essential,687671beebd2bf665349dbcf,,
localoccupation,cd5210a1181cd610d45dd0ed,essential,687671b5ebd2bf665349b679,,
localoccupation,cd5210a1181cd610d45dd0ed,essential,687671baebd2bf665349ca07,,
localoccupation,cd5210a1181cd610d45dd0ed,essential,687671bdebd2bf665349d6e0,,
localoccupation,cd5210a1181cd610d45dd0ed,essential,687671b9ebd2bf665349bebe,,
localoccupation,cd5210a1181cd610d45dd0ed,essential,687671baebd2bf665349cc9e,,
localoccupation,cd5210a1181cd610d45dd0ed,essential,687671b5ebd2bf665349b3c0,,
localoccupation,cd5210a1181cd610d45dd0ed,essential,687671beebd2bf665349db36,,
localoccupation,cd5210a1181cd610d45dd0ed,essential,687671bdebd2bf665349d02b,,
localoccupation,cd5210a1181cd610d45dd0ed,essential,687671b5ebd2bf665349b02c,,
localoccupation,cd5210a1181cd610d45dd0ed,essential,687671bdebd2bf665349d9a5,,
localoccupation,cd5210a1181cd610d45dd0ed,essential,687671bdebd2bf665349d4eb,,
localoccupation,cd5210a1181cd610d45dd0ed,essential,687671bdebd2bf665349d4c1,,
localoccupation,cd5210a1181cd610d45dd0ed,essential,687671baebd2bf665349c98b,,
localoccupation,cd5210a1181cd610d45dd0ed,essential,687671b5ebd2bf665349b4a3,,
localoccupation,cd5210a1181cd610d45dd0ed,essential,687671baebd2bf665349cd2c,,
localoccupation,cd5210a1181cd610d45dd0ed,essential,687671baebd2bf665349c7de,,
localoccupation,cd5210a1181cd610d45dd0ed,essential,687671b9ebd2bf665349bdb3,,
localoccupation,cd5210a1181cd610d45dd0ed,essential,687671b5ebd2bf665349a866,,
localoccupation,cd5210a1181cd610d45dd0ed,essential,687671b5ebd2bf665349ab52,,
localoccupation,cd5210a1181cd610d45dd0ed,essential,687671b5ebd2bf665349af2c,,
localoccupation,cd5210a1181cd610d45dd0ed,essential,687671b9ebd2bf665349be7a,,
localoccupation,cd5210a1181cd610d45dd0ed,essential,687671b5ebd2bf665349b0b2,,
localoccupation,cd5210a1181cd610d45dd0ed,essential,687671b9ebd2bf665349c09b,,
localoccupation,cd5210a1181cd610d45dd0ed,essential,687671b5ebd2bf665349ab4b,,
localoccupation,cd5210a1181cd610d45dd0ed,essential,687671baebd2bf665349cbf8,,
localoccupation,cd5210a1181cd610d45dd0ed,essential,687671b4ebd2bf665349a7db,,
localoccupation,cd5210a1181cd610d45dd0ed,essential,687671baebd2bf665349c608,,
localoccupation,cd5210a1181cd610d45dd0ed,essential,687671b9ebd2bf665349bdf2,,
localoccupation,cd5210a1181cd610d45dd0ed,essential,687671baebd2bf665349cb2a,,
localoccupation,cd5210a1181cd610d45dd0ed,essential,687671b9ebd2bf665349bca4,,
localoccupation,cd5210a1181cd610d45dd0ed,essential,687671b9ebd2bf665349c461,,
localoccupation,cd5210a1181cd610d45dd0ed,essential,687671bdebd2bf665349cd4e,,
localoccupation,cd5210a1181cd610d45dd0ed,essential,687671bdebd2bf665349d9be,,
localoccupation,cd5210a1181cd610d45dd0ed,essential,687671b9ebd2bf665349bf09,,
localoccupation,cd5210a1181cd610d45dd0ed,essential,687671bdebd2bf665349d5cb,,
localoccupation,cd5210a1181cd610d45dd0ed,essential,687671b5ebd2bf665349b737,,
localoccupation,cd5210a1181cd610d45dd0ed,essential,687671b5ebd2bf665349b038,,
localoccupation,cd5210a1181cd610d45dd0ed,essential,687671baebd2bf665349cb89,,
localoccupation,cd5210a1181cd610d45dd0ed,essential,687671baebd2bf665349ca2a,,
localoccupation,cd5210a1181cd610d45dd0ed,essential,687671b9ebd2bf665349c2a2,,
localoccupation,cd5210a1181cd610d45dd0ed,essential,687671b9ebd2bf665349bd5f,,
localoccupation,cd5210a1181cd610d45dd0ed,essential,687671bdebd2bf665349cd94,,
localoccupation,cd5210a1181cd610d45dd0ed,essential,687671b9ebd2bf665349bcb8,,
localoccupation,cd5210a1181cd610d45dd0ed,essential,687671b9ebd2bf665349c3cd,,
localoccupation,cd5210a1181cd610d45dd0ed,essential,687671baebd2bf665349c5ff,,
localoccupation,cd5210a1181cd610d45dd0ed,essential,687671b9ebd2bf665349c072,,
localoccupation,cd5210a1181cd610d45dd0ed,essential,687671b5ebd2bf665349a92c,,
localoccupation,cd5210a1181cd610d45dd0ed,essential,687671bdebd2bf665349d4d6,,
localoccupation,eb40d53a9392228936c780d9,essential,687671bdebd2bf665349dacc,,
localoccupation,eb40d53a9392228936c780d9,essential,687671b5ebd2bf665349b7a8,,
localoccupation,eb40d53a9392228936c780d9,essential,687671b5ebd2bf665349b238,,
localoccupation,eb40d53a9392228936c780d9,essential,687671b5ebd2bf665349b6e6,,
localoccupation,eb40d53a9392228936c780d9,essential,687671baebd2bf665349c54a,,
localoccupation,eb40d53a9392228936c780d9,essential,687671bdebd2bf665349d3ab,,
localoccupation,eb40d53a9392228936c780d9,essential,687671bdebd2bf665349da01,,
localoccupation,eb40d53a9392228936c780d9,essential,687671bdebd2bf665349d047,,
localoccupation,eb40d53a9392228936c780d9,essential,687671baebd2bf665349c4af,,
localoccupation,eb40d53a9392228936c780d9,essential,687671b5ebd2bf665349b05a,,
localoccupation,eb40d53a9392228936c780d9,essential,687671bdebd2bf665349d5a0,,
localoccupation,eb40d53a9392228936c780d9,essential,687671bdebd2bf665349d599,,
localoccupation,eb40d53a9392228936c780d9,essential,687671b9ebd2bf665349baf5,,
localoccupation,eb40d53a9392228936c780d9,essential,687671baebd2bf665349c5a4,,
localoccupation,eb40d53a9392228936c780d9,essential,687671b9ebd2bf665349bf4f,,
localoccupation,eb40d53a9392228936c780d9,essential,687671baebd2bf665349c76a,,
localoccupation,eb40d53a9392228936c780d9,essential,687671b5ebd2bf665349a93f,,
localoccupation,eb40d53a9392228936c780d9,essential,687671b5ebd2bf665349aad5,,
localoccupation,eb40d53a9392228936c780d9,essential,687671bdebd2bf665349cd90,,
localoccupation,eb40d53a9392228936c780d9,essential,687671b5ebd2bf665349b9a6,,
localoccupation,eb40d53a9392228936c780d9,essential,687671b5ebd2bf665349aeda,,
localoccupation,eb40d53a9392228936c780d9,essential,687671beebd2bf665349db7d,,
localoccupation,eb40d53a9392228936c780d9,essential,687671b5ebd2bf665349b4a3,,
localoccupation,eb40d53a9392228936c780d9,essential,687671bdebd2bf665349dad2,,
localoccupation,eb40d53a9392228936c780d9,essential,687671baebd2bf665349c742,,
localoccupation,eb40d53a9392228936c780d9,essential,687671bdebd2bf665349d850,,
localoccupation,eb40d53a9392228936c780d9,essential,687671bdebd2bf665349d02c,,
localoccupation,eb40d53a9392228936c780d9,essential,687671b9ebd2bf665349c3b7,,
localoccupation,eb40d53a9392228936c780d9,essential,687671bdebd2bf665349d356,,
localoccupation,eb40d53a9392228936c780d9,essential,687671b5ebd2bf665349af2c,,
localoccupation,eb40d53a9392228936c780d9,essential,687671bdebd2bf665349d103,,
localoccupation,eb40d53a9392228936c780d9,essential,687671bdebd2bf665349d30d,,
localoccupation,eb40d53a9392228936c780d9,essential,687671b9ebd2bf665349c0db,,
localoccupation,eb40d53a9392228936c780d9,essential,687671baebd2bf665349c971,,
localoccupation,eb40d53a9392228936c780d9,essential,687671bdebd2bf665349d12c,,
localoccupation,eb40d53a9392228936c780d9,essential,687671b5ebd2bf665349a9a1,,
localoccupation,eb40d53a9392228936c780d9,essential,687671b9ebd2bf665349bf6e,,
localoccupation,eb40d53a9392228936c780d9,essential,687671bdebd2bf665349cf2b,,
localoccupation,eb40d53a9392228936c780d9,essential,687671bdebd2bf665349d26c,,
localoccupation,eb40d53a9392228936c780d9,essential,687671b9ebd2bf665349c441,,
localoccupation,eb40d53a9392228936c780d9,essential,687671b9ebd2bf665349c168,,
localoccupation,eb40d53a9392228936c780d9,essential,687671b9ebd2bf665349be70,,
localoccupation,eb40d53a9392228936c780d9,essential,687671b5ebd2bf665349b65e,,
localoccupation,eb40d53a9392228936c780d9,essential,687671b5ebd2bf665349b31e,,
localoccupation,eb40d53a9392228936c780d9,essential,687671bdebd2bf665349d876,,
localoccupation,eb40d53a9392228936c780d9,essential,687671bdebd2bf665349d9ab,,
localoccupation,eb40d53a9392228936c780d9,essential,687671b5ebd2bf665349b12e,,
localoccupation,eb40d53a9392228936c780d9,essential,687671b9ebd2bf665349c43c,,
localoccupation,eb40d53a9392228936c780d9,essential,687671b5ebd2bf665349b1a5,,
localoccupation,eb40d53a9392228936c780d9,essential,687671b9ebd2bf665349bcb8,,
localoccupation,eb40d53a9392228936c780d9,essential,687671baebd2bf665349c72c,,
localoccupation,eb40d53a9392228936c780d9,essential,687671baebd2bf665349c5ff,,
localoccupation,eb40d53a9392228936c780d9,essential,687671bdebd2bf665349d4d6,,
localoccupation,c4854b0af82b2698d204c5b5,essential,687671bdebd2bf665349dacc,,
localoccupation,c4854b0af82b2698d204c5b5,essential,687671b5ebd2bf665349b238,,
localoccupation,c4854b0af82b2698d204c5b5,essential,687671b5ebd2bf665349b6e6,,
localoccupation,c4854b0af82b2698d204c5b5,essential,687671baebd2bf665349c54a,,
localoccupation,c4854b0af82b2698d204c5b5,essential,687671b9ebd2bf665349bc99,,
localoccupation,c4854b0af82b2698d204c5b5,essential,687671b5ebd2bf665349b5f0,,
localoccupation,c4854b0af82b2698d204c5b5,essential,687671bdebd2bf665349d5a0,,
localoccupation,c4854b0af82b2698d204c5b5,essential,687671baebd2bf665349c5a4,,
localoccupation,c4854b0af82b2698d204c5b5,essential,687671b9ebd2bf665349bf4f,,
localoccupation,c4854b0af82b2698d204c5b5,essential,687671b5ebd2bf665349ae57,,
localoccupation,c4854b0af82b2698d204c5b5,essential,687671b9ebd2bf665349bd39,,
localoccupation,c4854b0af82b2698d204c5b5,essential,687671baebd2bf665349c52f,,
localoccupation,c4854b0af82b2698d204c5b5,essential,687671b5ebd2bf665349b461,,
localoccupation,c4854b0af82b2698d204c5b5,essential,687671b5ebd2bf665349a98a,,
localoccupation,c4854b0af82b2698d204c5b5,essential,687671b5ebd2bf665349aad5,,
localoccupation,c4854b0af82b2698d204c5b5,essential,687671bdebd2bf665349d09c,,
localoccupation,c4854b0af82b2698d204c5b5,essential,687671b9ebd2bf665349c064,,
localoccupation,c4854b0af82b2698d204c5b5,essential,687671b5ebd2bf665349aff9,,
localoccupation,c4854b0af82b2698d204c5b5,essential,687671bdebd2bf665349cd90,,
localoccupation,c4854b0af82b2698d204c5b5,essential,687671b5ebd2bf665349a8cb,,
localoccupation,c4854b0af82b2698d204c5b5,essential,687671baebd2bf665349cc92,,
localoccupation,c4854b0af82b2698d204c5b5,essential,687671bdebd2bf665349d764,,
localoccupation,c4854b0af82b2698d204c5b5,essential,687671beebd2bf665349db7d,,
localoccupation,c4854b0af82b2698d204c5b5,essential,687671baebd2bf665349c742,,
localoccupation,c4854b0af82b2698d204c5b5,essential,687671b4ebd2bf665349a7f5,,
localoccupation,c4854b0af82b2698d204c5b5,essential,687671bdebd2bf665349d850,,
localoccupation,c4854b0af82b2698d204c5b5,essential,687671bdebd2bf665349d02c,,
localoccupation,c4854b0af82b2698d204c5b5,essential,687671b9ebd2bf665349c3b7,,
localoccupation,c4854b0af82b2698d204c5b5,essential,687671b5ebd2bf665349adca,,
localoccupation,c4854b0af82b2698d204c5b5,essential,687671b5ebd2bf665349af2c,,
localoccupation,c4854b0af82b2698d204c5b5,essential,687671b5ebd2bf665349b890,,
localoccupation,c4854b0af82b2698d204c5b5,essential,687671b9ebd2bf665349bd94,,
localoccupation,c4854b0af82b2698d204c5b5,essential,687671b5ebd2bf665349acd7,,
localoccupation,c4854b0af82b2698d204c5b5,essential,687671bdebd2bf665349d103,,
localoccupation,c4854b0af82b2698d204c5b5,essential,687671b9ebd2bf665349bd2f,,
localoccupation,c4854b0af82b2698d204c5b5,essential,687671b9ebd2bf665349c0db,,
localoccupation,c4854b0af82b2698d204c5b5,essential,687671b9ebd2bf665349bf6e,,
localoccupation,c4854b0af82b2698d204c5b5,essential,687671bdebd2bf665349cf2b,,
localoccupation,c4854b0af82b2698d204c5b5,essential,687671bdebd2bf665349d26c,,
localoccupation,c4854b0af82b2698d204c5b5,essential,687671b5ebd2bf665349b66b,,
localoccupation,c4854b0af82b2698d204c5b5,essential,687671bdebd2bf665349d2e3,,
localoccupation,c4854b0af82b2698d204c5b5,essential,687671baebd2bf665349c787,,
localoccupation,c4854b0af82b2698d204c5b5,essential,687671baebd2bf665349cb47,,
localoccupation,c4854b0af82b2698d204c5b5,essential,687671b5ebd2bf665349b848,,
localoccupation,c4854b0af82b2698d204c5b5,essential,687671b9ebd2bf665349bc6d,,
localoccupation,c4854b0af82b2698d204c5b5,essential,687671beebd2bf665349db18,,
localoccupation,c4854b0af82b2698d204c5b5,essential,687671b5ebd2bf665349b65e,,
localoccupation,c4854b0af82b2698d204c5b5,essential,687671b9ebd2bf665349bd93,,
localoccupation,c4854b0af82b2698d204c5b5,essential,687671b5ebd2bf665349b31e,,
localoccupation,c4854b0af82b2698d204c5b5,essential,687671bdebd2bf665349d876,,
localoccupation,c4854b0af82b2698d204c5b5,essential,687671b5ebd2bf665349b12e,,
localoccupation,c4854b0af82b2698d204c5b5,essential,687671b9ebd2bf665349c43c,,
localoccupation,c4854b0af82b2698d204c5b5,essential,687671b4ebd2bf665349a712,,
localoccupation,c4854b0af82b2698d204c5b5,essential,687671b5ebd2bf665349af24,,
localoccupation,c4854b0af82b2698d204c5b5,essential,687671b9ebd2bf665349bcb8,,
localoccupation,c4854b0af82b2698d204c5b5,essential,687671b4ebd2bf665349a7ba,,
localoccupation,c4854b0af82b2698d204c5b5,essential,687671baebd2bf665349c72c,,
localoccupation,c4854b0af82b2698d204c5b5,essential,687671baebd2bf665349c90d,,
localoccupation,c4854b0af82b2698d204c5b5,essential,687671baebd2bf665349c5ff,,
localoccupation,c4854b0af82b2698d204c5b5,essential,687671bdebd2bf665349d4d6,,
localoccupation,1d9406cf997e60b63495be8a,essential,687671bdebd2bf665349cfe1,,
localoccupation,1d9406cf997e60b63495be8a,essential,687671b9ebd2bf665349c1ac,,
localoccupation,1d9406cf997e60b63495be8a,essential,687671b5ebd2bf665349b6e6,,
localoccupation,1d9406cf997e60b63495be8a,essential,687671baebd2bf665349c52f,,
localoccupation,1d9406cf997e60b63495be8a,essential,687671b4ebd2bf665349a6e4,,
localoccupation,1d9406cf997e60b63495be8a,essential,687671bdebd2bf665349d50b,,
localoccupation,1d9406cf997e60b63495be8a,essential,687671baebd2bf665349ca07,,
localoccupation,1d9406cf997e60b63495be8a,essential,687671bdebd2bf665349d6e0,,
localoccupation,1d9406cf997e60b63495be8a,essential,687671bdebd2bf665349d73f,,
localoccupation,1d9406cf997e60b63495be8a,essential,687671b5ebd2bf665349b3c0,,
localoccupation,1d9406cf997e60b63495be8a,essential,687671bdebd2bf665349d02b,,
localoccupation,1d9406cf997e60b63495be8a,essential,687671b5ebd2bf665349b02c,,
localoccupation,1d9406cf997e60b63495be8a,essential,687671bdebd2bf665349d9a5,,
localoccupation,1d9406cf997e60b63495be8a,essential,687671b5ebd2bf665349b86c,,
localoccupation,1d9406cf997e60b63495be8a,essential,687671bdebd2bf665349d4c1,,
localoccupation,1d9406cf997e60b63495be8a,essential,687671baebd2bf665349c98b,,
localoccupation,1d9406cf997e60b63495be8a,essential,687671bdebd2bf665349dad2,,
localoccupation,1d9406cf997e60b63495be8a,essential,687671baebd2bf665349c742,,
localoccupation,1d9406cf997e60b63495be8a,essential,687671bdebd2bf665349d02c,,
localoccupation,1d9406cf997e60b63495be8a,essential,687671b5ebd2bf665349adca,,
localoccupation,1d9406cf997e60b63495be8a,essential,687671baebd2bf665349c7de,,
localoccupation,1d9406cf997e60b63495be8a,essential,687671b9ebd2bf665349bdb3,,
localoccupation,1d9406cf997e60b63495be8a,essential,687671b5ebd2bf665349a866,,
localoccupation,1d9406cf997e60b63495be8a,essential,687671b5ebd2bf665349ab52,,
localoccupation,1d9406cf997e60b63495be8a,essential,687671b5ebd2bf665349af2c,,
localoccupation,1d9406cf997e60b63495be8a,essential,687671b5ebd2bf665349b8bb,,
localoccupation,1d9406cf997e60b63495be8a,essential,687671bdebd2bf665349d103,,
localoccupation,1d9406cf997e60b63495be8a,essential,687671bdebd2bf665349d30d,,
localoccupation,1d9406cf997e60b63495be8a,essential,687671b9ebd2bf665349c0db,,
localoccupation,1d9406cf997e60b63495be8a,essential,687671baebd2bf665349c971,,
localoccupation,1d9406cf997e60b63495be8a,essential,687671b5ebd2bf665349b4b8,,
localoccupation,1d9406cf997e60b63495be8a,essential,687671b5ebd2bf665349a9a1,,
localoccupation,1d9406cf997e60b63495be8a,essential,687671b5ebd2bf665349b0b2,,
localoccupation,1d9406cf997e60b63495be8a,essential,687671b9ebd2bf665349c09b,,
localoccupation,1d9406cf997e60b63495be8a,essential,687671bdebd2bf665349d2e3,,
localoccupation,1d9406cf997e60b63495be8a,essential,687671b5ebd2bf665349ab4b,,
localoccupation,1d9406cf997e60b63495be8a,essential,687671baebd2bf665349c7eb,,
localoccupation,1d9406cf997e60b63495be8a,essential,687671bdebd2bf665349dacd,,
localoccupation,1d9406cf997e60b63495be8a,essential,687671bdebd2bf665349cd4e,,
localoccupation,1d9406cf997e60b63495be8a,essential,687671b9ebd2bf665349bf09,,
localoccupation,1d9406cf997e60b63495be8a,essential,687671b9ebd2bf665349bf86,,
localoccupation,1d9406cf997e60b63495be8a,essential,687671bdebd2bf665349d5cb,,
localoccupation,1d9406cf997e60b63495be8a,essential,687671b5ebd2bf665349ab31,,
localoccupation,1d9406cf997e60b63495be8a,essential,687671baebd2bf665349cbeb,,
localoccupation,1d9406cf997e60b63495be8a,essential,687671b9ebd2bf665349c28a,,
localoccupation,1d9406cf997e60b63495be8a,essential,687671b4ebd2bf665349a78d,,
localoccupation,1d9406cf997e60b63495be8a,essential,687671baebd2bf665349cb89,,
localoccupation,1d9406cf997e60b63495be8a,essential,687671b4ebd2bf665349a7a1,,
localoccupation,1d9406cf997e60b63495be8a,essential,687671baebd2bf665349cb51,,
localoccupation,1d9406cf997e60b63495be8a,essential,687671b9ebd2bf665349c2a2,,
localoccupation,1d9406cf997e60b63495be8a,essential,687671b5ebd2bf665349b12e,,
localoccupation,1d9406cf997e60b63495be8a,essential,687671baebd2bf665349c56e,,
localoccupation,1d9406cf997e60b63495be8a,essential,687671b9ebd2bf665349bd5f,,
localoccupation,1d9406cf997e60b63495be8a,essential,687671bdebd2bf665349cd94,,
localoccupation,1d9406cf997e60b63495be8a,essential,687671b9ebd2bf665349bf1e,,
localoccupation,1d9406cf997e60b63495be8a,essential,687671b9ebd2bf665349bcb8,,
localoccupation,1d9406cf997e60b63495be8a,essential,687671baebd2bf665349c72c,,
localoccupation,1d9406cf997e60b63495be8a,essential,687671b9ebd2bf665349c3cd,,
localoccupation,1d9406cf997e60b63495be8a,essential,687671baebd2bf665349c5ff,,
localoccupation,1d9406cf997e60b63495be8a,essential,687671b5ebd2bf665349a92c,,
localoccupation,2daf0544bb1575d06826cdda,essential,687671b9ebd2bf665349c1ac,,
localoccupation,2daf0544bb1575d06826cdda,essential,687671b5ebd2bf665349b0f9,,
localoccupation,2daf0544bb1575d06826cdda,essential,687671b5ebd2bf665349b6ef,,
localoccupation,2daf0544bb1575d06826cdda,essential,687671bdebd2bf665349d890,,
localoccupation,2daf0544bb1575d06826cdda,essential,687671b5ebd2bf665349af48,,
localoccupation,2daf0544bb1575d06826cdda,essential,687671b9ebd2bf665349beda,,
localoccupation,2daf0544bb1575d06826cdda,essential,687671b5ebd2bf665349afb0,,
localoccupation,2daf0544bb1575d06826cdda,essential,687671b5ebd2bf665349b772,,
localoccupation,2daf0544bb1575d06826cdda,essential,687671bdebd2bf665349cfa6,,
localoccupation,2daf0544bb1575d06826cdda,essential,687671baebd2bf665349c92f,,
localoccupation,2daf0544bb1575d06826cdda,essential,687671bdebd2bf665349d9c6,,
localoccupation,2daf0544bb1575d06826cdda,essential,687671b9ebd2bf665349c054,,
localoccupation,2daf0544bb1575d06826cdda,essential,687671b9ebd2bf665349bdb4,,
localoccupation,2daf0544bb1575d06826cdda,essential,687671baebd2bf665349cc19,,
localoccupation,2daf0544bb1575d06826cdda,essential,687671b5ebd2bf665349a93f,,
localoccupation,2daf0544bb1575d06826cdda,essential,687671b9ebd2bf665349c064,,
localoccupation,2daf0544bb1575d06826cdda,essential,687671bdebd2bf665349cd90,,
localoccupation,2daf0544bb1575d06826cdda,essential,687671bdebd2bf665349d520,,
localoccupation,2daf0544bb1575d06826cdda,essential,687671bdebd2bf665349d61c,,
localoccupation,2daf0544bb1575d06826cdda,essential,687671b9ebd2bf665349be1f,,
localoccupation,2daf0544bb1575d06826cdda,essential,687671b9ebd2bf665349c1fc,,
localoccupation,2daf0544bb1575d06826cdda,essential,687671b9ebd2bf665349be55,,
localoccupation,2daf0544bb1575d06826cdda,essential,687671bdebd2bf665349d6a5,,
localoccupation,2daf0544bb1575d06826cdda,essential,687671baebd2bf665349cc5f,,
localoccupation,2daf0544bb1575d06826cdda,essential,687671bdebd2bf665349d155,,
localoccupation,2daf0544bb1575d06826cdda,essential,687671b5ebd2bf665349ab85,,
localoccupation,2daf0544bb1575d06826cdda,essential,687671b5ebd2bf665349b016,,
localoccupation,2daf0544bb1575d06826cdda,essential,687671baebd2bf665349cc72,,
localoccupation,2daf0544bb1575d06826cdda,essential,687671bdebd2bf665349d88e,,
localoccupation,2daf0544bb1575d06826cdda,essential,687671b9ebd2bf665349bb6a,,
localoccupation,2daf0544bb1575d06826cdda,essential,687671b9ebd2bf665349bc87,,
localoccupation,2daf0544bb1575d06826cdda,essential,687671b9ebd2bf665349bf09,,
localoccupation,2daf0544bb1575d06826cdda,essential,687671b5ebd2bf665349b45c,,
localoccupation,2daf0544bb1575d06826cdda,essential,687671b9ebd2bf665349c3f1,,
localoccupation,2daf0544bb1575d06826cdda,essential,687671b5ebd2bf665349b536,,
localoccupation,2daf0544bb1575d06826cdda,essential,687671b5ebd2bf665349b89d,,
localoccupation,2daf0544bb1575d06826cdda,essential,687671b9ebd2bf665349b9e0,,
localoccupation,2daf0544bb1575d06826cdda,essential,687671b5ebd2bf665349ac51,,
localoccupation,2daf0544bb1575d06826cdda,essential,687671b5ebd2bf665349b0e4,,
localoccupation,2daf0544bb1575d06826cdda,essential,687671b9ebd2bf665349c21d,,
localoccupation,2daf0544bb1575d06826cdda,essential,687671baebd2bf665349cb51,,
localoccupation,2daf0544bb1575d06826cdda,essential,687671b9ebd2bf665349c43c,,
localoccupation,2daf0544bb1575d06826cdda,essential,687671bdebd2bf665349ce16,,
localoccupation,2daf0544bb1575d06826cdda,essential,687671b5ebd2bf665349aa26,,
localoccupation,2daf0544bb1575d06826cdda,essential,687671bdebd2bf665349d695,,
localoccupation,2daf0544bb1575d06826cdda,essential,687671b5ebd2bf665349b3ed,,
localoccupation,2daf0544bb1575d06826cdda,essential,687671b9ebd2bf665349c148,,
localoccupation,2daf0544bb1575d06826cdda,essential,687671b5ebd2bf665349b4c4,,
localoccupation,2daf0544bb1575d06826cdda,essential,687671b9ebd2bf665349bfc9,,
localoccupation,2daf0544bb1575d06826cdda,essential,687671baebd2bf665349cd36,,
localoccupation,2daf0544bb1575d06826cdda,essential,687671b5ebd2bf665349a92c,,
localoccupation,d808a08b06951bb88493bc92,essential,687671baebd2bf665349ca5b,,
localoccupation,d808a08b06951bb88493bc92,essential,687671b5ebd2bf665349ae35,,
localoccupation,d808a08b06951bb88493bc92,essential,687671baebd2bf665349c4b2,,
localoccupation,d808a08b06951bb88493bc92,essential,687671b9ebd2bf665349c176,,
localoccupation,d808a08b06951bb88493bc92,essential,687671bdebd2bf665349d771,,
localoccupation,d808a08b06951bb88493bc92,essential,687671b9ebd2bf665349c054,,
localoccupation,d808a08b06951bb88493bc92,essential,687671b9ebd2bf665349be45,,
localoccupation,d808a08b06951bb88493bc92,essential,687671b9ebd2bf665349bdb4,,
localoccupation,d808a08b06951bb88493bc92,essential,687671baebd2bf665349c779,,
localoccupation,d808a08b06951bb88493bc92,essential,687671bdebd2bf665349d242,,
localoccupation,d808a08b06951bb88493bc92,essential,687671b4ebd2bf665349a7c9,,
localoccupation,d808a08b06951bb88493bc92,essential,687671baebd2bf665349ca8a,,
localoccupation,d808a08b06951bb88493bc92,essential,687671bdebd2bf665349d47f,,
localoccupation,d808a08b06951bb88493bc92,essential,687671baebd2bf665349cbb9,,
localoccupation,d808a08b06951bb88493bc92,essential,687671bdebd2bf665349d12e,,
localoccupation,d808a08b06951bb88493bc92,essential,687671b5ebd2bf665349af2e,,
localoccupation,d808a08b06951bb88493bc92,essential,687671b5ebd2bf665349b12a,,
localoccupation,d808a08b06951bb88493bc92,essential,687671bdebd2bf665349d95f,,
localoccupation,d808a08b06951bb88493bc92,essential,687671b9ebd2bf665349bc9c,,
localoccupation,d808a08b06951bb88493bc92,essential,687671bdebd2bf665349cdf5,,
localoccupation,d808a08b06951bb88493bc92,essential,687671b5ebd2bf665349aa4f,,
localoccupation,d808a08b06951bb88493bc92,essential,687671b5ebd2bf665349b68f,,
localoccupation,d808a08b06951bb88493bc92,essential,687671baebd2bf665349c908,,
localoccupation,d808a08b06951bb88493bc92,essential,687671bdebd2bf665349d611,,
localoccupation,d808a08b06951bb88493bc92,essential,687671baebd2bf665349cc92,,
localoccupation,d808a08b06951bb88493bc92,essential,687671b9ebd2bf665349c138,,
localoccupation,d808a08b06951bb88493bc92,essential,687671baebd2bf665349c76c,,
localoccupation,d808a08b06951bb88493bc92,essential,687671bdebd2bf665349d764,,
localoccupation,d808a08b06951bb88493bc92,essential,687671baebd2bf665349cc69,,
localoccupation,d808a08b06951bb88493bc92,essential,687671b5ebd2bf665349b597,,
localoccupation,d808a08b06951bb88493bc92,essential,687671b9ebd2bf665349c12d,,
localoccupation,d808a08b06951bb88493bc92,essential,687671bdebd2bf665349d198,,
localoccupation,d808a08b06951bb88493bc92,essential,687671b9ebd2bf665349c31e,,
localoccupation,d808a08b06951bb88493bc92,essential,687671bdebd2bf665349ce37,,
localoccupation,d808a08b06951bb88493bc92,essential,687671b5ebd2bf665349b5b4,,
localoccupation,d808a08b06951bb88493bc92,essential,687671b9ebd2bf665349bdf9,,
localoccupation,d808a08b06951bb88493bc92,essential,687671baebd2bf665349c9d2,,
localoccupation,d808a08b06951bb88493bc92,essential,687671bdebd2bf665349d06f,,
localoccupation,d808a08b06951bb88493bc92,essential,687671b9ebd2bf665349bba7,,
localoccupation,d808a08b06951bb88493bc92,essential,687671bdebd2bf665349d08b,,
localoccupation,d808a08b06951bb88493bc92,essential,687671b5ebd2bf665349ac4c,,
localoccupation,d808a08b06951bb88493bc92,essential,687671b9ebd2bf665349bd30,,
localoccupation,d808a08b06951bb88493bc92,essential,687671b5ebd2bf665349ac51,,
localoccupation,d808a08b06951bb88493bc92,essential,687671bdebd2bf665349d99d,,
localoccupation,d808a08b06951bb88493bc92,essential,687671baebd2bf665349c983,,
localoccupation,d808a08b06951bb88493bc92,essential,687671bdebd2bf665349d758,,
localoccupation,d808a08b06951bb88493bc92,essential,687671b9ebd2bf665349c21d,,
localoccupation,d808a08b06951bb88493bc92,essential,687671b5ebd2bf665349ae13,,
localoccupation,d808a08b06951bb88493bc92,essential,687671b5ebd2bf665349af9e,,
localoccupation,d808a08b06951bb88493bc92,essential,687671b5ebd2bf665349ad2e,,
localoccupation,d808a08b06951bb88493bc92,essential,687671baebd2bf665349c5d0,,
localoccupation,d808a08b06951bb88493bc92,essential,687671baebd2bf665349c700,,
localoccupation,d808a08b06951bb88493bc92,essential,687671bdebd2bf665349d7d5,,
localoccupation,d808a08b06951bb88493bc92,essential,687671b5ebd2bf665349b64e,,
localoccupation,d808a08b06951bb88493bc92,essential,687671b5ebd2bf665349b618,,
localoccupation,d808a08b06951bb88493bc92,essential,687671b5ebd2bf665349ad72,,
localoccupation,d808a08b06951bb88493bc92,essential,687671bdebd2bf665349d730,,
localoccupation,d808a08b06951bb88493bc92,essential,687671b5ebd2bf665349aa70,,
localoccupation,d808a08b06951bb88493bc92,essential,687671baebd2bf665349cd36,,
localoccupation,d808a08b06951bb88493bc92,essential,687671b5ebd2bf665349a92c,,
localoccupation,25654dc38394e45e35d61654,essential,687671bdebd2bf665349d81f,,
localoccupation,25654dc38394e45e35d61654,essential,687671baebd2bf665349cc04,,
localoccupation,25654dc38394e45e35d61654,essential,687671b5ebd2bf665349b6ef,,
localoccupation,25654dc38394e45e35d61654,essential,687671bdebd2bf665349d890,,
localoccupation,25654dc38394e45e35d61654,essential,687671b5ebd2bf665349af48,,
localoccupation,25654dc38394e45e35d61654,essential,687671baebd2bf665349c92f,,
localoccupation,25654dc38394e45e35d61654,essential,687671b5ebd2bf665349aaad,,
localoccupation,25654dc38394e45e35d61654,essential,687671b9ebd2bf665349bdb4,,
localoccupation,25654dc38394e45e35d61654,essential,687671b9ebd2bf665349c491,,
localoccupation,25654dc38394e45e35d61654,essential,687671baebd2bf665349cc19,,
localoccupation,25654dc38394e45e35d61654,essential,687671bdebd2bf665349d520,,
localoccupation,25654dc38394e45e35d61654,essential,687671bdebd2bf665349d8d8,,
localoccupation,25654dc38394e45e35d61654,essential,687671baebd2bf665349c908,,
localoccupation,25654dc38394e45e35d61654,essential,687671bdebd2bf665349d6c6,,
localoccupation,25654dc38394e45e35d61654,essential,687671bdebd2bf665349d675,,
localoccupation,25654dc38394e45e35d61654,essential,687671baebd2bf665349cc92,,
localoccupation,25654dc38394e45e35d61654,essential,687671b9ebd2bf665349be55,,
localoccupation,25654dc38394e45e35d61654,essential,687671bdebd2bf665349d6a5,,
localoccupation,25654dc38394e45e35d61654,essential,687671baebd2bf665349cc5f,,
localoccupation,25654dc38394e45e35d61654,essential,687671baebd2bf665349cc69,,
localoccupation,25654dc38394e45e35d61654,essential,687671b5ebd2bf665349b02c,,
localoccupation,25654dc38394e45e35d61654,essential,687671bdebd2bf665349d155,,
localoccupation,25654dc38394e45e35d61654,essential,687671b5ebd2bf665349b86c,,
localoccupation,25654dc38394e45e35d61654,essential,687671bdebd2bf665349d88e,,
localoccupation,25654dc38394e45e35d61654,essential,687671b9ebd2bf665349bb6a,,
localoccupation,25654dc38394e45e35d61654,essential,687671b9ebd2bf665349bc87,,
localoccupation,25654dc38394e45e35d61654,essential,687671b5ebd2bf665349b5c4,,
localoccupation,25654dc38394e45e35d61654,essential,687671bdebd2bf665349cd4e,,
localoccupation,25654dc38394e45e35d61654,essential,687671b9ebd2bf665349bf09,,
localoccupation,25654dc38394e45e35d61654,essential,687671bdebd2bf665349d4a3,,
localoccupation,25654dc38394e45e35d61654,essential,687671baebd2bf665349c4bc,,
localoccupation,25654dc38394e45e35d61654,essential,687671b9ebd2bf665349c3f1,,
localoccupation,25654dc38394e45e35d61654,essential,687671b5ebd2bf665349b536,,
localoccupation,25654dc38394e45e35d61654,essential,687671b4ebd2bf665349a78d,,
localoccupation,25654dc38394e45e35d61654,essential,687671b5ebd2bf665349ac51,,
localoccupation,25654dc38394e45e35d61654,essential,687671b5ebd2bf665349b0e4,,
localoccupation,25654dc38394e45e35d61654,essential,687671baebd2bf665349cb51,,
localoccupation,25654dc38394e45e35d61654,essential,687671bdebd2bf665349ce16,,
localoccupation,25654dc38394e45e35d61654,essential,687671bdebd2bf665349d695,,
localoccupation,25654dc38394e45e35d61654,essential,687671bdebd2bf665349cfc1,,
localoccupation,25654dc38394e45e35d61654,essential,687671b9ebd2bf665349c148,,
localoccupation,25654dc38394e45e35d61654,essential,687671b5ebd2bf665349a97e,,
localoccupation,25654dc38394e45e35d61654,essential,687671b9ebd2bf665349bfc9,,
localoccupation,25654dc38394e45e35d61654,essential,687671b5ebd2bf665349a92c,,
localoccupation,25654dc38394e45e35d61654,essential,687671bdebd2bf665349d4d6,,
localoccupation,25654dc38394e45e35d61654,essential,687671b5ebd2bf665349ab17,,
localoccupation,8e4f36cdc7ecf58c95594dd2,essential,687671b9ebd2bf665349c09c,,
localoccupation,8e4f36cdc7ecf58c95594dd2,essential,687671b5ebd2bf665349aff3,,
localoccupation,8e4f36cdc7ecf58c95594dd2,essential,687671b5ebd2bf665349aaed,,
localoccupation,8e4f36cdc7ecf58c95594dd2,essential,687671bdebd2bf665349d510,,
localoccupation,8e4f36cdc7ecf58c95594dd2,essential,687671baebd2bf665349c517,,
localoccupation,8e4f36cdc7ecf58c95594dd2,essential,687671b9ebd2bf665349ba42,,
localoccupation,8e4f36cdc7ecf58c95594dd2,essential,687671b5ebd2bf665349b8a1,,
localoccupation,8e4f36cdc7ecf58c95594dd2,essential,687671b5ebd2bf665349a8d2,,
localoccupation,8e4f36cdc7ecf58c95594dd2,essential,687671bdebd2bf665349d864,,
localoccupation,8e4f36cdc7ecf58c95594dd2,essential,687671b5ebd2bf665349b452,,
localoccupation,8e4f36cdc7ecf58c95594dd2,essential,687671bdebd2bf665349d2ce,,
localoccupation,8e4f36cdc7ecf58c95594dd2,essential,687671b9ebd2bf665349c305,,
localoccupation,8e4f36cdc7ecf58c95594dd2,essential,687671bdebd2bf665349d5f9,,
localoccupation,8e4f36cdc7ecf58c95594dd2,essential,687671b5ebd2bf665349b783,,
localoccupation,8e4f36cdc7ecf58c95594dd2,essential,687671b5ebd2bf665349b93d,,
localoccupation,8e4f36cdc7ecf58c95594dd2,essential,687671baebd2bf665349cc7f,,
localoccupation,8e4f36cdc7ecf58c95594dd2,essential,687671b4ebd2bf665349a643,,
localoccupation,8e4f36cdc7ecf58c95594dd2,essential,687671b9ebd2bf665349c321,,
localoccupation,8e4f36cdc7ecf58c95594dd2,essential,687671bdebd2bf665349d454,,
localoccupation,8e4f36cdc7ecf58c95594dd2,essential,687671bdebd2bf665349d583,,
localoccupation,8e4f36cdc7ecf58c95594dd2,essential,687671baebd2bf665349ca93,,
localoccupation,8e4f36cdc7ecf58c95594dd2,essential,687671bdebd2bf665349d1b1,,
localoccupation,8e4f36cdc7ecf58c95594dd2,essential,687671b5ebd2bf665349a841,,
localoccupation,8e4f36cdc7ecf58c95594dd2,essential,687671bdebd2bf665349d00b,,
localoccupation,8e4f36cdc7ecf58c95594dd2,essential,687671b9ebd2bf665349ba49,,
localoccupation,8e4f36cdc7ecf58c95594dd2,essential,687671b5ebd2bf665349b755,,
localoccupation,8e4f36cdc7ecf58c95594dd2,essential,687671bdebd2bf665349da07,,
localoccupation,8e4f36cdc7ecf58c95594dd2,essential,687671b9ebd2bf665349ba0c,,
localoccupation,8e4f36cdc7ecf58c95594dd2,essential,687671bdebd2bf665349cec7,,
localoccupation,8e4f36cdc7ecf58c95594dd2,essential,687671bdebd2bf665349d72c,,
localoccupation,8e4f36cdc7ecf58c95594dd2,essential,687671b5ebd2bf665349af72,,
localoccupation,8e4f36cdc7ecf58c95594dd2,essential,687671baebd2bf665349ca7a,,
localoccupation,8e4f36cdc7ecf58c95594dd2,essential,687671b5ebd2bf665349a96c,,
localoccupation,8e4f36cdc7ecf58c95594dd2,essential,687671b5ebd2bf665349b534,,
localoccupation,8e4f36cdc7ecf58c95594dd2,essential,687671b4ebd2bf665349a80e,,
localoccupation,8e4f36cdc7ecf58c95594dd2,essential,687671b4ebd2bf665349a7dd,,
localoccupation,8e4f36cdc7ecf58c95594dd2,essential,687671b9ebd2bf665349bb80,,
localoccupation,8e4f36cdc7ecf58c95594dd2,essential,687671beebd2bf665349dbde,,
localoccupation,8e4f36cdc7ecf58c95594dd2,essential,687671baebd2bf665349c9c3,,
localoccupation,8e4f36cdc7ecf58c95594dd2,essential,687671b5ebd2bf665349b006,,
localoccupation,8e4f36cdc7ecf58c95594dd2,essential,687671b9ebd2bf665349bca8,,
localoccupation,8e4f36cdc7ecf58c95594dd2,essential,687671bdebd2bf665349d112,,
localoccupation,8e4f36cdc7ecf58c95594dd2,essential,687671b9ebd2bf665349bbc7,,
localoccupation,8e4f36cdc7ecf58c95594dd2,essential,687671b9ebd2bf665349be02,,
localoccupation,8e4f36cdc7ecf58c95594dd2,essential,687671beebd2bf665349dc6f,,
localoccupation,8e4f36cdc7ecf58c95594dd2,essential,687671b5ebd2bf665349af40,,
localoccupation,8e4f36cdc7ecf58c95594dd2,essential,687671bdebd2bf665349d235,,
localoccupation,8e4f36cdc7ecf58c95594dd2,essential,687671b5ebd2bf665349b00e,,
localoccupation,8e4f36cdc7ecf58c95594dd2,essential,687671bdebd2bf665349d398,,
localoccupation,8e4f36cdc7ecf58c95594dd2,essential,687671b9ebd2bf665349be95,,
localoccupation,8e4f36cdc7ecf58c95594dd2,essential,687671b9ebd2bf665349bfe4,,
localoccupation,8e4f36cdc7ecf58c95594dd2,essential,687671bdebd2bf665349cd70,,
localoccupation,8e4f36cdc7ecf58c95594dd2,essential,687671bdebd2bf665349d037,,
localoccupation,8e4f36cdc7ecf58c95594dd2,essential,687671b5ebd2bf665349a966,,
localoccupation,8e4f36cdc7ecf58c95594dd2,essential,687671b5ebd2bf665349ad1c,,
localoccupation,8e4f36cdc7ecf58c95594dd2,essential,687671b9ebd2bf665349bb11,,
localoccupation,8e4f36cdc7ecf58c95594dd2,essential,687671b5ebd2bf665349b66f,,
localoccupation,fbdd8d8469318029f645902e,essential,687671baebd2bf665349c6ea,,
localoccupation,fbdd8d8469318029f645902e,essential,687671bdebd2bf665349d26d,,
localoccupation,fbdd8d8469318029f645902e,essential,687671b4ebd2bf665349a7fb,,
localoccupation,fbdd8d8469318029f645902e,essential,687671b5ebd2bf665349af12,,
localoccupation,fbdd8d8469318029f645902e,essential,687671b9ebd2bf665349c305,,
localoccupation,fbdd8d8469318029f645902e,essential,687671bdebd2bf665349d2d7,,
localoccupation,fbdd8d8469318029f645902e,essential,687671beebd2bf665349db57,,
localoccupation,fbdd8d8469318029f645902e,essential,687671b5ebd2bf665349ad56,,
localoccupation,fbdd8d8469318029f645902e,essential,687671b5ebd2bf665349b6ec,,
localoccupation,fbdd8d8469318029f645902e,essential,687671b9ebd2bf665349baad,,
localoccupation,fbdd8d8469318029f645902e,essential,687671b5ebd2bf665349abb0,,
localoccupation,fbdd8d8469318029f645902e,essential,687671bdebd2bf665349d583,,
localoccupation,fbdd8d8469318029f645902e,essential,687671bdebd2bf665349d63f,,
localoccupation,fbdd8d8469318029f645902e,essential,687671bdebd2bf665349ce6b,,
localoccupation,fbdd8d8469318029f645902e,essential,687671bdebd2bf665349d328,,
localoccupation,fbdd8d8469318029f645902e,essential,687671b5ebd2bf665349b14f,,
localoccupation,fbdd8d8469318029f645902e,essential,687671b5ebd2bf665349aff8,,
localoccupation,fbdd8d8469318029f645902e,essential,687671b5ebd2bf665349b223,,
localoccupation,fbdd8d8469318029f645902e,essential,687671baebd2bf665349c5ba,,
localoccupation,fbdd8d8469318029f645902e,essential,687671baebd2bf665349c4c7,,
localoccupation,fbdd8d8469318029f645902e,essential,687671b5ebd2bf665349af0c,,
localoccupation,fbdd8d8469318029f645902e,essential,687671b5ebd2bf665349b48a,,
localoccupation,fbdd8d8469318029f645902e,essential,687671b5ebd2bf665349b1f7,,
localoccupation,fbdd8d8469318029f645902e,essential,687671b9ebd2bf665349badf,,
localoccupation,fbdd8d8469318029f645902e,essential,687671b5ebd2bf665349b0b1,,
localoccupation,fbdd8d8469318029f645902e,essential,687671b9ebd2bf665349be58,,
localoccupation,fbdd8d8469318029f645902e,essential,687671b9ebd2bf665349c2fb,,
localoccupation,fbdd8d8469318029f645902e,essential,687671b5ebd2bf665349b468,,
localoccupation,fbdd8d8469318029f645902e,essential,687671b5ebd2bf665349a8af,,
localoccupation,fbdd8d8469318029f645902e,essential,687671baebd2bf665349cc49,,
localoccupation,fbdd8d8469318029f645902e,essential,687671b9ebd2bf665349c2e9,,
localoccupation,fbdd8d8469318029f645902e,essential,687671b5ebd2bf665349ab07,,
localoccupation,fbdd8d8469318029f645902e,essential,687671b9ebd2bf665349c46f,,
localoccupation,fbdd8d8469318029f645902e,essential,687671baebd2bf665349cbbd,,
localoccupation,fbdd8d8469318029f645902e,essential,687671b9ebd2bf665349bca8,,
localoccupation,fbdd8d8469318029f645902e,essential,687671b9ebd2bf665349bdbe,,
localoccupation,fbdd8d8469318029f645902e,essential,687671b5ebd2bf665349b96b,,
localoccupation,fbdd8d8469318029f645902e,essential,687671b9ebd2bf665349bc8d,,
localoccupation,fbdd8d8469318029f645902e,essential,687671baebd2bf665349c7e9,,
localoccupation,fbdd8d8469318029f645902e,essential,687671b9ebd2bf665349c3cb,,
localoccupation,fbdd8d8469318029f645902e,essential,687671b9ebd2bf665349c170,,
localoccupation,fbdd8d8469318029f645902e,essential,687671bdebd2bf665349ced5,,
localoccupation,fbdd8d8469318029f645902e,essential,687671baebd2bf665349cc41,,
localoccupation,fbdd8d8469318029f645902e,essential,687671b5ebd2bf665349b486,,
localoccupation,fbdd8d8469318029f645902e,essential,687671b5ebd2bf665349b21f,,
localoccupation,fbdd8d8469318029f645902e,essential,687671b9ebd2bf665349b9e6,,
localoccupation,fbdd8d8469318029f645902e,essential,687671bdebd2bf665349d037,,
localoccupation,fbdd8d8469318029f645902e,essential,687671bdebd2bf665349d166,,
localoccupation,fbdd8d8469318029f645902e,essential,687671b9ebd2bf665349bd14,,
localoccupation,fbdd8d8469318029f645902e,essential,687671b9ebd2bf665349bb11,,
localoccupation,fbdd8d8469318029f645902e,essential,687671b5ebd2bf665349b66f,,
localoccupation,1303e7179be03d541633706d,essential,687671bdebd2bf665349cfbf,,
localoccupation,1303e7179be03d541633706d,essential,687671b9ebd2bf665349c32f,,
localoccupation,1303e7179be03d541633706d,essential,687671b5ebd2bf665349b221,,
localoccupation,1303e7179be03d541633706d,essential,687671b5ebd2bf665349b1d9,,
localoccupation,1303e7179be03d541633706d,essential,687671b9ebd2bf665349bbb3,,
localoccupation,1303e7179be03d541633706d,essential,687671b5ebd2bf665349aded,,
localoccupation,1303e7179be03d541633706d,essential,687671baebd2bf665349c892,,
localoccupation,1303e7179be03d541633706d,essential,687671bdebd2bf665349d4b1,,
localoccupation,1303e7179be03d541633706d,essential,687671b5ebd2bf665349b752,,
localoccupation,1303e7179be03d541633706d,essential,687671baebd2bf665349c922,,
localoccupation,1303e7179be03d541633706d,essential,687671b9ebd2bf665349c423,,
localoccupation,1303e7179be03d541633706d,essential,687671bdebd2bf665349cece,,
localoccupation,1303e7179be03d541633706d,essential,687671bdebd2bf665349d10c,,
localoccupation,1303e7179be03d541633706d,essential,687671b5ebd2bf665349b813,,
localoccupation,1303e7179be03d541633706d,essential,687671bdebd2bf665349d485,,
localoccupation,1303e7179be03d541633706d,essential,687671b9ebd2bf665349bc88,,
localoccupation,1303e7179be03d541633706d,essential,687671bdebd2bf665349d633,,
localoccupation,1303e7179be03d541633706d,essential,687671bdebd2bf665349d505,,
localoccupation,1303e7179be03d541633706d,essential,687671bdebd2bf665349d97e,,
localoccupation,1303e7179be03d541633706d,essential,687671bdebd2bf665349d455,,
localoccupation,1303e7179be03d541633706d,essential,687671b9ebd2bf665349bc98,,
localoccupation,1303e7179be03d541633706d,essential,687671bdebd2bf665349d8e2,,
localoccupation,1303e7179be03d541633706d,essential,687671baebd2bf665349caf3,,
localoccupation,1303e7179be03d541633706d,essential,687671b9ebd2bf665349bf83,,
localoccupation,1303e7179be03d541633706d,essential,687671b5ebd2bf665349b751,,
localoccupation,1303e7179be03d541633706d,essential,687671b5ebd2bf665349b33a,,
localoccupation,1303e7179be03d541633706d,essential,687671b5ebd2bf665349b890,,
localoccupation,1303e7179be03d541633706d,essential,687671b4ebd2bf665349a68f,,
localoccupation,1303e7179be03d541633706d,essential,687671baebd2bf665349c570,,
localoccupation,1303e7179be03d541633706d,essential,687671b9ebd2bf665349bfdd,,
localoccupation,1303e7179be03d541633706d,essential,687671b9ebd2bf665349bc2f,,
localoccupation,1303e7179be03d541633706d,essential,687671baebd2bf665349c808,,
localoccupation,1303e7179be03d541633706d,essential,687671b9ebd2bf665349bf99,,
localoccupation,1303e7179be03d541633706d,essential,687671b5ebd2bf665349b663,,
localoccupation,1303e7179be03d541633706d,essential,687671b5ebd2bf665349ae90,,
localoccupation,1303e7179be03d541633706d,essential,687671b9ebd2bf665349bc2a,,
localoccupation,1303e7179be03d541633706d,essential,687671b5ebd2bf665349b07d,,
localoccupation,1303e7179be03d541633706d,essential,687671b9ebd2bf665349c2b8,,
localoccupation,1303e7179be03d541633706d,essential,687671bdebd2bf665349d492,,
localoccupation,1303e7179be03d541633706d,essential,687671b5ebd2bf665349b29c,,
localoccupation,1303e7179be03d541633706d,essential,687671b5ebd2bf665349b8c8,,
localoccupation,1303e7179be03d541633706d,essential,687671b9ebd2bf665349bf16,,
localoccupation,1303e7179be03d541633706d,essential,687671b5ebd2bf665349b442,,
localoccupation,1303e7179be03d541633706d,essential,687671bdebd2bf665349d4c2,,
localoccupation,1303e7179be03d541633706d,essential,687671b9ebd2bf665349c386,,
localoccupation,1303e7179be03d541633706d,essential,687671b5ebd2bf665349affc,,
localoccupation,1303e7179be03d541633706d,essential,687671b4ebd2bf665349a703,,
localoccupation,1303e7179be03d541633706d,essential,687671b9ebd2bf665349bdcb,,
localoccupation,1303e7179be03d541633706d,essential,687671b9ebd2bf665349c452,,
localoccupation,1303e7179be03d541633706d,essential,687671b5ebd2bf665349b3c1,,
localoccupation,1303e7179be03d541633706d,essential,687671baebd2bf665349c7a6,,
localoccupation,1303e7179be03d541633706d,essential,687671b5ebd2bf665349b563,,
localoccupation,1303e7179be03d541633706d,essential,687671b9ebd2bf665349bc1a,,
localoccupation,1303e7179be03d541633706d,essential,687671baebd2bf665349c9ab,,
localoccupation,1303e7179be03d541633706d,essential,687671b5ebd2bf665349aba7,,
localoccupation,1303e7179be03d541633706d,essential,687671b9ebd2bf665349c017,,
localoccupation,1303e7179be03d541633706d,essential,687671baebd2bf665349cc9b,,
localoccupation,1303e7179be03d541633706d,essential,687671b9ebd2bf665349c3b8,,
localoccupation,19f6ad5c03b1d2619e4e484b,essential,687671b9ebd2bf665349c22b,,
localoccupation,19f6ad5c03b1d2619e4e484b,essential,687671beebd2bf665349dc13,,
localoccupation,19f6ad5c03b1d2619e4e484b,essential,687671baebd2bf665349ca3b,,
localoccupation,19f6ad5c03b1d2619e4e484b,essential,687671b5ebd2bf665349ae5b,,
localoccupation,19f6ad5c03b1d2619e4e484b,essential,687671bdebd2bf665349d7d7,,
localoccupation,19f6ad5c03b1d2619e4e484b,essential,687671b9ebd2bf665349bb7c,,
localoccupation,19f6ad5c03b1d2619e4e484b,essential,687671baebd2bf665349c6fc,,
localoccupation,19f6ad5c03b1d2619e4e484b,essential,687671bdebd2bf665349d8dd,,
localoccupation,19f6ad5c03b1d2619e4e484b,essential,687671b9ebd2bf665349bafc,,
localoccupation,19f6ad5c03b1d2619e4e484b,essential,687671bdebd2bf665349d984,,
localoccupation,19f6ad5c03b1d2619e4e484b,essential,687671bdebd2bf665349d633,,
localoccupation,19f6ad5c03b1d2619e4e484b,essential,687671bdebd2bf665349da45,,
localoccupation,19f6ad5c03b1d2619e4e484b,essential,687671bdebd2bf665349d0ce,,
localoccupation,19f6ad5c03b1d2619e4e484b,essential,687671baebd2bf665349c8d1,,
localoccupation,19f6ad5c03b1d2619e4e484b,essential,687671b5ebd2bf665349ab76,,
localoccupation,19f6ad5c03b1d2619e4e484b,essential,687671baebd2bf665349c773,,
localoccupation,19f6ad5c03b1d2619e4e484b,essential,687671b5ebd2bf665349aa46,,
localoccupation,19f6ad5c03b1d2619e4e484b,essential,687671b5ebd2bf665349ab85,,
localoccupation,19f6ad5c03b1d2619e4e484b,essential,687671baebd2bf665349c899,,
localoccupation,19f6ad5c03b1d2619e4e484b,essential,687671b5ebd2bf665349abb0,,
localoccupation,19f6ad5c03b1d2619e4e484b,essential,687671bdebd2bf665349d1b1,,
localoccupation,19f6ad5c03b1d2619e4e484b,essential,687671b5ebd2bf665349b751,,
localoccupation,19f6ad5c03b1d2619e4e484b,essential,687671b9ebd2bf665349bb3b,,
localoccupation,19f6ad5c03b1d2619e4e484b,essential,687671b5ebd2bf665349b890,,
localoccupation,19f6ad5c03b1d2619e4e484b,essential,687671b5ebd2bf665349b069,,
localoccupation,19f6ad5c03b1d2619e4e484b,essential,687671baebd2bf665349c570,,
localoccupation,19f6ad5c03b1d2619e4e484b,essential,687671b5ebd2bf665349ab4e,,
localoccupation,19f6ad5c03b1d2619e4e484b,essential,687671baebd2bf665349c747,,
localoccupation,19f6ad5c03b1d2619e4e484b,essential,687671b9ebd2bf665349c145,,
localoccupation,19f6ad5c03b1d2619e4e484b,essential,687671bdebd2bf665349d683,,
localoccupation,19f6ad5c03b1d2619e4e484b,essential,687671b5ebd2bf665349b709,,
localoccupation,19f6ad5c03b1d2619e4e484b,essential,687671b5ebd2bf665349b19f,,
localoccupation,19f6ad5c03b1d2619e4e484b,essential,687671b5ebd2bf665349a8ca,,
localoccupation,19f6ad5c03b1d2619e4e484b,essential,687671baebd2bf665349c697,,
localoccupation,19f6ad5c03b1d2619e4e484b,essential,687671b5ebd2bf665349b893,,
localoccupation,19f6ad5c03b1d2619e4e484b,essential,687671bdebd2bf665349d95b,,
localoccupation,19f6ad5c03b1d2619e4e484b,essential,687671baebd2bf665349c8af,,
localoccupation,19f6ad5c03b1d2619e4e484b,essential,687671bdebd2bf665349d9a6,,
localoccupation,19f6ad5c03b1d2619e4e484b,essential,687671bdebd2bf665349cd72,,
localoccupation,19f6ad5c03b1d2619e4e484b,essential,687671bdebd2bf665349d943,,
localoccupation,19f6ad5c03b1d2619e4e484b,essential,687671b9ebd2bf665349bfcc,,
localoccupation,19f6ad5c03b1d2619e4e484b,essential,687671b9ebd2bf665349bd20,,
localoccupation,19f6ad5c03b1d2619e4e484b,essential,687671b5ebd2bf665349b6db,,
localoccupation,19f6ad5c03b1d2619e4e484b,essential,687671b5ebd2bf665349b442,,
localoccupation,19f6ad5c03b1d2619e4e484b,essential,687671baebd2bf665349cbf9,,
localoccupation,19f6ad5c03b1d2619e4e484b,essential,687671b9ebd2bf665349bddd,,
localoccupation,19f6ad5c03b1d2619e4e484b,essential,687671bdebd2bf665349d4c2,,
localoccupation,19f6ad5c03b1d2619e4e484b,essential,687671b9ebd2bf665349c0f1,,
localoccupation,19f6ad5c03b1d2619e4e484b,essential,687671b5ebd2bf665349b7c0,,
localoccupation,19f6ad5c03b1d2619e4e484b,essential,687671b9ebd2bf665349c452,,
localoccupation,19f6ad5c03b1d2619e4e484b,essential,687671b5ebd2bf665349aba7,,
localoccupation,19f6ad5c03b1d2619e4e484b,essential,687671b5ebd2bf665349ad4a,,
localoccupation,19f6ad5c03b1d2619e4e484b,essential,687671b9ebd2bf665349bb11,,
localoccupation,19f6ad5c03b1d2619e4e484b,essential,687671b5ebd2bf665349b3da,,
localoccupation,19f6ad5c03b1d2619e4e484b,essential,687671b9ebd2bf665349c171,,
localoccupation,19f6ad5c03b1d2619e4e484b,essential,687671b5ebd2bf665349aaae,,
localoccupation,19f6ad5c03b1d2619e4e484b,essential,687671bdebd2bf665349d129,,
localoccupation,19f6ad5c03b1d2619e4e484b,essential,687671b5ebd2bf665349b66f,,
localoccupation,19f6ad5c03b1d2619e4e484b,essential,687671b5ebd2bf665349af4d,,
localoccupation,af0df24f6f48120bdb8d2a90,essential,687671bdebd2bf665349cd78,,
localoccupation,af0df24f6f48120bdb8d2a90,essential,687671beebd2bf665349dc13,,
localoccupation,af0df24f6f48120bdb8d2a90,essential,687671baebd2bf665349ca3b,,
localoccupation,af0df24f6f48120bdb8d2a90,essential,687671b5ebd2bf665349b63f,,
localoccupation,af0df24f6f48120bdb8d2a90,essential,687671baebd2bf665349c572,,
localoccupation,af0df24f6f48120bdb8d2a90,essential,687671b5ebd2bf665349b0d1,,
localoccupation,af0df24f6f48120bdb8d2a90,essential,687671bdebd2bf665349d32b,,
localoccupation,af0df24f6f48120bdb8d2a90,essential,687671b5ebd2bf665349b0f5,,
localoccupation,af0df24f6f48120bdb8d2a90,essential,687671b4ebd2bf665349a7d2,,
localoccupation,af0df24f6f48120bdb8d2a90,essential,687671bdebd2bf665349d8dd,,
localoccupation,af0df24f6f48120bdb8d2a90,essential,687671bdebd2bf665349d984,,
localoccupation,af0df24f6f48120bdb8d2a90,essential,687671bdebd2bf665349d633,,
localoccupation,af0df24f6f48120bdb8d2a90,essential,687671bdebd2bf665349d0ce,,
localoccupation,af0df24f6f48120bdb8d2a90,essential,687671baebd2bf665349c8d1,,
localoccupation,af0df24f6f48120bdb8d2a90,essential,687671baebd2bf665349c773,,
localoccupation,af0df24f6f48120bdb8d2a90,essential,687671b4ebd2bf665349a74e,,
localoccupation,af0df24f6f48120bdb8d2a90,essential,687671b5ebd2bf665349b7b2,,
localoccupation,af0df24f6f48120bdb8d2a90,essential,687671b5ebd2bf665349adc8,,
localoccupation,af0df24f6f48120bdb8d2a90,essential,687671b5ebd2bf665349aa46,,
localoccupation,af0df24f6f48120bdb8d2a90,essential,687671b5ebd2bf665349ab85,,
localoccupation,af0df24f6f48120bdb8d2a90,essential,687671b5ebd2bf665349abb0,,
localoccupation,af0df24f6f48120bdb8d2a90,essential,687671bdebd2bf665349d1b1,,
localoccupation,af0df24f6f48120bdb8d2a90,essential,687671b5ebd2bf665349b751,,
localoccupation,af0df24f6f48120bdb8d2a90,essential,687671b9ebd2bf665349bb3b,,
localoccupation,af0df24f6f48120bdb8d2a90,essential,687671b5ebd2bf665349b76c,,
localoccupation,af0df24f6f48120bdb8d2a90,essential,687671bdebd2bf665349d407,,
localoccupation,af0df24f6f48120bdb8d2a90,essential,687671b5ebd2bf665349b097,,
localoccupation,af0df24f6f48120bdb8d2a90,essential,687671b5ebd2bf665349ab4e,,
localoccupation,af0df24f6f48120bdb8d2a90,essential,687671baebd2bf665349c747,,
localoccupation,af0df24f6f48120bdb8d2a90,essential,687671b9ebd2bf665349c145,,
localoccupation,af0df24f6f48120bdb8d2a90,essential,687671bdebd2bf665349d683,,
localoccupation,af0df24f6f48120bdb8d2a90,essential,687671bdebd2bf665349d2d1,,
localoccupation,af0df24f6f48120bdb8d2a90,essential,687671b5ebd2bf665349b041,,
localoccupation,af0df24f6f48120bdb8d2a90,essential,687671b5ebd2bf665349b709,,
localoccupation,af0df24f6f48120bdb8d2a90,essential,687671baebd2bf665349ccb9,,
localoccupation,af0df24f6f48120bdb8d2a90,essential,687671b5ebd2bf665349b19f,,
localoccupation,af0df24f6f48120bdb8d2a90,essential,687671b5ebd2bf665349b893,,
localoccupation,af0df24f6f48120bdb8d2a90,essential,687671baebd2bf665349c906,,
localoccupation,af0df24f6f48120bdb8d2a90,essential,687671b5ebd2bf665349ac7b,,
localoccupation,af0df24f6f48120bdb8d2a90,essential,687671bdebd2bf665349d95b,,
localoccupation,af0df24f6f48120bdb8d2a90,essential,687671baebd2bf665349c8af,,
localoccupation,af0df24f6f48120bdb8d2a90,essential,687671baebd2bf665349c4d5,,
localoccupation,af0df24f6f48120bdb8d2a90,essential,687671bdebd2bf665349d9a6,,
localoccupation,af0df24f6f48120bdb8d2a90,essential,687671bdebd2bf665349cd72,,
localoccupation,af0df24f6f48120bdb8d2a90,essential,687671b9ebd2bf665349bb97,,
localoccupation,af0df24f6f48120bdb8d2a90,essential,687671b5ebd2bf665349b442,,
localoccupation,af0df24f6f48120bdb8d2a90,essential,687671b9ebd2bf665349bddd,,
localoccupation,af0df24f6f48120bdb8d2a90,essential,687671bdebd2bf665349d4c2,,
localoccupation,af0df24f6f48120bdb8d2a90,essential,687671b5ebd2bf665349b7c0,,
localoccupation,af0df24f6f48120bdb8d2a90,essential,687671b9ebd2bf665349c452,,
localoccupation,af0df24f6f48120bdb8d2a90,essential,687671b5ebd2bf665349b3c1,,
localoccupation,af0df24f6f48120bdb8d2a90,essential,687671baebd2bf665349c5aa,,
localoccupation,af0df24f6f48120bdb8d2a90,essential,687671b9ebd2bf665349bb11,,
localoccupation,af0df24f6f48120bdb8d2a90,essential,687671b5ebd2bf665349b3da,,
localoccupation,af0df24f6f48120bdb8d2a90,essential,687671b5ebd2bf665349b66f,,
localoccupation,a168ae2988ec04bdd4ddcab5,essential,687671bdebd2bf665349cee1,,
localoccupation,a168ae2988ec04bdd4ddcab5,essential,687671b5ebd2bf665349b1b2,,
localoccupation,a168ae2988ec04bdd4ddcab5,essential,687671b9ebd2bf665349bdcc,,
localoccupation,a168ae2988ec04bdd4ddcab5,essential,687671b9ebd2bf665349bb8b,,
localoccupation,a168ae2988ec04bdd4ddcab5,essential,687671b9ebd2bf665349bb29,,
localoccupation,a168ae2988ec04bdd4ddcab5,essential,687671b9ebd2bf665349bb92,,
localoccupation,a168ae2988ec04bdd4ddcab5,essential,687671bdebd2bf665349d0a0,,
localoccupation,a168ae2988ec04bdd4ddcab5,essential,687671b9ebd2bf665349bcca,,
localoccupation,a168ae2988ec04bdd4ddcab5,essential,687671bdebd2bf665349d8b0,,
localoccupation,a168ae2988ec04bdd4ddcab5,essential,687671b5ebd2bf665349b1d9,,
localoccupation,a168ae2988ec04bdd4ddcab5,essential,687671b5ebd2bf665349b4e1,,
localoccupation,a168ae2988ec04bdd4ddcab5,essential,687671b5ebd2bf665349ae4a,,
localoccupation,a168ae2988ec04bdd4ddcab5,essential,687671b9ebd2bf665349c423,,
localoccupation,a168ae2988ec04bdd4ddcab5,essential,687671b5ebd2bf665349b06e,,
localoccupation,a168ae2988ec04bdd4ddcab5,essential,687671bdebd2bf665349d543,,
localoccupation,a168ae2988ec04bdd4ddcab5,essential,687671bdebd2bf665349d10c,,
localoccupation,a168ae2988ec04bdd4ddcab5,essential,687671b5ebd2bf665349b661,,
localoccupation,a168ae2988ec04bdd4ddcab5,essential,687671bdebd2bf665349d485,,
localoccupation,a168ae2988ec04bdd4ddcab5,essential,687671bdebd2bf665349cffd,,
localoccupation,a168ae2988ec04bdd4ddcab5,essential,687671bdebd2bf665349ceb1,,
localoccupation,a168ae2988ec04bdd4ddcab5,essential,687671baebd2bf665349ca24,,
localoccupation,a168ae2988ec04bdd4ddcab5,essential,687671beebd2bf665349db98,,
localoccupation,a168ae2988ec04bdd4ddcab5,essential,687671b5ebd2bf665349ace3,,
localoccupation,a168ae2988ec04bdd4ddcab5,essential,687671b9ebd2bf665349bf32,,
localoccupation,a168ae2988ec04bdd4ddcab5,essential,687671bdebd2bf665349d8dd,,
localoccupation,a168ae2988ec04bdd4ddcab5,essential,687671b9ebd2bf665349bc88,,
localoccupation,a168ae2988ec04bdd4ddcab5,essential,687671b5ebd2bf665349ac02,,
localoccupation,a168ae2988ec04bdd4ddcab5,essential,687671b9ebd2bf665349bc98,,
localoccupation,a168ae2988ec04bdd4ddcab5,essential,687671bdebd2bf665349cdaf,,
localoccupation,a168ae2988ec04bdd4ddcab5,essential,687671bdebd2bf665349d654,,
localoccupation,a168ae2988ec04bdd4ddcab5,essential,687671baebd2bf665349ca02,,
localoccupation,a168ae2988ec04bdd4ddcab5,essential,687671bdebd2bf665349da4a,,
localoccupation,a168ae2988ec04bdd4ddcab5,essential,687671bdebd2bf665349d8e2,,
localoccupation,a168ae2988ec04bdd4ddcab5,essential,687671b9ebd2bf665349bf83,,
localoccupation,a168ae2988ec04bdd4ddcab5,essential,687671b5ebd2bf665349b0cc,,
localoccupation,a168ae2988ec04bdd4ddcab5,essential,687671b5ebd2bf665349a926,,
localoccupation,a168ae2988ec04bdd4ddcab5,essential,687671b5ebd2bf665349abd7,,
localoccupation,a168ae2988ec04bdd4ddcab5,essential,687671baebd2bf665349c570,,
localoccupation,a168ae2988ec04bdd4ddcab5,essential,687671b9ebd2bf665349c168,,
localoccupation,a168ae2988ec04bdd4ddcab5,essential,687671bdebd2bf665349d0a6,,
localoccupation,a168ae2988ec04bdd4ddcab5,essential,687671b5ebd2bf665349ad26,,
localoccupation,a168ae2988ec04bdd4ddcab5,essential,687671b9ebd2bf665349bfdd,,
localoccupation,a168ae2988ec04bdd4ddcab5,essential,687671b5ebd2bf665349b8e5,,
localoccupation,a168ae2988ec04bdd4ddcab5,essential,687671b9ebd2bf665349c2b8,,
localoccupation,a168ae2988ec04bdd4ddcab5,essential,687671bdebd2bf665349d554,,
localoccupation,a168ae2988ec04bdd4ddcab5,essential,687671b9ebd2bf665349c46f,,
localoccupation,a168ae2988ec04bdd4ddcab5,essential,687671b5ebd2bf665349ab9e,,
localoccupation,a168ae2988ec04bdd4ddcab5,essential,687671b5ebd2bf665349b738,,
localoccupation,a168ae2988ec04bdd4ddcab5,essential,687671b5ebd2bf665349b8c8,,
localoccupation,a168ae2988ec04bdd4ddcab5,essential,687671b9ebd2bf665349c219,,
localoccupation,a168ae2988ec04bdd4ddcab5,essential,687671bdebd2bf665349d25d,,
localoccupation,a168ae2988ec04bdd4ddcab5,essential,687671b5ebd2bf665349ae00,,
localoccupation,a168ae2988ec04bdd4ddcab5,essential,687671b9ebd2bf665349c386,,
localoccupation,a168ae2988ec04bdd4ddcab5,essential,687671b5ebd2bf665349b3c1,,
localoccupation,a168ae2988ec04bdd4ddcab5,essential,687671baebd2bf665349c7a6,,
localoccupation,a168ae2988ec04bdd4ddcab5,essential,687671b9ebd2bf665349c0bf,,
localoccupation,a168ae2988ec04bdd4ddcab5,essential,687671b4ebd2bf665349a6ca,,
localoccupation,a168ae2988ec04bdd4ddcab5,essential,687671b5ebd2bf665349aba7,,
localoccupation,a168ae2988ec04bdd4ddcab5,essential,687671b9ebd2bf665349c017,,
localoccupation,a168ae2988ec04bdd4ddcab5,essential,687671baebd2bf665349cd0e,,
localoccupation,5bfaa2b274354aca23684af0,essential,687671b9ebd2bf665349bb92,,
localoccupation,5bfaa2b274354aca23684af0,essential,687671b5ebd2bf665349a95c,,
localoccupation,5bfaa2b274354aca23684af0,essential,687671b9ebd2bf665349ba5c,,
localoccupation,5bfaa2b274354aca23684af0,essential,687671baebd2bf665349c4ab,,
localoccupation,5bfaa2b274354aca23684af0,essential,687671bdebd2bf665349cf23,,
localoccupation,5bfaa2b274354aca23684af0,essential,687671b5ebd2bf665349b1d9,,
localoccupation,5bfaa2b274354aca23684af0,essential,687671b9ebd2bf665349bbb3,,
localoccupation,5bfaa2b274354aca23684af0,essential,687671b5ebd2bf665349b752,,
localoccupation,5bfaa2b274354aca23684af0,essential,687671bdebd2bf665349d10c,,
localoccupation,5bfaa2b274354aca23684af0,essential,687671bdebd2bf665349d6e5,,
localoccupation,5bfaa2b274354aca23684af0,essential,687671b9ebd2bf665349c1e8,,
localoccupation,5bfaa2b274354aca23684af0,essential,687671b9ebd2bf665349c449,,
localoccupation,5bfaa2b274354aca23684af0,essential,687671bdebd2bf665349ceb1,,
localoccupation,5bfaa2b274354aca23684af0,essential,687671b5ebd2bf665349aafd,,
localoccupation,5bfaa2b274354aca23684af0,essential,687671b5ebd2bf665349b538,,
localoccupation,5bfaa2b274354aca23684af0,essential,687671b5ebd2bf665349ac02,,
localoccupation,5bfaa2b274354aca23684af0,essential,687671b5ebd2bf665349ae3b,,
localoccupation,5bfaa2b274354aca23684af0,essential,687671b9ebd2bf665349bc98,,
localoccupation,5bfaa2b274354aca23684af0,essential,687671b5ebd2bf665349abb0,,
localoccupation,5bfaa2b274354aca23684af0,essential,687671bdebd2bf665349d1b1,,
localoccupation,5bfaa2b274354aca23684af0,essential,687671bdebd2bf665349da4a,,
localoccupation,5bfaa2b274354aca23684af0,essential,687671b5ebd2bf665349b555,,
localoccupation,5bfaa2b274354aca23684af0,essential,687671b9ebd2bf665349bf83,,
localoccupation,5bfaa2b274354aca23684af0,essential,687671b5ebd2bf665349aec1,,
localoccupation,5bfaa2b274354aca23684af0,essential,687671b9ebd2bf665349bd6d,,
localoccupation,5bfaa2b274354aca23684af0,essential,687671b5ebd2bf665349b751,,
localoccupation,5bfaa2b274354aca23684af0,essential,687671b5ebd2bf665349b890,,
localoccupation,5bfaa2b274354aca23684af0,essential,687671b5ebd2bf665349b0cc,,
localoccupation,5bfaa2b274354aca23684af0,essential,687671b5ebd2bf665349a926,,
localoccupation,5bfaa2b274354aca23684af0,essential,687671b4ebd2bf665349a68f,,
localoccupation,5bfaa2b274354aca23684af0,essential,687671baebd2bf665349c4c7,,
localoccupation,5bfaa2b274354aca23684af0,essential,687671b5ebd2bf665349b8eb,,
localoccupation,5bfaa2b274354aca23684af0,essential,687671baebd2bf665349c4b0,,
localoccupation,5bfaa2b274354aca23684af0,essential,687671b9ebd2bf665349bfb3,,
localoccupation,5bfaa2b274354aca23684af0,essential,687671bdebd2bf665349d107,,
localoccupation,5bfaa2b274354aca23684af0,essential,687671baebd2bf665349cbe7,,
localoccupation,5bfaa2b274354aca23684af0,essential,687671b5ebd2bf665349ad26,,
localoccupation,5bfaa2b274354aca23684af0,essential,687671b9ebd2bf665349bc2f,,
localoccupation,5bfaa2b274354aca23684af0,essential,687671b5ebd2bf665349b9af,,
localoccupation,5bfaa2b274354aca23684af0,essential,687671b9ebd2bf665349bc2a,,
localoccupation,5bfaa2b274354aca23684af0,essential,687671baebd2bf665349caaf,,
localoccupation,5bfaa2b274354aca23684af0,essential,687671bdebd2bf665349d869,,
localoccupation,5bfaa2b274354aca23684af0,essential,687671bdebd2bf665349d033,,
localoccupation,5bfaa2b274354aca23684af0,essential,687671b9ebd2bf665349c46f,,
localoccupation,5bfaa2b274354aca23684af0,essential,687671baebd2bf665349c626,,
localoccupation,5bfaa2b274354aca23684af0,essential,687671b5ebd2bf665349b8c8,,
localoccupation,5bfaa2b274354aca23684af0,essential,687671baebd2bf665349c4c6,,
localoccupation,5bfaa2b274354aca23684af0,essential,687671b9ebd2bf665349bdbe,,
localoccupation,5bfaa2b274354aca23684af0,essential,687671beebd2bf665349dc0e,,
localoccupation,5bfaa2b274354aca23684af0,essential,687671baebd2bf665349c7e9,,
localoccupation,5bfaa2b274354aca23684af0,essential,687671b4ebd2bf665349a703,,
localoccupation,5bfaa2b274354aca23684af0,essential,687671bdebd2bf665349d9e8,,
localoccupation,5bfaa2b274354aca23684af0,essential,687671b5ebd2bf665349b7a3,,
localoccupation,5bfaa2b274354aca23684af0,essential,687671b9ebd2bf665349b9e6,,
localoccupation,5bfaa2b274354aca23684af0,essential,687671baebd2bf665349ca4f,,
localoccupation,5bfaa2b274354aca23684af0,essential,687671b5ebd2bf665349b650,,
localoccupation,5bfaa2b274354aca23684af0,essential,687671bdebd2bf665349cfdb,,
localoccupation,5bfaa2b274354aca23684af0,essential,687671baebd2bf665349cc9b,,
localoccupation,8178bbab41326b1d6206cbf8,essential,687671baebd2bf665349c6e7,,
localoccupation,8178bbab41326b1d6206cbf8,essential,687671baebd2bf665349cb95,,
localoccupation,8178bbab41326b1d6206cbf8,essential,687671b5ebd2bf665349acdc,,
localoccupation,8178bbab41326b1d6206cbf8,essential,687671b5ebd2bf665349b84d,,
localoccupation,8178bbab41326b1d6206cbf8,essential,687671baebd2bf665349c92f,,
localoccupation,8178bbab41326b1d6206cbf8,essential,687671b5ebd2bf665349af74,,
localoccupation,8178bbab41326b1d6206cbf8,essential,687671b5ebd2bf665349a90d,,
localoccupation,8178bbab41326b1d6206cbf8,essential,687671baebd2bf665349cb03,,
localoccupation,8178bbab41326b1d6206cbf8,essential,687671b9ebd2bf665349bfb2,,
localoccupation,8178bbab41326b1d6206cbf8,essential,687671b5ebd2bf665349b410,,
localoccupation,8178bbab41326b1d6206cbf8,essential,687671bdebd2bf665349d73f,,
localoccupation,8178bbab41326b1d6206cbf8,essential,687671b4ebd2bf665349a6b3,,
localoccupation,8178bbab41326b1d6206cbf8,essential,687671b9ebd2bf665349c346,,
localoccupation,8178bbab41326b1d6206cbf8,essential,687671b9ebd2bf665349c139,,
localoccupation,8178bbab41326b1d6206cbf8,essential,687671b9ebd2bf665349c0ea,,
localoccupation,8178bbab41326b1d6206cbf8,essential,687671bdebd2bf665349d4eb,,
localoccupation,8178bbab41326b1d6206cbf8,essential,687671baebd2bf665349cb6f,,
localoccupation,8178bbab41326b1d6206cbf8,essential,687671bdebd2bf665349d4c1,,
localoccupation,8178bbab41326b1d6206cbf8,essential,687671bdebd2bf665349d1b1,,
localoccupation,8178bbab41326b1d6206cbf8,essential,687671b5ebd2bf665349b4a3,,
localoccupation,8178bbab41326b1d6206cbf8,essential,687671b5ebd2bf665349b751,,
localoccupation,8178bbab41326b1d6206cbf8,essential,687671baebd2bf665349cd2c,,
localoccupation,8178bbab41326b1d6206cbf8,essential,687671b5ebd2bf665349b793,,
localoccupation,8178bbab41326b1d6206cbf8,essential,687671b9ebd2bf665349c355,,
localoccupation,8178bbab41326b1d6206cbf8,essential,687671bdebd2bf665349d3bf,,
localoccupation,8178bbab41326b1d6206cbf8,essential,687671baebd2bf665349c7de,,
localoccupation,8178bbab41326b1d6206cbf8,essential,687671baebd2bf665349c7bd,,
localoccupation,8178bbab41326b1d6206cbf8,essential,687671b5ebd2bf665349b4b8,,
localoccupation,8178bbab41326b1d6206cbf8,essential,687671bdebd2bf665349d1c5,,
localoccupation,8178bbab41326b1d6206cbf8,essential,687671b9ebd2bf665349bce5,,
localoccupation,8178bbab41326b1d6206cbf8,essential,687671b5ebd2bf665349b684,,
localoccupation,8178bbab41326b1d6206cbf8,essential,687671b4ebd2bf665349a7db,,
localoccupation,8178bbab41326b1d6206cbf8,essential,687671baebd2bf665349c9a6,,
localoccupation,8178bbab41326b1d6206cbf8,essential,687671baebd2bf665349c608,,
localoccupation,8178bbab41326b1d6206cbf8,essential,687671b9ebd2bf665349bc44,,
localoccupation,8178bbab41326b1d6206cbf8,essential,687671b9ebd2bf665349c225,,
localoccupation,8178bbab41326b1d6206cbf8,essential,687671baebd2bf665349c7eb,,
localoccupation,8178bbab41326b1d6206cbf8,essential,687671b9ebd2bf665349bdf2,,
localoccupation,8178bbab41326b1d6206cbf8,essential,687671b9ebd2bf665349b9bc,,
localoccupation,8178bbab41326b1d6206cbf8,essential,687671b9ebd2bf665349bca4,,
localoccupation,8178bbab41326b1d6206cbf8,essential,687671b9ebd2bf665349bf09,,
localoccupation,8178bbab41326b1d6206cbf8,essential,687671b5ebd2bf665349ac05,,
localoccupation,8178bbab41326b1d6206cbf8,essential,687671b5ebd2bf665349b038,,
localoccupation,8178bbab41326b1d6206cbf8,essential,687671b4ebd2bf665349a711,,
localoccupation,8178bbab41326b1d6206cbf8,essential,687671b4ebd2bf665349a7a1,,
localoccupation,8178bbab41326b1d6206cbf8,essential,687671b9ebd2bf665349bd5f,,
localoccupation,8178bbab41326b1d6206cbf8,essential,687671baebd2bf665349c7ac,,
localoccupation,8178bbab41326b1d6206cbf8,essential,687671b9ebd2bf665349c148,,
localoccupation,8178bbab41326b1d6206cbf8,essential,687671b5ebd2bf665349b7a3,,
localoccupation,8178bbab41326b1d6206cbf8,essential,687671bdebd2bf665349d1c4,,
localoccupation,8178bbab41326b1d6206cbf8,essential,687671bdebd2bf665349cdef,,
localoccupation,8178bbab41326b1d6206cbf8,essential,687671baebd2bf665349cd36,,
localoccupation,8178bbab41326b1d6206cbf8,essential,687671b5ebd2bf665349a92c,,
localoccupation,8178bbab41326b1d6206cbf8,essential,687671b9ebd2bf665349c173,,
localoccupation,8178bbab41326b1d6206cbf8,essential,687671baebd2bf665349c568,,
localoccupation,ea4da078a4ef36c1d6463af5,essential,687671b9ebd2bf665349c356,,
localoccupation,ea4da078a4ef36c1d6463af5,essential,687671b5ebd2bf665349b88d,,
localoccupation,ea4da078a4ef36c1d6463af5,essential,687671baebd2bf665349c819,,
localoccupation,ea4da078a4ef36c1d6463af5,essential,687671b5ebd2bf665349b423,,
localoccupation,ea4da078a4ef36c1d6463af5,essential,687671bdebd2bf665349d0a0,,
localoccupation,ea4da078a4ef36c1d6463af5,essential,687671b5ebd2bf665349ac47,,
localoccupation,ea4da078a4ef36c1d6463af5,essential,687671b5ebd2bf665349b46e,,
localoccupation,ea4da078a4ef36c1d6463af5,essential,687671baebd2bf665349c92f,,
localoccupation,ea4da078a4ef36c1d6463af5,essential,687671bdebd2bf665349dab8,,
localoccupation,ea4da078a4ef36c1d6463af5,essential,687671baebd2bf665349c997,,
localoccupation,ea4da078a4ef36c1d6463af5,essential,687671b5ebd2bf665349a90d,,
localoccupation,ea4da078a4ef36c1d6463af5,essential,687671bdebd2bf665349d5f1,,
localoccupation,ea4da078a4ef36c1d6463af5,essential,687671b5ebd2bf665349aded,,
localoccupation,ea4da078a4ef36c1d6463af5,essential,687671baebd2bf665349c8c5,,
localoccupation,ea4da078a4ef36c1d6463af5,essential,687671b4ebd2bf665349a6d9,,
localoccupation,ea4da078a4ef36c1d6463af5,essential,687671b9ebd2bf665349ba33,,
localoccupation,ea4da078a4ef36c1d6463af5,essential,687671beebd2bf665349dbb3,,
localoccupation,ea4da078a4ef36c1d6463af5,essential,687671baebd2bf665349cd2a,,
localoccupation,ea4da078a4ef36c1d6463af5,essential,687671bdebd2bf665349d096,,
localoccupation,ea4da078a4ef36c1d6463af5,essential,687671bdebd2bf665349d505,,
localoccupation,ea4da078a4ef36c1d6463af5,essential,687671bdebd2bf665349da0a,,
localoccupation,ea4da078a4ef36c1d6463af5,essential,687671bdebd2bf665349d97e,,
localoccupation,ea4da078a4ef36c1d6463af5,essential,687671b4ebd2bf665349a655,,
localoccupation,ea4da078a4ef36c1d6463af5,essential,687671b9ebd2bf665349bc98,,
localoccupation,ea4da078a4ef36c1d6463af5,essential,687671bdebd2bf665349d8e2,,
localoccupation,ea4da078a4ef36c1d6463af5,essential,687671baebd2bf665349c7de,,
localoccupation,ea4da078a4ef36c1d6463af5,essential,687671b5ebd2bf665349ad6f,,
localoccupation,ea4da078a4ef36c1d6463af5,essential,687671b5ebd2bf665349b33a,,
localoccupation,ea4da078a4ef36c1d6463af5,essential,687671b5ebd2bf665349b890,,
localoccupation,ea4da078a4ef36c1d6463af5,essential,687671baebd2bf665349c570,,
localoccupation,ea4da078a4ef36c1d6463af5,essential,687671b5ebd2bf665349b4df,,
localoccupation,ea4da078a4ef36c1d6463af5,essential,687671b9ebd2bf665349c168,,
localoccupation,ea4da078a4ef36c1d6463af5,essential,687671b9ebd2bf665349c09b,,
localoccupation,ea4da078a4ef36c1d6463af5,essential,687671b5ebd2bf665349ae9c,,
localoccupation,ea4da078a4ef36c1d6463af5,essential,687671b9ebd2bf665349bfdd,,
localoccupation,ea4da078a4ef36c1d6463af5,essential,687671b5ebd2bf665349b493,,
localoccupation,ea4da078a4ef36c1d6463af5,essential,687671baebd2bf665349c808,,
localoccupation,ea4da078a4ef36c1d6463af5,essential,687671b9ebd2bf665349c1b3,,
localoccupation,ea4da078a4ef36c1d6463af5,essential,687671b9ebd2bf665349bca4,,
localoccupation,ea4da078a4ef36c1d6463af5,essential,687671b9ebd2bf665349bf09,,
localoccupation,ea4da078a4ef36c1d6463af5,essential,687671b5ebd2bf665349b663,,
localoccupation,ea4da078a4ef36c1d6463af5,essential,687671beebd2bf665349dbbb,,
localoccupation,ea4da078a4ef36c1d6463af5,essential,687671b5ebd2bf665349b07d,,
localoccupation,ea4da078a4ef36c1d6463af5,essential,687671bdebd2bf665349ce50,,
localoccupation,ea4da078a4ef36c1d6463af5,essential,687671baebd2bf665349cb89,,
localoccupation,ea4da078a4ef36c1d6463af5,essential,687671b9ebd2bf665349be3c,,
localoccupation,ea4da078a4ef36c1d6463af5,essential,687671b5ebd2bf665349b128,,
localoccupation,ea4da078a4ef36c1d6463af5,essential,687671bdebd2bf665349d12f,,
localoccupation,ea4da078a4ef36c1d6463af5,essential,687671b9ebd2bf665349c255,,
localoccupation,ea4da078a4ef36c1d6463af5,essential,687671bdebd2bf665349d618,,
localoccupation,ea4da078a4ef36c1d6463af5,essential,687671b9ebd2bf665349c159,,
localoccupation,ea4da078a4ef36c1d6463af5,essential,687671b5ebd2bf665349b976,,
localoccupation,ea4da078a4ef36c1d6463af5,essential,687671b5ebd2bf665349b0b0,,
localoccupation,ea4da078a4ef36c1d6463af5,essential,687671b9ebd2bf665349c3cd,,
localoccupation,ea4da078a4ef36c1d6463af5,essential,687671b5ebd2bf665349b40e,,
localoccupation,ea4da078a4ef36c1d6463af5,essential,687671baebd2bf665349c5ff,,
localoccupation,ea4da078a4ef36c1d6463af5,essential,687671bdebd2bf665349cf60,,
localoccupation,2df10a9535c15b1c1942cf46,essential,687671bdebd2bf665349cefc,,
localoccupation,2df10a9535c15b1c1942cf46,essential,687671b5ebd2bf665349b211,,
localoccupation,2df10a9535c15b1c1942cf46,essential,687671bdebd2bf665349d26d,,
localoccupation,2df10a9535c15b1c1942cf46,essential,687671b5ebd2bf665349aca5,,
localoccupation,2df10a9535c15b1c1942cf46,essential,687671b9ebd2bf665349c22b,,
localoccupation,2df10a9535c15b1c1942cf46,essential,687671b9ebd2bf665349ba20,,
localoccupation,2df10a9535c15b1c1942cf46,essential,687671baebd2bf665349ca3b,,
localoccupation,2df10a9535c15b1c1942cf46,essential,687671b5ebd2bf665349b410,,
localoccupation,2df10a9535c15b1c1942cf46,essential,687671b9ebd2bf665349ba65,,
localoccupation,2df10a9535c15b1c1942cf46,essential,687671bdebd2bf665349d8dd,,
localoccupation,2df10a9535c15b1c1942cf46,essential,687671b9ebd2bf665349bc88,,
localoccupation,2df10a9535c15b1c1942cf46,essential,687671bdebd2bf665349d560,,
localoccupation,2df10a9535c15b1c1942cf46,essential,687671b5ebd2bf665349b52b,,
localoccupation,2df10a9535c15b1c1942cf46,essential,687671b5ebd2bf665349abb0,,
localoccupation,2df10a9535c15b1c1942cf46,essential,687671bdebd2bf665349d63f,,
localoccupation,2df10a9535c15b1c1942cf46,essential,687671bdebd2bf665349d1b1,,
localoccupation,2df10a9535c15b1c1942cf46,essential,687671b9ebd2bf665349bf0b,,
localoccupation,2df10a9535c15b1c1942cf46,essential,687671b9ebd2bf665349badf,,
localoccupation,2df10a9535c15b1c1942cf46,essential,687671b9ebd2bf665349c078,,
localoccupation,2df10a9535c15b1c1942cf46,essential,687671b9ebd2bf665349bb6b,,
localoccupation,2df10a9535c15b1c1942cf46,essential,687671b5ebd2bf665349ab4e,,
localoccupation,2df10a9535c15b1c1942cf46,essential,687671baebd2bf665349c867,,
localoccupation,2df10a9535c15b1c1942cf46,essential,687671b5ebd2bf665349a883,,
localoccupation,2df10a9535c15b1c1942cf46,essential,687671b9ebd2bf665349c145,,
localoccupation,2df10a9535c15b1c1942cf46,essential,687671b5ebd2bf665349aef0,,
localoccupation,2df10a9535c15b1c1942cf46,essential,687671b5ebd2bf665349b468,,
localoccupation,2df10a9535c15b1c1942cf46,essential,687671bdebd2bf665349d7f5,,
localoccupation,2df10a9535c15b1c1942cf46,essential,687671b5ebd2bf665349ace4,,
localoccupation,2df10a9535c15b1c1942cf46,essential,687671b5ebd2bf665349b20e,,
localoccupation,2df10a9535c15b1c1942cf46,essential,687671beebd2bf665349dc6b,,
localoccupation,2df10a9535c15b1c1942cf46,essential,687671baebd2bf665349cc49,,
localoccupation,2df10a9535c15b1c1942cf46,essential,687671bdebd2bf665349d08f,,
localoccupation,2df10a9535c15b1c1942cf46,essential,687671b9ebd2bf665349c46f,,
localoccupation,2df10a9535c15b1c1942cf46,essential,687671baebd2bf665349cba9,,
localoccupation,2df10a9535c15b1c1942cf46,essential,687671bdebd2bf665349d02a,,
localoccupation,2df10a9535c15b1c1942cf46,essential,687671b5ebd2bf665349aedb,,
localoccupation,2df10a9535c15b1c1942cf46,essential,687671b5ebd2bf665349b119,,
localoccupation,2df10a9535c15b1c1942cf46,essential,687671b5ebd2bf665349b1fd,,
localoccupation,2df10a9535c15b1c1942cf46,essential,687671b5ebd2bf665349b0fb,,
localoccupation,2df10a9535c15b1c1942cf46,essential,687671baebd2bf665349c906,,
localoccupation,2df10a9535c15b1c1942cf46,essential,687671b5ebd2bf665349b8aa,,
localoccupation,2df10a9535c15b1c1942cf46,essential,687671b5ebd2bf665349b7e3,,
localoccupation,2df10a9535c15b1c1942cf46,essential,687671b5ebd2bf665349a9be,,
localoccupation,2df10a9535c15b1c1942cf46,essential,687671b5ebd2bf665349b171,,
localoccupation,2df10a9535c15b1c1942cf46,essential,687671b9ebd2bf665349c170,,
localoccupation,2df10a9535c15b1c1942cf46,essential,687671bdebd2bf665349ced5,,
localoccupation,2df10a9535c15b1c1942cf46,essential,687671bdebd2bf665349cd70,,
localoccupation,2df10a9535c15b1c1942cf46,essential,687671b5ebd2bf665349b7a3,,
localoccupation,2df10a9535c15b1c1942cf46,essential,687671baebd2bf665349ca4f,,
localoccupation,2df10a9535c15b1c1942cf46,essential,687671b9ebd2bf665349bf25,,
localoccupation,2df10a9535c15b1c1942cf46,essential,687671bdebd2bf665349cd95,,
localoccupation,2df10a9535c15b1c1942cf46,essential,687671b5ebd2bf665349b40e,,
localoccupation,2df10a9535c15b1c1942cf46,essential,687671b9ebd2bf665349bb11,,
localoccupation,2df10a9535c15b1c1942cf46,essential,687671b5ebd2bf665349b430,,
localoccupation,2df10a9535c15b1c1942cf46,essential,687671b5ebd2bf665349aaae,,
localoccupation,2df10a9535c15b1c1942cf46,essential,687671b5ebd2bf665349b851,,
localoccupation,2df10a9535c15b1c1942cf46,essential,687671b5ebd2bf665349b66f,,
localoccupation,974042e5927e2c21aecceb49,essential,687671b5ebd2bf665349aae1,,
localoccupation,974042e5927e2c21aecceb49,essential,687671b5ebd2bf665349b854,,
localoccupation,974042e5927e2c21aecceb49,essential,687671b5ebd2bf665349b2d4,,
localoccupation,974042e5927e2c21aecceb49,essential,687671b4ebd2bf665349a6dd,,
localoccupation,974042e5927e2c21aecceb49,essential,687671bdebd2bf665349d4f0,,
localoccupation,974042e5927e2c21aecceb49,essential,687671b9ebd2bf665349bcca,,
localoccupation,974042e5927e2c21aecceb49,essential,687671baebd2bf665349ca3b,,
localoccupation,974042e5927e2c21aecceb49,essential,687671b9ebd2bf665349bf3d,,
localoccupation,974042e5927e2c21aecceb49,essential,687671b5ebd2bf665349af0f,,
localoccupation,974042e5927e2c21aecceb49,essential,687671bdebd2bf665349d1dc,,
localoccupation,974042e5927e2c21aecceb49,essential,687671bdebd2bf665349d8cd,,
localoccupation,974042e5927e2c21aecceb49,essential,687671bdebd2bf665349d686,,
localoccupation,974042e5927e2c21aecceb49,essential,687671bdebd2bf665349ce3e,,
localoccupation,974042e5927e2c21aecceb49,essential,687671b9ebd2bf665349bceb,,
localoccupation,974042e5927e2c21aecceb49,essential,687671b9ebd2bf665349bafc,,
localoccupation,974042e5927e2c21aecceb49,essential,687671b5ebd2bf665349b605,,
localoccupation,974042e5927e2c21aecceb49,essential,687671b5ebd2bf665349b52b,,
localoccupation,974042e5927e2c21aecceb49,essential,687671b5ebd2bf665349adc8,,
localoccupation,974042e5927e2c21aecceb49,essential,687671b5ebd2bf665349abb0,,
localoccupation,974042e5927e2c21aecceb49,essential,687671b9ebd2bf665349bb43,,
localoccupation,974042e5927e2c21aecceb49,essential,687671b5ebd2bf665349ac9c,,
localoccupation,974042e5927e2c21aecceb49,essential,687671b9ebd2bf665349bf0b,,
localoccupation,974042e5927e2c21aecceb49,essential,687671b5ebd2bf665349b14f,,
localoccupation,974042e5927e2c21aecceb49,essential,687671b5ebd2bf665349aba6,,
localoccupation,974042e5927e2c21aecceb49,essential,687671b9ebd2bf665349c000,,
localoccupation,974042e5927e2c21aecceb49,essential,687671b5ebd2bf665349a976,,
localoccupation,974042e5927e2c21aecceb49,essential,687671b9ebd2bf665349c078,,
localoccupation,974042e5927e2c21aecceb49,essential,687671baebd2bf665349c57c,,
localoccupation,974042e5927e2c21aecceb49,essential,687671b5ebd2bf665349aed2,,
localoccupation,974042e5927e2c21aecceb49,essential,687671b5ebd2bf665349b3aa,,
localoccupation,974042e5927e2c21aecceb49,essential,687671b5ebd2bf665349a883,,
localoccupation,974042e5927e2c21aecceb49,essential,687671b5ebd2bf665349ad77,,
localoccupation,974042e5927e2c21aecceb49,essential,687671b5ebd2bf665349a83e,,
localoccupation,974042e5927e2c21aecceb49,essential,687671b5ebd2bf665349acd2,,
localoccupation,974042e5927e2c21aecceb49,essential,687671b5ebd2bf665349b453,,
localoccupation,974042e5927e2c21aecceb49,essential,687671b5ebd2bf665349ae50,,
localoccupation,974042e5927e2c21aecceb49,essential,687671bdebd2bf665349cf0a,,
localoccupation,974042e5927e2c21aecceb49,essential,687671b5ebd2bf665349b20e,,
localoccupation,974042e5927e2c21aecceb49,essential,687671b5ebd2bf665349a9fb,,
localoccupation,974042e5927e2c21aecceb49,essential,687671beebd2bf665349dc6b,,
localoccupation,974042e5927e2c21aecceb49,essential,687671bdebd2bf665349d1ba,,
localoccupation,974042e5927e2c21aecceb49,essential,687671bdebd2bf665349d870,,
localoccupation,974042e5927e2c21aecceb49,essential,687671bdebd2bf665349d3c6,,
localoccupation,974042e5927e2c21aecceb49,essential,687671b5ebd2bf665349aedb,,
localoccupation,974042e5927e2c21aecceb49,essential,687671b5ebd2bf665349b119,,
localoccupation,974042e5927e2c21aecceb49,essential,687671beebd2bf665349db63,,
localoccupation,974042e5927e2c21aecceb49,essential,687671bdebd2bf665349d425,,
localoccupation,974042e5927e2c21aecceb49,essential,687671b5ebd2bf665349ac7b,,
localoccupation,974042e5927e2c21aecceb49,essential,687671bdebd2bf665349d2a3,,
localoccupation,974042e5927e2c21aecceb49,essential,687671b9ebd2bf665349bab4,,
localoccupation,974042e5927e2c21aecceb49,essential,687671b9ebd2bf665349bf51,,
localoccupation,974042e5927e2c21aecceb49,essential,687671b5ebd2bf665349b143,,
localoccupation,974042e5927e2c21aecceb49,essential,687671b9ebd2bf665349c170,,
localoccupation,974042e5927e2c21aecceb49,essential,687671bdebd2bf665349ced5,,
localoccupation,974042e5927e2c21aecceb49,essential,687671b5ebd2bf665349b7a3,,
localoccupation,4cd9ce9bccbf05f41ae0dc67,essential,687671bdebd2bf665349d4f4,,
localoccupation,4cd9ce9bccbf05f41ae0dc67,essential,687671bdebd2bf665349d9af,,
localoccupation,4cd9ce9bccbf05f41ae0dc67,essential,687671bdebd2bf665349ceb6,,
localoccupation,4cd9ce9bccbf05f41ae0dc67,essential,687671b9ebd2bf665349b9cf,,
localoccupation,4cd9ce9bccbf05f41ae0dc67,essential,687671baebd2bf665349ccfd,,
localoccupation,4cd9ce9bccbf05f41ae0dc67,essential,687671b9ebd2bf665349beb5,,
localoccupation,4cd9ce9bccbf05f41ae0dc67,essential,687671bdebd2bf665349cdff,,
localoccupation,4cd9ce9bccbf05f41ae0dc67,essential,687671b9ebd2bf665349ba20,,
localoccupation,4cd9ce9bccbf05f41ae0dc67,essential,687671b5ebd2bf665349b872,,
localoccupation,4cd9ce9bccbf05f41ae0dc67,essential,687671bdebd2bf665349cec4,,
localoccupation,4cd9ce9bccbf05f41ae0dc67,essential,687671b5ebd2bf665349b63f,,
localoccupation,4cd9ce9bccbf05f41ae0dc67,essential,687671bdebd2bf665349d3a2,,
localoccupation,4cd9ce9bccbf05f41ae0dc67,essential,687671b5ebd2bf665349a98a,,
localoccupation,4cd9ce9bccbf05f41ae0dc67,essential,687671b5ebd2bf665349b0d1,,
localoccupation,4cd9ce9bccbf05f41ae0dc67,essential,687671b9ebd2bf665349bc0a,,
localoccupation,4cd9ce9bccbf05f41ae0dc67,essential,687671b9ebd2bf665349c1b6,,
localoccupation,4cd9ce9bccbf05f41ae0dc67,essential,687671bdebd2bf665349d8cd,,
localoccupation,4cd9ce9bccbf05f41ae0dc67,essential,687671b5ebd2bf665349a8cb,,
localoccupation,4cd9ce9bccbf05f41ae0dc67,essential,687671bdebd2bf665349d633,,
localoccupation,4cd9ce9bccbf05f41ae0dc67,essential,687671bdebd2bf665349d976,,
localoccupation,4cd9ce9bccbf05f41ae0dc67,essential,687671baebd2bf665349c908,,
localoccupation,4cd9ce9bccbf05f41ae0dc67,essential,687671bdebd2bf665349d0ce,,
localoccupation,4cd9ce9bccbf05f41ae0dc67,essential,687671b5ebd2bf665349b860,,
localoccupation,4cd9ce9bccbf05f41ae0dc67,essential,687671b5ebd2bf665349aea6,,
localoccupation,4cd9ce9bccbf05f41ae0dc67,essential,687671bdebd2bf665349d36c,,
localoccupation,4cd9ce9bccbf05f41ae0dc67,essential,687671bdebd2bf665349d675,,
localoccupation,4cd9ce9bccbf05f41ae0dc67,essential,687671b5ebd2bf665349b3c0,,
localoccupation,4cd9ce9bccbf05f41ae0dc67,essential,687671b5ebd2bf665349b667,,
localoccupation,4cd9ce9bccbf05f41ae0dc67,essential,687671b5ebd2bf665349b016,,
localoccupation,4cd9ce9bccbf05f41ae0dc67,essential,687671bdebd2bf665349d88e,,
localoccupation,4cd9ce9bccbf05f41ae0dc67,essential,687671b9ebd2bf665349c39b,,
localoccupation,4cd9ce9bccbf05f41ae0dc67,essential,687671baebd2bf665349c743,,
localoccupation,4cd9ce9bccbf05f41ae0dc67,essential,687671bdebd2bf665349d227,,
localoccupation,4cd9ce9bccbf05f41ae0dc67,essential,687671bdebd2bf665349d728,,
localoccupation,4cd9ce9bccbf05f41ae0dc67,essential,687671bdebd2bf665349d2ef,,
localoccupation,4cd9ce9bccbf05f41ae0dc67,essential,687671b5ebd2bf665349aed2,,
localoccupation,4cd9ce9bccbf05f41ae0dc67,essential,687671b5ebd2bf665349ab4e,,
localoccupation,4cd9ce9bccbf05f41ae0dc67,essential,687671bdebd2bf665349d237,,
localoccupation,4cd9ce9bccbf05f41ae0dc67,essential,687671baebd2bf665349c867,,
localoccupation,4cd9ce9bccbf05f41ae0dc67,essential,687671bdebd2bf665349d9f3,,
localoccupation,4cd9ce9bccbf05f41ae0dc67,essential,687671b5ebd2bf665349aa95,,
localoccupation,4cd9ce9bccbf05f41ae0dc67,essential,687671b5ebd2bf665349a83e,,
localoccupation,4cd9ce9bccbf05f41ae0dc67,essential,687671bdebd2bf665349cd6e,,
localoccupation,4cd9ce9bccbf05f41ae0dc67,essential,687671b5ebd2bf665349b45e,,
localoccupation,4cd9ce9bccbf05f41ae0dc67,essential,687671bdebd2bf665349cfff,,
localoccupation,4cd9ce9bccbf05f41ae0dc67,essential,687671baebd2bf665349c8c9,,
localoccupation,4cd9ce9bccbf05f41ae0dc67,essential,687671b5ebd2bf665349aedb,,
localoccupation,4cd9ce9bccbf05f41ae0dc67,essential,687671bdebd2bf665349d426,,
localoccupation,4cd9ce9bccbf05f41ae0dc67,essential,687671b9ebd2bf665349bab4,,
localoccupation,4cd9ce9bccbf05f41ae0dc67,essential,687671b5ebd2bf665349adaf,,
localoccupation,4cd9ce9bccbf05f41ae0dc67,essential,687671baebd2bf665349c8af,,
localoccupation,4cd9ce9bccbf05f41ae0dc67,essential,687671bdebd2bf665349d44a,,
localoccupation,4cd9ce9bccbf05f41ae0dc67,essential,687671beebd2bf665349dc29,,
localoccupation,4cd9ce9bccbf05f41ae0dc67,essential,687671b9ebd2bf665349bcff,,
localoccupation,4cd9ce9bccbf05f41ae0dc67,essential,687671b5ebd2bf665349a91d,,
localoccupation,4cd9ce9bccbf05f41ae0dc67,essential,687671b5ebd2bf665349b4f8,,
localoccupation,4cd9ce9bccbf05f41ae0dc67,essential,687671b5ebd2bf665349ad1c,,
localoccupation,4cd9ce9bccbf05f41ae0dc67,essential,687671bdebd2bf665349cfc5,,
localoccupation,4cd9ce9bccbf05f41ae0dc67,essential,687671b9ebd2bf665349c173,,
localoccupation,f35fd8dfdf3bd656392cfdce,essential,687671bdebd2bf665349d2b5,,
localoccupation,f35fd8dfdf3bd656392cfdce,essential,687671bdebd2bf665349d4f4,,
localoccupation,f35fd8dfdf3bd656392cfdce,essential,687671beebd2bf665349dc45,,
localoccupation,f35fd8dfdf3bd656392cfdce,essential,687671bdebd2bf665349d8c1,,
localoccupation,f35fd8dfdf3bd656392cfdce,essential,687671bdebd2bf665349ceb6,,
localoccupation,f35fd8dfdf3bd656392cfdce,essential,687671b9ebd2bf665349b9cf,,
localoccupation,f35fd8dfdf3bd656392cfdce,essential,687671bdebd2bf665349cfa2,,
localoccupation,f35fd8dfdf3bd656392cfdce,essential,687671b9ebd2bf665349ba20,,
localoccupation,f35fd8dfdf3bd656392cfdce,essential,687671baebd2bf665349ca3b,,
localoccupation,f35fd8dfdf3bd656392cfdce,essential,687671b9ebd2bf665349c1b6,,
localoccupation,f35fd8dfdf3bd656392cfdce,essential,687671bdebd2bf665349d8cd,,
localoccupation,f35fd8dfdf3bd656392cfdce,essential,687671b5ebd2bf665349a8cb,,
localoccupation,f35fd8dfdf3bd656392cfdce,essential,687671bdebd2bf665349d633,,
localoccupation,f35fd8dfdf3bd656392cfdce,essential,687671bdebd2bf665349d976,,
localoccupation,f35fd8dfdf3bd656392cfdce,essential,687671b5ebd2bf665349ab5a,,
localoccupation,f35fd8dfdf3bd656392cfdce,essential,687671b9ebd2bf665349c03f,,
localoccupation,f35fd8dfdf3bd656392cfdce,essential,687671bdebd2bf665349d827,,
localoccupation,f35fd8dfdf3bd656392cfdce,essential,687671baebd2bf665349c908,,
localoccupation,f35fd8dfdf3bd656392cfdce,essential,687671bdebd2bf665349d0ce,,
localoccupation,f35fd8dfdf3bd656392cfdce,essential,687671b5ebd2bf665349b860,,
localoccupation,f35fd8dfdf3bd656392cfdce,essential,687671b5ebd2bf665349b3c0,,
localoccupation,f35fd8dfdf3bd656392cfdce,essential,687671baebd2bf665349cc92,,
localoccupation,f35fd8dfdf3bd656392cfdce,essential,687671b5ebd2bf665349b016,,
localoccupation,f35fd8dfdf3bd656392cfdce,essential,687671b9ebd2bf665349baad,,
localoccupation,f35fd8dfdf3bd656392cfdce,essential,687671b5ebd2bf665349ad29,,
localoccupation,f35fd8dfdf3bd656392cfdce,essential,687671b9ebd2bf665349c285,,
localoccupation,f35fd8dfdf3bd656392cfdce,essential,687671bdebd2bf665349d1b1,,
localoccupation,f35fd8dfdf3bd656392cfdce,essential,687671b5ebd2bf665349b311,,
localoccupation,f35fd8dfdf3bd656392cfdce,essential,687671b5ebd2bf665349b3df,,
localoccupation,f35fd8dfdf3bd656392cfdce,essential,687671bdebd2bf665349d227,,
localoccupation,f35fd8dfdf3bd656392cfdce,essential,687671b9ebd2bf665349c078,,
localoccupation,f35fd8dfdf3bd656392cfdce,essential,687671b9ebd2bf665349bb6b,,
localoccupation,f35fd8dfdf3bd656392cfdce,essential,687671b5ebd2bf665349ab4e,,
localoccupation,f35fd8dfdf3bd656392cfdce,essential,687671bdebd2bf665349d237,,
localoccupation,f35fd8dfdf3bd656392cfdce,essential,687671baebd2bf665349c867,,
localoccupation,f35fd8dfdf3bd656392cfdce,essential,687671b5ebd2bf665349aa95,,
localoccupation,f35fd8dfdf3bd656392cfdce,essential,687671b5ebd2bf665349a83e,,
localoccupation,f35fd8dfdf3bd656392cfdce,essential,687671bdebd2bf665349cde0,,
localoccupation,f35fd8dfdf3bd656392cfdce,essential,687671b5ebd2bf665349afc4,,
localoccupation,f35fd8dfdf3bd656392cfdce,essential,687671bdebd2bf665349d28b,,
localoccupation,f35fd8dfdf3bd656392cfdce,essential,687671b5ebd2bf665349b709,,
localoccupation,f35fd8dfdf3bd656392cfdce,essential,687671b5ebd2bf665349b5b5,,
localoccupation,f35fd8dfdf3bd656392cfdce,essential,687671baebd2bf665349c8c9,,
localoccupation,f35fd8dfdf3bd656392cfdce,essential,687671b9ebd2bf665349c3da,,
localoccupation,f35fd8dfdf3bd656392cfdce,essential,687671b9ebd2bf665349c46f,,
localoccupation,f35fd8dfdf3bd656392cfdce,essential,687671b5ebd2bf665349aedb,,
localoccupation,f35fd8dfdf3bd656392cfdce,essential,687671b5ebd2bf665349adaf,,
localoccupation,f35fd8dfdf3bd656392cfdce,essential,687671baebd2bf665349c8af,,
localoccupation,f35fd8dfdf3bd656392cfdce,essential,687671bdebd2bf665349d44a,,
localoccupation,f35fd8dfdf3bd656392cfdce,essential,687671b5ebd2bf665349af24,,
localoccupation,f35fd8dfdf3bd656392cfdce,essential,687671baebd2bf665349c815,,
localoccupation,f35fd8dfdf3bd656392cfdce,essential,687671b4ebd2bf665349a706,,
localoccupation,f35fd8dfdf3bd656392cfdce,essential,687671bdebd2bf665349d75c,,
localoccupation,f35fd8dfdf3bd656392cfdce,essential,687671b4ebd2bf665349a689,,
localoccupation,f35fd8dfdf3bd656392cfdce,essential,687671b9ebd2bf665349bb11,,
localoccupation,f35fd8dfdf3bd656392cfdce,essential,687671b5ebd2bf665349b430,,
localoccupation,f35fd8dfdf3bd656392cfdce,essential,687671b5ebd2bf665349b139,,
localoccupation,f35fd8dfdf3bd656392cfdce,essential,687671b5ebd2bf665349b66f,,
localoccupation,f35fd8dfdf3bd656392cfdce,essential,687671b9ebd2bf665349c173,,
localoccupation,ff039cf46c14e9a0ff3e4cc1,essential,687671baebd2bf665349c86f,,
localoccupation,ff039cf46c14e9a0ff3e4cc1,essential,687671b9ebd2bf665349c1f2,,
localoccupation,ff039cf46c14e9a0ff3e4cc1,essential,687671b4ebd2bf665349a66a,,
localoccupation,ff039cf46c14e9a0ff3e4cc1,essential,687671b9ebd2bf665349bb76,,
localoccupation,ff039cf46c14e9a0ff3e4cc1,essential,687671b9ebd2bf665349ba20,,
localoccupation,ff039cf46c14e9a0ff3e4cc1,essential,687671baebd2bf665349ca3b,,
localoccupation,ff039cf46c14e9a0ff3e4cc1,essential,687671baebd2bf665349c545,,
localoccupation,ff039cf46c14e9a0ff3e4cc1,essential,687671b9ebd2bf665349bc0a,,
localoccupation,ff039cf46c14e9a0ff3e4cc1,essential,687671b5ebd2bf665349b7e6,,
localoccupation,ff039cf46c14e9a0ff3e4cc1,essential,687671b4ebd2bf665349a6f9,,
localoccupation,ff039cf46c14e9a0ff3e4cc1,essential,687671bdebd2bf665349d0ce,,
localoccupation,ff039cf46c14e9a0ff3e4cc1,essential,687671b5ebd2bf665349ac77,,
localoccupation,ff039cf46c14e9a0ff3e4cc1,essential,687671bdebd2bf665349d28e,,
localoccupation,ff039cf46c14e9a0ff3e4cc1,essential,687671b5ebd2bf665349abb0,,
localoccupation,ff039cf46c14e9a0ff3e4cc1,essential,687671bdebd2bf665349d1b1,,
localoccupation,ff039cf46c14e9a0ff3e4cc1,essential,687671b9ebd2bf665349c090,,
localoccupation,ff039cf46c14e9a0ff3e4cc1,essential,687671bdebd2bf665349d4f3,,
localoccupation,ff039cf46c14e9a0ff3e4cc1,essential,687671b5ebd2bf665349b347,,
localoccupation,ff039cf46c14e9a0ff3e4cc1,essential,687671bdebd2bf665349d42e,,
localoccupation,ff039cf46c14e9a0ff3e4cc1,essential,687671b9ebd2bf665349bc7f,,
localoccupation,ff039cf46c14e9a0ff3e4cc1,essential,687671b5ebd2bf665349b1f7,,
localoccupation,ff039cf46c14e9a0ff3e4cc1,essential,687671b9ebd2bf665349c078,,
localoccupation,ff039cf46c14e9a0ff3e4cc1,essential,687671baebd2bf665349c806,,
localoccupation,ff039cf46c14e9a0ff3e4cc1,essential,687671b5ebd2bf665349a83e,,
localoccupation,ff039cf46c14e9a0ff3e4cc1,essential,687671bdebd2bf665349d3a9,,
localoccupation,ff039cf46c14e9a0ff3e4cc1,essential,687671bdebd2bf665349d4a1,,
localoccupation,ff039cf46c14e9a0ff3e4cc1,essential,687671bdebd2bf665349d756,,
localoccupation,ff039cf46c14e9a0ff3e4cc1,essential,687671bdebd2bf665349da0d,,
localoccupation,ff039cf46c14e9a0ff3e4cc1,essential,687671b9ebd2bf665349bee7,,
localoccupation,ff039cf46c14e9a0ff3e4cc1,essential,687671b9ebd2bf665349be6d,,
localoccupation,ff039cf46c14e9a0ff3e4cc1,essential,687671b5ebd2bf665349aca9,,
localoccupation,ff039cf46c14e9a0ff3e4cc1,essential,687671baebd2bf665349c53c,,
localoccupation,ff039cf46c14e9a0ff3e4cc1,essential,687671b9ebd2bf665349c15c,,
localoccupation,ff039cf46c14e9a0ff3e4cc1,essential,687671b9ebd2bf665349c351,,
localoccupation,ff039cf46c14e9a0ff3e4cc1,essential,687671bdebd2bf665349d04a,,
localoccupation,ff039cf46c14e9a0ff3e4cc1,essential,687671b9ebd2bf665349ba29,,
localoccupation,ff039cf46c14e9a0ff3e4cc1,essential,687671b9ebd2bf665349baec,,
localoccupation,ff039cf46c14e9a0ff3e4cc1,essential,687671bdebd2bf665349d506,,
localoccupation,ff039cf46c14e9a0ff3e4cc1,essential,687671b9ebd2bf665349c3da,,
localoccupation,ff039cf46c14e9a0ff3e4cc1,essential,687671bdebd2bf665349cfe0,,
localoccupation,ff039cf46c14e9a0ff3e4cc1,essential,687671baebd2bf665349c964,,
localoccupation,ff039cf46c14e9a0ff3e4cc1,essential,687671b5ebd2bf665349b43e,,
localoccupation,ff039cf46c14e9a0ff3e4cc1,essential,687671bdebd2bf665349d1d3,,
localoccupation,ff039cf46c14e9a0ff3e4cc1,essential,687671b5ebd2bf665349aedb,,
localoccupation,ff039cf46c14e9a0ff3e4cc1,essential,687671b9ebd2bf665349ba99,,
localoccupation,ff039cf46c14e9a0ff3e4cc1,essential,687671baebd2bf665349c906,,
localoccupation,ff039cf46c14e9a0ff3e4cc1,essential,687671bdebd2bf665349d95b,,
localoccupation,ff039cf46c14e9a0ff3e4cc1,essential,687671bdebd2bf665349d44a,,
localoccupation,ff039cf46c14e9a0ff3e4cc1,essential,687671bdebd2bf665349ceef,,
localoccupation,ff039cf46c14e9a0ff3e4cc1,essential,687671b5ebd2bf665349aa77,,
localoccupation,ff039cf46c14e9a0ff3e4cc1,essential,687671b5ebd2bf665349af20,,
localoccupation,ff039cf46c14e9a0ff3e4cc1,essential,687671b5ebd2bf665349acbc,,
localoccupation,ff039cf46c14e9a0ff3e4cc1,essential,687671b5ebd2bf665349b143,,
localoccupation,ff039cf46c14e9a0ff3e4cc1,essential,687671b9ebd2bf665349c124,,
localoccupation,ff039cf46c14e9a0ff3e4cc1,essential,687671baebd2bf665349c7b7,,
localoccupation,ff039cf46c14e9a0ff3e4cc1,essential,687671bdebd2bf665349d214,,
localoccupation,ff039cf46c14e9a0ff3e4cc1,essential,687671b9ebd2bf665349bd14,,
localoccupation,ff039cf46c14e9a0ff3e4cc1,essential,687671b9ebd2bf665349bb11,,
localoccupation,ff039cf46c14e9a0ff3e4cc1,essential,687671b5ebd2bf665349b66f,,
localoccupation,ff039cf46c14e9a0ff3e4cc1,essential,687671b9ebd2bf665349c173,,
localoccupation,c60fd3c755b50c4eee5eb9fa,essential,687671b5ebd2bf665349ae35,,
localoccupation,c60fd3c755b50c4eee5eb9fa,essential,687671b9ebd2bf665349c294,,
localoccupation,c60fd3c755b50c4eee5eb9fa,essential,687671baebd2bf665349caee,,
localoccupation,c60fd3c755b50c4eee5eb9fa,essential,687671bdebd2bf665349dab8,,
localoccupation,c60fd3c755b50c4eee5eb9fa,essential,687671bdebd2bf665349d0bd,,
localoccupation,c60fd3c755b50c4eee5eb9fa,essential,687671b5ebd2bf665349a90d,,
localoccupation,c60fd3c755b50c4eee5eb9fa,essential,687671b5ebd2bf665349b610,,
localoccupation,c60fd3c755b50c4eee5eb9fa,essential,687671beebd2bf665349dbe0,,
localoccupation,c60fd3c755b50c4eee5eb9fa,essential,687671b5ebd2bf665349aec0,,
localoccupation,c60fd3c755b50c4eee5eb9fa,essential,687671bdebd2bf665349d725,,
localoccupation,c60fd3c755b50c4eee5eb9fa,essential,687671baebd2bf665349c8b4,,
localoccupation,c60fd3c755b50c4eee5eb9fa,essential,687671b5ebd2bf665349b868,,
localoccupation,c60fd3c755b50c4eee5eb9fa,essential,687671b5ebd2bf665349b027,,
localoccupation,c60fd3c755b50c4eee5eb9fa,essential,687671b9ebd2bf665349be80,,
localoccupation,c60fd3c755b50c4eee5eb9fa,essential,687671b9ebd2bf665349bc11,,
localoccupation,c60fd3c755b50c4eee5eb9fa,essential,687671b5ebd2bf665349a940,,
localoccupation,c60fd3c755b50c4eee5eb9fa,essential,687671bdebd2bf665349da8a,,
localoccupation,c60fd3c755b50c4eee5eb9fa,essential,687671b4ebd2bf665349a7cb,,
localoccupation,c60fd3c755b50c4eee5eb9fa,essential,687671bdebd2bf665349d5f0,,
localoccupation,c60fd3c755b50c4eee5eb9fa,essential,687671b9ebd2bf665349bfc2,,
localoccupation,c60fd3c755b50c4eee5eb9fa,essential,687671b5ebd2bf665349b732,,
localoccupation,c60fd3c755b50c4eee5eb9fa,essential,687671baebd2bf665349ca09,,
localoccupation,c60fd3c755b50c4eee5eb9fa,essential,687671b9ebd2bf665349bf3f,,
localoccupation,c60fd3c755b50c4eee5eb9fa,essential,687671bdebd2bf665349ce5c,,
localoccupation,c60fd3c755b50c4eee5eb9fa,essential,687671b9ebd2bf665349c12d,,
localoccupation,c60fd3c755b50c4eee5eb9fa,essential,687671b4ebd2bf665349a6fe,,
localoccupation,c60fd3c755b50c4eee5eb9fa,essential,687671baebd2bf665349cc91,,
localoccupation,c60fd3c755b50c4eee5eb9fa,essential,687671b9ebd2bf665349bf83,,
localoccupation,c60fd3c755b50c4eee5eb9fa,essential,687671baebd2bf665349c704,,
localoccupation,c60fd3c755b50c4eee5eb9fa,essential,687671b5ebd2bf665349b8e7,,
localoccupation,c60fd3c755b50c4eee5eb9fa,essential,687671bdebd2bf665349d9ce,,
localoccupation,c60fd3c755b50c4eee5eb9fa,essential,687671b5ebd2bf665349acb1,,
localoccupation,c60fd3c755b50c4eee5eb9fa,essential,687671baebd2bf665349c6c6,,
localoccupation,c60fd3c755b50c4eee5eb9fa,essential,687671baebd2bf665349ccac,,
localoccupation,c60fd3c755b50c4eee5eb9fa,essential,687671beebd2bf665349dc1a,,
localoccupation,c60fd3c755b50c4eee5eb9fa,essential,687671baebd2bf665349c554,,
localoccupation,c60fd3c755b50c4eee5eb9fa,essential,687671bdebd2bf665349d669,,
localoccupation,c60fd3c755b50c4eee5eb9fa,essential,687671bdebd2bf665349ce50,,
localoccupation,c60fd3c755b50c4eee5eb9fa,essential,687671bdebd2bf665349d30a,,
localoccupation,c60fd3c755b50c4eee5eb9fa,essential,687671b9ebd2bf665349c2ab,,
localoccupation,c60fd3c755b50c4eee5eb9fa,essential,687671b9ebd2bf665349c109,,
localoccupation,c60fd3c755b50c4eee5eb9fa,essential,687671b5ebd2bf665349b0e4,,
localoccupation,c60fd3c755b50c4eee5eb9fa,essential,687671b5ebd2bf665349acf2,,
localoccupation,c60fd3c755b50c4eee5eb9fa,essential,687671b5ebd2bf665349b5b0,,
localoccupation,c60fd3c755b50c4eee5eb9fa,essential,687671b9ebd2bf665349c23f,,
localoccupation,c60fd3c755b50c4eee5eb9fa,essential,687671b9ebd2bf665349be09,,
localoccupation,c60fd3c755b50c4eee5eb9fa,essential,687671b9ebd2bf665349bf3e,,
localoccupation,c60fd3c755b50c4eee5eb9fa,essential,687671b9ebd2bf665349bdfa,,
localoccupation,c60fd3c755b50c4eee5eb9fa,essential,687671bdebd2bf665349d283,,
localoccupation,c60fd3c755b50c4eee5eb9fa,essential,687671b5ebd2bf665349ae5d,,
localoccupation,c60fd3c755b50c4eee5eb9fa,essential,687671b4ebd2bf665349a6e8,,
localoccupation,c60fd3c755b50c4eee5eb9fa,essential,687671b9ebd2bf665349c04f,,
localoccupation,c60fd3c755b50c4eee5eb9fa,essential,687671b5ebd2bf665349b425,,
localoccupation,c60fd3c755b50c4eee5eb9fa,essential,687671b9ebd2bf665349bb11,,
localoccupation,a34ea1ed343c06e8eeec1e1b,essential,687671bdebd2bf665349d084,,
localoccupation,a34ea1ed343c06e8eeec1e1b,essential,687671b9ebd2bf665349bb40,,
localoccupation,a34ea1ed343c06e8eeec1e1b,essential,687671b4ebd2bf665349a6b9,,
localoccupation,a34ea1ed343c06e8eeec1e1b,essential,687671b5ebd2bf665349b911,,
localoccupation,a34ea1ed343c06e8eeec1e1b,essential,687671bdebd2bf665349d053,,
localoccupation,a34ea1ed343c06e8eeec1e1b,essential,687671b5ebd2bf665349b763,,
localoccupation,a34ea1ed343c06e8eeec1e1b,essential,687671b5ebd2bf665349ad9a,,
localoccupation,a34ea1ed343c06e8eeec1e1b,essential,687671bdebd2bf665349d0d7,,
localoccupation,a34ea1ed343c06e8eeec1e1b,essential,687671b5ebd2bf665349b5d8,,
localoccupation,a34ea1ed343c06e8eeec1e1b,essential,687671b5ebd2bf665349b09d,,
localoccupation,a34ea1ed343c06e8eeec1e1b,essential,687671bdebd2bf665349d7ba,,
localoccupation,a34ea1ed343c06e8eeec1e1b,essential,687671beebd2bf665349dc0b,,
localoccupation,a34ea1ed343c06e8eeec1e1b,essential,687671b5ebd2bf665349b732,,
localoccupation,a34ea1ed343c06e8eeec1e1b,essential,687671b9ebd2bf665349bf3f,,
localoccupation,a34ea1ed343c06e8eeec1e1b,essential,687671bdebd2bf665349d9a5,,
localoccupation,a34ea1ed343c06e8eeec1e1b,essential,687671b9ebd2bf665349baad,,
localoccupation,a34ea1ed343c06e8eeec1e1b,essential,687671bdebd2bf665349d762,,
localoccupation,a34ea1ed343c06e8eeec1e1b,essential,687671b5ebd2bf665349b3e6,,
localoccupation,a34ea1ed343c06e8eeec1e1b,essential,687671bdebd2bf665349d1b1,,
localoccupation,a34ea1ed343c06e8eeec1e1b,essential,687671b5ebd2bf665349b673,,
localoccupation,a34ea1ed343c06e8eeec1e1b,essential,687671b5ebd2bf665349b3d1,,
localoccupation,a34ea1ed343c06e8eeec1e1b,essential,687671b5ebd2bf665349b2c8,,
localoccupation,a34ea1ed343c06e8eeec1e1b,essential,687671b5ebd2bf665349ab3b,,
localoccupation,a34ea1ed343c06e8eeec1e1b,essential,687671baebd2bf665349c757,,
localoccupation,a34ea1ed343c06e8eeec1e1b,essential,687671bdebd2bf665349d4f9,,
localoccupation,a34ea1ed343c06e8eeec1e1b,essential,687671baebd2bf665349c7bc,,
localoccupation,a34ea1ed343c06e8eeec1e1b,essential,687671bdebd2bf665349d07f,,
localoccupation,a34ea1ed343c06e8eeec1e1b,essential,687671bdebd2bf665349d8f4,,
localoccupation,a34ea1ed343c06e8eeec1e1b,essential,687671b9ebd2bf665349bce2,,
localoccupation,a34ea1ed343c06e8eeec1e1b,essential,687671bdebd2bf665349d8cf,,
localoccupation,a34ea1ed343c06e8eeec1e1b,essential,687671b5ebd2bf665349b5b4,,
localoccupation,a34ea1ed343c06e8eeec1e1b,essential,687671bdebd2bf665349cdd8,,
localoccupation,a34ea1ed343c06e8eeec1e1b,essential,687671b5ebd2bf665349b072,,
localoccupation,a34ea1ed343c06e8eeec1e1b,essential,687671b5ebd2bf665349a9ed,,
localoccupation,a34ea1ed343c06e8eeec1e1b,essential,687671b5ebd2bf665349add3,,
localoccupation,a34ea1ed343c06e8eeec1e1b,essential,687671b5ebd2bf665349b0c6,,
localoccupation,a34ea1ed343c06e8eeec1e1b,essential,687671b5ebd2bf665349b105,,
localoccupation,a34ea1ed343c06e8eeec1e1b,essential,687671bdebd2bf665349cf0a,,
localoccupation,a34ea1ed343c06e8eeec1e1b,essential,687671bdebd2bf665349cdd5,,
localoccupation,a34ea1ed343c06e8eeec1e1b,essential,687671bdebd2bf665349d7ea,,
localoccupation,a34ea1ed343c06e8eeec1e1b,essential,687671bdebd2bf665349ce78,,
localoccupation,a34ea1ed343c06e8eeec1e1b,essential,687671bdebd2bf665349d755,,
localoccupation,a34ea1ed343c06e8eeec1e1b,essential,687671b9ebd2bf665349bf82,,
localoccupation,a34ea1ed343c06e8eeec1e1b,essential,687671baebd2bf665349c9f1,,
localoccupation,a34ea1ed343c06e8eeec1e1b,essential,687671baebd2bf665349c9c1,,
localoccupation,a34ea1ed343c06e8eeec1e1b,essential,687671b9ebd2bf665349be02,,
localoccupation,a34ea1ed343c06e8eeec1e1b,essential,687671b9ebd2bf665349bf3e,,
localoccupation,a34ea1ed343c06e8eeec1e1b,essential,687671bdebd2bf665349d67d,,
localoccupation,a34ea1ed343c06e8eeec1e1b,essential,687671bdebd2bf665349ce29,,
localoccupation,a34ea1ed343c06e8eeec1e1b,essential,687671b5ebd2bf665349b200,,
localoccupation,a34ea1ed343c06e8eeec1e1b,essential,687671b5ebd2bf665349b425,,
localoccupation,a34ea1ed343c06e8eeec1e1b,essential,687671baebd2bf665349caa5,,
localoccupation,a34ea1ed343c06e8eeec1e1b,essential,687671b5ebd2bf665349b7a3,,
localoccupation,a34ea1ed343c06e8eeec1e1b,essential,687671b5ebd2bf665349b931,,
localoccupation,a34ea1ed343c06e8eeec1e1b,essential,687671b5ebd2bf665349b2f6,,
localoccupation,a34ea1ed343c06e8eeec1e1b,essential,687671b5ebd2bf665349b3a7,,
localoccupation,a34ea1ed343c06e8eeec1e1b,essential,687671b5ebd2bf665349b8db,,
localoccupation,a34ea1ed343c06e8eeec1e1b,essential,687671b9ebd2bf665349be0d,,
localoccupation,a34ea1ed343c06e8eeec1e1b,essential,687671b5ebd2bf665349b2b4,,
localoccupation,a34ea1ed343c06e8eeec1e1b,essential,687671baebd2bf665349c568,,
localoccupation,56e0eac08f8131209b1f60f9,essential,687671bdebd2bf665349d084,,
localoccupation,56e0eac08f8131209b1f60f9,essential,687671baebd2bf665349cc20,,
localoccupation,56e0eac08f8131209b1f60f9,essential,687671b5ebd2bf665349af87,,
localoccupation,56e0eac08f8131209b1f60f9,essential,687671b5ebd2bf665349b70d,,
localoccupation,56e0eac08f8131209b1f60f9,essential,687671bdebd2bf665349d42f,,
localoccupation,56e0eac08f8131209b1f60f9,essential,687671bdebd2bf665349d58d,,
localoccupation,56e0eac08f8131209b1f60f9,essential,687671b9ebd2bf665349bb40,,
localoccupation,56e0eac08f8131209b1f60f9,essential,687671b4ebd2bf665349a6b9,,
localoccupation,56e0eac08f8131209b1f60f9,essential,687671bdebd2bf665349d559,,
localoccupation,56e0eac08f8131209b1f60f9,essential,687671b5ebd2bf665349b821,,
localoccupation,56e0eac08f8131209b1f60f9,essential,687671b9ebd2bf665349ba1b,,
localoccupation,56e0eac08f8131209b1f60f9,essential,687671baebd2bf665349c779,,
localoccupation,56e0eac08f8131209b1f60f9,essential,687671b5ebd2bf665349b2b0,,
localoccupation,56e0eac08f8131209b1f60f9,essential,687671b5ebd2bf665349aa03,,
localoccupation,56e0eac08f8131209b1f60f9,essential,687671bdebd2bf665349cde9,,
localoccupation,56e0eac08f8131209b1f60f9,essential,687671b5ebd2bf665349b868,,
localoccupation,56e0eac08f8131209b1f60f9,essential,687671b5ebd2bf665349b09d,,
localoccupation,56e0eac08f8131209b1f60f9,essential,687671b5ebd2bf665349ac42,,
localoccupation,56e0eac08f8131209b1f60f9,essential,687671beebd2bf665349dc0b,,
localoccupation,56e0eac08f8131209b1f60f9,essential,687671b4ebd2bf665349a6e1,,
localoccupation,56e0eac08f8131209b1f60f9,essential,687671baebd2bf665349ca09,,
localoccupation,56e0eac08f8131209b1f60f9,essential,687671b5ebd2bf665349ab1e,,
localoccupation,56e0eac08f8131209b1f60f9,essential,687671b5ebd2bf665349b597,,
localoccupation,56e0eac08f8131209b1f60f9,essential,687671b5ebd2bf665349a8e4,,
localoccupation,56e0eac08f8131209b1f60f9,essential,687671b5ebd2bf665349af8c,,
localoccupation,56e0eac08f8131209b1f60f9,essential,687671bdebd2bf665349d327,,
localoccupation,56e0eac08f8131209b1f60f9,essential,687671b5ebd2bf665349aca6,,
localoccupation,56e0eac08f8131209b1f60f9,essential,687671bdebd2bf665349d926,,
localoccupation,56e0eac08f8131209b1f60f9,essential,687671b9ebd2bf665349bada,,
localoccupation,56e0eac08f8131209b1f60f9,essential,687671baebd2bf665349cbee,,
localoccupation,56e0eac08f8131209b1f60f9,essential,687671baebd2bf665349c7bc,,
localoccupation,56e0eac08f8131209b1f60f9,essential,687671bdebd2bf665349ce37,,
localoccupation,56e0eac08f8131209b1f60f9,essential,687671b5ebd2bf665349b5b4,,
localoccupation,56e0eac08f8131209b1f60f9,essential,687671b5ebd2bf665349b955,,
localoccupation,56e0eac08f8131209b1f60f9,essential,687671bdebd2bf665349d263,,
localoccupation,56e0eac08f8131209b1f60f9,essential,687671b9ebd2bf665349bcdc,,
localoccupation,56e0eac08f8131209b1f60f9,essential,687671beebd2bf665349db9e,,
localoccupation,56e0eac08f8131209b1f60f9,essential,687671b9ebd2bf665349c385,,
localoccupation,56e0eac08f8131209b1f60f9,essential,687671baebd2bf665349ccac,,
localoccupation,56e0eac08f8131209b1f60f9,essential,687671bdebd2bf665349d594,,
localoccupation,56e0eac08f8131209b1f60f9,essential,687671b5ebd2bf665349b4ed,,
localoccupation,56e0eac08f8131209b1f60f9,essential,687671b9ebd2bf665349b9bb,,
localoccupation,56e0eac08f8131209b1f60f9,essential,687671b5ebd2bf665349ac73,,
localoccupation,56e0eac08f8131209b1f60f9,essential,687671b5ebd2bf665349ac51,,
localoccupation,56e0eac08f8131209b1f60f9,essential,687671baebd2bf665349ca85,,
localoccupation,56e0eac08f8131209b1f60f9,essential,687671b5ebd2bf665349b23e,,
localoccupation,56e0eac08f8131209b1f60f9,essential,687671bdebd2bf665349cda5,,
localoccupation,56e0eac08f8131209b1f60f9,essential,687671baebd2bf665349c9c1,,
localoccupation,56e0eac08f8131209b1f60f9,essential,687671b9ebd2bf665349bf6b,,
localoccupation,56e0eac08f8131209b1f60f9,essential,687671baebd2bf665349c5d0,,
localoccupation,56e0eac08f8131209b1f60f9,essential,687671b5ebd2bf665349b350,,
localoccupation,56e0eac08f8131209b1f60f9,essential,687671b5ebd2bf665349b09c,,
localoccupation,56e0eac08f8131209b1f60f9,essential,687671baebd2bf665349c700,,
localoccupation,56e0eac08f8131209b1f60f9,essential,687671b5ebd2bf665349b64e,,
localoccupation,56e0eac08f8131209b1f60f9,essential,687671bdebd2bf665349d2e7,,
localoccupation,56e0eac08f8131209b1f60f9,essential,687671baebd2bf665349cb2d,,
localoccupation,56e0eac08f8131209b1f60f9,essential,687671b5ebd2bf665349a882,,
localoccupation,56e0eac08f8131209b1f60f9,essential,687671baebd2bf665349cbd8,,
localoccupation,56e0eac08f8131209b1f60f9,essential,687671b9ebd2bf665349c299,,
localoccupation,56e0eac08f8131209b1f60f9,essential,687671baebd2bf665349c568,,
